##  STRING NAME (do not change!);English;French;Italian;Spanish;German;Polish;Portugese;Russian;;Extra2;X
# Fall Blau 1942;;;;;;;;;;;X
#;;;;;;;;;;;X
fall_blau_name;Fall Blau: 1942 Offensive;Fall Blau: Objectif Stalingrad;Fall Blau: L'offensiva del 1942;'Fall Blau': La ofensiva de 1942;Fall Blau: 1942 Offensive;Fall Blau: 1942 Ofensywa na Kaukaz;;План Блау: Наступление на юге (1942);;;X
fall_blau_desc;After the failure of 1941's operation Barbarossa and the subsequent Soviet counteroffensive, the German high command (OKH) was forced to focus on defending their positions. The Soviet 1941-1942 winter offensive, while impressive in scope, ultimately failed in its main goals - Army Group Center survived, the Leningrad siege was not lifted and by spring the Germans were ready to start new offensive. 1942's offensive plan, 'Fall Blau' (Case Blue), called for destroying Soviet forces on the western bank of the Don river, taking the major cities of Voronezh, Stalingrad and Astrakhan and securing oil fields of Maikop and Baku. But the Red Army, while weakened by constant offensive attempts, is still more than a match for Wehrmacht and its Axis allies...;Aprиs l'йchec de l'opйration Barbarossa en 1941 et la contre-offensive Soviйtique qui en dйcoula, l'Ostherr allemande fut forcйe а la dйfensive. L'offensive soviйtique de l'hiver 1941-1942, bien qu'impressionnante, йchoua finalement а l'accomplissement de ces principaux objectifs : Le groupe d'armйe Centre survйcu, le siиge de Lйningrad se poursuivit et, au printemps, les Allemands furent de nouveau prкts а reprendre l'offensive. L'opйration 'Fall Blau' (Cas Bleu) de 1942, prйvoie la destruction des forces Soviйtiques sur la cote Ouest du Don, la prise des principales villes de Voronej, Stalingrad et Astrakhan et la sйcurisation des gisements de pйtrole de Maпkop et Bakou. L'armйe rouge, bien qu'affaiblie par les offensives constantes, reste un obstacle majeur pour la Wehrmacht et ses alliйs de l'Axe.;Dopo il fallimento dell'operazione 'Barbarossa' nel 1941 e la seguente controffensiva sovietica, l'Ostheer (esercito orientale) tedesco fu costretto a difendere le proprie posizioni. L'offensiva invernale sovietica del 1941-1942, per quanto impressionante per la sua scala, fallм il uso obiettivo principale - il Gruppo d'Armata Centrale non fu distrutto, l'assedio di Leningrado non fu spezzato e con l'arrivo della primavera i tedeschi erano pronti per una nuova offensiva. Il piano del 1942, 'Fall Blau' (Piano Blu) pensato per distruggere la forze sovietiche sulle sponde occidentali del fiume Don, per catturare le grandi cittа di Voronez, Stalingrado e Astrakhan e per impadronirsi dei pozzi petroliferi di Maikop e Baku. L'armata rossa, per quanto indebolita dagli incessanti attacchi, era ancora in grado di porre resistenza alla Germania e ai suoi alleati...;Tras el fracaso de la Operaciуn Barbarroja y la contraofensiva soviйtica consiguiente, el alto mando alemбn (el OKH) se vio obligado a concentrarse en defender sus posiciones. La ofensiva soviйtica durante el invierno de 1941-1942, aunque de una envergadura impresionante, al final no consiguiу sus objetivos: el Grupo de Ejйrcitos Central habнa sobrevivido, no se habнa levantado el asedio de Leningrado y, en primavera, los alemanes estaban listos para iniciar una nueva ofensiva. El plan de la ofensiva de 1942, 'Fall Blau' (Caja Azul), pretendнa destruir las fuerzas soviйticas de la ribera occidental del rнo Don, tomar las ciudades principales de Vorуnezh, Stalingrado y Astracбn y asegurar los yacimientos petrolнferos de Maikop y Bakъ. Pero el Ejйrcito Rojo, aunque debilitado por los constantes intentos de ofensiva, seguнa siendo un digno rival de la Wehrmacht y sus aliados del Eje... ;Nach dem Fehlschlag der im Jahre 1941 begonnenen Operation Barbarossa und der darauf folgenden sowjetischen Gegenoffensive sah sich das deutsche Ostheer gezwungen, in die Defensive zu gehen. Die sowjetische Winteroffensive 41/42 war zwar von beeindruckendem AusmaЯe, konnte aber letzten Endes nicht die wichtigsten Ziele erreichen - die deutsche Heeresgruppe Mitte war nicht aufgerieben worden, Leningrad wurde immer noch belagert und bereits im Frьhling stand die Wehrmacht bereit fьr die nдchste Offensive. Der Angriffsplan fьr 1942, Deckname 'Fall Blau', sah die Zerstцrung der Sowjet-Streitkrдfte am Westufer des Don vor. Wichtige GroЯstдdte, darunter Voronez, Stalingrad und Astrakhan, sowie die Цlfelder von Maikop und Baku sollten erobert werden. Die permanenten Angriffe hatten die Rote Armee zwar geschwдcht, sie war jedoch immer noch den Streitkrдften der Achsenmдchte mehr als gewachsen...;Po poraїce planu Barbarossa oraz w wyniku kontrofensywy wojsk radzieckich, niemiecka Ostheer zmuszona byіa do przejњcia do dziaіaс obronnych. Radziecka ofensywa 1941-1942, choж imponuj№ca rozmachem, ostatecznie nie byіa w stanie osi№gn№ж swoich gіуwnych celуw - Grupa Armii Њrodek nie zostaіa rozbita, oblкїenie Leningradu nie zostaіo przerwane, a niemieckie wojska gotowe byіy do rozpoczкcia nowej ofensywy z pocz№tkiem wiosny. Plan dziaіaс na 1942 rok, oznaczony kryptonimem Fall Blau (Plan Niebieski) zakіadaі zniszczenie radzieckich siі na zachodnim brzegu Donu, zajкcie miast Woroneї, Stalingrad oraz Astrachaс i zabezpieczenie pуl naftowych Maikopu i Baku. Armia Czerwona, choж osіabiona ci№gіymi prуbami ofensywy, nadal jest jednak siі№ z ktуr№ musz№ sie liczyж Wehrmacht i jego sojusznicy z krajуw Osi...;;После провала плана 'Барбаросса' зимой 1941 г. началось советское контрнаступление, и верховному командованию ВС Германии (ОКХ) пришлось перейти к обороне по всему фронту. Однако задуманное с огромным размахом наступление русских не достигло своих основных целей. Им не удалось окружить группу армий 'Центр' и снять блокаду Ленинграда, а к весне вермахт оправился от шока и стал готовиться к новой кампании. Ее задачами были уничтожение советских войск к западу от Дона, захват Воронежа, Сталинграда, Астрахани и нефтяных районов Майкопа и Баку. Однако Красная Армия, хотя и сильно ослабленная непрерывными наступательными боями, все еще остается серьезным противником...;;;X
fblau_event1_name;Fall Blau: 1942 Offensive;Fall Blau: 1942 Offensive;Fall Blau: L'offensiva del 1942;'Fall Blau': La ofensiva de 1942;Fall Blau: 1942 Offensive;Fall Blau: 1942 Ofensywa na Kaukaz;;План Блау: Наступление на юге (1942);;;X
fblau_event1_desc;Comrade komandarm, STAVKA has trusted you in the task of coordination whole southern flank of our front. Our latest offensive here, near Kharkov, while not entirely successful, caused great deal of damage to Teutonic invaders... but you better make sure, that you will fare better than marshal Timoshenko. Don't disappoint comrade Stalin, commander.;Camarade Komandarm, STAVKA vous apporte sa confiance dans la tвche coordinatrice de l'ensemble du flanc Sud de notre front. Notre derniиre offensive locale, prиs de Kharkov, bien que pas complиtement rйussie, а considйrablement affaiblie les envahisseurs teutons... Ne rйpйtez pas les erreurs du Marйchal Timoshenko. Commandant, ne dйcevez pas le camarade Staline !;Compagno komandarm, STAVKA ha riposto in te la sua fiducia per il coordinamento dell'intero fianco meridionale del nostro fronte.La nostra ultima offensiva qui, nei pressi di Kharkov, anche se non и stata un completo successo, ha causato ingenti danni agli invasori teutonici... ma ti converrа fare meglio del maresciallo Timoshenko. Non deludere il compagno Stalin, comandante.;Camarada komandarm, el STAVKA le confнa la tarea de coordinar todo el flanco meridional de nuestro frente. Nuestra ъltima ofensiva allн, cerca de Jбrkov, aunque no ha sido un йxito rotundo, ha causado grandes daсos al ejйrcito teutуn... pero mejor que procure salir mejor parado que el mariscal Timoshenko. No decepcione al camarada Stalin, comandante.;Genosse komandarm, das Hauptquartier des Oberkommandos (STAWKA) hat Sie mit dem Kommando ьber unsere Sьdfront betraut. Unsere letzte Offensive bei Kharkov war kein voller Erfolg, dennoch haben wir den Truppen der germanischen Invasoren schweren Schaden zugefьgt. Machen Sie es besser als Marschall Timoschenko, es ist in Ihrem eigenen Interesse. Genosse Stalin wird keine Fehler tolerieren.;Towarzyszu, Stavka powierzyіa wam zadanie koordynacji dziaіaс na caіym poіudniowym skrzydle naszego frontu. Ostatnie dziaіania ofensywne w okolicy Charkowa, choж nie do koсca udane, zadaіy znacz№ce straty teutoсskiemu najeџdџcy... Pomimo tego, postarajcie siк wypaњж lepiej, niї Marszaіek Timoszenko - nie chcecie Chyba rozczarowaж towarzysza Stalina?;;Товарищ генерал! Ставка поручает вам координацию действий всех наших сил на южном фланге. Наше последнее наступление под Харьковом не принесло ожидаемого успеха, зато фашисты понесли огромные потери… гмм… В общем, постарайтесь действовать лучше, чем ваш предшественник маршал Тимошенко, и не разочаровать товарища Сталина. Можете идти.;;;X
fblau_event2_desc;Herr General, I understand you are familiar with our situation in Russia... Your task will be coordination of operations conducted by Army Group A and Army Group B in our 1942 summer offensive. Goals - reaching Volga line and securing oil fields of Caucasus. This campaign might seal the fate of this war...;Herr General, vous кtes familier avec notre situation en Russie... Votre tвche sera donc la coordination des opйrations conduites par les armйes des Groupes A et B pour notre offensive de l'Йtй 1942. Vos buts sont d'йtablir la ligne de front sur la Volga et de sйcuriser les champs de pйtrole du Caucase. Cette campagne pourrait sceller le destin de cette guerre...;Signor Generale, ho capito sei a conoscenza della nostra situazione in Russia ... Il vostro compito sarа di coordinare le operazioni condotte dal gruppo di Armate A e Gruppo di armate B nella nostra offensiva estiva del 1942. Obiettivi - raggiungere la linea del Volga ed assicurarsi campi petroliferi del Caucaso. Questa campagna potrebbe sigillare il destino di questa guerra ...;Herr General, tengo entendido que ya estб familiarizado con nuestra situaciуn en Rusia. Su tarea consistirб en coordinar las operaciones que lleven a cabo los grupos de ejйrcitos A y B en nuestra ofensiva estival de 1942. Los objetivos son llegar a la lнnea del Volga y asegurar los yacimientos petrolнferos del Cбucaso. Esta campaсa debe sellar el destino de esta guerra...;Herr General, sie wissen ja bereits um unsere Lage in Russland... Ihre Aufgabe wird es sein, die gemeinsamen Operationen der Heeresgruppen A und B in unserer Sommeroffensive des Jahres 1942 zu koordinieren. Primдrziele: Die Volga-Linie erreichen sowie die Цlfelder des Kaukasus erobern. Diese Kampagne ist von auЯerordentlicher Wichtigkeit fьr den weiteren Verlauf des Krieges, also vermasseln sie es nicht!;Panie Generale, s№dzк їe zna pan nasz№ obecn№ sytuacjк w Rosji... waszym zadaniem bкdzie koordynacja dziaіaс Grupy Armii A i Grupy Armii B w nadchodz№cej, letniej ofensywie 1942 roku. Cel - osi№gniкcie linii Woіgi i zabezpieczenie dla Rzeszy pуl naftowych Kaukazu. Ta kampania moїe zdecydowaж o losach caіej wojny...;;Герр генерал! Я полагаю, вы знакомы с положением дел на русском фронте… Вам поручена координация действий групп армий А и Б в нашем летнем наступлении. Основные цели - выход к Волге и захват нефтяных районов на Кавказе. Успех этой кампании может решить исход войны...;;;X
#;;;;;;;;;;;X
NAME_1938;The Gathering Storm (1938);L'Orage se prйpare (1938);La tempesta imminente (1938);Se avecina la tormenta (1938);Der aufziehende Sturm (1938);Nadejњcie burzy;;Перед грозой (1938);;;X
#;;;;;;;;;;;X
CURR_GEARINGBONUS;Gearing Bonus: %.0f/%.0f;Bonus de prйparation : %.0f/%.0f;Bonus produzione seriale: %.0f/%.0f;Bonif. por concentraciуn: %.0f/%.0f;Serienbonus: %.0f/%.0f;Pr. prod. mas.: %.0f/%.0f;;Серийный бонус: %.0f/%.0f;;;X
USSR_GEAR_1;The Soviet Union gears up for War!;L'Union Soviйtique se prйpare а la guerre !;L'Unione Sovietica si prepara alla guerra;La Uniуn Soviйtica se prepara para la guerra.;Die Sowjetunion bereitet sich auf den Krieg vor!;ZSRR gotuje siк do wojny!;;Советский Союз готовится к войне!;;;X
USSR_GEAR_2;The Red Army has conducted even more preparations for a future war to bring the glory of communism to the entire world. The level of readiness of our armed forces has risen!;L'Armйe Rouge a augmentй ses efforts pour la guerre а venir et pour convertir le reste du monde а la gloire du communisme. Le niveau de prйparation de vos forces armйes a augmentй !;L'Armata Rossa si и preparata ancora meglio per una guerra futura, per portare la gloria del comunismo a tutto il mondo. Il livello di preparazione delle nostre forze armate и cresciuto!;El Ejйrcito Rojo ha llevado a cabo mбs preparativos aъn para una futura guerra que llevarб las excelencias del comunismo a todo el mundo. ЎNuestras fuerzas armadas estбn mбs preparadas para luchar que nunca!;Die Rote Armee hat sich noch besser auf einen zukьnftigen Krieg vorbereitet um Kommunismus in die Welt hinauszutragen. Die Kriegsbereitschaft unserer Truppen ist gestiegen. ;Armia Czerwona poczyniіa kolejne przygotowania do przyszіej wojny, ktуra ma przynieњж chwalebne zasady komunizmu caіemu њwiatu. Poziom gotowoњci naszych armii wzrуsі! ;;Красная Армия усиленно готовится к предстоящей войне, чтобы победить всех врагов и установить коммунизм во всем мире. Боеготовность наших ВС выросла!;;;X
#;;;;;;;;;;;X
TCNOT_OTHER_DIVISION;%s has below %d %s.\n;%s a moins de %d %s.\n;%s ha meno di %d %s.\n;%s tiene menos %d de %s.\n;%s hat weniger als %d %s.\n;%s poniїej %d %s.\n;;%s имеет меньше %d %s.\n;;;X
TC_OTHER_DIVISION;%s has at least %d %s.\n;%s a au moins %d %s.\n;%s possiede almeno %d %s.\n;%s tiene al menos %d de %s.\n;%s hat mindestens %d %s.\n;%s co najmniej %d %s.\n;;%s имеет минимум %d %s.\n;;;X
TCNOT_OTHER_TECH_KNOWN;%s does NOT have the '%s' technology.\n;%s n'a PAS la technologie '%s'.\n;%s non possiede la tecnologia '%s'.\n;%s NO tiene la tecnologнa '%s'.\n;%s hat '%s' noch nicht erforscht.\n;%s nie posiada technologii: '%s'.\n;;%s не имеет технологии '%s'.\n;;;X
TC_OTHER_TECH_KNOWN;%s has the '%s' technology.\n;%s a la technologie '%s'.\n;%s possiede la tecnologia '%s'.\n;%s tiene la tecnologнa '%s'.\n;%s hat '%s' erforscht.\n;%s posiada technologiк: '%s'.\n;;%s имеет технологию '%s'.\n;;;X
#;;;;;;;;;;;X
UIW_MERGE_AIR_DIS_IRO;You can only merge units if they are in the same province and not involved in any combat. Air units cannot have more than %d divisions.;Vous ne pouvez fusionner des unitйs que si elles sont dans la mкme province et ne participent а aucun combat. Les unitйs aйriennes ne peuvent avoir plus de %d divisions.;Puoi fondere le unitа solo se si trovano nella stessa provincia e se non sono impegnate in combattimento. Le unitа aeree non possono avere piщ di %d divisioni.;Sуlo puedes combinar unidades que estйn en la misma provincia y no estйn combatiendo. Las unidades del aire no pueden tener mбs de %d divisiones.;Sie kцnnen Einheiten nur dann vereinen wenn diese sich in der selben Provinz und nicht im Kampf befinden. Lufteinheiten kцnnen maximal %d Divisionen haben.;Moїesz і№czyж jednostki tylko wtedy, gdy przebywaj№ w jednej prowincji i nie bior№ udziaіu w walce. Grupa lotnicza moїe zawieraж nie wiкcej niї %d dywizje. ;;Вы можете объединять только те части, которые находятся в одной провинции и не участвуют в бою. Авиачасти не могут состоять из более чем %d авиадивизий. ;;;X
EYRBOMBERSFROM;Aircraft;Avions;Aerei;Aviones;Flugzeuge;Samoloty;;Авиация;;;X
CORE_SCREENS;%d capital ships and %d screens.;%d navires amirals et %d navires d'escorte.[/;%d navi principali e %d navi di supporto.;%d grandes unidades y %d escoltas.;\n%d GroЯkampfschiffe und %d Begleiter.;%d okrкtуw gіуwnych i %d okr. osіony.;;%d кораблей основных классов и %d кораблей прикрытия.;;;X
#;;;;;;;;;;;X
EE_FREE_IC;Off-map GDP changed by %+.1f.;PP hors-carte changй de %+.1f.;PI fuori-mappa cambiata di %+.1f.;La CI fuera de mapa cambia en %+.1f.;AuЯerhalb der Karte verдndert sich die IK um %+.1f.;PP poza map№ zmieniony o %+.1f.;;ПП вне карты изменился на %+.1f.;;;X
EE_FREE_MP;Off-map Manpower changed by %s%.2f;La main d'oeuvre hors-carte a йtй modifiйe de %s%.2f;Risorse Umane Fuori Mappa cambiate di %s%.2f;La producciуn de recursos humanos fuera del mapa ha cambiado en %s%.2f;Wehrfдhige auЯerhalb der Karte verдndert um %s%.2f;Zasoby ludzkie: zmiana %s%.2f;;Количество людских ресурсов вне карты изменилось на %s%.2f;;;X
EE_WAKE_LEADER;%s is now available as a leader.;%s est maintenant disponible en tant que chef militaire.;%s и ora disponibile come comandante.;%s ya estб disponible como lнder.;Der Offizier %s steht jetzt zur Verfьgung.;Nowy dowуdca dostкpny: %s.;;%s может вступить в командование.;;;X
EE_DEACTIVATE_UNIT_TYPE;Deactivate;Dйsactiver;Inattivo;Desactivar;Deaktiviert;Nieaktywny;;Отключить;;;X
EYR_REDPLOYING_TO;(Strat Redep);(Redepl. Strat.);(Avvia rischieramento);(Trasl. estrat.);(Strat. Verlegung);(Przem. strat.);;(Страт. перемещение);;;X
#;;;;;;;;;;;X
EVT_27008_NAME;End China vs. Guangxi war;Fin de la guerre entre la Chine et le Guanxi;Fine della guerra tra Cina e Guangxi Clique;Fin de la guerra china contra Guangxi;Krieg zwischen China und Guangxi beendet;Zakoсczenie wojny Chiny kontra Kwang-Si;;Конец войны между Китаем и Гуаньси;;;X
EVT_27008_DESC;After it became clear that Nationalist China was going to defeat Guangxi a peace was made that gave China most of their territory. This was mainly done so that the other warlords would not interfere against China.;La paix fut entendue dиs qu'il apparut clairement que la Chine nationaliste allait remporter la guerre contre le Guanxi. Les accords prйvoyaient le transfert de souverainetй d'une grande partie du territoire guanxi en faveur de la Chine, ceci afin d'empкcher l'intervention d'autres seigneurs de la guerre et interfйrer contre la Chine.;Quando divenne chiaro che la Cina Nazionalista avrebbe sconfitto Guangxi, fu stipulata una pace che diede alla Cina gran parte del loro territorio. Questo fu fatto principalmente per scoraggiare gli altri Signori della Guerra cinesi ad ostacolare la Cina.;Despuйs de que quedara claro que la China nacionalista iba a derrotar a Guangxi, se acordу una paz por la que cedнa a China casi todo su territorio. Esto se hizo principalmente para disuadir a los demбs seсores de la guerra de interferir con China.;Als deutlich wurde, dass Nat. China die Guanxi-Clique besiegen wьrde, wurde ein Frieden geschlossen, der China einen GroЯteil des Guanxi-Territoriums ьbereignete. Dies wurde hauptsдchlich getan, damit die anderen Kriegsherren sich nicht in China's Angelegenheiten einmischen konnten.;Kiedy okazaіo siк jasne, їe Nacjonalistyczne Chiny pokonaj№ Kwang-Si, podpisano pokуj, ktуry przyznawaі Chinom wiкkszoњж terytoriуw. Dziкki temu inni przywуdcy paсstw chiсskich nie mogli zgіaszaж swoich pretensji do terytoriуw Chin.;;Когда положение Гуаньси в войне с Китаем стало безнадежным, был заключен мир, по которому Китай получил большую часть территоррии Гуаньси. Это стало хорошим уроком для других милитаристских клик, контролирующих окраины страны.  ;;;X
EVT_27008_A;Offer Peace;Proposer la paix;Offri la pace;Oferta de paz;Frieden anbieten;Zaproponuj pokуj;;Предложить мир;;;X
EVT_27008_B;Continue War;Poursuivre la guerre;Continua la guerra;Proseguir guerra;Den Krieg fortsetzen;Kontynuuj wojnк;;Продолжить войну;;;X
EVT_27009_A;Accept offer;Accepter l'offre;Accetta l'offerta;Aceptar oferta;Angebot annehmen;Zaakceptuj propozycjк;;Принять предложение;;;X
EVT_27009_B;Decline;Dйcliner l'offre;Rifiuta;Rehusar;Angebot verweigern;Odrzuж warunki;;Отклонить;;;X
EVT_9341_NAME;Allied Administration of the DFR;Administration Alliйe de la RFA;Governo della Repubblica Federale Tedesca in mano agli Alleati;Administraciуn aliada de la RFA;Alliierte Administration der BRD ;Aliancka administracja w strefach okupowanych;;Союзническая администрация в Германии;;;X
EVT_9341_DESC;As Germany was defeated she was occupied and administered by the allies. USA, UK, France and the Soviet Union got a sector each. The Western Allies made a clear effort to bring Germany into the family of Western Democracies and very soon let the administration the New Germany partake in the rebuilding and administration of the country. The new German government was very keen to comply and cooperate with the West.;Une fois l'Allemagne vaincue, elle fut occupйe et administrйe par les Alliйs. Les Йtats-Unis, le Royaume-Uni, la France et l'Union Soviйtique eurent chacun un secteur. Les Alliйs, а l'Ouest, firent clairement un effort pour intйgrer l'Allemagne dans la famille des dйmocraties occidentales et laissиrent bientфt l'administration de la nouvelle Allemagne participer а la gestion et а la reconstruction du pays. Le nouveau gouvernement allemand йtait avide de coopйrer et de se conformer aux dйsirs des Alliйs.;Una volta sconfitta, la Germania и stata occupata e governata dagli Alleati. Stati Uniti, Gran Bretagna, Francia e Unione Sovietica hanno ottenuto un settore ciascuno e spinto la Germania a familiarizzare con il concetto di democrazia occidentale. In breve tempo, il governo della nuova Germania si era trovato pronto alla ricostruzione del paese e incline a collaborare con l'Occidente. ;Cuando Alemania fue derrotada, se vio ocupada y administrada por los Aliados. EE. UU., Gran Bretaсa Francia y la Uniуn Soviйtica se quedaron con un sector cada uno. Los aliados occidentales hicieron un esfuerzo patente por incorporar a Alemania a la familia de democracias occidentales y enseguida dejaron que el gobierno de la nueva Alemania participase en la reconstrucciуn y administraciуn del paнs. El nuevo gobierno alemбn se mostrу muy proclive a obedecer y cooperar con occidente.;Als Deutschland besiegt war, wurde es von den Alliierten besetzt und verwaltet. Die USA, GroЯbritannien, Frankreich und die Sowjetunion bekamen jeder einen Sektor. Die westlichen Alliierten bemьhten sich Deutschland in den Kreis der westlichen Demokratien einzubinden und lieЯen dessen Verwaltung an den Entscheidungen ьber den Wiederaufbau teilnehmen. Die neue deutsch Regierung kooperierte eifrig mit dem Westen. ;Po poraїce w drugiej wojnie њwiatowej, Niemcy zostaіy okupowane i administrowane przez Aliantуw. USA, Wielka Brytania, Francja i Zwi№zek Radziecki otrzymaіy po jednym sektorze. Zachodni Alianci starali siк, aby Niemcy wі№czone zostaіy do rodziny demokracji zachodnich i wkrуtce pozwoliіy Niemcom wspуіadministrowaж paсstwem. Nowy rz№d niemiecki bardzo chкtnie wspуіpracowaі z Zachodem. ;;После поражения Германии страна была оккупирована союзниками. США, Великобритания, Франция и СССР получили свои зоны оккупации. Капиталистические державы стремились вернуть Германию в лагерь западных демократий и вскоре допустили немцев к участию в управлении страной и ее восстановлении. Созданное ими немецкое правительство охотно приняло условия недавних противников и стало сотрудничать с ними. ;;;X
EVT_9341_ACTA;Cooperate with the Western Allies;Coopйrer avec les Alliйs Occidentaux.;Collabora con gli Alleati;Cooperar con los aliados occidentales;Kooperiere mit den westlichen Alliierten. ;Wspуіpraca z zachodnimi Aliantami.;;Пойти на сотрудничество с западными союзниками;;;X
EVT_338_NAME;The death of Andrej Hlinka;La mort d'Andrej Hlinka;Morte di Andrej Hlinka;La muerte de Andrej Hlinka;Der Tod Andrej Hlinkas;Њmierж Andrieja Hlinki;;Смерть Андрея Глинки;;;X
EVT_338_DESC;Even after the founding of Czechoslovakia after the First World War, strong nationalist tendencies remained alive in the Slovakian part of the country. One of the leaders of this nationalist movement was local priest Andrej Hlinka. Hlinka became extremely popular in his part of the country and when Slovakia became independent, he was considered the rightful leader of the country. His death in 1938 was a painful moment, but his successor, Josef Tiso, only made matters worse and drove Slovakia further into the arms of Nazi-Germany.;Mкme aprиs la fondation de la Tchйcoslovaquie aprиs la premiиre guerre mondiale, d'importants mouvements nationalistes ont perdurй en Slovaquie. Un des chefs du nationalisme slovaque йtait le prкtre Andrej Hlinka. Rendu trиs populaire au moment de l'indйpendance slovaque, Hlinka fut considйrй comme le chef d'йtat lйgitime. Sa mort en 1938 fut un moment douloureux. Son successeur, Josef Tiso, laissa la situation empirer et aligna encore plus la politique Slovaque sur celle de l'Allemagne Nazie.;Anche dopo la fondazione della Cecoslovacchia al termine della Grande Guerra, forti correnti nazionalistiche rimasero vive nella parte Slovacca del paese. Uno dei leader del movimento nazionalistico fu il parroco Andrej Hlinka. Hlinka divenne estremamente popolare e quando la Slovacchia divenne indipendente, fu considerato il giusto leader per il paese. La sua morte nel 1938 fu un momento molto doloroso per di piщ il suo successore, Josef Tiso, peggiorт solamente la situazione, portando la Slovacchia tra le braccia della Germania nazista.;Aъn despuйs de la fundaciуn de Checoslovaquia tras la Primera Guerra Mundial, en la parte eslovaca del paнs pervivieron fuertes tendencias nacionalistas. Uno de los lнderes de este movimiento nacionalista era Andrej Hlinka, un sacerdote del lugar. Hlinka se hizo muy popular en la zona y, cuando Eslovaquia se independizу, se considerу que era el lнder legнtimo de ese paнs. Su muerte en 1938 fue un momento doloroso. Su sucesor (Josйf Tiso) sуlo hizo que empeorar las cosas y empujу mбs a Eslovaquia a los brazos de la Alemania nazi.;Auch nach der Grьndung der Tschechoslowakei nach dem Ersten Weltkrieg gab es weiterhin starke nationalistische Tendenzen im slowakischen Teil des Landes. Einer der Anfьhrer dieser nationalen Bewegung war der Priester Andrej Hlinka. Hlinka war extrem populдr und wurde als die Slowakei ihre Unabhдngigkeit erlangte als der rechtmдЯige Anfьhrer seines Landes angesehen. Sein Tod 1938 war ein schmerzhafter Moment, aber sein Nachfolger, Josef Tiso, verschlimmerte alles nur noch und trieb die Slowakei in die Arme von Nazi-Deutschland.;Nawet po powstaniu Czechosіowacji po pierwszej wojnie њwiatowej, w sіowackiej czкњci kraju utrzymywaіy siк tendencje nacjonalistyczne. Jednym z liderуw ruchu nacjonalistycznego byі ksi№dz Andriej Hlinka. Zyskaі on niezwykі№ popularnoњж i kiedy Sіowacja uzyskaіa niepodlegіoњж, byі kandydatem na gіowк paсstwa. Jego њmierж w roku 1938 byіa bolesnym ciosem dla narodu, ale jego nastкpca, Jуzef Tiso, tylko pogorszyі sprawк i wepchn№і Sіowacjк w ramiona III Rzeszy.;;Националистические настроения среди словаков не исчезли с возникновением независимой Чехословакии после Первой мировой войны. Одним из популярных вождей националистов был священник Андрей Глинка, который должен был возглавить независимую Словакию. Его смерть в 1938 г. стала большой потерей для словаков. Преемник Глинки Иосиф Тисо полностью подчинил страну влиянию нацистской Германии. ;;;X
EVT_345_NAME;The Great Turk has died!;Le Grand Turc est mort !;Il Grande Turco и morto!;ЎEl Padre Turco ha muerto!;Der Vater der Tьrken ist gestorben!;Ojciec Turkуw zmarі!;;Великий Ататюрк умер!;;;X
EVT_345_DESC;Kemal Atatьrk got his fame in the First World War, playing an important role in the massacre at Gallipoli. After the First World War, he started the War of Independence in Turkey. In the end, he became the first president of the Republic of Turkey, abolishing the sultanate in 1922 and the caliphate in 1924. After the consolidation of his power, he started a series of reforms, leading Turkey to modern times. Kemal Atatьrk, the Great Turk, died on November 10, 1938. His strong leadership had finally led Turkey into the 20th century.;Kemal Atatьrk fut rendu cйlиbre durant la premiиre guerre mondiale en jouant un rфle important dans le massacre de Gallipoli. Aprиs la fin de la guerre, il amorзa la Guerre d'Indйpendance Turque, dont l'issue lui permit d'abolir le sultanat en 1922 et le califat en 1924, et de devenir le premier prйsident de la Rйpublique Turque. Une fois ses pouvoirs consolidйs, il lanзa une sйrie de rйformes qui firent entrer la Turquie dans l'age moderne. Kemal Atatьrk, le Grand Turc, mourut le 10 Novembre 1938. Sous sa direction autoritaire, la Turquie fut enfin conduite dans le 20иme siиcle.;Kemal Atatьrk divenne famoso durante la Prima Guerra Mondiale, in cui svolse un importante ruolo nella battaglia di Gallipoli. Dopodichи iniziт la Guerra d'Indipendenza in Turchia. Infine divenne il primo presidente della Repubblica Turca, abolendo il sultanato nel 1922 e il califfato due anni dopo. Dopo il consolidamento del suo potere, iniziт una serie di riforme, modernizzando considerevolmente la Turchia. Kemal Atatьrk, il Grande Turco, morм il 10 novembre 1938. IL suo grande carisma finalmente portт la Turchia nel XX secolo.;Kemal Atatьrk consiguiу su fama en la Primera Guerra Mundial, pues jugу un papel importante en la matanza de Gallнpoli. Tras la Gran Guerra, iniciу la guerra de Independencia turca. Cuando йsta acabу, se convirtiу en el primer presidente de la Repъblica de Turquнa, aboliу el sultanado en 1922 y el califato en 1924. Tras consolidar su poder, iniciу una serie de reformas que condujeron a Turquнa a los tiempos modernos. Kemal Atatьrk, el Padre Turco, muriу el 10 de noviembre de 1938. Su fuerte liderato habнa llevado por fin a Turquнa al siglo XX.;Kemal Atatьrk wurde durch sein Rolle beim Massaker von Gallipoli im Ersten Weltkrieg berьhmt. Nach dem Ersten Weltkrieg beginnt er den tьrkischen Unabhдngigkeitskrieg. Er wurde der erste Prдsident der tьrkischen Republik und schaffte 1922 das Sultanat, 1924 das Kalifat ab. Nachdem er seine Macht konsolidiert hatte, begann er eine Reihe von Reformen, welche die Tьrkei in die Moderne fьhren sollten. Kemal Atatьrk, der Vater der Tьrken, starb am 10. November 1938. Unter seiner Fьhrung war die Tьrkei endlich im 20. Jahrhundert angekommen.;Kemal Atatьrk uzyskaі swуj przydomek w czasie pierwszej wojny, w trakcie masakry na Gallipoli. Po pierwszej wojnie braі udziaі w wojnie o niepodlegіoњж Turcji. Ostatecznie zostaі pierwszym prezydentem Republiki Turcji, obaliі suіtanat w roku 1922 i kalifat w 1924. Po konsolidacji wіadzy, rozpocz№і seriк reform, ktуre miaіy unowoczeњniж Turcjк. Kemal Atatьrk, ojciec Turkуw, zmarі 10 listopada 1938. Jego silne przywуdztwo wprowadziіo Turcjк w XX wiek. ;;Кемаль Ататюрк прославился во время Первой мировой войны в кровавых боях с высадившимися на полуострове Галлиполи союзниками. После войны он возглавил борьбу за независимость Турции и стал первым президентом светской Турецкой республики после упразднения султаната (1922) и халифата (1924). Добившись полновластия, он начал реформы экономики и управления. Кемаль Ататюрк умер 10 ноября 1938 г. Под его руководством Турция стала современным государством. ;;;X
EVT_348_NAME;The suicide of Ernst Udet;Le suicide d'Ernst Udet;Il suicidio di Ernst Udet;El suicidio de Ernst Udet;Der Selbstmord Ernst Udets;Samobуjstwo Ernsta Udeta;;Самоубийство Эрнста Удета;;;X
EVT_348_DESC;Ernst Udet was already a living legend before the Nazis came to power, being the second best German war ace. Udet scored 62 victories in his Fokker D-III during the First World War. Joining the Luftwaffe in 1935, he quickly rose in rank and became an important figure in Gцring's organization. He was responsible for the introduction of the excellent Stuka and the notorious Messerschmitt Bf109. Udet's luck quickly ran out after the Luftwaffe failed to win the Battle of Britain and lost a lot of planes in Operation Barbarossa. Never a staunch Nazi, he quickly became disillusioned with the Nazi-regime and committed suicide in 1941, more or less forced in that direction by Gцring and Hitler.;En йtant l'as allemand au second tableau de chasse, Ernst Udet йtait dйjа une lйgende vivante avant la prise du pouvoir par les nazis. Udet obtint 62 victoires dans son Fokker D-III durant la premiиre guerre mondiale. Aprиs avoir rejoint la Luftwaffe en 1935, son ascension en grade fut rapide, et il devint une figure importante de l'organisation de Goering. Il fut responsable de la mise en service de l'excellent Stuka et du fameux Messershchmitt Bf109. Le destin d'Udet tourna court aprиs l'йchec de la Luftwaffe durant la Bataille d'Angleterre et la perte de nombreux appareils durant l'opйration Barbarossa. N'ayant jamais йtй un nazi convaincu, il perdit confiance dans le rйgime nazi et fut plus ou moins forcй au suicide par Goering et Hitler en 1941.;Ernst Udet fu una leggenda vivente ben prima che i nazisti vennero al potere, essendo stato il secondo migliore asso tedesco della Grande Guerra totalizzando 62 abbattimenti sul suo Fokker Dr.III. Unitosi alla Luftwaffe nel 1935, fece velocemente carriera fino a diventare una figura importante nell'organizzazione comandata da Gцring. Fu il responsabile dell'introduzione dello Stuka e del famoso Messerschmitt Bf-109. La fortuna di Udet, perт, gli volto presto le spalle quando la Luftwaffe non riuscм ad imporre la propria supremazia aerea durante la Battaglia d'Inghilterra e perse moltissimi aere durante l'operazione Barbarossa. Non essendo mai stato un fanatico nazista, egli perse rapidamente fiducia nel regime e si suicidт, piщ o meno costretto da Hitler e Gцring, nel 1941.;Ernst ya era una leyenda viva antes de que los nazis llegaran al poder, pues habнa sido el segundo mejor as de la aviaciуn alemana. Udet habнa conseguido 62 derribos con su Fokker D-III durante la Primera Guerra Mundial. Tras alistarse en la Luftwaffe en 1935, ascendiу rбpidamente y se convirtiу en una figura importante de la organizaciуn de Goering. Fue el responsable de la introducciуn del excelente Stuka y del famoso Messerschmitt Bf109. La suerte de Udet se desvaneciу rбpidamente cuando la Luftwaffe perdiу la Batalla de Inglaterra. Como nunca habнa sido un nazi acйrrimo, se desencantу rбpidamente del rйgimen nazi y se suicidу en 1941, mбs o menos forzado a ello por Goering y Hitler.;Ernst Udet war schon eine lebende Legende bevor die Nazis an die Macht kamen, da er das zweitbeste deutsche Ass des Ersten Weltkrieges war. Er hatte 62 Abschьsse mit seiner Fokker D-III erzielt. Nachdem er 1935 der Luftwaffe beitrat machte er schnell Karriere und wurde ein wichtiger Mann in Gцrings Organisation. Er war verantwortlich fьr die Einfьhrung der exzellenten Stuka und der berьchtigten Messerschmitt Bf109. Udet wurde von Hitler und Gцring fьr die Niederlage in der Luftschlacht um England und die Unzulдnglichkeiten zu Beginn des Russlandfeldzuges verantwortlich gemacht. Nach heftigen Auseinandersetzungen mit Gцring begeht Udet 1941 Selbstmord.;Ernst Udet, jako drugi, najsіynniejszy as lotnictwa niemieckiego, byі legend№ jeszcze zanim naziњci doszli do wіadzy. Miaі 62 zestrzelenia w trakcie pierwszej wojny њwiatowej, a lataі Fokkerem D-III. W 1935 wst№piі do Luftwaffe i szybko pi№і siк w gуrк hierarchii oficerskiej. Staі siк teї waїn№ osobistoњci№ u boku Goeringa. Byі odpowiedzialny za wprowadzenie doskonaіych samolotуw Stuka i Messerschmitt Bf109. Jego szczкњcie skoсczyіo siк jednak po tym, jak Luftwaffe przegraіo w bitwie o Angliк i straciіo wiele samolotуw w trakcie operacji Barbarossa. Nie bкd№c nigdy zatwardziaіym nazist№, rozczarowaі siк reїimem i w 1941 popeіniі samobуjstwo. W mniejszym lub wiкkszym stopniu pchnкli go do niego Goering i Hitler.;;Второй (после Рихтгофена) немецкий летчик-ас Эрнст Удет был живой легендой еще до прихода нацистов к власти. Во время Первой мировой войны он на своем Фоккере Д-3 одержал 62 победы в воздушных боях. В 1935 г. он вступил в Люфтваффе и стал быстро продвигаться по службе. Именно он отвечал за принятие на вооружение и освоение превосходных пикировщиков 'Штука' и истребителей Мессершмитт Bf109. Звезда Удета закатилась после того, как Люфтваффе не смогла выиграть Битву за Британию и понесла большие потери в операции 'Барбаросса'. Не будучи нацистом по убеждениям, Удет разочаровался в перспективах нацистского режима и, не без влияния Геринга и Гитлера, покончил жизнь самоубийством в 1941 г.;;;X
EVT_355_NAME;The assassination of Admiral Darlan;L'assassinat de l'amiral Darlan;L'assassinio dell'Ammiraglio Darlan;El asesinato del almirante Darlan;Die Ermordung Admiral Darlans;Zabуjstwo admiraіa Darlana;;Крах адмирала Дарлана;;;X
EVT_355_DESC;A loyal staffer, Admiral Jean-Franзois Darlan had become chief of all French naval forces in 1936. Darlan always had strong anti-British sentiments and believed Germany would win the Second World War. Therefore, he thought it was better to conclude a swift peace with Hitler's Germany. When France eventually capitulated and the Vichy regime was installed, Darlan chose the latter side, eventually becoming Prime Minister, Foreign Minister and Minister of the Interior. Darlan's fame did not survive very long since he was killed by an anti-Nazi royalist in Algiers (December 1942).;L'amiral Jean Franзois Darlan, un loyal membre de l'йtat major, fut nommй а la tкte des forces navales franзaises en 1936. Anglophobe de toujours, Darlan croyait que l'Allemagne pouvait gagner la deuxiиme guerre mondiale. En consйquence, il pensait qu'une paix rapide avec l'Allemagne d'Hitler йtait prйfйrable. Quand la France capitula finalement et que le rйgime de Vichy fut instituй, Darlan y prit part et devint premier ministre, ministre des affaires йtrangиres et intйrieures. La cйlйbritй de Darlan ne survйcut pas longtemps а son assassinat par un royaliste anti-nazi а Alger (Dйcembre 1942).;Il leale Ammiraglio Jean-Franзois Darlan divenne il capo supremo di tutte le forze navali francesi nel 1936. Darlan ebbe sempre forti opinioni anti-britanniche e credeva che la Germania avrebbe vinto la Seconda Guerra Mondiale. Per questo pensт fosse meglio concludere una veloce pace con la Germania di Hitler. Quando la Francia Capitolт e fu instaurato il regime di Vichy, Darlan ne diventт Primo Ministro, Ministro degli Esteri e degli Interni. Ma la sua fama non sopravvisse a lungo, visto che fu ucciso in un attentato anti-nazista ad Algeri nel dicembre 1942.;El almirante Jean-Franзois Darlan, un miembro leal de la plana mayor, se habнa convertido en el jefe supremo de la marina francesa en 1936. Darlan siempre tuvo fuertes sentimientos antibritбnicos y estaba convencido de que Alemania ganarнa la Segunda Guerra Mundial. Por tanto, creyу que era mejor firmar una rбpida paz con la Alemania de Hitler. Cuando Francia capitulу al fin y se instaurу el rйgimen de Vichy, Darlan optу por el ъltimo bando y acabу por ser el primer ministro, ministro de asuntos exteriores y ministro del interior. La fama de Darlan no perdurу mucho, ya que fue asesinado por un monбrquico antinazi en Argel (diciembre de 1942).;Als loyaler Militдr wurde Admiral Jean-Franзois Darlan 1936 Oberbefehlshaber der franzцsischen Flotte. Darlan war immer anti-britisch eingestellt und glaubt, dass Deutschland den Zweiten Weltkrieg gewinnen wьrde. Deshalb dachte er, dass es besser sei einen schnellen Frieden mit Hitler-Deutschland zu schlieЯen. Als Frankreich kapitulierte und das Vichy-Regime errichtet wurde, schloss sich Darlan diesem an. Er wurde Premierminister, AuЯenminister und Innenminister. Darlan wurde im Dezember 1942 von einem antifaschistischen Royalisten in Algier ermordet.;Lojalny sztabowiec, admiraі Jean-Franзois Darlan zostaі dowуdc№ francuskiej marynarki wojennej w 1936. Darlan zawsze okazywaі niechкж Brytyjczykom i wierzyі, їe Niemcy wygraj№ drug№ wojnк њwiatow№. Dlatego uwaїaі, їe lepiej podpisaж szybki pokуj z hitlerowskimi Niemcami. Kiedy Francja ostatecznie skapitulowaіa i powstaі reїim Vichy, Darlan poparі go i obj№і stanowisko premiera, ministra spraw zagranicznych i ministra spraw wewnкtrznych. Dіugo nie cieszyі siк swoimi posadami - zostaі zabity przez antynazistowskiego rojalistк w Algierze w 1942.;;Адмирал Жан-Франсуа Дарлан стал во главе французских ВМС в 1936 г. Он был настроен против англичан и полагал, что немцы выиграют войну, поэтому с Гитлером необходимо заключить быстрый мир. После капитуляции Франции и установления режима Виши Дарлан стал премьер-министром, а затем возглавил МИД и МВД. Он погиб в Алжире в декабре 1942 г. от рук противника нацистов. ;;;X
EVT_357_NAME;Werner von Fritsch forced into retirement;Werner von Fritsch forcй а la retraite;Werner von Fritsch costretto al ritiro;Retiro obligado de Werner von Fritsch;Werner von Fritsch zum Rьcktritt gezwungen;Werner von Fritsch zmuszony do odejњcia;;Вынужденная отставка Вернера фон Фритча;;;X
EVT_357_DESC;General Werner von Fritsch had become Commander in Chief of all German armed forces in 1935. Adolf Hitler however wanted to gain control over the army, binding the army to him, awaiting the inevitable war. He ordered Reichsfuehrer-SS, Heinrich Himmler, to gain information on von Fritsch. Hans Schmidt, a male prostitute, agreed to claim he had a sexual relationship von Fritsch. Confronted with this false evidence, von Fritsch retired from his position in January 1938. Bitter and disillusioned, he was re-called to the army as an honorary Colonel during the invasion of Poland, where he was killed outside Warsaw. It is believed that von Fritsch rode forward decisively, seeking the bullet.;Le gйnйral Werner von Fritsch devint commandant en chef de toutes les forces armйes allemandes en 1935. Cependant, Adolf Hitler voulait contrфler l'armйe au plus prиs dans l'attente d'une guerre devenue inйluctable. Il ordonna au Reichsfьhrer-SS, Heinrich Himmler, de se renseigner sur Von Fritsch. Hans Schmidt, un prostituй, accorda un tйmoignage selon lequel il avait eu des relations sexuelles avec Von Fritsch. Confrontй а ces diffamations, Von Fritsch dйmissiona de ses fonctions en Janvier 1938. Amer et sans illusion, il fut rappelй au service en tant que colonel honoraire durant l'invasion de la Pologne, oщ il fut tuй aux environs de Varsovie. La rumeur veut qu'il soit sorti des lignes а la recherche de son destin.;General Werner von Fritsch era divenuto Comandante in Capo di tutte le forze armate tedesche nel 1935. Adolf Hitler, comunque, voleva ottenere il controllo sull'esercito, ottenendone la fedeltа in attesa dell'inevitabile guerra. Per questo ordino al Reichsfьhrer delle SS, Heinrich Himmler, di investigare su von Fritsch. Hans Schmidt, un gigolт, accettт di affermare di avere avuto rapporti sessuali con von Fritsch, il quale reagм a queste falsi dichiarazioni dimettendosi dalla sua carica nel gennaio 1938. Amareggiato e deluso, fu richiamato in servizio come Colonello onorario durante l'invasione di Polonia, dove fu ucciso dal fuoco nemico nei sobborghi di Varsavia, mentre cavalcava in posizione avanzata rispetto le sue truppe, cercando volontariamente il proiettile fatale.;El general Werner von Fritsch se habнa convertido en comandante en jefe de todas las fuerzas armadas alemanas en 1935. No obstante, Adolf Hitler querнa hacerse con el control del ejйrcito, vinculбndolo a йl, en previsiуn de la guerra inevitable. Ordenу al Reichsfьhrer-SS, Heinrich Himmler, que obtuviera informaciуn acerca de von Fritsch. Hans Schmidt, un prostituto, accediу a declarar que habнa tenido relaciones sexuales con von Fritsch. Amenazado con este falso testimonio, von Fritsch renunciу a su cargo en enero de 1938. Amargo y desilusionado, se reincorporу al ejйrcito como coronel honorario durante la invasiуn de Polonia, donde muriу en las afueras de Varsovia. Segъn se dice, von Fritsch avanzу temerariamente, buscando una muerte segura.;General Werner von Fritsch war 1935 Oberbefehlshaber ьber die deutschen Streitkrдfte geworden. Adolf Hitler beabsichtigte aber Kontrolle ьber die Wehrmacht bekommen um den unausweichlichen Krieg fьr ihn zu kдmpfen. Er befahl dem Reichsfьhrer-SS Heinrich Himmler Informationen ьber Fritsch zu sammeln. Hans Schmidt, ein Prostituierter, wurde benutzt um zu behaupten, er habe eine sexuelle Beziehung mit Fritsch. Wegen dieser falschen Anschuldigungen legte von Fritsch seine Дmter im Januar 1938 nieder. Enttдuscht und verbittert wurde er wдhrend des Ьberfalls auf Polen wieder als Oberst in die Armee zurьckberufen und wurde bei Warschau getцtet. Es wird angenommen, dass er sich absichtlich hat tцten lassen.;Generaі Werner von Fritsch zostaі dowуdc№ niemieckich siі zbrojnych w 1935. Jednak Adolf Hitler sam chciaі dowodziж armi№, jako їe przygotowywaі siк do wojny. Rozkazaі Reichsfuehrerowi SS, Heinrichowi Himmlerowi, aby zebraі informacje o von Fritschu. Mкska prostytutka, Hans Schmidt, zgodziі siк oskarїyж von Fritscha o seksualn№ znajomoњж. W obliczu faіszywych, ale niepodwaїalnych dowodуw, von Fritsch odszedі na emeryturк w styczniu 1938. Zgorzkniaіy i rozczarowany, zostaі ponownie powoіany do armii jako puіkownik w czasie inwazji na Polskк. Zostaі zabity na przedmieњciach Warszawy - uwaїa siк, їe von Fritsch specjalnie siк naraїaі, aby zakoсczyж їycie. ;;Генерал Вернер фон Фритч стал начальником немецкого Генерального Штаба в 1935 г. Гитлер стремился получить полный контроль над армией в преддверии неизбежной войны и поручил рейхсфюреру СС Генриху Гиммлеру собрать досье на фон Фрича. Гомосексуалист Ганс Шмидт, зарабатывавший на жизнь в туалетах берлинского вокзала, согласился дать показания о связи с фон Фричем. Это лжесвидетельство вынудило фон Фрича подать в отставку в январе 1938 г. Фон Фрич тяжело переживал случившееся, и когда во время польской кампании его снова призвали в армию, искал смерти на поле боя и погиб под Варшавой.  ;;;X
EVT_362_NAME;Werner von Blomberg and his loyal wife;Werner von Bomberg et sa fidиle femme;Werner von Blomberg e la sua leale moglie;Werner von Blomberg y su leal esposa;Werner von Blomberg und seine loyale Frau;Werner von Blomberg i jego lojalna maіїonka;;Вернер фон Бломберг и его жена;;;X
EVT_362_DESC;Wehrmacht General Werner von Blomberg had always been a loyal staffer. He gained quite a lot of power in the Nazi hierarchy, becoming Hitler's Minister of Defense in 1933, Minister of War in 1935 and the first German Field Marshal in 1936. Jealous of the Marshal's power, Hermann Gцring used the Gestapo to find out details on von Blomberg's private life. In January 1938, von Blomberg was confronted with the fact that his future wife was a former prostitute. As a consequence he was forced out of office.;Le Gйnйral de la Wehrmacht Werner von Blomberg s'est toujours montrй un militaire loyal. Il acquit un certain pouvoir au sein de la hiйrarchie nazie, en devenant le ministre de la dйfense d'Hitler en 1933, ministre de la guerre en 1935, et le premier marйchal allemand en 1936. Goering, qui йtait jaloux de la puissance du marйchal, utilisa sa police secrиte pour une enquкte sur les dйtails de la vie privйe de Von Blomberg. En Janvier 1938, Von Blomberg fut confrontй au fait que sa future femme йtait une ancienne prostituйe. En consйquence, il fut forcй а la dйmission.;Il Generale della Wehrmacht Werner von Blomberg fu sempre un ufficiale leale. Ebbe abbastanza potere nelle gerarchie naziste, divenendo Ministro della Difesa nel 1933, Ministro della Guerra nel 1935 e fu il primo Feldmaresciallo tedesco nel 1936. Geloso del suo successo, Hermann Gцring chiese alla Gestapo di indagare sulla sua vita privata e nel gennaio 1938 fece accusare la sua futura moglie di essere stata una prostituta, ottenendo la sua esclusione dalla carica.;El general de la Wehrmacht Werner von Blomberg siempre habнa sido un miembro leal de la plana mayor. Habнa conseguido mucho poder en la jerarquнa nazi y se convirtiу en el ministro de defensa de Hitler en 1933, en ministro de la guerra en 1935 y en el primer mariscal de campo alemбn en 1936. Celoso del poder del mariscal, Hermann Goering utilizу a la Gestapo para averiguar detalles sobre la vida privada de von Blomberg. En enero de 1938, Von Blomberg tuvo que enfrentarse al hecho de que su futura esposa habнa sido una prostituta. A consecuencia de ello se vio obligado a dejar el cargo.;General Werner von Blomberg war immer ein loyaler Soldat gewesen. Er hatte sehr viel Einfluss in der Nazi-Hierarchie erlangt, 1933 als Verteidigungsminister, 1935 als Kriegsminister und 1936 als erster deutscher Feldmarschall. Neid auf diesen Titel und von Blombergs Einfluss brachten Gцring dazu die Gestapo zu nutzen um von Blombergs Privatleben zu durchleuchten. Im Januar 1938 wurde von Blomberg damit konfrontiert, dass seine Frau eine frьhere Prostituierte war. Damit wurde er aus seinem Amt gedrдngt.;Generaі Wehrmachtu Werner von Blomberg zawsze byі lojalnym sztabowcem. Zyskaі spor№ wіadzк w hierarchii nazistowskiej i w 1933 Hitler mianowaі go ministrem obrony, w 1935 ministrem wojny, a w 1936 Feldmarszaіkiem. Hermann Goering zazdroњciі wіadzy marszaіkowi i wykorzystaі Gestapo, aby zebraж informacje o jego їyciu prywatnym. W styczniu 1938 Von Blombergowi zarzucono, їe jego przyszіa їona jest byі№ prostytutk№. W wyniku tego zdarzenia zostaі on zdymisjonowany.;;Генерал Вернер фон Бломберг был верным служакой. При нацистах он быстро пошел вверх и стал министром обороны (1933), военным министром (1935) и первым нацистским фельдмаршалом (1936). Это пробудило ревность у Геринга, и тот использовал гестапо, чтобы собрать информацию о личной жизни фон Бломберга. В январе 1938 г. фон Бломбергу были предъявлены доказательства того, что его молодая жена когда-то была проституткой, и ему пришлось подать в отставку. ;;;X
EVT_364_NAME;The Last Flight of Rudolf Hess;Le dernier vol de Rudolf Hess;L'ultimo combattimento di Rudolf Hess;El ъltimo vuelo de Rudolf Hess;Rudolf Hess letzter Flug;Ostatni lot Rudolfa Hessa;;Последний полет Рудольфа Гесса;;;X
EVT_364_DESC;One of the first members of the NSDAP, Hess was a loyal follower of Adolf Hitler. He took part in the failed Bierhalle Putsch in Munich and rose quickly in the party organization. He became Deputy Leader of the party in 1932 and was officially appointed as 'Stellvertreter des Fuehrers' (Fuehrer's Representative). In the build up to the Second World War, Hitler began to have growing doubts about Hess' abilities and started to favor other party members. Hess was considered mentally instable and this was proven when he flew to Great Britain on his own in 1941, to conclude a peace with King George VI and join forces against the USSR. Hess was quickly seized and locked up in the Tower. Hitler quickly distanced himself of Hess' action.;Hess, un des premiers membres du parti nazi, йtait un disciple loyal d'Adolf Hitler. Il prit part au putsch manquй de Munich, et gravit rapidement les йchelons а l'intйrieur du parti. Il devint le secrйtaire du parti en 1932, et fut officiellement nommй en tant que 'Stellvertreter des Fьhrers' (reprйsentant du Fьhrer). Durant la marche vers la deuxiиme guerre mondiale. Hitler commenзa а avoir des doutes grandissants quant aux capacitйs de Hess et commenзa а favoriser d'autres membres du parti. Hess йtait considйrй mentalement instable, ce qui fut dйmontrй lorsqu'il s'envola vers la Grande-Bretagne en 1941 afin de conclure une paix sйparйe avec le roi George VI et de s'allier contre l'URSS. Hess fut capturй rapidement et йcrouй dans la Tour de Londres. Hitler pris rapidement ses distances par rapport а l'action de Hess.;Uno dei primi membri del NSDAP, Hess fu un servitore fedele di Hitler. Prese parte al fallito Bierhalle Putsch (colpo di stato) di Monaco e fece carriera rapidamente nel partito. Divenne il capo dei Deputati del partito e fu ufficialmente nominato 'Stellvertreter des Fьhrers' (Il Rappresentante del Fьhrer). Con l'avvicinarsi della Seconda Guerra Mondiale, Hitler inizт ad avere crescenti dubbi sulle capacitа di Hess e cominciт a favorire altri membri del partito. Hess fu sempre considerato instabile di mente e questo fu confermato quando nel 1941 volт in Gran Bretagna di sua iniziativa per chiedere la pace a Re Giorgio VI per unire le forze contro i sovietici. Hess fu istantaneamente catturato e rinchiuso nella Tower mentre Hitler rapidamente si dissociava dalle sue azioni.;Hess era uno de los primeros miembros del NSDAP y un seguidor leal de Adolf Hitler. Tomу parte en el fallido 'putsch' de Munich y subiу peldaсos rбpidamente en la organizaciуn del partido. Se convirtiу en parlamentario lнder del partido en 1932 y fue nombrado oficialmente 'Stellvertreter des Fьhrers' (representante del Fьhrer). Durante la gestaciуn de la Segunda Guerra Mundial, Hitler empezу a tener dudas crecientes obre la aptitud de Hess y empezу a favorecer a otros miembros del partido. A Hess se le considerу mentalmente inestable, hecho que se demostrу cuando volу por su propia cuenta a Gran Bretaсa en 1941 para firmar la paz con el rey Jorge VI y unir fuerzas contra la URSS. Apresaron de inmediato a Hess y lo encerraron en la Torre de Londres. Hitler se desentendiу rбpidamente de la acciуn de Hess.;Als eines der ersten Mitglieder der NSDAP war Hess ein loyaler Anhдnger Hitlers. Er nahm am fehlgeschlagenen Bierhallen-Putsch in Mьnchen teil und stieg in der Partei schnell auf. Er wurde 1932 zum Fьhrer-Stellvertreter. In der Zeit vor dem Zweiten Weltkrieg fing Hitler an Hess Fдhigkeiten zu bezweifeln und bevorzugte andere Parteimitglieder. Hess wurde als mental instabil angesehen und dies zeigte sich, als er 1941 ganz alleine nach GroЯbritannien flog um einen Friedensvertrag auszuhandeln und eine Allianz gegen die Sowjetunion zu schmieden. Hess wurde schnell verhaftet und eingesperrt. Hitler distanzierte sich von Hess Taten.;Jako jeden z pierwszych czіonkуw NSDAP, Hess byі lojalnym podwіadnym Adolfa Hitlera. Wzi№і udziaі w nieudanym puczu w Monachium i szybko pi№і siк w gуrк w hierarchii partii nazistowskiej. Zostaі zastкpc№ szefa partii w 1932 i zyskaі oficjalny tytuі Stellvertreter des Fьhrers (Reprezentant Fьhrera). W trakcie przygotowaс do drugiej wojny, Hitler zacz№і mieж w№tpliwoњci co do zdolnoњci Hessa i w ich wyniku zacz№і faworyzowaж innych czіonkуw partii. Hess byі uwaїany za niezrуwnowaїonego psychicznie, co zostaіo zreszt№ potwierdzone faktami - Hess samowolnie poleciaі do Wielkiej Brytanii w 1941, aby podpisaж pokуj z krуlem Jerzym VI i namуwiж go do sojuszu przeciwko ZSRR. Hess zostaі pojmany i zamkniкty w Tower. Hitler szybko odci№і siк od jego poczynaс. ;;Гесс одним из первых вступил в НСДАП и был фанатично предан Гитлеру. Он участвовал в пивном путче в Мюнхене и вскоре вошел в состав нацистского руководства. В 1932 г. он стал заместителем Гитлера в партии и даже получил официальный пост 'личного представителя Фюрера'. Незадолго до начала войны Гитлер перестал доверять Гессу из-за его явных проблем с психикой. В мае 1941 года Гесс в одиночку перелетел в Великобританию, чтобы добиться мира и объединить силы двух стран в борьбе с СССР. Англичане посадили Гесса в Тауэр, а Гитлер и Геббельс объявили поступок Гесса 'припадком сумасшествия'.;;;X
EVT_936_NAME;The Establishment of the Persian Corridor;L'Etablissement du corridor Persique;L'istituzione del Corridoio Persiano;El Establecimiento del Corredor Persa;Die Errichtung des persischen Korridors;Ustanowienie Perskiego Korytarza;;Создание 'Персидского коридора';;;X
EVT_936_DESC;Following Germany's invasion of the USSR, the UK and the Soviet Union turned their attention to Persia. The UK and the USSR saw the newly opened Trans-Iranian Railway as an attractive means to transport supplies from the Persian Gulf to the Soviet region. Britain and the USSR used concessions extracted in previous interventions to pressure Persia into allowing the use of their territory for military and logistical purposes. Increased tensions with Britain led to pro-German rallies in Tehran. In August 1941, because Reza Shah refused to expel German nationals and come down clearly on their side, the UK and the USSR invaded Iran, arrested the monarch and sent him into exile to South Africa, taking control of Persia's communications and coveted railroad. German-influenced personnel were replaced by UK and Soviet loyalists. Reza Shah's system of government collapsed and government interventions were restricted. Reza Shah's son, Mohammad Reza Pahlavi was allowed to succeed to the throne. Shah Mohammad Reza Pahlavi, the new Shah, soon signed an agreement pledging full non-military logistical cooperation with the British and Soviets. The Douglas Aircraft Company was later selected in October 1941 to operate a British-aid air depot establishing an American presence in Persia even before the US entered the war.;Aprиs que l'Allemagne eut envahi l'URSS, le Royaume-Uni et l'Union Soviйtique tournиrent leur attention en direction de la Perse. Le R-U et l'URSS virent la ligne de chemin de fer trans-Iranienne nouvellement ouverte comme une voie attractive afin de transporter du ravitaillement depuis le Golfe Persique jusqu'aux rйgions soviйtiques. Britanniques et Soviйtiques utilisиrent des concessions extorquйes lors d'interventions prйcйdentes pour pousser l'Iran а autoriser l'usage de leur territoire а des fins militaires et logistiques. L'augmentation des tensions avec les Britanniques en particulier menиrent а des ralliements pro-allemands а Tйhйran. En Aoыt 1941, parce que Reza Shah refusait d'expulser les resortissants allemands et tombait clairement de leur cotй, Britanniques et Soviйtiques envahirent l'Iran, arrкtиrent le monarque et l'exilиrent en Afrique du Sud, prenant ainsi le contrфle des communications Perses et du chemin de fer tant convoitй. Les personnes sous influence allemande furent remplaзйes par les nouveaux maоtres du pays, qui laissиrent le systиme de gouvernement de Reza Shah s'effondrer et limitиrent les possibilitйs constitutionnelles du gouvernement. Ils permirent au fils de Reza Shah', Mohammad Reza Pahlavi, de lui succйder sur le trфne. Shah Mohammad Reza Pahlavi, le nouveau Shah, signa dans la foulйe un accord promettant une coopйration non-militaire d'ordre logistique totale avec les Britanniques et les Soviйtiques. La Douglas Aircraft Company fыt ensuite choisie en Octobre 1941 pour mettre en place un dйpфt aйrien britannique йtablissant une prйsence amйricaine en Perse avant mкme l'entrйe en guerre des USA.;Dopo l'invasione tedesca dell'URSS, la Gran Bretagna e l'Unione Sovietica rivolsero la loro attenzione alla Persia. URSS e GB videro nella, da poco inaugurata, linea ferroviaria Trans-Iraniana un allettante mezzo per trasportare i rifornimenti dal Golfo Persico verso le regioni dell'Unione Sovietica. Entrambe usarono le concessioni estorte nei precedenti interventi per fare pressione sulla Persia affinchи concedesse l'uso del suo territorio per operazioni militari e logistiche. Il peggioramento dei rapporti con la Gran Bretagna portт a manifestazioni filo-Tedesche a Teheran. Nell'agosto del 1941, poichи Reza Shah si rifiutт di espellere i cittadini tedeschi e si schierт apertamente dalla loro parte, GB e URSS invasero l'Iran, arrestarono il monarca mandandolo in esilio in Sud Africa, prendendo il controllo delle vie di comunicazione e delle ferrovie. Il personale filo tedesco venne sostituito da elementi fidati. Il sistema di governo di Reza Shah collassт e le funzioni governative vennero bloccate. Al figlio di Reza Shah, Mohammad Reza Pahlavi, venne concesso di succedere al trono. Lo Shah Mohammad Reza Pahlavi, il nuovo Shah di Persia, subito firmт un trattato che concedeva piena cooperazione logistica con britannici e Sovietici. La compagnia aerea Douglas venne successivamente scelta per operare nei trasporti aerei tra le basi britanniche, inaugurando cosм la presenza USA in Persia ben prima dell'entrata in guerra degli Stati Uniti.;Tras la invasiуn alemana de la URSS, soviйticos y britбnicos pusieron su atenciуn en Persia. Ambos veнan al recientemente inagurado Ferrocarril Transiranн como un atractivo medio para transportar suministros desde el Golfo Pйrsico a la Uniуn Soviйtica. Gran Bretaсa y la URSS utilizaron las concesiones logradas en anteriores intervenciones para presionar a Persia para permitirles el uso de su territorio para propуsitos de logнstica militar. Las crecientes tensiones con el Reino Unido provocaron manifestaciones pro-germanas en Teherбn. En Agosto de 1941, debido a que el Shah Reza se negу a expulsar a los ciudadanos alemanes, acercбndose cada vez mбs al bando alemбn, el Reino Unido y la URSS invadieron Irбn, arrestaron al monarca y lo enviaron al exilio en Sudбfrica, tomando el control de las codiciadas comunicaciones ferroviarias persas. El personal progermano fue reemplazado por individuos leales al Reino Unido y la URSS. El sistema de gobierno del Shah Reza se vino abajo y las competencias gubernamentales fueron restringidas. Se permitiу que el hijo del Shah Reza, Mohammad Reza Pahlavi, accediera al trono. El nuevo Shah pronto firmу un acuerdo en el que ofrecia total cooperaciуn en terminos de logнstica no militar con los britбnicos y los soviйticos. La compaснa aeronбutica Douglas fue seleccionada en Octubre de 1941 para operar un depуsito aeronбutico de ayuda britбnica, estableciendo la presencia norteamericana en Persia incluso antes de que los EE.UU. entraran en la guerra.;Nach der deutschen Invasion in der UdSSR richteten das Vereinigte Kцnigreich und die Sowjetunion ihre Aufmerksamkeit auf Persien. Diese beiden sahen in der neu erцffneten Trans-Iranischen Eisenbahn eine attraktive Route, um Nachschub aus dem Persischen Golf in die sowjetische Region zu transportieren. Britannnien und die UdSSR versuchten mittels Konzessionen, die sie aus frьheren Interventionen bereits hatten, den Iran dazu zu zwingen, ihnen die Nutzung seines Gebietes fьr militдrische und logistische Zwecke zu erlauben. Gesteigerte Spannungen, vor allem mit den Briten, fьhrten zu Pro-Deutschen Versammlungen in Teheran. Da sich Reza Schah weigerte Deutsche Staatsbьrger auszuweisen und sich damit klar auf ihre Seite stellte, drangen im August 1941 das Vereinigte Kцnigreich und die Sowjetunion in den Iran ein, verhafteten den Monarchen, schickten in nach Sьd Afrika ins Exil, ьbernahmen das persische Nachrichtenwesen und beanspruchten die Eisenbahn. Der deutsche Einfluss war somit von ihnen ersetzt und sie liessen Reza Schahs Regierungssystem kollabieren und schrдnkten die konstitutionellen Gremien ein. Weiters erlaubten sie Reza Schahs Sohn, Mohammed Reza Pahlavi, den Thron zu besteigen. Der neue Schah unterzeichnete bald darauf ein Abkommen, in dem er vollstдndige nicht-militдrische logistische Kooperation mit den Briten und den Sowjets versprach. Die Douglas Aircraft Company wurde spдter im Oktober 1941 ausgewдhlt, um ein britisches Lufthilfelager zu betreiben, und diese errichtete damit eine amerikanische Prдsenz in Persien, noch bevor die Vereinigten Staaten in den Krieg eintraten.;W nastкpstwie niemieckiej inwazji na ZSRR, Wielka Brytania i Zwi№zek Radziecki zwrуcili swoj№ uwagк na Persjк. Nowo otwarta Kolej Trans-Iraсska uwaїana byіa przez te kraje za atrakcyjny њrodek transportu zaopatrzenia z Zatoki Perskiej w rejon ZSRR. Wielka Brytania i Zwi№zek Radziecki, uїywaj№c przywilejуw uzyskanych we wczeњniejszych interwencjach, naciskaіy Persjк, aby ta zgodziіa siк na uїycie jej terytorium w celach militarnych i logistycznych. Podniesienie napiкcia w stosunkach z Wielk№ Brytani№ doprowadziіo do proniemieckich wyst№pieс w Teheranie. W sierpniu 1941, w nastкpstwie odmowy wydalenia obywateli Niemiec przez Rezк Szacha, Wielka Brytania i ZSRR zatakowaіy Iran, aresztowaіy jego monarchк i wysіaіy go na zesіanie do Afryki Poіudniowej, jednoczeњnie przejmuj№c kontrolк nad persk№ komunikacj№ i tak poї№dan№ kolej№. Proniemiecki personel zostaі zast№piony lojalnym wobec Sowietуw i Brytyjczykуw. System rz№dуw Rezy Szacha upadі, a moїliwoњci dziaіania rz№du perskiego zostaіy mocno ograniczone. Jego synowi, Mohammadowi Reza Pahlaviemu, powolono odziedziczyж tron. Nowy Szach szybko podpisaі porozumienie gwarantuj№ce peіn№ niemilitarn№,logistyczn№ wspуіpracк z Brytyjczykami i Sowietami. Pуџniej w paџdzierniku 1941 The Douglas Aircraft Company zostaіo wybrane na operatora magazynu lotniczego z brytyjsk№ pomoc№, tym samym ustanawiaj№c amerykaсsk№ obecnoњж w Persji, zanim jeszcze Stany Zjednoczone przyst№piіy do wojny.;;После нападения Германии на СССР Великобритания и Советский Союз обратили свои взоры в сторону Персии. И британцы, и русские прекрасно понимали, что недавно построенную Трансиранскую железную дорогу удобно использовать для транспортировки необходимых ресурсов из зоны Персидского залива в СССР. Лондон и Москва, которым принадлежали концессии в Иране, решили надавить на руководство страны, чтобы получить право использования территории Персии в военных целях и для транспортировки помощи Советскому Союзу. Усиление противоречий в отношениях с Великобританией привело к росту числа сторонников прогерманского курса в Тегеране. В августе 1941 года Реза-шах отказался изгнать немцев из страны и открыто поддержал Гитлера. В ответ британская и советская армии вторглись в Иран, арестовали шаха и сослали его Южную Африку, получив таким образом доступ к важной транспортной артерии. Сотрудников железной дороги, которыми до этого командовали немцы, заменили на лояльных англичанам и русским. Система власти, созданная Реза-шахом, была разрушена. Великобритания и СССР позволили унаследовать престол сыну свергнутого монарха Мохаммеду Реза Пехлеви. За это новый шах обязался оказывать любое необходимое невоенное содействие британцам и русским. Тогда же в Персию проникли американцы: в октябре 1941 года, еще до вступления США в войну, компания Douglas Aircraft была выбрана для осуществления управления складом британской помощи.;;;X
EVT_936_ACTA;The Coup is successful;Le coup d'йtat est un succиs;Il colpo di stato ha avuto successo;El Golpe ha tenido йxito;Der Coup ist erfolgreich;Zamach stanu udany;;Шах свергнут!;;;X
EVT_936_ACTB;The Coup is not successful;Le coup d'йtat est un йchec;Il colpo di stato и fallito;El Golpe ha fracasado;Der Coup schlдgt fehl;Zamach stanu nieudany;;Организовать переворот не удалось…;;;X
EVT_956_NAME;The Italian Social Republic takes command;La Rйpublique Sociale Italienne prend le commandement;La Repubblica Sociale Italiana assume il controllo del Nord Italia;La Republica Sociale Italiana toma el mando;Die Italienische Sozialrepublik ьbernimmt das Kommando;Wіoska Republika Socjalna przejmuje dowodzenie;;Итальянская Социальная Республика захватывает север Италии;;;X
EVT_956_DESC;The Italian Social Republic was established under German oversight. Their troops have seized control of Northern Italy.;La Rйpublique Sociale Italienne a йtй йtablie sous supervision allemande. Leurs troupes ont pris le contrфle du Nord de l'Italie.;La Repubblica Sociale Italia venne creata sotto la supervisione tedesca. Le sue truppe presero il controllo dell'Italia del nord.;La Republica Sociale Italiana se estabeciу bajo tutela alemana. Sus tropas se han hecho con el control del Norte de Italia.;Die Italienische Sozialrepublik wurde unter deutscher Aufsicht erschaffen, deren Truppen die Kontrolle ьber Norditalien ьbernahmen.;Wіoska Republika Socjalna zostaіa ustanowiona pod niemieckim nadzorem. Jej їoіnierze przejкli kontrolк na Pуіnocnymi Wіochami.;;Немцам удалось создать Итальянскую Социальную Республику. Армия нового государства захватила всю Северную Италию.;;;X
EVT_970_ACTA;Rally to De Gaulle!;Rallions-nous а De Gaulle!;Sosteniamo De Gaulle!;ЎSeguir a De Gaulle!;Stellen wir uns hinter De Gaulle!;Skupmy siк wokуі De Gaulle'a!;;Поддержим де Голля!;;;X
EVT_970_ACTB;Rally to Giraud!;Rallions-nous а Giraud!;Sosteniamo Giraud!;ЎSeguir a Giraud!;Stellen wir uns hinter Giraud!;Skupmy siк wokуі Giraud!;;Поддержим Жиро!;;;X
EVT_970_ACTC;Rally under a civilian government!;Rallions-nous а un gouvernement civil!;Sosteniamo un governo civile!;ЎFormar un Gobierno Civil!;Stellen wir uns hinter eine zivile Regierung!;Skupmy siк wokуі cywilnego rz№du!;;Поддержим гражданское правительство!;;;X
EVT_971_ACTA;Traitors!;Bande de traоtres!;Traditori!;ЎTraidores!;Verrдter!;Zdrajcy!;;Предатели!;;;X
EVT_972_ACTA;Hurrah!;Hourra!;Urrah!;ЎHurra!;Hurra!;Hurra!;;Ура!;;;X
EVT_973_NAME;Chad defects to Free France;Le Tchad fait dйfection а la France Libre ;Il Chad si unisce alla Francia Libera;Chad se une a la Francia Libre;Tschad lauft zum Freien Frankreich ьber;Czad popiera Wolnych Franuzуw;;Чад переходит на сторону 'Свободной Франции';;;X
EVT_973_DESC;The colonial administration in Chad has gone over to the Brazzaville traitors!;L'administration coloniale du Tchad a fait allйgeance aux rebelles de Brazzaville !;L'amministrazione coloniale del Chad ha seguito i traditori di Brazzaville!;ЎLa administraciуn colonial de Chad se ha pasado a los traidores de Brazzaville!;Die koloniale Verwaltung im Tschad wechselte zu den Brazzaville Verrдtern!;Administracja kolonialna Czadu przeszіa na stronк zdrajcуw z Brazzaville!;;Колониальная администрация в Чаде приняла сторону изменников из Браззавилля!;;;X
EVT_973_ACTA;Traitors!;Bande de traоtres!;Traditori!;ЎTraidores!;Verrдter!;Zdrajcy!;;Предатели!;;;X
EVT_974_NAME;Chad defects to Free France;Le Tchad fait dйfection а la France Libre ;Il Chad si unisce alla Francia Libera;Chad se une a la Francia Libre;Tschad lauft zum Freien Frankreich ьber;Czad popiera Wolnych Franuzуw;;Чад переходит на сторону 'Свободной Франции';;;X
EVT_974_DESC;The colonial administration in Chad has rejoined our cause!;L'administration coloniale du Tchad a rejoint notre cause!;L'amministrazione coloniale del Chad si и unita alla nostra causa!;La administraciуn colonial de Chad se ha unido a nuestra causa.;Die koloniale Verwaltung im Tschad nimmt wieder an unserer Sache teil.;Kolonialna administracja Czadu ponownie przyі№czyіa siк do naszej sprawy!;;Колониальная администрация Чада поддерживает нас в борьбе за освобождение Родины!;;;X
EVT_974_ACTA;Hurrah!;Hourra!;Urrah!;ЎHurra!;Hurra!;Hurra!;;Ура!;;;X
EVT_976_NAME;Equatorial Africa defects to Free France;L'Afrique Equatoriale fait dйfection а la France Libre;L'Africa Equatoriale si unisce alla Francia Libera;Бfrica Ecuatorial se une a la Francia Libre;Дquatorial Afrika lauft zum Freien Frankreich ьber;Afryka Rуwnikowa popiera Wolnych Francuzуw;;Экваториальная Африка переходит на сторону 'Свободной Франции';;;X
EVT_976_DESC;The colonial administration in Equatorial Africa has rejoined the fight for freedom.;L'administration coloniale de l'Afrique Equatoriale a rejoint le combat pour la libertй.;L'amministrazione coloniale dell'Africa Equatoriale si и unita a noi per combattere per la libertа.;La administraciуn colonial de Бfrica Ecuatorial se ha unido a nuestra causa.;Die koloniale Verwaltung in Дquatorial Afrika nimmt wieder an unserem Kampf fьr Freiheit teil.;Administracja kolonialna w Afryce Rуwnikowej ponownie przyі№czyіa siк do walki o wolnoњж.;;Колониальная администрация Экваториальной Африки поддерживает нас в борьбе за освобождение родины!;;;X
EVT_977_NAME;French Somaliland defects;La Somalie Franзaise fait dйfection ;La Somalia Francese defeziona;La Somalia Francesa deserta a los traidores;Franzцsisch Somaliland lauft ьber;Somali Francuskie opuszcza nas;;Французское Сомали переходит на сторону 'Свободной Франции';;;X
EVT_977_DESC;Following the end of the Italian occupation of Ethiopia, the British began to exert pressure on the colonial governor in Djibouti to declare for the Free French government. Their efforts were finally rewarded in December 1942, when the colonial administration declared for Free France and rejected Vichy.;Suite а la mise а terme de l'occupation de l'Ethiopie, les Britanniques commencиrent а faire pression sur le gouverneur colonial de Djibouti afin que celui-ci fasse allйgeance au gouvernement des Franзais Libres. Leurs efforts furent rйcompensйs en Dйcembre 1942, quand l'administration coloniale se dйclara pour la France Libre et rejeta la fйrule de Vichy.;Dopo la fine dell'occupazione italiana dell'Etiopia, gli inglesi iniziarono a fare pressione sul governo coloniale di Djibouti per schierarsi con il governo della Francia Libera. I loro sforzi vennero ricompensati nel Dicembre 1942, quando l'amministrazione coloniale si dichiarа per la Francia Libera, ripudiando Vichy.;Tras el fin de la ocupaciуn italiana de Etiopнa, los britбnicos comenzaron a ejercer presiуn en el gobierno colonial de Djibouti para que se uniera a la Francia Libre. Sus esfuerzos dieron fruto en Diciembre de 1942, cuando la administraciуn colonial se declarу parte de la Francia Libre y rechazу el gobierno de Vichy.;Nach dem Ende der italienische Besetzung von Дthiopia, begannen die Briten Druck auf den Koloniegouverneur in Dschibouti auszuьben, sich der Regierung des Freien Frankreichs anzuschlieЯen. Ihre Anstrengungen wurde schlieЯlich im Dezember 1942 belohnt, als die koloniale Verwaltung sich zum Freien Frankreich bekannte und Vichy zurьckwies.;Po zakoсczeniu wіoskiej okupacji Etiopii Brytyjczycy zaczкli wywieraж presjк na gubernatorze Dїibuti, aby zadeklarowaі on poparcie dla rz№du Wolnej Francji. Ich starania zostaіy w koсcu wynagrodzone w grudniu 1942, kiedy administracja kolonialna opowiedziaіa siк po stronie Wolnej Francji i odmуwiіa uznania rz№du Vichy.;;После окончания итальянской оккупации Эфиопии британцы начали наращивать давление на губернатора в Джибути, пытаясь склонить его к поддержке 'Свободной Франции'. В декабре 1942 года их попытки увенчались успехом: колониальная администрация поддержала де Голля и перестала сотрудничать с режимом Виши.;;;X
EVT_977_ACTA;Treason!;Trahison!;Tradimento!;ЎTraiciуn!;Verrat!;Zdrada!;;Измена!;;;X
EVT_978_NAME;French Somaliland joins!;La Somalie Franзaise nous rejoint!;La Somalia Francese si unisce a noi!;La Somalia Francesa se une a la Francia Libre;Franzцsisch Somaliland schlieЯt sich an!;Somali Francuskie przyі№cza siк!;;Нас поддерживают патриоты во Французском Сомали!;;;X
EVT_978_DESC;After extensive pressure from the British authorities in Ethiopia, the colonial governor has declared for a Free France!;Sous la pression des autoritйs britanniques en Ethiopie. Le gouverneur colonial s'est dйclarй pour la France Libre.;Dopo lunghe pressioni da parte delle autoritа britanniche in Etiopia, il governatore della colonia si и dichiarato a favore della Francia Libera!;Tras la intensa presiуn de las autoridades britбnicas en Etiopнa, el gobernador colonial se ha declarado fiel a la Francia Libre.;Nach extensivem Druck der britischen Obrigkeit in Дthiopien, bekannte sich der Koloniegouverneur zum Freien Frankreich!;W nastкpstwie silnej presji wywieranej przez brytyjskie wіadze w Etiopii, gubernator opowiedziaі siк po stronie Wolnej Francji!;;Поддавшись давлению со стороны англичан, губернатор в Джибути объявил о поддержке 'Свободной Франции'!;;;X
EVT_978_ACTA;Hurrah!;Hourra!;Urrah!;ЎHurra!;Hurra!;Hurra!;;Ура!;;;X
EVT_979_NAME;French West Africa defects;L'Afrique Occidentale Franзaise fait dйfection;L'Africa Occidentale Francese defeziona;El Бfrica Occidental Francesa se pasa a los traidores;Franzцsisch West Afrika lauft ьber;Francuska Afryka Zachodnia opuszcza nas;;Французская Западная Африка переходит на сторону 'Свободной Франции';;;X
EVT_979_DESC;With the Allies in firm control of Morocco and Algeria, pressure has mounted on our colonial holdings in West Africa to switch sides. In a display of treasonous lack of loyalty, they have given in to their demands!;Depuis la prise de contrфle du Maroc et de l'Algйrie par les Alliйs, les pressions se sont accumulйs sur nos possessions coloniales d'Afrique Occidentale afin de les faire changer de camp. Elles ont cйdй aux exigences alliйes en faisant preuve d'un manque de loyautй йhontй ! ;Con il Marocco e l'Algeria sotto il controllo Alleato, pressioni sono state esercitate sui nostri possedimenti coloniali in Africa Occidentale per cambiare bandiera. Mostrando una subdola mancanza di lealtа, costoro hanno assecondato le loro richieste!;Con los Aliados ejerciendo firme control sobre Marruecos y Argelia, la presiуn britбnica ha cargado sobre las colonias francesas en el Бfrica Occidental forzбndolas a cambiarse de bando. En una muestra de falta de lealtad, han aceptado sus exigencias.;Da die Alliierten feste Kontrolle ьber Marokko und Algerien besitzen, ьben sie starken Druck auf unsere kolonialen Besitzungen in West Afrika aus, die Seiten zu wechseln. In einem verrдterischen Anfall von mangelnder Loyalitдt, gaben sie ihren Aufforderungen nach!;Wraz z osi№gniкciem solidnej kontroli nad Marokiem i Algieri№ Alianci wzmocnili presjк na naszych posiadіoњciach kolonialnych we Francuskiej Afryce Zachodniej. Pokazuj№c zatrwaїaj№cy brak lojalnoњci nasza administracja ulegіa alianckim ї№daniom!;;Поскольку Марокко и Алжир находились под контролем Союзников, давление на администрацию Французской Западной Африки постоянно нарастало. И вот она приняла их требования и изменила нам!;;;X
EVT_979_ACTA;Traitors!;Ah les traоtres!;Traditori!;ЎTraidores!;Verrдter!;Zdrajcy!;;Предатели!;;;X
EVT_980_NAME;French West Africa Rallies!;L'Afrique Occidentale Franзaise se rallie!;L'Africa Occidentale Francese si unisce a noi!;El Бfrica Occidental Francesa se une a la lucha;Franzцsisch West Afrika lauft ьber!;Francuska Afryka Zachodnia jest z nami!;;Нас поддерживают во Французской Западной Африке;;;X
EVT_980_DESC;As the situation turns more and more towards the Allies, the colonial governments in West Africa have rallied to the cause of Free France!;Dans la mesure oщ la situation tourne de plus en plus а l'avantage des alliйs, les gouvernements coloniaux d'Afrique Occidentale ont ralliй la cause de la France Libre !;Con la situazione evolve sempre piщ a favore degli Alleati, il governo coloniale in Africa Occidentale ha seguito la causa della Francia Libera!;Conforme la situaciуn favorece cada vez mбs a los aliados en el continente africano, los gobiernos coloniales del Africa Occidental se han unido a la causa de la Francia Libre.;Als die Situation sich mehr und mehr zu Gunsten der Alliierten dreht, stellt sich die koloniale Regierung auf dei Seite des Freien Frankreichs.;Jako їe sytuacja zmienia siк na korzyњж Aliantуw, kolonialne rz№dy w Afryce Zachodniej popieraj№ dziaіania Wolnej Francji!;;У нас все больше сторонников. Вот и колониальная администрация Французской Западной Африки перешла на нашу сторону!;;;X
EVT_980_ACTA;Hurrah!;Hourra!;Urrah!;ЎHurra!;Hurra!;Hurra!;;Ура!;;;X
EVT_981_NAME;New Caledonia and Oceania declare for Free France!;La Nouvelle Calйdonie et l'Ocйanie se dйclarent pour la France Libre !;La Nuova Caledonia e l'Oceania si dichiarano per la Francia Libera!;Nueva Caledonia y Oceanнa se unen a la Francia Libre;Neu Kaledonien und Ozeanien bekennen sich zum Freien Frankreich!;Nowa Kaledonia i Oceania opowiada siк po stronie Wolnej Francji!;;Новая Каледония и Океания переходят на сторону 'Свободной Франции';;;X
EVT_981_DESC;On July 18th, 1940, a committee headed by Michel Virges announced their adherence to Free France, and rallied the colony to the cause.;Le 18 Juillet 1940, un comitй sous la direction de Michel Virges annonзa leur adhйsion а la France Libre et ralliиrent avec eux ces colonies.;Il 18 luglio 1940, un comitato guidato da Michel Virges annunciт di aderire alla Francia Libera e unм la colonia sotto la loro bandiera.;El 18 de Julio de 1940, un comite encabezado por Michel Virges anunciу su adherencia a la Francia Libre, uniendo la colonia a su causa.;Am 18. Juli 1940 verlautbarte ein Komitee unter Michel Virges die Zugehцrigkeit zum Freien Frankreich und stellten die Kolonie auf deren Seite.;18-ego lipca 1940. komitet pod przewodnictwem Michela Virges ogіosiі przyі№czenie do Wolnej Francji i poparcie kolonii dla sprawy.;;18 июля 1940 года комитет во главе с Мишелем Виржем принял решение поддержать 'Свободную Францию'.;;;X
EVT_982_ACTA;Hurrah!;Hourra!;Urrah!;ЎHurra!;Hurra!;Hurra!;;Ура!;;;X
EVT_983_NAME;Negotiate with Admiral Franзois Darlan?;Nйgocier avec l'amiral Darlan?;Negoziare con l'ammiraglio Franзois Darlan?;їNegociar con el Almirante Darlan?;Verhandlungen mit Admiral Franзois Darlan?;Negocjacje z admiraіem Franзois Darlanem?;;Стоит ли вести переговоры с адмиралом Франсуа Дарланом?;;;X
EVT_983_DESC;As part of the preparations for Operation Torch, the Allied landings in North Africa, the Allies sent Major-General Mark Clark to negotiate with Admiral Darlan, the Vichy commander. After some wrangling between the two men, Darlan agreed not to offer any resistance to the Allied landings. American troops under the command of General Fredendall landed with little opposition, liberating Morocco.;Durant la prйparation de l'Opйration Torch – nom de code des dйbarquements alliйs en Afrique du Nord – les Alliйs envoyиrent le gйnйral de brigade Mark Clark nйgocier avec l'amiral Darlan, le commandant vichiste local. Aprиs quelques disputes entre les deux hommes, Darlan accepta de ne pas rйsister aux dйbarquements alliйs. Des troupes amйricaines sous le commandant du Gйnйral Fredendall dйbarquиrent sans rencontrer de forte opposition, lors de la libйration du Maroc.;Come parte della preparazione per l'Operazione Torch, lo sbarco alleato in Nord Africa, gli Alleati inviarono il maggiore generale Mark Clark a negoziare con l'ammiraglio Derlan, il comandante di Vichy. Dopo alcune schermaglie tra i due, Darlan acconsentм di non offrire alcuna resistenza allo sbarco alleato. Le truppe americane sotto il comando del generale Frederall sbarcarono con una minima opposizione, liberando il Marocco.;Como parte de los preparativos para la Operaciуn Torch (el desembarco aliado en el Norte de Бfrica), los aliados enviaron al Mayor-General Mark Clark a negociar con el Almirante Jacques Darlan, jefe militar del rйgimen de Vichy. Tras algunas discusiones entre ambos, Darlan accediу a no ofrecer resistencia ante los desembarcos aliados. Las tropas norteamericanas bajo el mando del General Fredendall desembarcaron enfrentandose a dйbil resitencia, liberando Marruecos.;Als Teil der Vorbereitungen zu Operation Torch, der alliierten Landung in Nordafrika, schickten die Alliierten Major-General Mark Clark zu Admiral Darlan, dem Vichy Befehlshaber, um mit ihm zu verhandeln. Nach ein paar Streitereien zwischen den beiden, willigte Darlan ein, keinen Widerstand gegen die alliierte Landung zu leisten. Amerikanische Truppen unter dem Kommando von General Fredendall landet unter nur leichter Gegenwehr und befreiten damit Marokko.;Jako czкњж przygotowaс do Operacji Torch, l№dowania Aliantуw w Pуіnocnej Afryce, Alianci wysіali generaіa Marka Clarka w celu negocjacji z Admiraіem Darlanem, dowуdc№ z ramienia Vichy. Po kilku kіуtniach Darlan zgodziі siк nie stawiaж oporu Aliantom. Amerykaсscy їoіnierze pod dowуdztwem generaіa Fredendalla wyl№dowali przy znikomym oporze, szybko wyzwalaj№c Maroko.;;В рамках подготовки к высадке в Северной Африке Союзники направили генерал-майора Марка Кларка к адмиралу Дарлану, стороннику режима Виши. Кларку удалось убедить Дарлана не оказывать сопротивления войскам Союзников. В результате американские соединения под командованием генерала Фредендалла десантировались почти без потерь и освободили Марокко.;;;X
EVT_983_ACTA;Negotiate with Darlan;Nйgocier avec Darlan;Negoziare con Darlan;Negociar con Darlan;Verhandlung mit Darlan;Negocjacje z admiraіem Franзois Darlanem?;;Провести переговоры с Дарланом;;;X
EVT_983_ACTB;No negotiating with fascists;Pas de nйgociation avec les fascistes.;Nessun dialogo con i fascisti;No negociaremos con fascistas;Keine Verhandlung mit Faschisten;Їadnych ukіadуw z faszystami;;Мы не пойдем на контакт с фашистами;;;X
EVT_984_NAME;Negotiate with Admiral Franзois Darlan?;Nйgocier avec l'amiral Darlan ?;Negoziare con l'ammiraglio Franзois Darlan?;їNegociar con el Almirante Darlan?;Verhandlungen mit Admiral Franзois Darlan?;Negocjacje z admiraіem Darlanem?;;Стоит ли вести переговоры с адмиралом Франсуа Дарланом?;;;X
EVT_984_DESC;As part of the preparations for Operation Torch, the Allied landings in North Africa, the Allies sent Major-General Mark Clark to negotiate with Admiral Darlan, the Vichy commander. After some wrangling between the two men, Darlan agreed not to offer any resistance to the Allied landings. American troops under the command of General Fredendall landed with little opposition, liberating Morocco.;Durant la prйparation de l'Opйration Torch – nom de code des dйbarquements alliйs en Afrique du Nord – les Alliйs envoyиrent le gйnйral de brigade Mark Clark nйgocier avec l'amiral Darlan, le commandant vichiste local. Aprиs quelques disputes entre les deux hommes, Darlan accepta de ne pas rйsister aux dйbarquements alliйs. Des troupes amйricaines sous le commandant du Gйnйral Fredendall dйbarquиrent sans rencontrer de forte opposition, lors de la libйration du Maroc.;Come parte della preparazione per l'Operazione Torch, lo sbarco alleato in Nord Africa, gli Alleati inviarono il maggiore generale Mark Clark a negoziare con l'ammiraglio Derlan, il comandante di Vichy. Dopo alcune schermaglie tra i due, Darlan acconsentм di non offrire alcuna resistenza allo sbarco alleato. Le truppe americane sotto il comando del generale Frederall sbarcarono con una minima opposizione, liberando il Marocco.;Como parte de los preparativos para la Operaciуn Torch (el desembarco aliado en el Norte de Бfrica), los aliados enviaron al Mayor-General Mark Clark a negociar con el Almirante Jacques Darlan, jefe militar del rйgimen de Vichy. Tras algunas discusiones entre ambos, Darlan accediу a no ofrecer resistencia ante los desembarcos aliados. Las tropas norteamericanas bajo el mando del General Fredendall desembarcaron enfrentandose a dйbil resitencia, liberando Marruecos.;Als Teil der Vorbereitungen zu Operation Torch, der alliierten Landung in Nordafrika, schickten die Alliierten Major-General Mark Clark zu Admiral Darlan, dem Vichy Befehlshaber, um mit ihm zu verhandeln. Nach ein paar Streitereien zwischen den beiden, willigte Darlan ein, keinen Widerstand gegen die alliierte Landung zu leisten. Amerikanische Truppen unter dem Kommando von General Fredendall landet unter nur leichter Gegenwehr und befreiten damit Marokko.;Jako czкњж przygotowaс do Operacji Torch, l№dowania Aliantуw w Pуіnocnej Afryce, Alianci wysіali generaіa Marka Clarka w celu negocjacji z Admiraіem Darlanem, dowуdc№ z ramienia Vichy. Po kilku kіуtniach Darlan zgodziі siк nie stawiaж oporu Aliantom. Amerykaсscy їoіnierze pod dowуdztwem generaіa Fredendalla wyl№dowali przy znikomym oporze, szybko wyzwalaj№c Maroko.;;В рамках подготовки к высадке в Северной Африке Союзники направили генерал-майора Марка Кларка к адмиралу Дарлану, стороннику режима Виши. Кларку удалось убедить Дарлана не оказывать сопротивления войскам Союзников. В результате американские соединения под командованием генерала Фредендалла десантировались почти без потерь и освободили Марокко.;;;X
EVT_984_ACTA;Negotiate with Darlan;Nйgocier avec Darlan;Negoziare con Darlan;Negociar con Darlan;Verhandlung mit Darlan;Negocjuj z Darlanem;;Провести переговоры с Дарланом;;;X
EVT_984_ACTB;No negotiating with fascists;Pas de nйgociation avec les fascistes.;Nessun dialogo con i fascisti;No negociaremos con fascistas;Keine Verhandlung mit Faschisten;Їadnych ukіadуw z faszystami;;Мы не пойдем на контакт с фашистами;;;X
EVT_985_ACTA;Is it really treason?;Est-ce vraiment une trahison?;Si tratta realmente di tradimento?;їEs esto traiciуn?;Ist es wirklich Verrat?;Czy to na pewno zdrada?;;Неужели это измена?;;;X
EVT_986_NAME;The Choice of Admiral Darlan;Le Choix de l'Amiral Darlan;La scelta dell'ammiraglio Darlan;La elecciуn del Almirante Darlan;Die Entscheidung von Admiral Darlan;Wybуr Admiraіa;;Выбор адмирала Дарлана;;;X
EVT_986_DESC;Following several meetings with Allied officers, Admiral Darlan has not been convinced to make way for Allied forces to land in Morocco. We will resist the invaders!;Aprиs plusieurs rйunions avec des officiers alliйs, l'amiral Darlan n'a pas йtй convaincu de laisser la place aux forces alliйes dйbarquant au Maroc. Nous rйsisterons aux envahisseurs ! ;Dopo parecchi incontri con gli ufficiali alleati, l'ammiraglio Darlan non и stato convinto di lasciare libere le forze Alleate di sbarcare in Marocco. Noi resisteremo agli invasori!;Tras multitud de reuniones con oficiales aliados, el Almirante Darlan no ha sido convencido para que no opusiera resistencia ante la invasiуn aliada de Marruecos. ЎCombatiremos a los invasores!.;Nach etlichen Treffen mit alliierten Offizieren, ist Admiral nicht ьberzeugt, den Alliierten Streitkrдften fьr eine Landung in Marokko Platz zu machen. Wir werden den Eindringlingen standhalten!;Po kilku spotkaniach z alianckimi dowуdcami admiraі Darlan nie zostaі przekonany do umoїliwienia siіom Aliantуw l№dowania w Maroku. Bкdziemy opieraж siк najeџdџcom!;;Встречи адмирала Дарлана с представителем Союзников завершились безрезультатно: он не позволит свободно высадиться в Марокко. Его солдаты будут сражаться до конца!;;;X
EVT_987_ACTA;Hurrah!;Hourra!;Urrah!;ЎHurra!;Hurra!;Hurra!;;Ура!;;;X
EVT_988_NAME;Darlan refuses our offer;Darlan refuse notre offre;Darlan rifiuta la nostra offerta;Darlan rechaza nuestra oferta;Darlan lehnt unser Angebot ab;Darlan odrzuca propozycjк;;Дарлан отказывает нам;;;X
EVT_988_DESC;Despite the efforts of General Clark, the Vichy Admiral Darlan has told us that they will resist any landings in North Africa. We must now make some serious decisions.;Malgrй les efforts du Gйnйral Clark, l'amiral vichiste Darlan nous a affirmй que ses forces rйsisteront а tout dйbarquement en Afrique du Nord. Nous devons dйcider de la suite de nos opйrations.;Malgrado gli sforzi del generale Clark, l'ammiraglio di Vichy Darlan ci ha comunicato che si opporranno a ogni sbarco in Nord Africa. Bisogna prendere delle importanti decisioni.;Pese a los esfuerzos del General Clark, el Almirante Darlan nos ha dicho que combatirбn cualquier intento de desembarco en el Norte de Бfrica. Ahora debemos tomar una importante decisiуn.;Trotz der Anstrengungen General Clarks, teilte uns Vichy Admiral Darlan mit, jedweder Landung in Nordafrika stnadhalten zu wollen. Wir mьssen nun sehr ernste Entscheidungen treffen.;Pomimo wysiіkуw genraіa Clarka Darlan, admiraі Francji Vichy, zapowiedziaі, їe stawi opуr l№dowaniu w Afryce Pуіnocnej. Musimy podj№ж teraz kilka waїnych decyzji.;;Несмотря на все усилия генерала Кларка, вишист адмирал Дарлан заявил, что не позволит нам высадиться в Северной Африке. Предстоит сделать нелегкий выбор.;;;X
EVT_988_ACTA;Proceed ahead with Torch;Lancer l'Opйration Torch;Proseguire con l'Operazione Torch;Adelante con Torch;Schreiten wir mit Torch weiter voran;Kontynuujmy 'Pochodniк';;Провести десантную операцию;;;X
EVT_988_ACTB;We must explore other options;Nous devons modifier nos plans;Dobbiamo esplorare altre opzioni;Debemos explorar otras opciones;Wir mьssen andere Optionen in Betracht ziehen;Musimy przyjrzeж siк innym opcjom;;Придумаем что-нибудь еще;;;X
EVT_989_NAME;Intervention in North Africa;L'intervention en Afrique du Nord ;L'intervento in Nord Africa;Intervenciуn en el Norte de Бfrica;Intervention in Nordafrika;Interwencja w Afryce Pуіnocnej;;Вторжение в Северную Африку;;;X
EVT_989_DESC;With the defection of Admiral Darlan, and the capitulation of Vichy forces in Morocco, we must make a decision as to the status of North Africa.;Suite а la dйfection de l'amiral Darlan et а la capitulation des forces de Vichy au Maroc, nous devons dйcider du statut de l'Afrique du Nord.;Con la defezione dell'ammiraglio Darlan e la capitolazione delle forze di Vichy in Marocco, dobbiamo decidere il futuro del Nord Africa.;Con la deserciуn del Almirante Darlan y la capitulaciуn de las fuerzas de Vichy en Marruecos, debemos tomar una decisiуn con respecto al estatus del Norte de Бfrica.;Mit dem Ьberlaufen Admiral Darlans und der Kapitulation der Vichy Streitkrдfte in Marokko, mьssen wir eine Entscheidung bezьglich des Status Nordafrikas treffen.;Wraz ze zdrad№ admiraіa Darlana i kapitulacj№ wojsk Vichy w Maroku musimy podj№ж decyzjк dotycz№c№ dalszego statusu Pуіnocnej Afryki.;;Адмирал Дарлан решил не оказывать сопротивления высадке союзников, и армия Виши в Марокко капитулировала. Теперь мы должны решить, что делать с Северной Африкой.;;;X
EVT_989_ACTA;Take control of Algeria and Tunisia;Prendre le contrфle de l'Algйrie et de la Tunisie;Assumi in controllo dell'Algeria e della Tunisia;Hacerse con el control de Argelia y Tъnez;Ьbernehmt die Kontrolle ьber Algerien und Tunesien;Przejmij kontrolк nad Algeri№ i Tunezj№;;Занять Алжир и Тунис;;;X
EVT_989_ACTB;North Africa is not important;L'Afrique du Nord est sans importance;Il Nord Africa non и importante;El Norte de Бfrica no es importante;Nordafrika ist nicht so wichtig;Afryka Pуіnocna nie jest istotna;;Северная Африка нам не нужна;;;X
EVT_990_ACTA;Give in to their request;Cйder а leurs exigences;Acconsenti alle loro richieste;Aceptar sus exigencias;Gebt ihrem Ansinnen nach;Zgуdџmy siк na ich ї№dania;;Удовлетворить их требования;;;X
EVT_990_ACTB;We will not be bullied by the German usurpers!;Nous ne serons pas intimidйs par les usurpateurs allemands !;Non siamo impauriti dagli invasori tedeschi!;Los alemanes no nos intimidan;Wir werden uns von den deutschen Besetzern nicht einschьchtern lassen!;Nie damy siк zastraszyж niemieckim uzurpatorom!;;Немецким оккупантам нас не запугать!;;;X
EVT_991_NAME;Vichy refuses our demands;Vichy refuse nos exigences;Vichy rifiuta le nostre richieste;Vichy se niega a nuestras exigencias;Vichy lehnt unsere Forderungen ab;Vichy odmawia;;Режим Виши не желает удовлетворять наши требования;;;X
EVT_991_DESC;The Vichy government has refused our demand to give control of North Africa to us.;Le gouvernement de Vichy a refusй de nous cйder le contrфle de l'Afrique du Nord. ;Il governo di Vichy ha rifiutato di concederci il controllo del Nord Africa.;El gobierno de Vichy se niega a aceptar nuestras exigencias y cedernos el control del Norte de Africa. ;Die Vichy Regierung hat unsere Forderung, die Kontrolle Nordafrikas an uns zu ьbergeben, abgelehnt.;Rz№d Vichy odrzuciі nasze ї№dania dotycz№ce przekazania nam kontroli nad Afryk№ Pуіnocn№.;;Правительство Виши отказалось передать нам контроль над Северной Африкой.;;;X
EVT_991_ACTA;Time to remove the untrustworthy Vichy regime;Il est temps de renverser le rйgime dйloyal de Vichy ;E' ora di rimuovere il malfidato regime di Vichy;Es hora de acabar con el poco fiable rйgimen de Vichy;Zeit das vertrauensunwьrdige Vichy Regime zu stьrzen;Czas juї usun№ж niepewny reїim Vichy;;Пришло время свергнуть вишистов;;;X
EVT_991_ACTB;Let it pass, North Africa isn't important;Laissons tomber, l'Afrique du Nord est sans importance;Lasciamo correre, il Nord Africa non и importante;Dejarlo estar, el Norte de Africa no es tan importante;Auch gut, Nordafrika ist nicht so wichtig;Trudno, Afryka Pуіnocna nie jest aї tak istotna.;;Ничего, Северная Африка нас не интересует;;;X
EVT_992_NAME;The End of Vichy France;La Fin de la France de Vichy;La fine della Francia di Vichy;El fin del rйgimen de Vichy;Das Ende von Vichy Frankreich;Koniec Francji Vichy;;Конец Вишистской Франции;;;X
EVT_992_DESC;The inability of the Vichy government to maintain control is proving to be a problem. The loss of North Africa has rendered the Vichy state useless, and possibly even a potential threat.;L'incapacitй du gouvernement de Vichy а conserver le contrфle de l'Afrique du Nord s'avиre кtre problйmatique. La perte de l'Afrique du Nord a rendu l'йtat de Vichy inutile, voire mкme en a fait une possible menace.;L'incapacitа del governo di Vichy di mantenere il controllo si sta dimostrando un problema. La perdita del Nord Africa ha reso inutile e potenzialmente pericolosa la presenza di Vichy.;La incapacidad del gobierno de Vichy para mantener el control de sus posesiones estб demostrando ser un problema. La pйrdida del Norte de Бfrica ha convertido al rйgimen en un estorbo inъtil, e incluso una potencial amenaza.;Die Unfдhigkeit der Vichy Fьhrung die Kontrolle zu behalten stellt sich als ein Problem heraus. Der Verlust von Nordafrika macht den Staat Vichy nutzlos, vielleicht sogar zu einer potentiellen Gefahr.;Niemoїnoњж utrzymania kontroli nad koloniami przez rz№d Vichy okazuje siк byж problemem. Utrata Pуіnocnej Afryki pokazaіa, їe paсstwo Vichy jest bezuїyteczne a nawet stanowi potencjalne niebezpieczeсstwo.;;Неспособность правительства Виши контролировать ситуацию на подконтрольной территории становится серьезной проблемой. Потеря Северной Африки сделала существование вишистского государства бесполезным, а то и опасным для нас.;;;X
EVT_992_ACTA;Move to seize control now;Prenons en le contrфle maintenant;Agiamo per assumere il controllo;Hacerse con el control;Holen wir uns die Kontrolle;Wkrocz i przejmij kontrolк;;Мы будем сами править Францией;;;X
EVT_992_ACTB;Only pressure them;Faisons seulement pressions sur eux;mettiamogli sono un po' di pressione;Tan sуlo presionarles;Ьbt nur Druck auf sie aus;Tylko wywieraj presjк;;Надавить на вишистов;;;X
EVT_992_ACTC;Forget about Vichy;Oublions Vichy;Dimentichiamo Vichy;Olvidarse de Vichy;Vergesst Vichy;Zapomnij o Vichy;;Прекратить поддержку Виши;;;X
EVT_993_DESC;German forces are moving to take over European Vichy. What shall we do?;Les forces allemandes font mouvement pour s'emparer des territoires mйtropolitains vichistes. Que ferons-nous ?;Forze tedesche si stanno muovendo per occupare la parte continentale di Vichy.  Che dobbiamo fare?;Fuerzas alemanas estбn movilizбndose para hacerse con los territorios de Vichy. їQue debemos hacer?;Deutsche Truppen ьbernehmen das europдische Vichy. Was sollen wir tun?;Niemieckie siіy wkraczaja i przejmuja europejska czкњж Vichy. Co powinniњmy zrobiж?;;Немцы хотят оккупировать вишистскую Францию. Что мы будем делать?;;;X
EVT_993_ACTA;Accept the inevitable!;Accepter l'inйvitable;Accettare l'inevitabile!;Aceptar lo inevitable;Akzeptieren wir das Unausweichliche!;Zaakceptuj nieuniknione!;;Смиримся с неизбежным!;;;X
EVT_993_ACTB;Resist the intrusion!;Rйsister а l'invasion;Resistere all'invasione!;ЎResitir la invasiуn!;Halten wir dem Eindringen stand!;Stawiaj opуr!;;Будем противостоять вторжению!;;;X
EVT_993_ACTC;Join Free France!;Rejoindre la France Libre!;Unirci alla Francia Libera!;ЎUnirse a la Francia Libre!;SchlieЯen wir uns dem Freien Frankreich an!;Przyі№cz siк do Wolnej Francji!;;Присоединимся к 'Свободной Франции';;;X
EVT_996_ACTA;These lands will benefit our economy;Ces territoires profiterons а notre йconomie;Questi territori aiuteranno la nostra economia;Estas tierras beneficiarбn a nuestra economнa;Diese Lдndereien werden unsere Цkonomie stдrken;To pomoїe naszej gospodarce;;Это пойдет на пользу нашей экономике;;;X
EVT_994_NAME;German pressure on Vichy;Vichy sous pression allemande;Pressioni tedesche su Vichy;Presiуn alemana sobre Vichy;Deutscher Druck auf Vichy;Niemiecka presja na Vichy;;Давление немцев на Виши;;;X
EVT_994_DESC;With the bad turn of events in North Africa, Berlin is putting more pressure on us to resist Allied overtures, and suppress traitorous elements within our nation.;Suite а la mauvaise tournure des йvйnements en Afrique du Nord, Berlin nous presse de rйsister aux ouvertures alliйes, et de mettre au pas les йlйments factieux au sein de notre nation.;Dopo i rovesci militari in Nord Africa, Berlino sta facendo pressioni per resistere alle aperture Alleate ed eliminare i traditori presenti nella nostra nazione. ;Con el adverso giro de los acontecimientos en el Norte de Бfrica, Berlнn esta sometiйndonos a mayor presiуn para que resistamos a los movimientos aliados, y elminiemos a los elementos peligrosos en el interior de nuestra naciуn.;Nach den schlechten Ereignissen in Nordafrika, ьbt Berlin mehr Druck auf uns aus, den allierten Ouvertьren zu widerstehen, und unterdrьckt verrдterische Elemente innerhalb unserer Nation.;W wyniku niekorzystnego splotu wypadkуw w Afryce Pуіnocnej Berlin wywiera na nas coraz wiкksz№ presjк, abyњmy stawiali opуr alianckim propozycjom i karali zdrajcуw.;;Поскольку дела в Северной Африке идут из рук вон плохо, Берлин настойчиво требует более активно сопротивляться Союзникам и безжалостно уничтожать изменников на территории нашей страны.;;;X
EVT_994_ACTA;Yield completely to the German demands;Cйder totalement aux exigences allemandes;Assecondiamo completamente le richieste tedesche;Ceder completamente ante las demandas alemanas;Ergeben wir uns den deutschen Forderungen komplett;Poddajmy siк zupeіnie niemieckim ї№daniom;;Хорошо! Мы так и сделаем;;;X
EVT_994_ACTB;Give in to some of their demands;Cйder а certaines de leurs exigences;Concediamogli qualcosa;Ceder sуlo a algunas de las demandas;Geben wir einigen ihrer Forderungen nach;Akceptujmy tylko niektуre z ich ї№daс;;Частично удовлетворить их требования;;;X
EVT_995_NAME;Germany stops supporting Vichy France;L'Allemagne a cessй de soutenir la France de Vichy;La Germania interrompe il supporto alla Francia di Vichy;Alemania deja de apoyar a la Francia de Vichy;Deutschland hцrt auf Vichy Frankreich zu unterstьtzen;Niemcy zaprzestaj№ wspierania Francji Vichy;;Германия перестает поддерживать вишистскую Францию;;;X
EVT_995_DESC;The tide of events in North Africa has caused Berlin to re-evaluate their relationship with us. They have effectively ended all relations with us.;La tournure des йvйnements en Afrique du Nord a contraint Berlin а rййvaluer sa position а notre йgard. En fait, les Allemands ont rompu leurs relations avec nous.;Sull'onda degli eventi in Nord Africa, Berlino sta rivalutando le sue relazioni con noi. In efetti hanno interrotto tutti i contatti.;Con el adverso giro de los acontecimientos en el Norte de Бfrica, Berlнn ha decidido reevaluar su relaciуn con nosotros. Han cortado totalmente sus relaciones con nuestro rйgimen.;Die Woge der Ereignisse in Nordafrika hat Berlin dazu veranlasst, ihre Beziehungen zu uns zu ьberdenken, woraufhin sie alle abgebrochen haben.;Fala ostatnich wypadkуw w Afryce Pуіnocnej spowodowaіa, їe Berlin przewartoњciowaі wzajemne stosunki. W zasadzie Niemcy zakoсczyli wszelkie relacje z nami.;;Из-за нежелательного развития ситуации в Северной Африке Берлин решил пересмотреть отношения с нами. Немцы объявили о разрыве всех связей.;;;X
EVT_995_ACTA;It could be worse;Cela pourrait кtre pire;Poteva andare peggio;Podrнa ser peor;Es kцnnte schlimmer sein;Mogіo byж gorzej;;Могло быть и хуже..;;;X
EVT_997_ACTA;Welcome back to our just cause!;A nouveau unis pour la juste cause !;Benvenuti nella nostra giusta causa.;Bienvenidos de nuevo a nuestra justa causa;Willkommen zurьck bei der gerechten Sache!;Witamy z powrotem!;;Добро пожаловать!;;;X
EVT_998_NAME;German seizure of Vichy;L'occupation allemande de l'Etat Franзais;L'occupazione tedesca di Vichy;Alemania toma el control de Vichy;Deutsche Besetzung von Vichy;Niemieckie przejкcie Vichy;;Германия захватывает вишистскую Францию;;;X
EVT_998_DESC;The Germans have seized control of the Vichy regime and now occupy all of Metropolitan France!;Les Allemands ont pris le contrфle du rйgime de Vichy et occupent maintenant toute la France Mйtropolitaine ! ;I tedeschi hanno preso il controllo effettivo di Vichy e ora occupano l'intera Francia Metropolitana!;Los alemanes se han hecho con el control del rйgimen de Vichy y ahora ocupan toda la Francia metropolitana.;Die Deutschen haben die Kontrolle ьber das Vichy Regime ьbernommen und besetzen nun alle Gebiete Frankreichs in Europa!;Niemcy przejкli kontrolк nad Vichy i teraz okupuj№ caі№ francusk№ metropoliк!;;Немцы захватили подконтрольную вишистам территорию и оккупировали всю европейскую часть Франции!;;;X
EVT_998_ACTA;Bastards!;Salauds!;Bastardi!;ЎBastardos!;Bastarde!;Dranie!;;Негодяи!;;;X
EVT_100000_NAME;The Leash is Loosened;La bride est lachйe;Il guinzaglio si allenta;La correa se afloja;Die Leine wird gelockert;Popuszczenie smyczy;;Контроль ослаблен;;;X
EVT_100000_DESC;The new French regime in Vichy is now taking more of a hands off approach to our internal affairs.;Le nouveau rйgime franзais de Vichy a une attitude moins contraignante vis-а-vis de nos affaires intйrieures. ;Il nuovo regime francese a Vichy sta portando avanti un approccio piщ rilassato verso di noi.;El nuevo rйgimen de Vichy estб adoptando una polнtica de menor intervencionismo en nuestros asuntos internos.;Das neue franzцsische Regime in Vichy lдsst nun unsere internen Angelegenheiten mehr in Ruhe.;Nowy francuski rz№d w Vichy zmienia podejњcie i bкdzie siк teraz trzymaі z daleka od naszych wewnкtrznych spraw.;;Новое французское правительство в Виши теперь почти не вмешивается в наши внутренние дела.;;;X
EVT_100000_ACTA;Great!;Bien!;Ottimo!;ЎEstupendo!;GroЯartig!;Wspaniale!;;Замечательно!;;;X
EVT_100001_NAME;The Leash is Loosened;La bride est lachйe;Il guinzaglio si allenta;La correa se afloja;Die Leine wird gelockert;Popuszczenie smyczy;;Контроль ослаблен;;;X
EVT_100001_DESC;The new French regime in Vichy is now taking more of a hands off approach to our internal affairs.;Le nouveau rйgime franзais de Vichy a une attitude moins contraignante vis-а-vis de nos affaires intйrieures. ;Il nuovo regime francese a Vichy sta portando avanti un approccio piщ rilassato verso di noi.;El nuevo rйgimen de Vichy estб adoptando una polнtica de menor intervencionismo en nuestros asuntos internos.;Das neue franzцsische Regime in Vichy lдsst nun unsere internen Angelegenheiten mehr in Ruhe.;Nowy francuski rz№d w Vichy zmienia podejњcie i bкdzie siк teraz trzymaі z daleka od naszych wewnкtrznych spraw.;;Новое французское правительство в Виши теперь почти не вмешивается в наши внутренние дела.;;;X
EVT_100001_ACTA;Great!;Bien!;Ottimo!;ЎEstupendo!;GroЯartig!;Wspaniale!;;Замечательно!;;;X
EVT_100002_NAME;The Leash is Loosened;La bride est lachйe;Il guinzaglio si allenta;La correa se afloja;Die Leine wird gelockert;Popuszczenie smyczy;;Контроль ослаблен;;;X
EVT_100002_DESC;The new French regime in Vichy is now taking more of a hands off approach to our internal affairs.;Le nouveau rйgime franзais de Vichy a une attitude moins contraignante vis-а-vis de nos affaires intйrieures. ;Il nuovo regime francese a Vichy sta portando avanti un approccio piщ rilassato verso di noi.;El nuevo rйgimen de Vichy estб adoptando una polнtica de menor intervencionismo en nuestros asuntos internos.;Das neue franzцsische Regime in Vichy lдsst nun unsere internen Angelegenheiten mehr in Ruhe.;Nowy francuski rz№d w Vichy zmienia podejњcie i bкdzie siк teraz trzymaі z daleka od naszych wewnкtrznych spraw.;;Новое французское правительство в Виши теперь почти не вмешивается в наши внутренние дела.;;;X
EVT_100002_ACTA;Great!;Bien!;Ottimo!;ЎEstupendo!;GroЯartig!;Wspaniale!;;Замечательно!;;;X
EVT_100003_NAME;The Habaniyya Confrontation;La Confrontation Habaniyya ;La crisi di Habaniyya;El conflicto de Habaniyya;Die Habaniyya Konfrontation;Konfrontacja pod Habanija;;Хабанийское противостояние;;;X
EVT_100003_DESC;In 1941, pro-Axis Iraqis, urged on by the Grand Mufti of Jerusalem, staged a coup and surrounded the British air base outside of Baghdad, precipitating a crisis. Germany received permission from Syria to stage a bomber group to support the coup instigators, which directly led to the Allied intervention in Syria and Lebanon.;En 1941, des Irakiens partisans de l'Axe, sous l'influence du Grand Moufti de Jйrusalem, participиrent а un coup d'йtat et encerclиrent la base aйrienne britannique aux abords de Bagdad. Cet acte provoqua une crise. L'Allemagne reзu la permission de la Syrie de crйer un groupe de bombardiers pour soutenir les investigateurs du coup d'йtat, ce qui entraina directement l'intervention alliйe au Liban et en Syrie.;Nel 1941, insorti Iracheni filo tedeschi, spronati dal Gran Muftм di Gerusalemme, prepararono un colpo di stato e circondarono la base aerea Britannica appena fuori Bahdad, facendo precipitare gli eventi. La Germania ricevette pressioni dalla Siria per inviare un gruppo di bombardieri e supportare gli insorti, cosa che condusse ad un intervento diretto degli alleati in Siria e Libano.;En 1941, iraquнes favorables al Eje, presionados por el Gran Mufti de Jerusalйn, dieron un golpe y rodearon la base aйrea britбnica en las afueras de Bagdad, provocando una violenta crisis. Siria le concediу permiso a Alemania para desplegar un grupo de bombarderos en su territorio con objeto de apoyar a la revuelta iraquн, lo que inmediatamente provocу la intervenciуn directa aliada en Siria y Lнbano.;1941 gelang pro-Achse Irakern, vom GroЯmufti von Jerusalem angestachelt, ein Umsturz und sie umzingelten den britischen Luftstьtzpunkt auЯerhalb Baghdads und fьhrten dadurch ein Krise herbei. Deutschland erhielt die Erlaubnis von Syrien eine Bomberstaffel zu stationieren um die Anstifter des Coups zu unterstьtzen, was direkt zu einer alliierten Intervention in Syrien und im Libanon fьhrte.;W 1941 iraccy zwolennicy Osi, poparci przez Wielkiego Muftiego Jerozolimy, przeprowadzili zamach stanu i otoczyli brytyjsk№ bazк lotnicz№ w Habanija pod Bagdadem, tym samym przyspieszaj№c kryzys. Niemcy otrzymaіy zgodк od wіadz Syrii na rozmieszczenie grupy bombowcуw, ktуre miaіy wesprzeж zamachowcуw, co staіo siк bezpoњredni№ przyczyn№ interwencji Aliantуw w Syrii i Libanie.;;В 1941 году прогермански настроенные иракцы под влиянием Верховного муфтия организовали переворот и окружили британскую авиабазу в пригороде Багдада. Сирия позволила Германии разместить на своей территории группу бомбардировщиков для поддержки организаторов переворота. Это спровоцировало вторжение войск Союзников в Сирию и Ливан.;;;X
EVT_100003_ACTA;Accept the new government;Accepter le nouveau gouvernement;Accetta il nuovo governo;Aceptar el nuevo gobierno;Akzeptiert die neue Regierung;Zaakceptuj nowy rz№d;;Признать новое правительство;;;X
EVT_100003_ACTB;Suppress the coup;Intervenir contre les putchistes;Sopprimi il colpo di stato;Ahogar la revuelta;Bekдmpft den Umsturz;Zlikwiduj przewrуt;;Подавить восстание;;;X
EVT_100004_NAME;The Habaniyya Coup;Le Coup d'Etat de Habaniyya ;Il colpo di stato di Habaniyya;El Golpe de Habaniyya;Der Habaniyya Coup;Zamach stanu w Iraku;;Хабанийский переворот;;;X
EVT_100004_DESC;The Iraqi government, egged on by outsiders such as the Grand Mufti, has moved to join the Germans. This treachery cannot be tolerated.;Le gouvernement irakien incitйs par des йtrangers tels que le Grand Moufti, se sont alliйs aux Allemands. Cette trahison ne peut pas кtre tolйrйe. ;Il governo iracheno, sobillato da elementi esterni quali il Gran Muftм di Gerusalemme, ha assunto una posizione filo Tedesca. Questo tradimento non puт essere tollerato.;El gobierno iraquн, manipulado por intervenciones extranjeras como la del Gran Mufti de Jerusalйn, se ha rebelado para unirse a los alemanes. Esta traiciуn no puede ser tolerada.;Die irakische Regierung, angestachelt von AuЯenseitern wie dem GroЯmufti, hat sich entschlossen, sich den Deutschen anzuschlieЯen. Dieser Verrat kann nicht tolereriert werden.;Rz№d iracki, zachкcony przez obcokrajowcуw takich jak Wielki Mufti, chce przyі№czyж siк do wojny po stronie Niemiec. Ta zdrada nie moїe byж tolerowana!;;Иракское правительство, подстрекаемое Великим муфтием, решило принять сторону Германии. Мы не можем не вмешаться.;;;X
EVT_100004_ACTA;We must secure the Middle East!;Nous devons sйcurisй le Moyen Orient!;Dobbiamo rendere sicuro il Medio Oriente!;ЎDebemos asegurar Oriente Medio!;Wir mьssen den Mittleren Osten sichern!;Musimy zabezpieczyж Bliski Wschуd!;;Мы должны защитить Ближний Восток!;;;X
EVT_100005_NAME;German support to the Iraqi Coup?;Un soutien allemand pour le coup d'йtat irakien?;Supporto tedesco al colpo di stato iracheno?;їApoyo alemбn al golpe iraquн?;Deutsche Unterstьtzung fьr den irakischen Coup?;Czy Niemcy popr№ zamach w Iraku?;;Германия поддерживает организаторов переворота в Ираке?;;;X
EVT_100005_DESC;As Iraqi leaders moved against the British, Germany sent a bomber group to support their efforts through Vichy Syria.;Comme les chefs irakiens prirent position contre les Britanniques, l'Allemagne envoya un groupe de bombardiers pour soutenir leurs efforts au travers de la Syrie sous contrфle vichiste.;Quando i leader iracheni si mossero contro gli inglesi, la Germania inviт, attraverso la Siria di Vichy, un gruppo di bombardiere a supportare i loro sforzi;Cuando los lнderes iraquнes se rebelaron contra los britбnicos, Alemania enviу un grupo de bombarderos a Siria para apoyar la revuelta.;Als sich irakische Anfьhrer gegen die Briten auflehnten, schickte Deutschland eine Bomberstaffel durch Vichy nach Syrien, um ihre Anstrengungen zu unterstьtzen.;Gdy iraccy liderzy wyst№pili przeciwko Brytyjczykom, Niemcy wysіaіy grupк bombowcуw do kontrolowanej przez Vichy Syrii, aby wesprzeж irackie dziaіania.;;После того как иракское руководство выступило против Великобритании, Германия направила в Сирию свои бомбардировщики, чтобы помочь мятежникам.;;;X
EVT_100005_ACTA;Support the coup;Soutenir le coup d'йtat ;Supportiamo il colpo di stato;Apoyar el golpe;Unterstьtzt den Coup;Poprzyj zamach;;Поддержать организаторов переворота;;;X
EVT_100005_ACTB;Leave the Iraqis on their own;Laisser les Irakiens а leur sort ;Lasciamo l'Iraq al suo destino;Dejar a los iraquнes a su suerte;Lasst die Iraker allein;Pozostaw Irak wіasnemu losowi;;Пусть иракцы сами разбираются;;;X
EVT_100007_NAME;Assistance from Germany;L'aide de l'Allemagne;Assistenza dalla Germania;Ayuda desde Alemania;Hilfe aus Deutschland;Pomoc z Niemiec;;Помощь Германии;;;X
EVT_100007_DESC;Germany has sent assistance to the insurgents in Iraq in the form of supplies and some Luftwaffe bombers. In return, we have granted them transit authority through Syria.;L'Allemagne a envoyй de l'aide aux insurgйs en Irak, notamment du ravitaillement et des bombardiers de la Luftwaffe. En retour nous leur laissons le libre passage au travers de la Syrie.;La Germania ha inviato aiuti agli insorti in Iraq, sotto forma di rifornimenti e di alcuni bombardieri della Luftwaffe. In cambio dovremmo concedere loro la possibilitа di passaggio attraverso la Siria.;Alemania ha enviado ayuda a los insurgentes de Iraq en forma de suministros y bombarderos de la Luftwaffe. A cambio, les hemos concedido permiso de trбnsito a travйs de Siria.;Deutschland hat Hilfe zu den Aufstдndischen im Irak in Form von Nachschub und einigen Luftwaffenbombern geschickt. Im Gegenzug haben wir ihnen das Transitrecht durch Syrien erteilt.;Niemcy nadesіali pomoc powstaсcom w Iraku w postaci zaopatrzenia i pewnej iloњci bombowcуw Luftwaffe. W zamian daliњmy im prawo przelotu przez Syriк.;;Германия направила мятежникам в Ираке помощь в виде некоторых товаров и группы бомбардировщиков. Мы же, в свою очередь, позволили им в случае необходимости использовать территорию Сирии. ;;;X
EVT_100007_ACTA;Great!;Bien!;Ottimo!;ЎEstupendo!;GroЯartig!;Wspaniale!;;Замечательно!;;;X
EVT_100006_NAME;The situation in the Levant;La situation au Levant;La situazione in Medio Oriente;La situaciуn en el Levante;Die Situation im Nahen Osten;Sytuacja na Bliskim Wschodzie;;Ситуация в Леванте;;;X
EVT_100006_DESC;With the unrest in Iraq, local authorities in Syria have opted to support the coup. The Allies are now intervening in the affair. Historically, the Vichy regime made no direct resistance to the Allied efforts in the Levant, which returned the region to the control of Free France.;Suite а l'йbullition irakienne, les autoritйs locales en Syrie ont dйcidй de soutenir le coup d'йtat. Les Alliйs dйcident maintenant d'intervenir. Historiquement, le rйgime de Vichy n'opposa aucune rйsistance directe aux efforts alliйs au Levant, et rendirent le contrфle de la rйgion а la France Libre.;A seguito delle sommosse in Iraq, le locali autoritа siriane hanno deciso di supportare il colpo di stato. Gli Alleati stanno ora intervenendo nella questione. Storicamente, il regime di Vichy non fece alcuna effettiva resistenza nei confronti delle operazioni Alleate nella zona, cosa che condusse al controllo delle regione da parte della Francia Libera.;Con la agitaciуn en Iraq, las autoridades locales de Siria han optado por apoyar el golpe. Los aliados tambiйn estбn interviniendo en el conflicto. Histуricamente, el rйgimen de Vichy no opuso resistencia directa a los esfuerzos aliados en Levante, que terminaron poniendo la regiуn bajo el control de la Francia Libre.;Mit den Unruhen im Irak haben sich lokale Machtinhaber in Syrien dazu entschlossen, den Coup zu unterstьtzen. Die Alliierten intervenieren nun in der Angelegenheit. In Wirklichkeit leistete das Vichy Regime keinen direkten Widerstand gegen die allierten Bemьhungen im Nahen Osten, was die Kontrolle ьber die Region an das Freie Frankreich zurьckgab.;W zwi№zku z niepokojami w Iraku, lokalne wіadze w Syrii postanowiіy poprzeж zamach. Alianci teraz interweniuj№ w tej sprawie. Historycznie rz№d Vichy nie stawiaі bezpoњredniego oporu alianckim wysiіkom na Bliskim Wschodzie, co spowodowaіo przejкcie tego regionu przez Wolnych Francuzуw.;;После переворота в Ираке сирийское руководство решило поддержать мятежников. Теперь в дело вмешались Союзники. Исторически режим Виши не оказал прямого сопротивления их войскам в Леванте, и регион перешел под контроль 'Свободной Франции'.;;;X
EVT_100006_ACTA;Do not antagonize the Allies;Ne nous opposons pas aux Alliйs ;Non contrastiamo gli Alleati;No enfrentarse a los Aliados;Bekдmpfen wir nicht die Alliierten;Nie antagonizuj Aliantуw;;Не сопротивляться Союзникам;;;X
EVT_100006_ACTB;We must keep our colonies!;Nous devons conserver nos colonies! ;Dobbiamo mantenere le nostre colonie!;ЎDebemos mantener nuestras colonias!;Wir mьssen unsere Kolonien behalten!;Musimy utrzymaж nasze kolonie!;;Нам нужны эти колонии!;;;X
EVT_100008_NAME;Follow Vichy or not?;Obйir а Vichy?;Seguire Vichy o no?;їSeguir a Vichy?;Vichy folgen oder nicht?;Wykonaж instrukcje z Vichy czy nie?;;Подчиняться ли Виши?;;;X
EVT_100008_DESC;The government in Vichy has chosen not to offer any resistance to Allied actions in the Levant. Should we follow their lead?;Le gouvernement de Vichy a choisi de ne pas opposer de rйsistance aux actions alliйes au Levant. Devons nous accepter leurs directives?;Il governo di Vichy ha deciso di non opporre resistenza alle operazioni Alleate in Medio Oriente. Dobbiamo seguire le loro indicazioni?;El gobierno de Vichy ha decidido no ofrecer resistencia a las acciones aliadas en el Levante. їDebemos seguir sus instrucciones?;Die Regierung in Vichy hat sich entschlossen, keinen Widerstand gegen allierte Aktionen im Nahen Osten zu leisten. Sollen wir ihrem Beispiel folgen?;Rz№d Vichy postanowiі nie stawiaж oporu alianckim akcjom na Bliskim Wschodzie. Czy powinniњmy iњж za gіosem z Vichy?;;Правительство Виши решило не оказывать сопротивление войскам Союзников в Леванте. Стоит ли подчиняться вишистам?;;;X
EVT_100008_ACTA;Follow the instructions from Vichy;Suivre les instructions de Vichy;Seguiamo le istruzioni di Vichy;Seguir las instrucciones de Vichy;Folgt den Anweisungen aus Vichy;Postкpuj zgodnie z instrukcjami Vichy;;Следовать указаниям Виши;;;X
EVT_100008_ACTB;Support our friends in Syria;Soutenir nos amis en Syrie;Supportiamo i nostri amici in Siria;Apoyar a nuestros amigos sirios;Unterstьtzt unsere Freunde in Vichy;Poprzyj naszych syryjskich przyjaciуі;;Поддержать наших сирийских друзей;;;X
EVT_100010_NAME;Free French control re-established in Syria;Les Franзais Libres reprennent le contrфle de la Syrie;Il controllo da parte della Francia Libera viene ristabilito in Siria;La Francia libre toma el control de Siria;Kontrolle ьber Syrien widerhergestellt vom Freien Frankreich;Kontrola nad Syri№ powraca do Wolnych Francuzуw;;'Свободная Франция' получает контроль над Сирией;;;X
EVT_100010_DESC;Following the successful Allied intervention in Syria, control of the region has been restored to Free French administration.;Suite au succиs de l'intervention alliйe en Syrie, le contrфle de la rйgion a йtй rendu а l'administration des Franзais Libres.;A seguito dell'intervento, coronato da successo, degli Alleati in Siria, il controllo della regione sotto la Francia Libera и stato ripristinato.;Tras la exitosa intervenciуn aliada en Siria, la regiуn vuelve a estar bajo mandato de la administraciуn de la Francia Libre.;Auf Grund der erfolgreichen alliierten Intervention in Syrien, konnte die Kontrolle in der Region von der Administration des Freien Frankreichs wiederhergestellt werden.;W nastкpstwie udanej interwencji Aliantуw w Syrii, kontrola nad regionem zostaіa przywrуcona administracji Wolnej Francji.;;После успешного наступления Союзников в Сирии контроль над страной оказался в руках представителей 'Свободной Франции'.;;;X
EVT_100010_ACTA;Take control;Prendre le contrфle;Riprendi il controllo;Tomar el control;Ьbernehmt die Kontrolle;Przejmij kontrolк;;Начать управление этой страной;;;X
EVT_100011_NAME;Free French control re-established in Lebanon.;Les Franзais Libres reprennent le contrфle du Liban.;Il controllo da parte della Francia Libera viene ristabilito in Libano.;La Francia libre toma el control del Lнbano;Kontrolle ьber den Libanon widerhergestellt vom Freien Frankreich;Kontrola nad Libanem powraca do Wolnych Francuzуw;;'Свободная Франция' получает контроль над Ливаном;;;X
EVT_100011_DESC;Following the successful Allied intervention in Lebanon, control of the region has been restored to Free French administration.;Suite au succиs de l'intervention alliйe au Liban, le contrфle de la rйgion a йtй rendu а l'administration des Franзais Libres.;A seguito dell'intervento, coronato da successo, degli Alleati in Libano, il controllo della regione sotto la Francia Libera и stato ripristinato;Tras la exitosa intervenciуn aliada en el Lнbano, la regiуn vuelve a estar bajo mandato de la administraciуn de la Francia Libre.;Auf Grund der erfolgreichen alliierten Intervention im Libanon, konnte die Kontrolle in der Region von der Administration des Freien Frankreichs wiederhergestellt werden.;W nastкpstwie udanej interwencji Aliantуw w Syrii, kontrola nad regionem zostaіa przywrуcona administracji Wolnej Francji.;;После успешного наступления Союзников в Ливане контроль над страной оказался в руках представителей 'Свободной Франции'.;;;X
EVT_100011_ACTA;Take control;Prendre le contrфle;Riprendi il controllo;Tomar el control;Ьbernehmt die Kontrolle;Przejmij kontrolк;;Начать управление этой страной;;;X
EVT_100009_NAME;Retake Madagascar;Reprendre Madagascar ;La riconquista del Madagascar;Recuperar Madagascar;Holt Madagaskar zurьck;Odbierz Madagaskar;;Вернуть Мадагаскар;;;X
EVT_100009_DESC;With the Japanese pressing the British in the CBI, and Vichy wavering in the face of German and Japanese diplomatic pressure, the situation in Madagascar has become urgent. We must make sure it does not go directly into enemy hands as happened in Indochina.;En raison de la pression japonaise sur l'Inde Britannique et du gouvernement de Vichy pliant sous la pression diplomatique allemande et japonaise, la situation de Madagascar demande а кtre examinйe d'urgence. Nous devons nous assurer qu'elle ne passe pas directement dans les mains de l'ennemi comme l'Indochine auparavant.;A seguito della pressione giapponese sui possedmenti britannici in Estremo Oriente e gli ondeggiamenti di Vichy a fronte della pressione diplomatica giapponese e tedesca, la situazione del Madagascar и divenuta critica. Dobbiamo essere sicuri che non cada in mani nemiche come и successo in Indocina.;Con la presiуn japonesa sobre los britбnicos en Oriente y Vichy tambaleбndose ante la presiуn diplomбtica alemana y japonesa, la situaciуn de Madagascar es crнtica. Debemos asegurarnos de que no pase directamente a manos enemigas como sucediу en Indochina.;Da die Japanern in Sьdostasien Druck auf die Briten ausьben, und Vichy im Angesicht des deutschen und japanischen diplomatischen Drucks zittert, ist die Situation in Madagaskar dringend geworden. Wir mьssen sicherstellen, dass es nicht wie Indochina direkt in feindliche Hдnde wandert.;Nacisk Japoсczykуw w rejonie Chin, Birmy i Indii oraz rz№d Vichy ugin№j№cy siк pod presj№ Niemiec i Japonii spowodowaі, їe sprawa dalszego losu Madagaskaru staіa siк pal№ca. Musimy mieж pewnoњж, їe nie wpadnie on bezpoњrednio w rкce wroga, tak jak to siк staіo z Indochinami.;;После усиления японского давления на британцев и отказа режима Виши от решительных действий под нажимом Японии и Германии ситуация на Мадагаскаре вышла из-под контроля. Мы должны сделать все, чтобы остров не повторил судьбу Индокитая и не достался врагам.;;;X
EVT_100009_ACTA;Intervene in Madagascar;Intervenir а Madagascar;Intervento nel Madagascar;Intervenir en Madagascar;Interveniert in Madagaskar;Interweniuj na Madagaskarze;;Направить войска на Мадагаскар;;;X
EVT_100009_ACTB;We lack the resources needed;Nous n'avons pas les ressources nйcessaires;Non abbiamo le risorse necessarie;No tenemos los recursos necesarios;Uns fehlen die Ressourcen dazu;Brakuje nam zasobуw;;У нас недостаточно ресурсов;;;X
EVT_100012_NAME;The Madagascar situation;La situation de Madagascar ;La situazione del Madagascar;La situaciуn de Madagascar;Die Situation in Madagaskar;Sytuacja Madagaskaru;;Ситуация на Мадагаскаре;;;X
EVT_100012_DESC;Allied forces, led by the traitors, have invaded Madagascar. What shall we do?;Les forces alliйes, conduites par des traоtres, ont envahi Madagascar. Que devons nous faire ?;Forze alleate, guidate dai traditori, hanno invaso il Madagascar. Cosa dobbiamo fare?;Fuerzas aliadas dirigidas por los traidores han invadido Madagascar, їque debemos hacer?;Allierte Streitkrдfte, angefьhrt von den Verrдtern, sind auf Madagaskar gelandet. Was sollen wir tun?;Siіy alianckie prowadzone przez zdrajcуw przeprowadziіy inwazjк na Madagaskar. Co powinniњmy zrobiж?;;Войска Союзников, ведомые изменниками, высадились на Мадагаскаре. Что мы будем делать?;;;X
EVT_100012_ACTA;It's too far away;C'est trop loin;E' troppo lontano;Estб demasiado lejos;Es ist zu weit weg;To zbyt daleko;;Это слишком далеко…;;;X
EVT_100012_ACTB;We will stand for no more;Cette provocation sera la derniиre;Non dobbiamo cedere ulteriormente;No lo permitiremos;Wir werden das nicht hinnehmen;Nie bкdziemy tego tolerowaж;;Мы не можем не вмешаться;;;X
EVT_100013_NAME;Free France takes control of Madagascar;La France Libre prend le contrфle de Madagascar;La Francia Libera assume il controllo del Madagascar;La Francia libre toma el control de Madagascar;Das Freie Frankreich ьbernimmt die Kontrolle ьber Madagaskar;Wolna Francja przejmuje kontrolк nad Madagaskarem;;'Свободная Франция' получает контроль над Мадагаскаром;;;X
EVT_100013_DESC;After a successful invasion of Madagascar, we are able to re-establish our administration of the island.;Aprиs le succиs de l'invasion de Madagascar, nous sommes en mesure de rййtablir notre administration sur l'оle.;Dopo una riuscita invasione del Madagascar, siamo in grado di ristabilire la nostra amministrazione nell'isola.;Tras la exitosa invasiуn de Madagascar, es posible reestablecer de nuevo nuestra administraciуn en la isla.;Nach einer erfolgreichen Invasion auf Madagaskar haben wir die Mцglichkeit unsere Verwaltung auf der Insel wieder herzustellen.;Po udanej inwazji na Madagaskar moїemy przywrуciж nasz№ administracjк nad wysp№.;;Операции на Мадагаскаре проведена успешно, так что мы можем создать свою администрацию на острове.;;;X
EVT_100013_ACTA;Take Control;Prendre le contrфle;Assumi il controllo!;Tomar el control;Ьbernehmt die Kontrolle;Przejmij kontrolк;;Начать управление островом;;;X
EVT_100014_NAME;France is lost!;La France est perdue!;La Francia и perduta!;ЎFrancia estб perdida!;Frankreich ist verloren!;Francja stracona!;;Франция потеряна!;;;X
EVT_100014_DESC;The Allies have pushed deep into Europe, and France has declared itself to be liberated.;Les Alliйs se sont enfoncйs а l'intйrieur de l'Europe, et la France s'est dйclarйe libйrйe.;Gli alleati sono penetrati in profonditа in Europa e la Francia si и autodichiarata libera.;Los Aliados estбn penetrando en el corazуn de Europa, y Francia se considera liberada.;Die Alliierten sind weit nach Europa vorgedrungen und Frankreich hat sich selbst fьr befreit erklдrt.;Szybkie postкpy Aliantуw na froncie zachodnim pozwoliіy Francuzom na ogіoszenie niezaleїnoњci.;;Союзники продвинулись далеко вглубь Франции, и она объявила себя полностью независимой.;;;X
EVT_100014_ACTA;It doesn't look good;La situation est critique;Ciт non и bello;Esto no tiene buen aspecto;Es sieht nicht gut aus;To nie wygl№da dobrze;;Это плохо;;;X
EVT_100015_NAME;France is liberated;La France est libйrйe;La liberazione della Francia;La liberaciуn de Francia;Frankreich ist befreit;Wyzwolenie Francji;;Франция освобождена;;;X
EVT_100015_DESC;The Allied advance has allowed the French to declare themselves liberated;L'avance alliйe a permis aux Franзais de proclamer leur libйration;L'avanzata Alleata ha permesso alla Francia di dichiararsi libera;El avance aliado ha permitido a los franceses declararse a sн mismos liberados.;Der Alliierte Vormarsch hat es Frankreich erlaubt, sich selbst fьr befreit zu erklдren.;Postкpy Aliantуw pozwoliіy Francuzom na wyzwolenie siк spod okupacji.;;Союзники продвинулись далеко вглубь Франции, и она объявила себя полностью независимой.;;;X
EVT_100015_ACTA;The war has gone ill;La guerre sera bientфt finie;La guerra sta andando male;La guerra estб poniйndose difнcil;Der Krieg lдuft schlecht;Wojna nie toczy siк po naszej myњli;;Война близка к завершению;;;X
EVT_100016_NAME;France is liberated;La France est libйrйe;La liberazione della Francia;La liberaciуn de Francia;Frankreich ist befreit;Wyzwolenie Francji;;Франция освобождена;;;X
EVT_100016_DESC;The Allied advance has allowed the French to declare themselves liberated;L'avance alliйe a permis aux Franзais de proclamer leur libйration;L'avanzata Alleata ha permesso alla Francia di dichiararsi libera;El avance aliado ha permitido a los franceses declararse a sн mismos liberados.;Der Alliierte Vormarsch hat es Frankreich erlaubt, sich selbst fьr befreit zu erklдren.;Postкpy Aliantуw pozwoliіy Francuzom na wyzwolenie siк spod okupacji.;;Союзники продвинулись далеко вглубь Франции, и она объявила себя полностью независимой.;;;X
EVT_100016_ACTA;The war has gone ill;La guerre sera bientфt finie;La guerra sta andando male;La guerra estб poniйndose difнcil;Der Krieg lдuft schlecht;Wojna nie toczy siк po naszej myњli;;Война близка к завершению;;;X
EVT_300_NAME;The Death of King George V;La mort du Roi George V;Morte di Re Giorgio V;La muerte del Rey George V;Der Tod von Kцnig George V;Њmierж krуla Jerzego V;;Смерть короля Георга V ;;;X
EVT_300_DESC;King George V of the United Kingdom passed away on January 20th, 1936. King George was an active king on both the political and social-economic fronts. The Irish Free State was set up under his rule (1922) and he played a conciliatory role during the 1926 General Strike. Perhaps the most noteworthy legislation enacted under his reign was the Statute of Westminster (1931) which made it possible for Dominion parliaments to pass their own laws without royal assent from London. The Commonwealth remained linked through common allegiance to the Crown. King George V was succeeded by his son, Edward VIII.;Le Roi George V du Royaume Uni dйcйda le 20 Janvier 1936. Le Roi George fut un roi actif а la fois sur le front politique et sur les fronts socio-йconomiques. L'йtat libre d'Irlande fut crйй sous son reigne (1922) et il joua un rфle de conciliation lors des grиves gйnйrales de 1926. Peut-кtre la lйgislation la plus notable lanзйe lors de son reigne fut le Statut de Westminster (1931) qui rendit possible pour les parlements des Dominions de passer leurs propres lois sans l'assentiment royal de Londres. Le Commonwealth restait liй par une allйgeance commune а la couronne. Au roi George V succйda son fils, Edward VIII.;Giorgio V, re del Regno Unito, morм il 20 gennaio 1936. Re Giorgio fu un re attivo sia sul fronte politico che su quello socio-economico. Il libero stato irlandese fu creato sotto il suo regno (1922) e giocт un importante ruolo di mediazione durante lo sciopero generale del 1926. La legge piщ importante approvata durante il suo regno fu probabilmente lo Statuto di Westminster (1931), che permise ai parlamenti dei Dominion (Possedimenti oltre mare) di approvare le loro proprie leggi anche senza la presenza di un funzionale reale inviato da Londra. Il Commonwealth rimase legato alla Corona tramite una normale Alleanza. A Giorgio V successe suo figlio, Edoardo VIII.;George V, Rey del Reino Unido falleciу el 20 de Enero de 1936. Fue un monarca activo tanto en polнtica como en temas socioeconуmicos. El Estado Libre Irlandйs se creу durante su reinado (1922) y jugу un papel conciliador durante la Huelga General de 1926. Quizбs la ley mбs notable de cuantas aprobу durante su reinado fue el Estatuto de Westmister (1931), que permitiу que los parlamentos de los Dominios pudieran aprobar sus propias leyes sin necesidad de ser aprobados por el Rey en Londres. La Commonwealth continuу unida por la comъn lealtad a la Corona Britбnica. George V fue sucedido por su hijo, Edward VIII.;Kцnig George V des vereinigten Kцnigreiches starb am 20. Januar 1936. Er war sowohl an der politischen als auch an der sozialцkonomischen Front aktiv. Der freie irische Staat wurde 1922 unter seiner Herrschaft errichtet und er nahm eine vermittelnde Rolle im Generalstreik von 1926 ein. Das vielleicht bemerkenswerteste Gesetz, das unter seiner Herrschaft verabschiedet wurde, war das Statut von Westminster (1931), das es den Parlamenten der Dominions ermцglichte, ihre eigenen Gesetze ohne Zustimmung aus London zu verabschieden. Durch die gemeinsame Treue zur Krone blieb das Commonwealth jedoch weiterhin verbunden. Kцnig George V gab den Thron an seinen Sohn, Edward VIII. weiter.;Jerzy V, krуl Wielkiej Brytanii, odszedі 20 stycznia 1936 r. Byі on aktywnym wіadc№ - zarуwno politycznie jak i pod wzglкdem gospodarczym i socjalnym. Pod jego rz№dami utworzone zostaіo Wolne Paсstwo Irlandzkie (1922), odegraі on rуwnieї rolк pojednawcz№ podczas Strajku Generalnego w 1926. Byж moїe najbardziej godn№ uwagi ustaw№, ktуra weszіa w їycie podczas jego panowania, byі Statut Westminsterski (1931), ktуry umoїliwiі parlamentom Dominiуw wprowadzanie wіasnych praw bez krуlewskiej zgody z Londynu. Kraje Wspуlnoty Brytyjskiej pozostaіy nadal poі№czone podlegіoњci№ Koronie. Po њmierci Jerzego V na tronie zasiadі jego syn, Edward VIII.;;Британский король Георг V скончался 20 января 1936 года. Он активно участвовал в выработки внешне- и внутриполитического курсов страны, а также социально-экономической политики государства. Ирландское свободное государство было основано именно в его правление (1922), он выступил в роли миротворца во время всеобщей забастовки 1926 года. Наверное, самым заметным законодательным актом, принятом при Георге, стал Вестминстерский статут 1931 года, который позволил парламентам доминионов принимать законы без королевской санкции. Наследником Георга V стал его сын Эдуард VIII.   ;;;X
EVT_301_NAME;The Great Pacifier passes away;Le grand pacificateur n'est plus;E' morto il Grande Pacificatore;Fallece Chamberlain, 'el Gran Pacificador';Der groЯe Beschwichtiger verstirbt;Wielki Zwolennik Pokoju odchodzi;;Смерть Великого Миротворца;;;X
EVT_301_DESC;A member of the Conservative Party, Neville Chamberlain held the posts of Postmaster General (1923-1924), Minister of Health (1924-1929) and Chancellor of the Exchequer (1931-1937) in various governments during the 1920s and 1930s. Chamberlain replaced Stanley Baldwin as Prime Minister in 1937 and continued Baldwin's policy of non-interventionism when it came to continental affairs. The Prime Minister believed that Germany had been badly treated in the aftermath of World War I and had some genuine grievances. By agreeing to some of Germany's demands, Chamberlain thought he could avoid a full-scale European conflict, thus he did not react when Germany annexed Austria and took the Czechoslovakian Sudetenland. It was not until Germany annexed the rest of Czechoslovakia in March 1939 that Chamberlain understood that his appeasement policy had failed. When Germany invaded Poland in September of the same year, Chamberlain was forced to declare the war that he had so desperately tried to avoid. The uninspired Chamberlain was replaced as PM by Winston Churchill in 1940 and died later that year.;Un membre du parti Conservateur, Neville Chamberlain occupa les postes de Postier Gйnйral (1923-1924), Ministre de la santй (1924-1929) et Chancellier de l'йchiquier (1931-1937) au sein de divers gouvernements lors des annйes 1920 et 1930. Chamberlain remplaзa Stanley Baldwin comme Premier Ministre en 1937 et continua la politique non-interventionniste de Baldwin lorsqu'il gйra les affaires continentales. Le Premier Ministre croyait que l'Allemagne avait йtй mal traitйe а la suite de la Premiиre Guerre Mondiale et disposait de griefs valables. En acceptant certaines demandes de l'Allemagne, Chamberlain pensait pouvoir йviter un conflit Europйen d'ampleur totale, c'est pourquoi il ne rйagit pas lorsque l'Allemagne annexa l'Autriche et s'empara des Sudиtes Tchйcoslovaques. Ce n'est que lorsque l'Allemagne annexa le reste de la Tchйcoslovaquie en Mars 1939 que Chamberlain comprit que sa politique d'apaisement avait йchouй. Lorsque L'Allemagne envahit la Pologne en Septembre de la mкme annйe, Chamberlain fut forзй de dйclarer la guerre qu'il avait dйsespйrement tentй d'йviter. Le peu inspirй Chamberlain fut remplaзй comme premier ministre par Winston Churchill en 1940 et dйcйda plus tard la mкme annйe.;Membro del partito dei Conservatori, Neville Chamberlain ricoprм gli incarichi di Postmaster General (1923-1924), Ministro della Salute (1924-1929) e Cancelliere dell'Esecutivo Chancellor dello Scacchiere (Ministro delle finanze, 1931-1937) in diversi governi durante gli anni '20 e '30. Chamberlain sostituм Stanley Baldwin come Primo Ministro nel 1937 e continuт la politica non intervenzionistica di Baldwin quando si trattava di affari continentali. Il Primo Ministro credeva che la Germania fosse stata malamente trattata nel primo dopoguerra e che alcune rimostranze fossero legittime. Accettando alcune delle richieste tedesche, Chamberlain pensт che avrebbe potuto evitare un conflitto europeo di grande scala, cosм non reagм quando la Germania annesse l'Austria e prese i Sudeti dalla Cecoslovacchia. Solo quando Hitler annesse anche il resto di quest'ultima nel marzo 1939, Chamberlain capм che la sua politica di riappacificazione aveva fallito. Quando la Germania invase la Polonia nel settembre dello stesso anno, Chamberlain fu costretto a dichiarare quella guerra che aveva cosм disperatamente tentato di evitare. Chamberlain fu poi sostituito come Primo Ministro da Winston Churchill nel 1940 e morм un anno dopo.;Miembro del Partido Conservador, Neville Chamberlain ostentу los cargos de Director del Servicio Postal (1923-1924), Ministro de Sanidad (1924-1929) y Ministro de Hacienda (1931-1937) en varios gobiernos a lo largo de los aсos 20 y 30. Chamberlain sustituyу a Stanley Baldwin como Primer Ministro en 1937 y continuу con la polнtica de no-intervencionismo de su predecesor en lo concerniente a asuntos continentales. El Primer Ministro pensaba que Alemania habнa sido maltratada tras la I Guerra Mundial y tenнa justos motivos para quejarse. Pensу que accediendo a alguna de las demandas alemanas podrнa evitar un conflicto a gran escala, por eso no reaccionу cuando Alemania se anexionу Austria y tomу los Sudetes checoslovacos. No fue hasta que Alemania se anexionу el resto de Checoslovaquia en Marzo de 1939 que Chamberlain comprendiу que su polнtica de apaciguamiento habнa fracasado. Cuando Alemania invadiу Polonia en Septiembre del mismo aсo, Chamberlain se viу forzado a declarar la guerra que tan desesperadamente habнa tratado de evitar. El desafortunado Primer Ministro fue sustituido por Winston Churchill en 1940 y falleciу mбs tarde aquel mismo aсo.;Neville Chamberlain, Mitglied der Conservative Party, hatte das Amt des Postmaster General (1923-1924), des Minister of Health (1924-1929) und des Chancellor of Exchequer (1931-1937) unter verschiedenen Regierungen der 20er und 30er Jahre inne. Er ersetzte Stanley Baldwin 1937 als Premierminister und setzte dessen nicht-interventionistische Politik fort, wenn es um kontinentale Belange ging. Der Premier glaubte, dass Deutschland in Folge des ersten Weltkrieges schlecht behandelt worden war und wirklich berechtigte Missstдnde anprangerte. Indem er einigen der deutschen Forderungen stattgab, so dachte Chamberlain, kцnne er einen umfassenden europдischen Konflikt vermeiden. Aus diesem Grund reagierte er nicht, als Deutschland Цsterreich und das Sudetenland annektierte. Erst im Mдrz 1939, als Deutschland die Tschechoslowakei zerschlug, sah er ein, dass seine Beschwichtigungs-Politik fehlgeschlagen war. Mit dem deutschen Einmarsch in Polen im selben Jahr sah er sich gezwungen, den Krieg zu erklдren, den er so verzweifelt zu vermeiden versucht hatte. Der einfallslose Chamberlain wurde als Premier durch Winston Churchill im Jahre 1940 ersetzt und verstarb spдter im selben Jahr. ;Czіonek Partii Konserwatywnej, Neville Chamberlain, zajmowaі stanowiska Generalnego Naczelnika Poczty (1923-1924), Ministra Zdrowia (1924-1929) i Ministra Skarbu (1931-1937) w rуїnych rz№dach lat 20-tych i 30-tych. Chamberlain zast№piі Stanleya Baldwina na stanowisku premiera w 1937, kontynuuj№c jego politykк nieinterwencji na kontynencie. Uwaїaі on, їe Niemcy zostaіy џle potraktowane po Pierwszej Wojnie Њwiatowej i miaіy sіuszne їale. Zgadzaj№c siк na niemieckie ї№dania, Chamberlain wierzyі, їe moїe zapobiec europejskiemu konfliktowi na wielk№ skalк, st№d nie reagowaі, gdy Niemcy anektowaіy Austriк i wziкіy czechosіowackie Sudety. Nie dalej jednak niї w marcu 1939, gdy Niemcy dokonaіy aneksji reszty Czechosіowacji, Chamberlain zrozumiaі, їe jego polityka ustкpstw zawiodіa. Kiedy Niemcy zaatakowaіy Polskк we wrzeњniu tego samego roku, Chamberlain zostaі zmuszony do wypowiedzenia wojny, ktуrej tak rozpaczliwie staraі siк unikn№ж. W 1940 zostaі zast№piony na stanowisku premiera przez Winstona Churchilla. Zmarі jeszcze tego samego roku.;;Член консервативной партии Невилл Чемберлен занимал посты министра почт (1923-24), министра здравоохранения (1924-29), канцлера казначейства (1931-37) в составе нескольких правительств. В 1937 году Чемберлен сменил Стенли Болдуина на посту премьер-министра и продолжил его политику невмешательства в европейские дела. Премьер был убежден, что после Первой Мировой войны с Германией обошлись слишком жестоко, так что у нее есть основания для недовольства. Принимая некоторые требования немцев, Чемберлен надеялся предотвратить крупный конфликт в Европе, поэтому Великобритания сдержанно отреагировала на аншлюс Австрии и захват Судет. Лишь после того как в марте 1939 года Германия оккупировала всю территорию Чехословакии, Чемберлен понял, что его политика провалилась. Когда в сентябре того же года гитлеровские войска напали на Польшу, ему пришлось объявить немцам войну, то есть сделать именно то, чего он так пытался избежать. В 1940 году на посту премьера Чемберлена сменил Уинстон Черчилль, а позже в том же году Чемберлен скончался.;;;X
EVT_321_NAME;The passing of the exiled King;La mort du roi exilй;La morte del re esiliato;La Muerte del Rey Exiliado;Der Tod des verbannten Kцnigs;Њmierж krуla na wygnaniu;;Смерть изгнанного короля;;;X
EVT_321_DESC;Alfonso XIII of Spain assumed control of the Spanish government in 1902, at merely 16 years of age. His reign was neither a popular nor a successful one. Under his guidance, Spain lost its last colonies in Cuba, Puerto Rico and the Philippines and lost several wars in North Africa. When the Second Spanish Republic was declared in 1931, Alfonso left Spain without formal abdication. During the Spanish Civil War, the King favored the right-wing group around Franco. However Franco soon made it clear that he did not want the King to return to Spain. The tragic King went into exile to France and later to Italy where he died in Rome (1941). The succession passed to his son Juan, father of King Juan Carlos, the present Spanish King.;Alfonso XIII d'Espagne assuma le contrфle du gouvernement Espagnol en 1902, вgй d'а peine 16 ans. son reigne ne fut ni populaire, ni couronnй de succиs. Sous sa fйrule, l'Espagne perdit ses derniиres colonies а Cuba, Porto Rico ainsi qu'aux Philippines et perdit de nombreuses guerres en Afrique du Nord. Lorsque la Seconde Rйpublique Espagnole fut dйclarйe en 1931, Alfonso quitta l'Espagne sans abdiquer formellement. Lors de la guerre civile Espagnole, le Roi soutenut le groupe de droite autour de Franco. Toutefois, Franco clarifia rapidement son refus d'un retour du Roi en Espagne. le Roi Tragique s'exila en France puis en italie, ou il dйcйda а Rome (1941). La succession йtait destinйe а Juan, pиre du Roi Juan Carlos, l'actuel Roi d'Espagne.;Alfonso XIII di Spagna assunse il controllo del governo spagnolo nel 1902, ad appena 16 anni. Il suo governo non fu nи popolare nи di successo. Sotto la sua guida la Spagna perse le ultime colonie di Cuba, Puerto Rico e le Filippine, perdendo inoltre diverse guerre in Africa settentrionale. Quando la seconda Repubblica Spagnola fu costituita nel 1931, Alfonso lasciт la Spagna senza un'abdicazione ufficiale. Durante la guerra civile, il re sostenne la fazione di destra capeggiata da Franco, che comunque dimostrт presto che non avrebbe permesso il ritorno del re in Spagna. Il re andт in esilio prima in Francia, e poi in Italia, dove morм a Roma nel 1941. Il successore fu suo figlio Juan, padre dell'attuale re Juan Carlos.;Alfonso XIII de Espaсa asumiу el control del Gobierno espaсol en 1902, con tan sуlo 16 aсos de edad. Su reinado no disfrutу ni de йxito ni de popularidad. Bajo su guнa, Espaсa perdiу todas sus colonias en Cuba, Puerto Rico y las Filipinas y perdiу varias guerras en el Norte de Бfrica. Cuando la Segunda Repъblica Espaсola fue instaurada en 1931, Alfonso abandonу Espaсa sin una abdicaciуn formal. Durante la Guerra Civil, apoyу al levantamiento franquista, pero sin embargo Franco no pretendнa permitir que el rey volviera a Espaсa. El desafortunado monarca se exiliу en Francia y luego en Italia, donde morirнa en 1941. La sucesiуn pasу a su hijo Juan, el padre del Rey Juan Carlos, el actual monarca espaсol.;Alfonso XIII von Spanien ьbernahm die Kontrolle ьber die spanische Regierung im Jahr 1902, im jungen Alter von 16 Jahren. Seine Regentschaft war weder populдr noch sonderlich erfolgreich. Unter seiner Fьhrung verlor Spanien seine letzten Kolonien auf Cuba, Puerto Rico und den Philippinen und verlor desweiteren einige Kriege in Nordafrika. Als 1931 die zweite spanische Republik deklariert wurde, verliess Alfonso Spanien ohne formale Abdankung. Wдhrend des Bьrgerkrieges bevorzugte er die rechte Gruppierung um Franco. Dieser jedoch machte ihm deutlich klar, dass er den Kцnig nicht in Spanien zurьck haben wollte. Der tragische Kцnig ging ins Exil nach Frankreich und spдter nach Italien, wo er 1941 in Rom starb. Die Thronfolge trat sein Sohn Juan an, der Vater von Kцnig Juan Carlos, dem jetzigen spanischen Kцnig.;Alfons XIII Hiszpaсski obj№і rz№dy w 1902 roku, maj№c niespeіna 16 lat. Jego panowanie nie byіo ani popularne, ani udane. Pod jego kierownictwem Hiszpania straciіa swoje ostatnie kolonie na Kubie, Portoryko i Filipinach oraz przegraіa kilka wojen w Afryce Pуіnocnej. Kiedy w 1931 ogіoszono powstanie Drugiej Republiki Hiszpaсskiej, Alfons opuњciі kraj, ale formalnie nie abdykowaі. Podczas Hiszpaсskiej Wojny Domowej faworyzowaі on prawicow№ grupк skupion№ wokуі Franco. Jednakїe Franco szybko daі mu do zrozumienia, їe nie їyczy sobie powrotu krуla do Hiszpanii. Krуl wyjechaі na wygnanie do Francji, a potem Wіoch, gdzie zmarі w Rzymie (1941). Sukcesja przeszіa na jego syna Jana, ojca krуla Jana Karola, obecnego krуla Hiszpanii.;;Испанский король Альфонс XIII взошел на престол в 1902 году в возрасте 16 лет. Он не пользовался поддержкой народа, многие действия монарха оказались непопулярными. В его правление Испания потеряла свои последние колонии на Кубе, Пуэрто-Рико и Филиппинах, проиграла несколько войн в Северной Африке. После провозглашения Второй Испанской республики в 1931 году Альфонс покинул Испанию, однако формально от власти не отрекся. Во время гражданской войны король поддерживал правых во главе с Франко. Несмотря на это после прихода к власти Франко дал понять монарху, что его возвращение в страну нежелательно. Тогда король отправился во Францию, а затем перебрался в Италию и в 1941 году умер в Риме. Наследником стал его сын Хуан, отец нынешнего испанского короля Хуана Карлоса.;;;X
EVT_322_NAME;Josй Sanjurjo dies!;Mort de Josй Sanjurjo!;E' morto Josй Sanjurjo!;La muerte de Josй Sanjurjo;Josй Sanjurjo ist gestorben!;Њmierж Josй Sanjurjo!;;Смерть Хосе Санхурхо;;;X
EVT_322_DESC;Josй Sanjurjo Sacanell was born in Spain in 1872. He served in the Spanish army in Morocco, eventually becoming Lieutenant-General. An opponent of both King Alfonso XIII and the left-wing government of Manuel Azaсa, he led a failed military coup in 1932. His death sentence was commuted to life imprisonment, and then subsequently he was allowed freedom in exile. The ascension of the Popular Front government in February was the prelude of Sanjurjo's return to public life. This government upset conservatives, military personnel and aristocrats across Spain by releasing all left-wing political prisoners, starting agrarian reforms, and transferring right-wing military commanders such as Francisco Franco to posts outside Spain. Soon afterwards, army officers such as Emilio Mola, Francisco Franco, Josй Sanjurjo and Gonzalo Quiepo de Llano began a plot to overthrow the government. This would eventually lead to the outbreak of the Spanish Civil War. Josй Sanjurjo died in a plane crash on July 20th, 1936, as did General Emilio Mola soon thereafter. Whether the scheming Franco was behind this was never proven.;Josй Sanjurjo Sacanell naquit en Espagne en 1872. Il servit dans l'armйe Espagnole au Maroc, pour finalement devenir Lieutenant-Gйnйral. Opposant а la fois du roi Alfonso XIII et du gouvernement de gauche de Manuel Azaсa, il tenta un coup d'йtat militaire en 1932, qui s'acheva par un йchec. Sa peine de mort fut commuйe en prison а vie, puis il se vit accorder la libertй en exil. L' ascension du gouvernement de front populaire en Fйvrier fut le prйlude au retour de Sanjurjo а la vie publique. Le gouvernment se mit а dos les conservateurs, les militaires et les aristocrates en relвchant tous les prisonniers politiques de gauche, en lanзant des rйformes agraires, et en transfйrant les chefs militaires de droite tels que Francisco Franco а des postes hors d'Espagne. Peu aprиs, des officiers tels que Emilio Mola, Francisco Franco, Josй Sanjurjo et Gonzalo Quiepo de Llano commenзиrent а comploter pour renverser le gouvernment. Cela mena finalement au dйclenchement de la guerre civile en Espagne. Josй Sanjurjo mourut lors d'un accident d'avion le 20 Juillet 1936, suivi peu aprиs par le Gйnйral Emilio Mola. L'implication de Franco ne fut jamais dйmontrйe.;Josй Sanjurjo Sacanell nacque in Spagna nel 1872. Prestт servizio nell'esercito spagnolo in Marocco, raggiungendo il grado di Tenente-Colonello. Avversario politico sia del re Alfonso XIII che del governo di sinistra di Manuel Azaсa, guidт un fallimentare colpo di stato nel 1932. La sua condanna a morte fu commutata all'ergastolo e, in seguito, gli fu concessa la libertа in esilio. L'ascensione al governo del Fronte Popolare in febbraio fu il preludio al ritorno di Sanjurjo alla vita publica. Questo governo scontentт i conservatori, personale militare e gli aristocratici di tutta la Spagna rilasciando tutti i prigionieri politici di sinistra, promuovendo riforme agrarie e trasferendo gli alti comandanti militari di destra, tra i quali Francisco Franco, in guarnigioni fuori dalla Spagna. Dopo poco tempo alcuni ufficiali, tra i quali Emilio Mola, Francisco Franco, Josй Sanjurjo e Gonzalo Quiepo de Llano, iniziarono a tramare un piano per ribaltare il governo. Questo portт in seguito lo scoppio della guerra civile. Josй Sanjurjo morм in un incidente aereo il 20 luglio del 1936, cosм come il generale Emilio Mola poco dopo. Non fu mai dimostrato se dietro a questi misteriosi incidenti ci fosse la responsabilitа di Franco.;Josй Sanjurjo Sacanell naciу en Espaсa en 1872. Sirviу en el Ejйrcito espaсol en Marruecos, alcanzando el rango de Teniente General. Era contrario tanto al Rey Alfonso XIII como al gobierno de izquierdas de Manuel Azaсa, y fracasу en un primer intento golpista en 1932. Su sentencia de muerte se conmutу por cadena perpetua, y mбs tarde se le concediу la libertad en el exilio. El ascenso al poder del Frente Popular en las elecciones de Febrero de 1936 fue el preludio de su retorno a la vida pъblica. Este gobierno enfureciу a conservadores, militares y aristуcratas con medidas como la amnistнa a los presos polнticos de izquierdas, polйmicas reformas agrarias y traslado a puestos fuera de la penнnsula de los cargos militares mбs afectos a la derecha, como fue el caso del mismo Franco. Poco despuйs, oficiales del ejйrcito como Emilio Mola, Francisco Franco, Gonzalo Queipo de Llano y el Propio Sanjurjo comanzaron a planear un golpe contra el gobierno, un complot que serнa la semilla de la Guerra Civil. Josй Sanjurjo falleciу en un accidente aйreo el 20 de Julio de 1936, y mola lo hizo de modo similar poco despuйs. Nunca se ha podido probar que Franco estuviera detrбs de estos accidentes.;Josй Sanjurjo Sacanell wurde 1872 in Spanien geboren. Er diente in der spanischen Armee in Marokko und wurde schlieЯlich Leutnant-General. Als Gegner sowohl von Kцnig Alfonso XIII als auch von der linken Regierung Manuel Azaсas fьhrte er einen Militдrputsch an, welcher 1932 fehlschlug. Sein Todesurteil wurde umgewandelt in lebenslange Freiheitsstrafe, ihm wurde jedoch spдter Freiheit im Exil gewдhrt. Der Aufstieg der populistischen Front im Februar war der Auftakt fьr seine Rьckkehr in das цffentliche Leben. Die Regierung verдrgerte Konservative, Militдrs und Aristokraten in ganz Spanien, indem sie alle linken politischen Gefangenen freiliess, Agrarreformen durchfьhrte und rechte Militдrkommandanten wie Francisco Franco zu Posten auЯerhalb Spaniens abkommandierte. Bald darauf fingen Offiziere der Armee wie Emilio Mola, Francisco Franco, Josй Sanjurjo und Gonzalo Quiepo de Llano mit der Planung eines Regierungssturzes an, welcher schlieЯlich den Ausbruch des spanischen Bьrgerkrieges herbeifьhrte. Josй Sanjurjo kam bei einem Flugzeugabsturz am 20. Juli 1936 um Leben, genauso wie General Emilio Mola kurz darauf. Es konnte nie bewiesen werden, ob Franco dahinter steckte.;Josй Sanjurjo Sacanell urodziі siк w Hiszpanii w 1872. Sіuїyі w armii hiszpaсskiej w Maroku, osi№gaj№c stopieс generaіa broni. Bкd№c przeciwnikiem zarуwno krуla Alfonsa XIII, jak i lewicowego rz№du Manuela Azaсy, przeprowadziі nieudany zamach wojskowy w 1932 roku. Wyrok њmierci na niego zostaі zіagodzony na doїywotnie wiкzienie, a nastкpnie na wygnanie z kraju. Powstanie rz№du Frontu Ludowego w lutym byіo pocz№tkiem powrotu Sanjurjo do publicznego їycia. Rz№d ten amnestionowaі lewackich wiкџniуw politycznych, rozpocz№і reformy rolne oraz przesuwaі prawicowych dowуdcуw wojskowych takich jak Francisco Franco do sіuїby poza Hiszpani№, co mocno zaniepokoiіo konserwatystуw, wojskowych oraz arystokracjк w caіej Hiszpanii. Niedіugo pуџniej oficerowie armii, tacy jak Emilio Mola, Francisco Franco, Josй Sanjurjo and Gonzalo Quiepo de Llano zawi№zali spisek maj№cy na celu obalenie rz№du. Doprowadziіo to ostatecznie do wybuchu Hiszpaсskiej Wojny Domowej. Josй Sanjurjo zgin№і w katastrofie lotniczej 20 lipca 1936. roku, niedіugo pуџniej w podobnym wypadku zgin№і generaі Emilio Mola . Nigdy nie dowiedziono, їeby za tymi wypadkami staі generaі Franco.;;Хосе Санхурхо Саканелл родился в 1872 году в Испании. Он воевал в Марокко в составе испанской армии и дослужился до генерал-лейтенанта. Хосе был ярым противником как короля Альфонса XIII, так и левого правительства Мануэля Азака, и в 1932 году организовал военный переворот. Переворот провалился, а его организатора приговорили к смертной казни, которую заменили на пожизненное заключение. Спустя несколько лет Хосе вышел из тюрьмы, а после прихода к власти правительства Народного Фронта вернулся в политику. Консерваторы, военные и аристократы были очень недовольны левым правительством, потому что министры выпустили из тюрем политических заключенных – сторонников левых взглядов, начали проведение аграрной реформы и назначили многих авторитетных военачальников типа Франциско Франко на должности за пределами Испании. Вскоре армейские офицеры во главе с Эмилио Молой, Франциско Франко, Хосе Санхурхо и Гонсало Кепо де Лиано начали разрабатывать план свержения правительства. В результате началась Гражданская война. Хосе Санхурхо погиб в авиакатастрофе 20 июля 1936 года, вскоре та же судьба постигла генерала Эмилио Молу. До сих пор неясно, был ли причастен к этим убийствам Франко.   ;;;X
EVT_354_NAME;The Tsar is dead!;Le Tsar est mort!;Lo Zar и morto!;ЎEl Zar ha muerto!;Der Zar ist tot!;Buіgarski Car nie їyje!;;Царь мертв!;;;X
EVT_354_DESC;Boris III became Tsar of all Bulgarians in 1918. The first 25 years of his reign were colored by various coups and counter-coups, fraudulent elections, and political instability. In the end Tsar Boris emerged on top, drawing all power to himself and ruling in near-absolute sovereignty. The Bulgarian parliament was relegated to the status of an advisory body. Boris had fascist sympathies and joined World War II on the Axis side, fighting alongside Germany in Greece and Yugoslavia, however he refused to participate in Operation Barbarossa or transport Bulgarian Jews to Germany. Under German pressure, Bulgaria joined the war upon the United Kingdom and the United States, but Boris blocked any participation against Russia. On August 28th, 1943, Boris died suddenly. Many believe he was poisoned by German agents but this was never proven. Boris was succeeded by his six-year old son, Simeon II, under the regency of his brother Kyril.;Boris III devint Tsar de tous les Bulgares en 1918. Les premiиres 25 annйes de son reigne furent animйes par divers coups d'йtat et contre-coups, des йlections frauduleuses, et une instabilitй politique. A la fin, le Tsar Boris emergea au sommet, rйcupйrant tous les pouvoirs et dirigeant en souverain presque absolu. Le parlement Bulgare fut relйguй au statut d'un corps de conseil. Boris avait des sympathies fascistes et rejoint la seconde guerre mondiale du cotй de l'Axe, combattant aux cotйs de l'Allemagne en Grиce et en Yougoslavie, mais refusa de participer а l'Opйration Barberousse, ou de transporter des juifs Bulgares vers l'Allemagne. Sous la pression Allemande, la Bulgarie rejoignit la guerre contre le Royaume-Uni et les Etats-Unis, mais Boris bloqua toute participation contre la Russie. le 28 Aoыt 1943, Boris dйcйda soudainement. Beaucoup pensent qu'il fut empoisonnй par des agents Allemands, mais celа ne fut jamais prouvй. A Boris succйda son fils de 6 ans, Simйon II, sous la rйgence de son frиre Kyril.;Boris III divenne Zar di Bulgaria nel 1918. I primi 25 anni del suo regno furono caratterizzati di colpi e contro-colpi di stato, false elezioni e instabilitа politica. Alla fine Boris riuscм a prevalere, convogliando a se tutto il potere e governando in maniera quasi assolutistica. Al parlamento Bulgaro fu concesso solo l'ooprtunitа di dare suggerimenti. Anche se Boris aveva simpatia per gli stati fascisti ed entrт in guerra a fianco dell'Asse e combattи fianco a fianco con i tedeschi in Grecia, si rifiutт di partecipare all'Operazione Barbarossa e di trasportare gli Ebrei Bulgari in Germania. Il 28 agosto 1943, Boris morм improvvisamente. Molti credono che sia stato avvelenato da agenti tedeschi, ma ciт non fu mai provato. Dopo Boris salм al trono suo figlio Simeon III, di soli 6 anni, sotto la guida dello zio Kyril.;Boris III se convirtiу en Zar de todos los bъlgaros en 1918. Sus primeros 25 aсos de mandato estuvieron jalonados por continuos golpes y contragolpes, elecciones fraudulentas e inestabilidad polнtica. Al final el Zar Boris terminу acaparando todo el poder para sн en un mandato casi absolutista. El parlamento bъlgaro fue relegado al estado de уrgano consultivo. Boris tenнa simpatнas hacia los fascistas y se uniу a la II Guerra Mundial en el bando del Eje, combatiendo junto a Alemania en Grecia y Yugoslavia, aunque se negу a participar en la Operaciуn Barbarossa o enviar a los judнos bъlgaros a Alemania. Bajo la presiуn de Alemania, Bulgaria se uniу a la guerra contra el Reino Unido y los EE.UU., pero se negaba a cualquier participaciуn contra Rusia. El 28 de Agosto de 1943 Boris muriу repentinamente. Muchos piensan que fue envenenado por agentes alemanes, pero nunca ha sido probado. Su sucesor fue su hijo de 16 aсos, Simeon II, bajo la regencia de su hermano Kyril.;Boris III wurde Zar aller Bulgaren im Jahre 1918. Die ersten 25 Jahre seiner Regentschaft waren gekennzeichnet von Putsch und Gegenputsch, manipulierten Wahlen und politischer Instabilitдt. Letzten Endes ging Zar Boris als Sieger daraus hervor, welcher alle Macht an sich zog und fast absolutistisch regierte. Das bulgarische Parlament war zu einer Art Beratergremium degradiert worden. Boris hatte Sympathien gegenьber den Faschisten und trat auf Seite der Achsenmдchte in den zweiten Weltkrieg ein. Er kдmpfte Seite an Seite mit den Deutschen in Griechenland und Jugoslawien, weigerte sich jedoch, an der Operation Barbarossa teilzunehmen oder bulgarische Juden nach Deutschland zu transportieren. Sich dem deutschen Druck beugend, trat Bulgarien ebenfalls in den Krieg gegen GroЯbritannien und die Vereinigten Staaten ein, lehnte aber weiterhin jede Teilnahme am Russlandfeldzug ab. Am 28. August 1943 verstarb er unerwartet. Viele glaubten, er sei von deutschen Agenten vergiftet worden, obwohl dies niemals bewiesen werden konnte. Seinen Thron ьbernahm sein 6 Jahre alter Sohn Simeon II, unter der Herrschaft seines Bruders Kyril.;Borys III zostaі carem wszystkich Buіgarуw w 1918. Pierwsze 25 lat jego panowania odznaczyіo siк seri№ zamachуw, kontr-zamachуw, faіszerstw wyborczych, polityczn№ niestabilnoњci№. W koсcu Borys przej№і wіadzк osobiњcie, rz№dz№c niemal jak wіadca absolutny. Car sympatyzowaі z faszystami i przyst№piі do wojny po stronie Osi, walcz№c wspуlnie z Niemcami w Jugosіawii i Grecji. Odmawiaі jednak udziaіu w Operacji Barbarossa a takїe wysyіania buіgarskich Їydуw do Niemiec. Pod niemieck№ presj№ Buіgaria przyst№piіa do wojny przeciwko Wielkiej Brytanii i Stanom Zjednoczonym, jednak konsekwentnie odmawiaіa udziaіu w wojnie przeciwko Rosjanom. 28 sierpnia 1943 Borys niespodziewanie zmarі. Wielu wierzy, їe zostaі otruty przez niemieckich agentуw, jednak nigdy tego nie dowiedziono. Tron Borysa obj№і jego szeњcioletni syn Symeon II, regentem zostaі jego brat Cyryl.;;Борис III стал болгарским царем в 1918 году. В первые 25 лет его правления произошла серия переворотов и контрпереворотов, результаты выборов подтасовывались, а ситуация в стране была крайне нестабильной. В конце концов царю удалось сконцентрировать в своих руках огромную власть, де-факто он правил как абсолютный монарх. Болгарский парламент превратился лишь в консультативный орган. Борису были симпатичны фашисты, поэтому страна вступила во Вторую Мировую войну на стороне стран Оси, а болгарские солдаты воевали вместе с немцами в Югославии и Греции. При этом Борис отказался от участия в плане ''Барбаросса'' и не выдал немцам болгарских евреев. Под давлением со стороны Германии Болгария объявила войну Великобритании и США, однако царь так и не решился выступить против СССР. 28 августа 1943 года Борис неожиданно умер. Многие считают, что его отравили немецкие агенты, однако никаких доказательств до сих пор найти не удалось. Наследником монарха при регентстве его брата Кирилла стал шестилетний сын Бориса Симеон II.;;;X
EVT_358_NAME;The Abdication of Edward VIII;L'abdication d'Edward VIII;L'abdicazione di Edoardo VIII;La abdicaciуn de Edward VIII;Die Abdankung Edwards VIII;Abdykacja Edwarda VIII;;Отречение Эдуарда VIII;;;X
EVT_358_DESC;Even before he became king, Edward VIII lived the good life. He'd already had a number of affairs before falling in love with a married American woman, Mrs. Wallis Simpson, in 1934. Edward VIII ascended to the throne of the United Kingdom in January 1936. Soon afterward, Mrs Simpson obtained a divorce from her former husband and Edward's intent to marry her became clear. Prime Minister Stanley Baldwin tried to convince Edward of the damage the marriage would cause to the monarchy – Mrs. Simpson already divorced once before – but his attempts failed. All further efforts to dissuade the King were fruitless, and on December 3rd, 1936, the crisis became public knowledge. A week later, Edward VIII abdicated and was succeeded by his brother Albert, who took the name of George VI. Edward was made Duke of Windsor and married Wallis Simpson in 1937. It was not until 1967 that the couple were invited to attend an official ceremony with other members of the British royal family. Edward died in 1972 in Paris and was buried at Windsor.;Mкme avant de devenir Roi, Edward VIII йtait un bon vivant. Il avait eu un bon nombre d'affaires avant de tomber amoureux d'une amйricaine mariйe, Mrs Wallis Simpson, en 1934. Edward VIII monta sur le trфne du Royaume-Uni en Janvier 1936. Peu aprиs, Mrs Simpson obtint le divorce de son ex-mari et l'intention d'Edward de l'йpouser devint clair. Le premier ministre Stanley Baldwin tenta de convaincre Edward des dommages que ce mariage causerait а la monarchie – Mrs Simpson ayant dйjа divorзй une fois auparavant – mais ses tentatives йchouиrent. Tous les efforts pour dissuader le Roi ne donnиrent rien, et le 3 dйcembre 1936, la crise devint connue du grand public. Une semaine plus tard, Edward VIII abdiqua, et lui succйda son frиre Albert, qui prit le nom de George VI. Edward fut fait Duc de Windsor et йpousa Wallis Simpson en 1937. Le couple ne fut invitй а des cйrйmonies officielles avec d'autres membres de la famille royale qu'en 1967. Edward dйcйda а Paris en 1972 et fut enterrй а Windsor.;Ancora prima di divenire re, Edoardo VIII fece una bella vita. Aveva giа avuto diverse avventure amorose prima di innamorarsi, nel 1934, di una donna americana, Mrs Wallis Simpson, giа sposata con un altro uomo. Edoardo VIII ascese al trono del Regno Unito nel gennaio 1936. Poco dopo, quando Mrs Simpson ottenne il divorzio, l'intenzione di Edoardo VIII di sposarla divenne subito chiara. Il Primo Ministro Stanley Baldwin provт a convincere, inutilmente, Edoardo del danno di reputazione che un simile matrimonio avrebbe causato alla monarchia inglese, inoltre Mrs Simpson aveva giа divorziato un'altra volta nel passato. Tutti i tentativi successivi per dissuadere il re furono vani, e, il 3 dicembre 1936, la crisi divenne di dominio pubblico. Una settimana dopo, Edoardo VIII abdicт in favore di suo fratello Albert, che prese il nome di Giorgio VI. Edoardo fu nominato Duca di Windsor e sposт Wallis Simpson nel 1937. Edoardo non fu piщ chiamato ad assistere a nessuna cerimonia ufficiale con altri membri della famiglia reale inglese prima del 1967. Edoardo morм nel 1972 a Parigi, e fu sepolto a Windsor.;Incluso antes de convertirse en Rey, Edward VIII era un vividor. Ya habнa tenido un buen nъmero de affairs antes de enamorarse de una mujer norteamericana casada, la Sra. Wallis Simpson, en 1934. Edward VIII ascendiу al trono del Reino Unido en Enero de 1936. Cuando poco despuйs, la Sra. Simpson obtuvo el divorcio de su anterior marido, quedу claro que Edward tenнa intenciуn de casarse con ella. El Primer Ministro Stanley Baldwin tratу hacerle ver el daсo que ese matrimonio causarнa a la monarquнa - la Sra. Simpson ya se habнa divorciado una vez antes - pero fracasу en su intento. Todos los posteriores intentos de disuadir al monarca fueron infructuosos, y el 3 Diciembre de 1936, la crisis se hizo de dominio pъblico. Una semana mбs tarde, Edward VIII abdicу y fue sucedido por su hermano Albert, que tomу el nombre de George VI. Edward fue nombrado Duque de Windsor y se casу con Wallis Simpson en 1937. No fue hasta 1967 que la pareja fue invitada a una ceremonia oficial con otros miembros de la familia real britбnica. Edward falleciу en 1972 en Parнs y fue sepultado en Windsor.;Auch bevor er Kцnig wurde, hatte Edward VIII ein gutes Leben. Er hatte bereits einige Affдren, bevor er sich 1934 in eine verheiratete amerikanische Frau verliebte, Mrs Wallis Simpson. Edward VIII bestieg den britischen Thron im Januar 1936. Kurz darauf liess sich Mrs Simpson von ihrem Ehemann scheiden und die Heiratsabsicht des Kцnigs wurde deutlich. Premierminister Stanley Baldwin versuchte, Edward von dem Schaden fьr die Monarchie zu ьberzeugen, den diese - fьr Simpson bereits die dritte - Hochzeit anrichten wьrde, jedoch vergebens. Alle weiteren Versuche, den Kцnig von seinem Vorhaben abzubringen waren nutzlos, und so gelang die Krise am 3. Dezember 1936 an die Цffentlichkeit. Eine Woche spдter dankte Edward VIII ab und wurde von seinem Bruder Albert ersetzt, welcher den Namen George VI annahm. Edward wurde Duke von Windsor und heiratete Wallis Simpson 1937. Erst 30 Jahre spдter wurde das Paar eingeladen, einer offiziellen Zeremonie an der Seite der anderen Mitglieder der britischen Kцnigsfamilie beizuwohnen. Edward starb 1972 in Paris und wurde in Windsor beerdigt.;Edward VIII prowadziі wygodne їycie zanim zostaі krуlem. Miaі juї na koncie kilka afer miіosnych, gdy w 1934 zakochaі siк w Amerykance Wallis Simpson. Edward wst№piі na tron Zjednoczonego Krуlestwa w styczniu 1936. Niedіugo pуџniej pani Simpson uzyskaіa rozwуd, a plany Edwarda aby j№ poњlubiж staіy siк oczywiste. Premier Stanley Baldwin prуbowaі odwieњж Edwarda od tego zamiaru przekonuj№c, їe mocno zaszkodzi to monarchii, pani Simpson byіa podwуjn№ rozwуdk№, jednak nie udaіo mu siк to. Wszystkie kolejne prуby przekonania Edwarda rуwnieї okazaіy siк nieskuteczne i 3 grudnia 1936 kryzys dostaі siк do wiadomoњci publicznej. Tydzieс pуџniej Edward VIII abdykowaі, a tron obj№і jego brat Albert, przybieraj№c imiк Jerzego VI. Edward zostaі Ksiкciem Windsoru i poњlubiі Wallis Simpson w 1937. Aї do 1967 roku para ta nie byіa zapraszana na oficjalne ceremonie brytyjskiej rodziny krуlewskiej. Edward zmarі w 1972 roku w Paryїu, pochowany zostaі w Windsorze.;;В 1934 году британский король Эдуард VIII неожиданно для себя и своих подданных влюбился в замужнюю американку Уоллис Симпсон, а в январе 1936 года отрекся от престола. Вскоре после этого Уоллис развелась с мужем, и стало ясно, что влюбленные намерены пожениться. Премьер-министр Стенли Болдуин пытался убедить Эдуарда, что, женившись на разведенной женщине, тот нанесет большой ущерб британской монархии, однако король его не послушал. Все дальнейшие попытки повлиять на монарха не увенчались успехом, и 3 декабря 1936 года скандал стал достоянием общественности. Спустя неделю Эдуард VIII отрекся от престола в пользу брата Альберта, который стал править под именем Георга VI. Эдуард же получил титул герцога Виндзорского и в 1937 году связал себя узами брака с любимой. До 1967 года супругов ни разу не приглашали на официальные мероприятия, где присутствовали другие представители королевской семьи. Эдуард умер в 1972 году в Париже и был похоронен в Виндзоре.;;;X
EVT_361_NAME;Anthony Eden & Neville Chamberlain;Anthony Eden & Neville Chamberlain;Anthony Eden e Neville Chamberlain;Anthony Eden & Neville Chamberlain;Anthony Eden & Neville Chamberlain;Anthony Eden i Neville Chamberlain;;Энтони Иден и Невилл Чемберлен;;;X
EVT_361_DESC;Sir Anthony Eden played an important role in British politics during the 20th century. He was Under-Secretary for Foreign Affairs in the National Government of Ramsay McDonald (1931-1934) and when Stanley Baldwin became Prime Minister, Eden took the important post of Foreign Secretary. Some years later, Baldwin was replaced by the perpetual pacifist Neville Chamberlain. Eden disagreed with Chamberlain's way of 'dealing' with the aggressive Nazi policy on the mainland. Amongst other things, Chamberlain let the 'Anschluss' of Austria pass uncontested, and was more or less disgraced by Hitler during the Munich Conference. Disappointed, Eden resigned from office in 1938, only to return to his former cabinet under Winston Churchill in 1940. In 1955, he would be elected as the United Kingdom's Prime Minister.;Sir Anthony Eden joua un rфle important dans les affaires politiques Britanniques du XXиme siиcle. Il fыt sous-secrйtaire des affaires йtrangиres dans le gouvernement national de Ramsay McDonald (1931-1934) et quand Stanley Baldwin devint premier ministre, Eden prit le poste important de secrйtaire aux affaires йtrangиres. Quelques annйes plus tard, Baldwin fыt remplacй par le pacifiste perpйtuel Neville Chamberlain. Eden exprima son dйsaccord avec la maniиre de Chamberlain de 'gйrer' l'agressive politique Nazie sur le continent. Parmi d'autres choses, Chamberlain laissa l''Anschluss' de l'Autriche s'effectuer sans contestation, et fыt plus ou moins laissй en disgrace par Hitler lors de la confйrence de Munich. Dйзu, Eden dйmissiona de son poste en 1938, puis retourna а son ancienne affectation sous Winston Churchill en 1940. En 1955, il fыt йlu Premier ministre du Royaume-Uni.;Sir Anthony Eden svolse un ruolo molto importante nella politica britannica del XX Secolo. Fu il Sotto-segretario degli Esteri nel Governo Nazionale di Ramsay McDonald (1931-1934) ae quando Stanley Baldwin divenne Primo Ministro, Eden assunse il prestigioso ruolo di Segretario degli Esteri. Qualche anno dopo, Baldwin fu sostituito dal perenne pacifista Neville Chamberlain. Eden si trovт in disaccordo con il modo di Chamerlain di occuparsi della politica espansionistica Nazista sul continente. Tra le altre cose, Chamberlain lasciт avvenire l'annessione dell'Austria senza obiezioni, e fu piщ o meno ridicolizzato da Hitler nel Trattato di Monaco. Deluso, Eden si dimise nel 1938, solo per poi ritornare al suo ministero per conto di Winston Churchill nel 1940. Nel 1955, venne poi eletto a sua volta Primo Ministro.;Sir Anthony Eden jugу un papel importante en la polнtica britбnica durante el siglo XX. Fue Subsecretario de Asuntos Exteriores del Gobierno Nacional de Ramsay McDonald (1931-1934) y cuando Stanley Baldwin llegу a Primer Ministro, Eden fue nombrado Secretario de Exteriores. Algunos aсos despuйs, Baldwin fue reemplazado por el perpetuo pacifista Neville Chamberlain. Eden estaba en desacuerdo con el modo de Chamberlain de tratar con la agresiva polнtica nazi en Europa. Entre otras cosas, Chamberlain dejу que el 'Anschluss' de Austria quedara impune, y fue engaсado por Hitler en la Conferencia de Munich. Decepcionado, Eden dimitiу de su cargo en 1938, para volver de nuevo a sucargo en 1940 en el gobierno de Winston Churchill. En 1955, fue elegido Primer Ministro.;Sir Anthony Eden spielte eine wichtige Rolle fьr die Politik GroЯbritanniens im 20. Jahrhundert. Er war Under-Secretary for Foreign Affairs in der Nationalregierung von Ramsay McDonald (1931-1934), und als Stanley Baldwin Premierminister wurde, erhielt Eden den wichtigen Posten des Foreign Secretary. Einige Jahre spдter wurde Baldwin ersetzt durch den ewigen Pazifisten Neville Chamberlain. Eden war kein Anhдnger von Chamberlains Methode, mit der agressiven Politik der Nazis auf dem Kontinent 'fertigzuwerden'. Neben einiger anderer Sachen liess Chamberlain Deutschland den Anschluss vollziehen und wurde mehr oder weniger von Hitler vorgefьhrt auf der Konferenz von Mьnchen. Eden trat 1938 enttдuscht von seinem Amt zurьck und kam erst 1940 unter Churchill ins Kabinett zurьck. 1955 wurde er zum Premierminister des Vereinigten Kцnigreiches gewдhlt.;Sir Anthony Eden odgrywaі waїn№ rolк w brytyjskiej polityce w XX wieku. Byі podsekretarzem stanu do spraw zagranicznych w Rz№dzie Narodowym Ramsaya McDonalda (1931-1934) i, kiedy Stanley Baldwin zostaі premierem, Eden obj№і waїne stanowisko w Sekretariacie Spraw Zagranicznych. Kilka lat pуџniej Baldwin zostaі zast№piony przez wiecznego pacyfistк - Nevilla Chamberlaina. Eden nie zgadzaі siк na politykк іagodzenia stosowan№ przez Chamberlaina wobec agresywnej polityki Nazistуw na kontynencie. Chamberlain miкdzy innymi nie zareagowaі na Anschluss Austrii i zhaсbiі siк udziaіem w rozbiorze Czechosіowacji podczas konferencji w Monachium. Rozczarowany Eden zrezygnowaі ze stanowiska w 1938 tylko po to, aby powrуciж do swojego gabinetu, gdy premierem zostaі Winston Churchill w 1940. W 1955 zostanie on wybrany premierem Wielkiej Brytanii.;;Сэр Антони Иден играл важную роль в политической жизни Великобритании. Он был заместителем министра иностранных дел в правительстве Рамсея МакДональда (1931-34), а когда Стенли Болдуин стал премьером, Идена назначили на важный пост министра иностранных дел. Через несколько лет Болдуина сменил убежденный пацифист Невилл Чемберлен. Иден не поддерживал политику Чемберлена в отношении Германии. После того как премьер никак не отреагировал на аншлюс Австрии и пошел на уступки Гитлеру во время Мюнхенской конференции 1938 года, разочарованный Иден подал в отставку. Он вновь возглавил внешнеполитическое ведомство лишь в 1940 году, после прихода к власти Уинстона Черчилля. В 1955 году Иден сам был избран премьер-министром.;;;X
EVT_363_NAME;Hjalmar Schacht's resignation;La dйmission de Hjalmar Schacht;Le dimissioni di Hjalmar Schacht;La dimisiуn de Hjalmar Schacht;Der Rьcktritt von Hjalmar Schacht;Rezygnacja Hjalmara Schachta;;Отставка Ялмара Шахта;;;X
EVT_363_DESC;Hjalmar Schacht acquired fame as a talented economist, battling rampant inflation in the German Weimar Republic and becoming President of the Reichsbank in 1929. Schacht began to sympathize with the NSDAP after reading 'Mein Kampf' and agreed to raise funds for the Nazi party. It was Schacht who persuaded important industrialists such as Fritz Thyssen and Alfred and Gustav Krupp to donate money to the Nazi cause. When he finally acquired political power, Adolf Hitler appointed Schacht as his Minister of Economics (1934). In this position, Schacht started the massive public build programs that would result in the modern German 'Autobahnen'. Even though he was an ardent anti-Semite himself, Schacht disagreed with the 'unlawful activities' against German Jews and warned Hitler not to go too far with the German rearmament. Dissatisfied with German policies, Schacht resigned from office in November 1937. Hitler removed him as President of the Reichsbank in 1939. Later in the war, Schacht declined the invitation to join the July plot against the Fьhrer but was nevertheless arrested and sent to the Dachau concentration camp. He survived the horror and was set free at the Nьremberg trials.;Hjalmar Schacht aquit de la renommйe en tant qu'йconomiste de talent, combattant l'inflation galopante de la Rйpublique Allemande de Weimar et devint Prйsident de la Reichsbank en 1929. Schacht commenзa а sympathiser avec le NSDAP aprиs avoir lu 'Mein Kampf' et accepta de lever des fonds pour le parti nazi. C'est Schacht qui persuada d'importants industriels tels que Fritz Thyssen et Alfred et Gustav Krupp de donner de l'argent а la cause nazie. Quand il parvint finalement au pouvoir, Adolf Hitler nomma Schacht ministre de l'йconomie (1934). Dans cette position, Schacht lanзa le programme public de constructions qui rйsulta dans les 'Autobahnen' Allemandes. Mкme si il йtait un ardent anti-Sйmite, Schacht dйsapprouva les 'activitйs illйgalles' contre les juifs Allemands et avertit Hitler de ne pas aller trop loin dans le rйarmament Allemand. Mйcontent de la politique de l'Allemagne, Schacht dйmissiona de son poste ministйriel en novembre 1937. Hitler lui retira la Prйsidence de la Reichsbank en 1939. Plus tard lors de la guerre, Schacht dйclina l'invitation а rejoindre le complot de Juillet contre le Fьhrer mais fыt nйanmoins arrкtй et envoyй au camp de concentration de Dachau. Il survйcut а l'horreur et fыt laissй libre lors du procиs de Nьremberg.;Hjalmar Schacht divenne un stimato economista combattendo la dirrompente inflazione nella Repubblica tedesca di Weimar e diventando il presidente della Reichsbank nel 1929. Schacht iniziт a simpatizzare per la NSDAP subito dopo aver letto il 'Mein Kampf' e accettт di aumentare le sovvenzioni al partito nazista. Fu proprio Schacht che convinse importanti industrialisti, tra i quali Fritz Thyssen e Alfred and Gustav Krupp, a donare denaro per la causa nazista. Quando Hitler ottenne potere politico, nominт Schacht Ministro dell'Economia (1934). Da questa posizione, Schacht iniziт un massiccio programma di costruzioni pubbliche che sarebbe diventato nella Germania moderna 'l'Autobahnen'. Anche se era egli stesso un convinto anti-semita, Schacht era contro alle 'attivitа illecite' contro gli ebrei tedeschi e avvertм Hitler di non andare troppo oltre col riarmo della Germania. Insoddisfatto delle politiche tedesche, Schacht si dimise nel novembre 1937. Hitler in seguito lo rimosse anche come presidente della Reichsbank nel 1939. Durante la guerra, Schacht rifiutт l'invito ad unirsi al complotto di luglio contro il Fьhrer, ma fu comunque arrestato e spedito al campo di concentramento di Dachau. Sopravvisse a quell'orrore e fu liberato al processo di Norimberga.;Hjalmar Schacht se hizo famoso como hбbil economista, combatiendo la inflaciуn rampante de la Repъblica de Weimar alemana y llegando a Presidente del Reichsbank en 1929. Schacht comenzу a simpatizar con el NSDAP tras leer el 'Mein Kampf' y acordу reunir fondos para el partido nazi. Fue йl quien persuadiу a importantes industriales como Fritz Thyssen y Alfred y Gustav Krupp para que donaran dinero para la causa nazi. Cuando finalmente alcanzу poder polнtico, Adolf Hitler lo nombrу Ministro de Economнa (1934). En este cargo, Schacht comenzу los grandes programas de obras pъblicas que resultarнan en las modernas 'Autobahnen'. Pese a que era un ardiente antisemita, no estaba deacuerdo con las 'actividades ilegales' contra los judнos alemanes y advirtiу a Hitler de que no fuera demasiado lejos con el rearme alemбn. Insatisfecho con la polнtica alemana, Schacht dimitiу de su cargo en Noviembre de 1937. Hitler lo cesу como Presidente del Reichsbank en 1939. Mбs tarde durante la guerra, Schacht declinу la oferta de unirse al complot de Julio contra el Fьhrer pero aъn asн fue tambien arrestado y enviado al campo de concentraciуn de Dachau. Sobreviviу al horror y fue absuelto en los Juicios de Nьremberg.;Hjalmar Schacht wurde als begabter Цkonom bekannt, der die ungebremste Inflation in der Weimarer Republik bekдmpfte und 1929 Prдsident der Reichsbank wurde. Schacht begann nach der Lektьre von 'Mein Kampf' mit der NSDAP zu sympathisieren und stimmte zu, Geld fьr die Nazis bereitzustellen. Es war Schacht, der die wichtigen Industriellen wie Fritz Thyssen, Alfred und Gustav Krupp davon ьberzeugte, Geld fьr die nationalsozialistische Sache zu spenden. Er erlangte endlich politische Macht, als Adolf Hitler ihn 1934 zum Wirtschaftsminister ernannte. In dieser Position startete Schacht das massive цffentliche Programm zum Bau der modernen deutschen Reichsautobahnen. Zwar war er selbst ein begeisterter Antisemit, aber trotzdem stimmte er den 'ungesetzlichen Aktivitдten' gegen deutsche Juden nicht zu und warnte Hitler, mit der deutschen Wiederaufrьstung nicht zuweit zugehen. Unzufrieden mit der deutschen Politik trat Schacht von seinem Amt im November 1937 zurьck. Hitler enthob ihn 1939 seines Amtes als Prдsident der Reichsbank. In der spдteren Phase des Krieges lehnte Schacht die Aufforderung ab, am Juliputsch gegen den Fьhrer teilzunehmen, wurde aber dennoch arrestiert und ins KZ Dachau geschickt. Er ьberlebte den Horror und wurde in Nьrnberg freigesprochen.;Hjalmar Schacht zyskaі sіawк utalentowanego ekonomisty, zwalczaj№c galopuj№c№ inflacjк w Republice Weimarskiej i zostaj№c Prezesem Reichsbanku w 1929. Schacht zacz№і sympatyzowaж z NSDAP po przeczytaniu 'Mein Kampf' i zgodziі siк pozyskaж fundusze dla Nazistуw. To wіaњnie on przekonaі waїnych przemysіowcуw, takich jak Fritz Thyssen oraz Alfred i Gustav Krupp, do ofiarowania pieniкdzy dla sprawy nazistowskiej. Po uzyskaniu wіadzy przez Hitlera zostaі mianowany Ministrem Gospodarki (1934). Na tym stanowisku Schacht rozpocz№і program masowych robуt publicznych, ktуry zaowocowaі sieci№ nowoczesnych autostrad. Nawet jeњli osobiњcie byі antysemit№, to nie zgadzaі siк na 'bezprawn№ dziaіalnoњж' przeciwko niemieckim Їydom, a takїe ostrzegaі Hitlera przed zbyt szeroko zakrojonymi zbrojeniami. Niezadowolony z niemieckiej polityki zrezygnowaі ze stanowiska w listopadzie 1937. Hitler usun№і go ze stanowiska Prezesa Reichsbanku w 1939. Pуџniej w czasie wojny Schacht odmуwiі udziaіu w lipcowym spisku na їycie Fьhrera, ale nie ocaliіo go to przed aresztowaniem i zesіaniem do obozu koncentracyjnego w Dachau. Przeїyі ten horror i zostaі uwolniony od wszelkich zarzutуw w czasie procesуw w Norymberdze.;;Ялмара Шахта считали талантливым экономистом. Он пытался бороться с инфляцией в веймаровской Германии, а в 1929 году стал президентом Рейхсбанка. Шахт проникся симпатиями к НСДРП после знакомства с книгой Гитлера ''Майн Кампф'' и согласился увеличить финансирование нацистской партии. Именно Шахт убедил крупных магнатов типа Фрица Тиссена и Альфреда и Густава Круппов оказывать помощь национал-социалистам. В 1934 году, пришедший к власти Гитлер назначил Шахта министром экономики. Шахт развернул бурную деятельность, после реализации его программы строительства социально значимых объектов в Германии появились знаменитые автобаны. Хотя Шахт был ярым антисемитом, он не поддерживал действия фюрера в отношении немецких евреев и предупреждал его, что не следует тратить слишком много на наращивание военной мощи. Разочаровавшись в руководстве Германии, в ноябре 1937 года Шахт ушел в отставку, в 1939 году Гитлер сместил его с поста президента Рейсхбанка. Во время войны Шахту предложили участвовать в организации июльского заговора против фюрера. Он отказался, но все равно был арестован и отправлен в концлагерь Дахау. Шахту удалось выжить в нечеловеческих условиях, и в ходе Нюрнбергского процесса его освободили.;;;X
EVT_372_NAME;Mikhail Kalinin retires after an age;Mikhail Kalinin prend sa retraite pour raison d'вge;Mikhail Kalinin va in pensione;Mikhail Kalinin se retira;Michail Kalinin setzt sich endlich zur Ruhe;Mihaiі Kalinin odchodzi na emeryturк;;Отставка Михаила Калинина;;;X
EVT_372_DESC;Born in 1875, Kalinin joined the Russian Social Democratic Labor Party in 1898. From March 1919 to 1938, he was Chairman of the All-Union Executive Committee, effectively making him the 'titular Head of State'. The title was then changed to 'President of the Presidium of the Supreme Soviet' and Kalinin would remain in this post until 1946. Politically, Kalinin was frequently successful in persuading Stalin to keep certain persons alive during the Great Purges, but he was also largely responsible for the Katyn Massacre. Kalinin died in Moscow, shortly after his resignation. The cities of Tver (Kalinin) and Prussian Koenigsberg (Kaliningrad) were renamed in his honor and would keep their names until 1990.;Nй en 1875, Kalinin rejoignit le parti Russe Social-Dйmocrate Travailliste en 1898. De Mars 1919 а 1938, Il fыt prйsident du comitй exйcutif de toute l'Union, ce qui en faisait le 'chef de l'йtat en titre'. Le titre changea ensuite en 'President du Presidium du Soviet Supreme' et Kalinin garda le poste jusqu'en 1946. Politiquement, Kalinin obtint de nombreux succиs en convainquant Staline de garder certaines personnes vivantes lors des grandes purges, mais fыt aussi largement responsable du massacre de Katyn. Kalinin mourut а Moscou, peu aprиs sa dйmission. Les villes de Tver (Kalinin) et de Kцnigsberg la Prussienne (Kaliningrad) furent renommйes en son honneur et gardиrent ces noms jusqu'en 1990.;Nato nel 1875, Kalinin si unм al partito Social-democratico dei Lavoratori Russi nel 1898. Dal Marzo 1919 fino al 1938 fu segretario dell'Comitato Esecutivo di tutta l'Unione Sovietica, titolo che faceva effettivamente di lui il 'Capo di Stato titolare'. Il titolo fu poi cambiato in 'Presidente del Presidio Supremo Sovietico' e Kalinin sarebbe rimasto in questa posizione fino al 1946. Politicamente, Kalinin riuscм spesso a convincere Stalin a non uccidere certe persone durante le Grandi Purghe, ma fu anche il maggior responsabile per il massacro di Katyn. Kalinin died a Mosca, poco dopo il suo pensionamento. La cittа di Tver (Kalinin) e Kцnigsberg (Kaliningrad) furono rinominate in suo onore e hanno tenuto quel nome fino al 1990.;Nacido en 1875, Kalinin se uniу al Partido Obrero Social Demуcrata Ruso en 1898. Desde Marzo de 1919 a 1938, fue Presidente del Comitй Central Ejecutivo de la Uniуn Soviйtica, convirtiйndole a todos los efectos en Jefe de Estado. El tнtulo fue mas tarde cambiado a Presidente del Presidium del Soviet Supremo y Kalinin permaneciу en ese puesto hasta 1946. Polнticamente, Kalinin tuvo frecuentemente йxito al tratar de que Stalin dejara con vida a ciertas personas durante las Purgas, pero tambiйn fue en gran parte responsable de la Masacre de Katyn. Falleciу en Moscъ poco despuйs de su retiro. Las ciudades de Tver (Kalinin) y la prusa Kцnigsberg (Kaliningrado) fueron renombradas en su honor y mantuvieron esos nombres hasta 1990.;1875 geboren, trat Kalinin der russischen sozialdemokratischen Arbeiterpartei 1898 bei. Von Mдrz 1919 bis 1938 war er Vorsitzender des Zentralexekutivkomitees, wodurch er nominell Staatsoberhaupt wurde. Der Titel wurde dann geдndert in 'Vorsitzender des Prдsidiums des obersten Sowjets' und Kalinin blieb im Amt bis 1946. Politisch gesehen war Kalinin ab und an erfolgreich wenn es darum ging, Stalin zu ьberreden bestimmte Personen wдhrend der groЯen Sдuberungen am Leben zu lassen. Trotzdem war er grцЯtenteils verantwortlich fьr das Massaker von Katyn. Kalinin starb in Moskau, kurz nach seinem Rьcktritt. Die Stдdte Tver (Kalinin) und das preuЯische Kцnigsberg (Kaliningrad) wurden ihm zu Ehren umbenannt und behielten ihren Namen bis 1990.;Urodzony w 1875 Kalinin przyі№czyі siк do Rosyjskiej Socjaldemokratycznej Partii Pracy w 1898. Od marca 1919 do 1938 byі Przewodnicz№cym Centralnego Komitetu Wykonawczego bolszewickiej Rosji, czyli formaln№ gіow№ paсstwa. Pуџniej nosiі tytuі Przewodnicz№cego Prezydium Rady Najwyїszej ZSRR i pozostaі na tym stanowisku do 1946. Kalinin czкsto z sukcesem przekonywaі Stalina do uіaskawienia niektуrych osуb podczas Wielkiej Czystki, ale byі teї odpowiedzialny za masakrк w Katyniu. Kalinin zmarі w Moskwie krуtko po swojej rezygnacji. Na jego czeњж zmieniono nazwy miasta Twer (Kalinin) i pruskiego Krуlewca (Kaliningrad).;;Михаил Калинин родился в 1875 году, а в 1898 году вступил в РСДРП. С марта 1919 по 1938 гг. он был председателем ВЦИК и номинально являлся главой советского государства. Потом его назначили Председателем президиума Верховного Совета СССР, он занимал этот пост до 1946 года. Калинин умер в Москве вскоре после своей отставки. В его честь города Тверь и Кенигсберг переименовали соответственно в Калинин и Калининград.;;;X
EVT_391_NAME;The Hangman assassination;L'assassinat du Bourreau;L'assassinio del boia;El asesinato de Heydrich 'el Verdugo';Die Ermordung des Henkers;Zamach na Heydricha;;Убийство палача;;;X
EVT_391_DESC;Reinhard Heydrich joined the NSDAP in 1928 where he also became a member of the SS. In 1931, the cold-blooded Heydrich was introduced to Reichsfuehrer-SS Heinrich Himmler. Later, Himmler appointed him to form the SD (Sicherheitsdienst) and by 1933 Heydrich had attained the rank of Obergruppenfuehrer (Lieutenant-General). Together with staunch Nazis Kurt Daluege and Walter Schellenberg, Heydrich organized the purging of Ernest Rцhm's SA (Sturmabteilung). This massacre would later be known as the 'Night of the Long Knives'. In 1936 Heydrich became head of the SD and the Gestapo. When Himmler and the SS were put in charge of the concentration camps, Heydrich was assigned to Czechoslovakia where he intended to 'Germanize the Czech vermin'. Luckily the Czech resistance (with some help from the British MI6) put a stop to Heydrich's bloody reign. Heydrich was killed when an assassination squad tossed an anti-tank grenade in his car. One of Hitler's most evil henchmen was dead, but the German retaliation would be savage and brutal. In the village of Lidice, all males 16 years of age or older - 173 men in total - were brutally murdered.;Reinhard Heydrich joignit le NSDAP en 1928 et devint membre des SS. En 1931, Heydrich, rйputй pour son sang-froid, fыt prйsentй au Reichsfьhrer-SS Heinrich Himmler. Plus tard, Himmler lui demanda de former la SD (Sicherheitsdienst) et en 1933 Heydrich avait atteint le rang de Obergruppenfьhrer (Lieutenant-General). Avec l'appui de nazis loyaux tels que Kurt Daluege et Walter Schellenberg, Heydrich organisa la purge des SA (Sturmabteilung) de Ernest Rцhm. Ce massacre est restй sous le nom de 'Nuit des longs couteaux'. En 1936 Heydrich prit la tкte de la SD et de la Gestapo. Quand Himmler et les SS furent charger de s'occuper des camps de concentration, Heydrich fыt envoyй en Tchйcoslovaquie ou il avait l'intention de 'Germaniser la vermine Tchиque'. Par chance, la rйsistance tchиque (avec l'appui du MI6 Britannique) mit fin au reigne sanglant de Heydrich. Heydrich fыt tuй lorsqu'une йquipe d'assassinat lanзa une grenade anti-tank dans sa voiture. Un des acolytes d'Hitler parmis les plus abominables йtait mort, mais les reprйsailles Allemandes furent sauvages et brutales. Dans le village de Lidice, tous les mвles de 16 ans et plus - 173 hommes au total - furent assassinйs sauvagement. Les femmes et les enfants furent envoyйs aux camps de concentration et le village fыt entiиrement brыlй. On estime а 15,000 le nombre de Tchиques morts lors de la vengeance Allemande.;Reinhard Heydrich si unм all'NSDAP nel 1928, dove divenne presto anche un membro delle SS. Nel 1931, Heydrich, l'uomo dal sangue freddo, fu presentato al Reichsfьhrer-SS Heinrich Himmler. In seguito Himmler si rivolse a lui per formare le SD (Sicherheitsdienst) e dal 1933 Heydrich ebbe il grado di Obergruppenfьhrer (Tenente-Generale). Insieme a i nazisti convinti Kurt Daluege e Walter Schellenberg, Heydrich organizzт l'eliminazione delle SA (Sturmabteilung) di Ernest Rцhm. Questo massacro fu rinominato 'La notte dei lunghi coltelli'. Nel 1936 Heydrich divenne capo delle SD e della Gestapo. Quando a Himmler e alle SS fu data la responsabilitа dei campi di concentramento, Heydrich fu assegnato alla Cecoslovacchia, dove aveva intenzione di 'Germanizzare i parassiti Cechi'. Fortunatamente la resistenza Ceca (con qualche aiuto dal MI6 britannico) mise un freno al sanguinoso regno di Heydrich. Heydrich infatti fu ucciso da una granata anti-carro lanciata nella sua automobile da un commando omicida. Cosм morм uno dei piщ perfidi seguaci di Hitler, ma la rappresagli tedesca fu feroce e brutale. Nel villaggio di Lidice, tutti gli uomini dai 16 anni in su - 173 in totale - furono assassinati. Le donne e i bambini furono mandati nei campi di concentramento e il villaggio fu raso al suolo. Si stima che circa 15'000 Cechi furono uccisi nella rappresaglia tedesca.;Reinhard Heydrich se uniу al NSDAP en 1928 donde se hizo miembro de las SS. En 1931, el despiadado Heydrich conociу al Reichsfьhrer-SS Heinrich Himmler. Mбs tarde, Himmler lo llamу para formar el SD(Sicherheitsdienst) y para 1933 Heydrich habнa alcanzado el rango de Obergruppenfьhrer (Teniente-General). Conjuntamente con los acйrrimos nazis Kurt Daluege y Walter Schellenberg, organizу la purga de las SA (Sturmabteilung) de Ernest Rцhm SA, la masacre que serнa conocida como 'la noche de los cuchillos largos'. En 1936 Heydrich se convirtiу en jefe de la SD y de la Gestapo. Cuando Himmler y las SS se hicieron cargo de los campos de concentraciуn, Heydrich fue asignado a Checoslovaquia donde tratу de 'germanizar a los gusanos checos'. Afortunadamente, la resistencia Checa (con ayuda del MI6 britбnico) puso fin a su sangriento reinado. Heydrich fue mortalmente herido por una granada antitanque que alcanzу su coche en una emboscada. Uno de los mбs malvados esbirros de Hitler habнa muerto, pero la represalia nazi fue brutal. En el pueblo de Lidice, todos los varones de mбs de 16 aсos - 173 men in total - fueron brutalmente asesinados. Las mujeres y los niсos fueron enviados a campos de concentraciуn y la aldea fue quemada hasta los cimientos. Se cree que un total de 15,000 checos murieron en las represalias.;Reinhard Heydrich trat der NSDAP 1928 bei und wurde desweiteren Mitglied der SS. 1931 wurde der kaltblьtige Heydrich dem Reichsfьhrer-SS Heinrich Himmler vorgestellt. Spдter beauftragte Himmler ihn, den Sicherheitsdienst (SD) zu formen und im Jahr 1933 hatte Heydrich den Rang des SS-Obergruppenfьhrers erlangt. Zusammen mit den treuen Nazis Kurt Daluege und Walter Schellenberg organisierte Heydrich die Sдuberungsaktion in der SA unter Ernst Rцhm. Dieses Massaker wurde spдter bekannt unter dem Namen 'Nacht der langen Messer'. 1936 wurde Heydrich Chef von SD und Gestapo. Als Himmler und die SS die Aufsicht ьber die Konzentrationslager erhielten, wurde Heydrich der Tschechoslowakei zugewiesen, wo er beabsichtigte, das 'tschechische Gesindel zu germanisieren'. Der tschechische Widerstand setzte der blutigen Herrschaft Heydrichs mit Hilfe einer britischen MI6 ein Ende. Heydrich kam ums Leben, als ein Mordkommando eine Antipanzergranate in sein Auto warf. Einer von Hitlers ьbelsten Schurken war tot, aber der deutsche Gegenschlag war fьrchterlich. In dem Dorf Lidice wurden alle Mдnner ab 16 Jahren - 173 insgesamt - brutal ermordet. Frauen und Kinder kamen in Konzentrationslager und das Dorf wurde bis auf den Grund niedergebrannt. Alles in allem schдtzt man, dass 15.000 Tschechen bei der Vergeltungsaktion ums Leben kamen.;Reinhard Heydrich przyst№piі do NSDAP w 1928, wtedy teї zostaі czіonkiem SS. W 1931 zimnokrwisty Heydrich zostaі przedstawiony Reichsfьhrerowi-SS Heinrichowi Himmlerowi. Pуџniej Himmler zleciі mu sformowanie SD (Sicherheitsdienst) i przed 1933 Heydrich osi№gn№і rangк Obergruppenfьhrera (Lieutenant-General). Wspуlnie z zagorzaіymi nazistami - Kurtem Daluege i Walterem Schellenbergiem - zorganizowaі czystkк SA (Sturmabteilung) Ernesta Rцhma. Ta masakra bкdzie potem znana jako 'Noc dіugich noїy'. W 1936 Heydrich zostaі szefem SD i Gestapo. Kiedy Himmlerowi i jego SS powierzono pieczк nad obozami koncentracyjnymi, Heydrichowi przydzielono tereny dawnej Czechosіowacji, gdzie zamierzaі 'zgermanizowaж czeskie robactwo'. Szczкњliwie czeski ruch oporu (nie bez pomocy brytyjskiej MI6) poіoїyі kres krwawemu panowaniu Heydricha. Zostaі on zabity, kiedy zamachowcy podrzucili granat przeciwpancerny do jego samochodu. Jeden z najgorszych poplecznikуw Hitlera nie їyі, ale niemiecka odpowiedџ miaіa byж dzika i brutalna. We wsi Lidice wszyscy mкїczyџni powyїej 16-ego roku їycia - w sumie 173 osoby - zostali brutalnie zamordowani;;Рейнгард Гейдрих вступил в НСДРП в 1928 году и стал членом СС. В 1931 году он познакомился с рейхфюрером СС Генрихом Гиммлером. Гиммлер проникся симпатией к Рейнгарду и поручил ему создать СД (Службу безопасности). Уже в 1933 году Гейдрих получил звание обергруппенфюрера (генерал-лейтенанта). Вместе с фанатично преданными фюреру нацистами Куртом Далюге и Вальтером Шелленбергом Гейдрих организовал чистку в СА (''штурмовых отрядах'') Эрнеста Рема. Во время ''ночи длинных ножей'' были уничтожены все политические оппоненты Гитлера. В 1936 году Гейдриха назначили главой СД и Гестапо. Вскоре  Гейдриха послали в Чехословакию с заданием ''германизировать чешский сброд''. К счастью, чешское сопротивление при помощи британской разведки МИ-6 быстро положило конец кровавому правлению Рейнгарда. Чешские патриоты бросили противотанковую гранату под колеса его автомобиля.  Один из самых безжалостных сподвижников Гитлера погиб, однако месть немцев оказалась жестокой. Они уничтожили всех мужчин в возрасте старше 16 лет – всего 173 человека – в деревне Лидице.;;;X
EVT_100017_NAME;Lebanon declares for Free France;Le Liban rejoint la France Libre;Il Libano si schiera dalla parte della Francia Libera;Lнbano se pone del lado de la Francia Libre;Der Libanon bekennt sich zum Freien Frankreich;Liban opowiedziaі siк za Woln№ Francj№;;Ливан переходит на сторону 'Свободной Франции';;;X
EVT_100017_DESC;With the Allies intervening in Syria against the Vichyite forces, pro-Free French elements in Lebanon have taken control and declared for Free France and the Allies.;Les Alliйs intervenant en Syrie contre les forces de Vichy, les йlйments gaullistes du Liban ont pris le contrфle du pays et se sont rangйs aux cфtйs de la France Libre et des Alliйs.;A seguito dell'intervento Alleato in Siria contro le forze di Vichy, elementi favorevoli alla Francia Libera in Libano hanno preso il controllo e si sono schierati per la Francia Libera e gli Alleati.;Con la intervenciуn aliada en Siria contra las fuerzas de Vichy, elementos partidarios de la Francia Libre se han hecho con el control del paнs y se posicionan a favor de los aliados.;Nach der allierten Intervention gegen die Vichy-treuen Krдfte in Syrien haben Krдfte, die das Freie Frankreich unterstьtzen, die Kontrolle im Libanon ьbernommen und sich dem freien Frankreich angeschlossen.;W zwi№zku z interwencj№ Aliantуw w Syrii przeciwko siіom Vichy, elementy popieraj№ce Wolnych Francuzуw w Libanie przejкіy kontrolк i ogіosiіy przyі№czenie do Wolnej Francji i Aliantуw.;;Войска Союзников вошли в Сирию и Ливан и разгромили вишистов, власть в Ливане перешла к сторонникам 'Свободной Франции'.;;;X
EVT_100017_ACTA;Declare for Free France;Rejoindre la France Libre;Schiarati con la Francia Libera;Unirse a la Francia Libre;Sich zum Freien Frankreich bekennen;Opowiedzmy siк za Woln№ Francj№;;Поддержать 'Свободную Францию';;;X
EVT_100018_NAME;Lebanon declares for Free France;Le Liban rejoint la France Libre;Il Libano si schiera dalla parte della Francia Libera;Lнbano se pone del lado de la Francia Libre;Der Libanon bekennt sich zum Freien Frankreich;Liban opowiada siк za Woln№ Francj№;;Ливан переходит на сторону 'Свободной Франции';;;X
EVT_100018_DESC;With the Allies intervening in Syria against the Vichyite forces, pro-Free French elements in Lebanon have taken control and declared for Free France and the Allies.;Les Alliйs intervenant en Syrie contre les forces de Vichy, les йlйments gaullistes du Liban ont pris le contrфle du pays et se sont rangйs aux cфtйs de la France Libre et des Alliйs.;A seguito dell'intervento Alleato in Siria contro le forze di Vichy, elementi favorevoli alla Francia Libera in Libano hanno preso il controllo e si sono schierati per la Francia Libera e gli Alleati.;Con la intervenciуn aliada en Siria contra las fuerzas de Vichy, elementos partidarios de la Francia Libre se han hecho con el control del paнs y se posicionan a favor de los aliados.;Nach der allierten Intervention gegen die Vichy-treuen Krдfte in Syrien haben Krдfte, die das Freie Frankreich unterstьtzen, die Kontrolle im Libanon ьbernommen und sich dem freien Frankreich angeschlossen.;W zwi№zku z interwencj№ Aliantуw w Syrii przeciwko siіom Vichy, elementy popieraj№ce Wolnych Francuzуw w Libanie przejкіy kontrolк i ogіosiіy przyі№czenie do Wolnej Francji i Aliantуw.;;Войска Союзников вошли в Сирию и Ливан и разгромили вишистов, власть в Ливане перешла к сторонникам 'Свободной Франции'.;;;X
EVT_100018_ACTA;Lebanon declares for us;Le Liban se range а nos cфtйs.;Il Libano si schiera con noi;El Lнbano se nos une;Libanon bekennt sich zu uns;Liban popiera nas;;Поддержать 'Свободную Францию';;;X
EVT_15100_NAME;Anger at Colonial Policy;Colиre contre la politique coloniale;Rabbia nella politica coloniale;Malestar por la polнtica colonial;Wut ьber die Kolonialpolitik;Niezadowolenie z polityki kolonialnej;;Недовольство колониальной политикой;;;X
EVT_15100_DESC;The citizens of the country are angry at the government's granting limited independence to a former colony.;Les citoyens du pays sont furieux de l'accord d'indйpendance limitйe donnй par le gouvernement а une ancienne colonie.;I cittadini sono infuriati per la concessione da parte del governo dell'indipendenza ad una ex colonia.;Los ciudadanos del paнs estбn descontentos con la reciente cesiуn de limitada independencia a una antigua colonia. ;Die Bьrger sind wegen der Gewдhrung eingeschrдnkter Unabhдngigkeit fьr eine ehemalige Kolonie erzьrnt.;Obywatele tego kraju s№ niezadowoleni z powodu udzielenia ograniczonej niepodlegіoњci dawnym koloniom.;;Население страны недовольно тем, что правительство предоставляет слишком мало прав бывшей колонии.;;;X
EVT_15100_ACTA;Public dissent grows;Le mйcontentement populaire augmente.;Il dissenso aumenta tra la popolazione.;Crece el descontento;Die цffentliche Unruhe wдchst.;Wzrost niezadowolenia.;;Народное недовольство растет;;;X
EVT_2018_ACTB;Do not honor that worthless agreement;Refuser cet accord sans valeur;Non onoriamo quell'inutile trattato;Olvidar ese inъtil acuerdo;Dieses wertlose Abkommen nicht einhalten!;Nie bкdziemy honorowaж tego bezwartoњciowego porozumienia;;Мы не будем соблюдать это бесполезное соглашение;;;X
EVT_2650_ACTA;We shall never forget this!;Nous n'oublierons jamais зa!;Non lo dimenticheremo mai!;ЎNunca lo olvidaremos!;Diesen Verrat werden wir niemals vergessen!;Nie zapomnimy im tego!;;Мы никогда не забудем об этом!;;;X
EVT_2650_ACTB;This means war!;Ce sera donc la guerre!;Questo significa guerra!;ЎEsto es la guerra!;Das bedeutet Krieg!;To oznacza wojnк!;;Это объявление войны!;;;X
EVT_2051_NAME;Puppet Slovakia;Pupettiser la Slovaquie;Governo fantoccio in Slovacchia;Eslovaquia Tнtere;Eine Marionettenregierung in der Slowakei;Sіowacja marionetk№;;Марионеточное государство Словакия;;;X
EVT_2051_DESC;Formally independent Slovakia was a de facto vassal of Germany, although the new country was recognized by 25 states among them Great Britain, France and the Soviet Union. The government of Prime Minister Jozef Tisos, a Catholic priest, followed a conservative authoritarian policy, under close supervision from Berlin.;La Slovaquie йtait formellement indйpendante mais restait de facto un vassal de l'Allemagne, bien que ce nouveau pays ait йtй reconnu par 25 йtats dont la Grande-Bretagne, la France et l'Union soviйtique. Le gouvernement du Premier ministre Jozef Tisos, un prкtre catholique, suivit une politique autoritaire conservatrice, sous le regard attentif de Berlin.;La Slovacchia, formalmente indipendente, fu in pratica un vassallo della Germania, sebbene il nuovo stato venne riconosciuto da 25 nazioni, tra cui la Gran Bretagna, la Francia e l'Unione Sovietica. Il governo del primo ministro Jozef Tisos, un prete cattolico, seguм, sotto la superivisione di Berlino, una poltica autoritaria e conservatrice.;La formalmente independiente Eslovaquia era de hecho un tнtere de Alemania, pese a que el recientemente creado paнs fue reconocido por 25 estados incluyendo Gran Bretaсa, Francia y la Uniуn Soviйtica. El gobierno del Primer Minostro Jozef Tiso, un sacerdote catуlico, siguiу, bajo la minuciosa vigilancia de Berlнn, una polнtica conservadora y autoritaria.;Die formell unabhдngige Slowakei war, obwohl von 25 Staaten, darunter GroЯbritannien, Frankreich und die Sowjetunion, anerkannt, de facto ein Vasallenstaat Deutschlands. Die Regierung von Ministerprдsident Jozef Tiso, einem katholischen Priester, machte eine konservativ-authoritдre Politik unter starkem Einfluss aus Berlin.;Mimo uznania jej niepodlegloњci przez 25 paсstw, w tym Wielk№ Brytaniк, Francjк i Zwi№zek Radziecki, formalnie niepodlegіa Sіowacja byіa de facto wasalem Niemiec. Rz№d premiera Jуzefa Tiso, katolickiego ksiкdza, prowadziі swoj№ autorytarn№ politykк pod czujnym okiem Berlina.;;Хотя государство Словакия признали 25 стран, включая Великобританию, Францию и СССР, она де-факто являлась вассалом Германии. Немцы контролировали все действия правительства католического священника Иосифа Тисо, который проводил консервативную политику авторитарными методами.;;;X
ACTIONNAME2034A;Great!;Super!;Ottimo!;ЎEstupendo!;GroЯartig!;Wspaniale!;;Отлично!;;;X
EVT_2905_NAME;Corpo Truppe Volontarie returns home!;Le Corpo Truppe Volontarie rentre а la maison!;Il Corpo delle Truppe Volontarie torna a casa!;El Corpo Truppe Volontarie vuelve a casa;Corpo Truppe Volontarie kehrt siegreich heim!;Corpo Truppe Volontarie powraca do domu!;;Добровольческий корпус возвращается домой!;;;X
EVT_2905_DESC;In January 1937, almost 45,000 Italians fought in Spain under the name Corpo Truppe Volontarie. They were organized into 4 Italian divisions: Littorio, Dio lo Vuole, Fiamme Nere and Penne Nere. Also 2 mixed brigades having also Spanish fighters were formed. Some soldiers were Fascist volunteers or were outright tricked to join the troops. The Italian divisions were rather well equipped. They had tanks, armored cars, 10 divisions of field artillery, antitank artillery and 4 batteries of AA artillery. On March, the 'Corpo Truppe Volontarie' had over 50,000 soldiers. All but Littorio division suffered heavy losses and had to be reorganized later.;En janvier 1937, 44 000 soldats italiens et membres du Fasci Di Combattimiento se battaient en Espagne. Vers la fin de fйvrier, ils furent regrouppйs dans le Corpo Truppe Volontarie. Ils йtaient organisйs en 4 divisions italiennes et deux brigades mixtes Italo-espagnoles. La division 'Littorio' йtait une division rйguliиre de l'armйe italienne qui йtait entiиrement motorisйe. Les divisions 'Dio Lo Vuole' ('Dieu le veut'), 'Fiamme Nere' ('Flammes Noires'), 'Penne Nere' ('Plumes Noires') comprenaient des soldats rйguliers et des volontaires du parti fasciste ou des gens qui avaient йtй duppйs et envoyйs lа par des officiers qui leur avaient dits qu'ils iraient en Afrique pour faire un film ou pour le travail. Ces unitйs йtaient semi-motorisйes. Le Corps italien avait des armes spйciales comme des chars, des vйhicules blindйes, 10 divisions d'artillerie de campagne, de l'artillerie antichar et 4 batteries d'artillerie anti-aйrienne. Au dйbut de mars, le 'Corpo Truppe Volontarie' comprenait plus de 50 000 soldats. Des 4 divisions qui йtaient prйsentes, seule la division Littorio ne subоt pas de lourdes pertes. Les trois autres eurent de telles pertes qu'elles ont йtй rй-organisйes en 2 divisions et un groupe d'armes spйciales. Aprиs la victoire de Franco et des Nationalistes sur les Rйpublicains dans la Guerre civile espagnole, les troupes italiennes se sont retirйes d'Espagne.;Nel gennaio del 1937, quasi 45000 italiani combatterono in Spagna sotto il cosiddetto Corpo di Truppe Volontarie. Essi furono organizzati in 4 divisioni italiane, Littorio, Dio lo Vuole, Fiamme Nere e Penne Nere. Inoltre urono formate due brigate miste con combattenti spagnoli. Alcuni soldati erano fascisti volontari, altri vennero spinti ad arruolarsi. Le divisioni italiane era equipaggiate abbastanza bene. Avevano carri, veicoli corazzati, dieci divisioni di artiglieria da campo, artiglieria anticarro e 4 batterie di contraerea. A marzo il 'Corpo di Truppe Volontarie' aveva piщ di 50000 soldati. Tutte le divisioni, eccetto la Littorio ebbero gravi perdite e si dovettero in seguito riorganizzare.;Para enero de 1937 ya habнan 45000 italianos combatiendo en Espaсa bajo el nombre de Corpo Truppe Volontarie. Estaban organizados en 4 divisiones italianas: Littorio, Dio lo Vuole, Fiamme Nere y Penne Nere. Tambiйn se crearon dos brigadas mixtas нtalo-espaсolas. Ademбs de los del ejйrcito regular, algunos soldados eran voluntarios fascistas y otros fueron engaсados para unirse a la expediciуn. Las divisiones italianas estaban bastante bien equipadas, tenнan tanques, vehнculos blindados y artillerнa regular, anticarro y antiaйrea. El cuerpo llegу a reunir en su punto mбximo hasta 50000 soldados. Todas las divisiones con excepciуn de la Littorio sufrieron terribles pйrdidas y tuvieron que ser reorganizadas mбs tarde.;Im Januar 1937 kдmpften 44000 italiensche Soldaten und Mitglieder des Fasci di Combattimiento im Spanischen Bьrgerkrieg. Ende Februar wurden sie in Corpo Truppe Volontarie umbenannt. Sie waren in vier italienischen Divisionen und zwei gemischten italienisch-spanischen Brigaden organisiert. Die 'Littorio' Division war eine regulдre italienische Armeeeinheit und komplett motorisiert. Weitere Divisionen waren 'Dio lo Vuole' (Gott will es), 'Fiamme Nere' (Schwarze Flammen) und 'Penne Nere' (Schwarze Federn). Diese setzten sich aus Soldaten und Freiwilligen aus der faschistischen Partei, sowie aus Menschen, die aufgrund von Tдuschungen nach Spanien gekommen waren, zusammen. Sie waren teilweise motorisiert. Das italienische Korps hatte spezielle Waffen wie Panzer, gepanzerte Autos, Feldgeschьtze, PAKs und Flak. Anfang Mдrz hatte das Corpo Truppe Volontarie ьber 50000 Soldaten. Von den vier Divisionen erlitt nur 'Littorio' keine schweren Verluste. Die anderen erlitten so schwere Verluste, dass sie schlieЯlich zu zwei Divisionen zusammengelegt werden mussten. Nach dem Sieg Francos wurden die italienischen Truppen aus Spanien abgezogen.;W styczniu 1937 prawie 45000 Wіochуw walczyіo w Hiszpanii jako 'Corpo Truppe Volontarie'. Byli oni zorganizowani w 4 wіoskie dywizje: Littorio, Dio lo Vuole, Fiamme Nere i Penne Nere. Utworzono rуwnieї 2 mieszane brygady, w ktуrych walczyli takїe Hiszpanie. Czкњж їoіnierzy byіa faszystowskimi ochotnikami lub teї zostaіa podstкpem zachкcona do przyі№czenia siк. Wіoskie dywizje byіy stosunkowo dobrze wyekwipowane. Miaіy na stanach czoіgi, wozy opancerone, 10 dywizjonуw artylerii polowej, artyleriк przeciwpancern№ i 4 baterie dziaі przeciwlotniczych. W marcu 'Corpo Truppe Volontarie' miaі ponad 50000 їoіnierzy. W czasie walk wszystkie dywizje (oprуcz Littorio) poniosіy ciкїkie straty i zostaіy zreorganizowane.;;В январе 1937 года почти 45 тысяч итальянцев сражалось в Испании в составе так называемого Итальянского добровольческого корпуса. Их собрали в  4 дивизии: 'Литторио', 'Дио ло Вуоле', 'Фиамме Нере' и 'Пенне Нере'. Кроме того, были сформированы 2 смешанные бригады, в которые входили испанские солдаты. Некоторые бойцы были добровольцами, поддерживавшими фашистов, остальные поехали в Испанию, чтобы подзаработать. Итальянские дивизии были достаточно хорошо оснащены. В их распоряжении были танки, бронеавтомобили, 10 дивизионов полевой артиллерии, противотанковая артиллерия и 4 дивизиона зенитной артиллерии. Все дивизии, кроме 'Литторио', понесли большие потери, так что впоследствии их пришлось доукомплектовывать.;;;X
ACTIONNAME2905A;Great!;Super!;Ottimo!;ЎEstupendo!;GroЯartig!;Wspaniale!;;Отлично!;;;X
EVT_3901_NAME;Spanish Civil War ends - An important experience;Fin de la Guerre civile espagnole - Une expйrience importante;La Guerra Civile Spagnola и terminata - Una importante esperienza;El fin de la Guerra Civil Espaсola - una experiencia importante;Der Spanische Bьrgerkrieg endet - Eine wichtige Erfahrung;Koniec Hiszpaсskiej Wojny Domowej - Waїne doњwiadczenie;;Окончание гражданской войны в Испании - Ценный опыт;;;X
EVT_3901_DESC;Volunteers and mercenaries flocked into Spain and of these people the International brigades were formed. They felt the need to defend the legitimate Spanish Republic government against the Nationalist forces of Franco. Around 40,000 people fought on the International brigades. Some 10,000 of them never returned. Over 50 different nationalities were represented in the Brigades. Most UK citizens fought in the ranks of the British Saklatava Battalion.;Les Brigades Internationales йtaient des unitйs composйes de volontaires et de mercenaires qui venaient en Espagne pour se battre contre les forces 'Nationalistes' menйes par le Gйnйral Francisco Franco et aidйes par des forces italiennes et allemandes. Ils йtaient lа pour dйfendre la Rйpublique espagnole et le gouvernement lйgitime dans la Guerre civile espagnole de 1936 а 1939. 40 000 hommes et femmes se sont battus dans les Brigades Internationales. Prиs de 10 000 d'entre eux ne sont jamais rentrйs. 50 nationalitйs йtaient reprйsentйes. Pendant la Bataille de Madrid, la XIIиme Brigade a comptй des reprйsentants de pas moins de 17 nationalitйs dans ses rangs. Le bataillon Saklatava britannique consistait surtout en citoyens britanniques.;Volontari e mercenari confluirono in Spagna e formarono le Brigate Internazionali. Costoro sentivano la necessitа di difendere il legittimo governo Repubblicano contro le forze nazionaliste di Franco. Nelle Brigate Internazionali combatterono circa 40000 volontari, circa 10000 di essi non tornarono a casa. Nelle Brigate furono rappresentate circa 50 nazionalitа, la maggior parte dei cittadini Britannici combatterono nel battaglione britannico Saklatava.;Voluntarios y mercenarios de todo el mundo llegaron a Espaсa bajo la bandera de las Brigadas Internacionales. Sintieron la necesidad de defender el legнtimo gobierno de la Repъblica frente a la amenaza de Franco y sus aliados fascistas. Alrededor de 40000 personas combatieron en las Brigadas. Unos 10000 nunca retornaron a casa. Soldados de mбs de 50 nacionalidades tuvieron cabida en las Brigadas Internacionales, la mayorнa de los ingleses combatieron en el batallуn Saklatava.;Die Internationalen Brigaden waren Einheiten die aus Freiwilligen und Sцldnern gebildet wurden, die nach Spanien gekommen waren um gegen die Nationalisten und fьr die legitime republikanische Regierung zu kдmpfen. Die Nationalisten unter General Franco wurden von Nazi-Deutschland und dem faschistischen Italien unterstьtzt. 40000 Mдnner und Frauen aus 50 Nationen kдmpften in den Brigaden und bis zu 10000 fielen. Wдhrend der Schlacht von Madrid hatte die XII. Brigade Mitglieder aus 17 Nationen. Das britische Saklatava Battalion setzte sich hauptsдchlich aus Briten zusammen.;W Hiszpanii gromadziіo siк wielu ochotnikуw i najemnikуw, z ktуrych tworzono Miкdzynarodowe Brygady. Czuli oni koniecznoњж walki w obronie legalnego rz№du Republiki Hiszpaсskiej przeciwko siіom Nacjonalistуw Franco. Okoіo 40000 ludzi walczyіo w Miкdzynarodowych Brygadach. Okoіo 10000 nigdy nie wrуciіo do domуw. Ponad 50 nacji byіo reprezentowanych w Brygadach. Wiкkszoњж obywateli Wielkiej Brytanii walczyіo w szeregach British Saklatava Battalion.;;Добровольцы и наемники отправились в Испанию, где из них сформировали интернациональные бригады, в которых сражалось около 40 тысяч человек. Около 10 тысяч бойцов погибло. В бригадах вместе воевали люди из более чем 50 государств. Большая часть британцев сражалась в составе Английского батальона.;;;X
ACTIONNAME3901A;Great!;Super!;Ottimo!;ЎEstupendo!;GroЯartig!;Wspaniale!;;Отлично!;;;X
EVT_2803_NAME;Spanish Civil War ends - An important experience;Fin de la Guerre civile espagnole - Une expйrience importante;La Guerra Civile Spagnola и terminata - Una importante esperienza;El fin de la Guerra Civil Espaсola - una experiencia importante;Der Spanische Bьrgerkrieg endet - Eine wichtige Erfahrung;Koniec Hiszpaсskiej Wojny Domowej - Waїne doњwiadczenie;;Окончание гражданской войны в Испании - Ценный опыт;;;X
EVT_2803_DESC;Around 10,000 Frenchmen fought for the defense of the Spanish Republic. The French Louise Michel battalion (named after Louise Michel a hero of the 1871 Paris Commune) and the Commune de Paris battalion both fought in the Spanish Civil War. A large number of the French soldiers were WW I veterans and proved to be efficient fighters.;Il y avait presque 40 000 volontaires, dont 9 000 а 10 000 йtaient franзais, pour la dйfense de la Rйpublique espagnole. La plupart d'entre eux йtaient des ouvriers et la moitiй d'entre eux йtait de Paris. Il y avait un grand nombre de vйtйrans de la Premiиre Guerre mondiale, qui en avait fait des combattants aguerris. Les premiers engagements des Brigades Internationales pendant la Bataille de Madrid ont dйmontrй leur valeur militaire. Le bataillon de Franзais Louise Michel (d'aprиs Louise Michel, une hйroпne de la Commune de Paris de 1871) et le bataillon Commune de Paris ont combattus durant la Guerre civile espagnole.;Circa 10000 francesi combatterono per la difesa della Spagna repubblicana. Il battaglione francese Louise Michel (dal nome di Louise Michel, eroe della Comune di Parigi del 1871) e il battaglione Commune de Paris combatterono nella Guerra Civile. Molti dei francesi erano veterani della Grande Guerra e si dimostrarono ottimi soldati.;Alrededor de 10,000 franceses combatieron por la defensa de la Repъblica Espaсola. Los batallones franceses Louise Michel (llamado asн por el hйro de la Comuna de Parнs de 1871) y Commune de Paris combatieron en la contienda. Un gran nъmero de los soldados franceses eran veteranos de la Gran Guerra y probaron ser eficaces soldados.;Es gab beinahe 40000 Freiwillige, darunter 9000 bis 10000 Franzosen, die fьr die Spanische Republik kдmpften. Die meisten von ihnen waren Arbeiter und die Hдlfte aus Paris. Darunter war eine groЯe Anzahl an Veteranen aus dem Ersten Weltkrieg was sie zu effizienten Kдmpfern machte. Die ersten Gefechte der Internationalen Brigaden in der Schlacht von Madrid zeigte ihren militдrischen Wert. Das franzцsische Louise Michel Battalion, nach einem Helden der Pariser Kommune von 1871 benannt, und das Kommune von Paris Battalion kдmpften im Spanischen Bьrgerkrieg.;Okoіo 10000 Francuzуw walczyіo w obronie Republiki Hiszpaсskiej. W Hiszpaсskiej Wojnie Domowej braіy udziaі Francuskie bataliony: Louise Michel (nazwany na czeњж bohatera Komuny Paryskiej w 1871) i Commune de Paris. Znaczna liczba francuskich їoіnierzy byіa weteranami I Wojny Њwiatowej i okazaіa siк byж wartoњciowymi bojownikami.;;Около 10 тысяч французов защищало Испанскую республику в составе Французского батальона Луиза Мишеля, названного в честь героя Парижской коммуны 1871 года, и батальона Парижской коммуны. Многие французы прошли Первую Мировую войну, а потому были хорошими бойцами.;;;X
ACTIONNAME2803A;Great!;Super!;Ottimo!;ЎEstupendo!;GroЯartig!;Wspaniale!;;Отлично!;;;X
EVT_2662_NAME;Spanish Civil War ends - An important experience;Fin de la Guerre civile espagnole - Une expйrience importante;La Guerra Civile Spagnola и terminata - Una importante esperienza;El fin de la Guerra Civil Espaсola - una experiencia importante;Der Spanische Bьrgerkrieg endet - Eine wichtige Erfahrung;Koniec Hiszpaсskiej Wojny Domowej - Waїne doњwiadczenie;;Окончание гражданской войны в Испании - Ценный опыт;;;X
EVT_2662_DESC;The Soviet Union sent aid and sold vast amounts of arms to the Republicans. These arms included for example some 1,000 airplanes, 300 armored cars, 900 tanks and 1,500 artillery pieces, hundreds of thousands of small arms, and 30 thousand tons of ammo, some of which was defective. The Republicans had 750 million dollars in gold reserves of which they used 500 million to pay for these arms. A large number of 'advisers' were sent to the Republicans side. Both Germany and the USSR used the war as a testing ground for faster tanks and aircraft that were just becoming available at the time. As an example the Soviet I-15 fighter and I-16 fighters were used in the war.;Les Rйpublicains ont reзu de l'aide et ont achetй massivement des armes d'Union Soviйtique, soit, entre autre, 1 000 avions, 900 chars, 1 500 canons d'artillerie, 300 vйhicules blindйs, des centaines de milliers d'armes de poing et 30 000 tonnes de munitions (dont certaines йtaient dйfectueuses). Pour payer pour ces armements, les Rйpublicains ont puisй 500 millions de dollars dans les stocks d'or. Au dйbut de la guerre, l'Espagne avait la quatriиme plus grande rйserve d'or du monde d'or, soit environ 700 millions de dollar. Tandis que certains ont affirmй que les soviйtiques йtaient motivйs principalement par le dйsir de vendre des armes et qu'ils ont facturй des prix exorbitants, il est clair qu'ils ont aussi un nombre significatif 'de conseillers' pour participer activement а la guerre, y compris au combat, du cфtй Rйpublicain. L'Allemagne et l'URSS ont utilisй cette guerre comme un terrain de test pour des chars plus rapides et des avions qui devenaient juste disponibles а l'йpoque. Par exemple, les chasseur I-15 et I-16 soviйtiques furent utilisйs durant la guerre.;L'Unione Sovietica inviт aiuti e vendette molti armamenti ai Repubblicani. Queste armi inclusero per esempio 1000 aerei, 300 vetture corazzate, 900 carri, 1500 pezzi di artiglieria centinaia di migliaia di armi leggere e 30000 tonnellate di munizioni, alcune delle quali difettose. I repubblicani ricevettero 750 milioni di dollari in oro, dei quali usarono 500 milioni per pagare le armi. Vennero anche inviati molti 'consiglieri militari'. Sia la Germania che l'URSS usarono la guerra per testare i migliori carri e aerei che erano disponibili al tempo. Per esempio i sovietici impiegarono i caccia I-15 e I-16.;Los Republicanos recibieron ayuda y compraron armamento principalmente a la Uniуn Soviйtica. Este armamento incluнa 1,000 aviones, 900 tanques, 1,500 piezas de artillerнa, 300 coches blindados, decenas de miles de armas ligeras y 30,000 toneladas de municiуn (parte de la cual era defectuosa). Al comienzo de la guerra Espaсa disponнa de la cuarta reserva de oro mбs grande del mundo, alrededor de 750 millones de dуlares, de los cuales tuvo que enviar a Moscъ 500 millones como pago por estos envнos. Los soviйticos tambiйn enviaron un importante nъmero de consejeros que participaron activamente el la guerra y en el combate. Alemania y la Uniуn Soviйtica utilizaron la guerra como un campo de prueba para nuevos tanques y aviones en desarrollo para sus ejйrcitos. Como ejemplo, los cazas I-15 e I-16 fueron masivamente utilizados durante toda la guerra.;Die Republikaner erhielten viel Hilfe und kauften viele Waffen von der Sowjetunion. Darunter waren 1000 Flugzeuge, 900 Panzer, 1500 Geschьtze, 300 gepanzerte Fahrzeuge, hunderttausende Handfeuerwaffen und 30000 Tonnen Munition. Um diese Waffenlieferungen zu bezahlen benutzten die republikanische Regierung Goldreserven im Wert von 500 Millionen Dollar. Wдhrend es Stimmen gibt, die sagen, dass die UdSSR nur Waffen verkaufen wollte und Wucherpreise fьr diese verlangte, steht auЯer Frage, dass die Sowjetunion auch eine erhebliche Anzahl an 'Beratern' schickte, die aktiv am Krieg teilnahmen, auch in Kampfhandlungen. Deutschland und die UdSSR nutzten den Krieg um neue Panzer und Flugzeuge auszuprobieren. Ein Beispiel sind die sowjetischen Jagdflugzeuge I-15 und I-16 die auf republikanischer Seite eingesetzt wurden.;Zwi№zek Radziecki wysіaі pomoc i sprzedaі Republikanom duї№ iloњж broni. Broс ta to na przykіad: okoіo 1000 samolotуw, 300 wozуw opancerzonych, 900 czoіgуw, 1500 rуїnorakiej artylerii, setki tysiкcy broni maіokalibrowej i 30 tysiкcy ton amunicji, przy czym czкњж dostarczonego uzbrojenia okazaіa siк wadliwa. Republikanie mieli 750 miliardуw dolarуw w rezerwach zіota z czego uїyli 500 miliardуw na zapіatк za otrzymane uzbrojenie. Po stronie Republikanуw sіuїyіa teї duїa liczba rуїnych 'doradcуw'. Zarуwno Niemcy jak i ZSRR uїyіy tej wojny do sprawdzenia nowych modeli czoіgуw czy lotnictwa w warunkach bojowych. Jako przykіad mog№ posіuїyж radzieckie myњliwce I-15 i I-16.;;Советский Союз оказывал республиканцам всяческую помощь и продавал оружие. Так, из СССР в Испанию было поставлено более 600 самолетов, 60 бронеавтомобилей, более 300 танков, 1500 артиллерийских орудий, сотни тысяч единиц стрелкового оружия, 30 тысяч тонн боеприпасов. Из 750 миллионов долларов золотого запаса страны, который оказался в руках республиканцев, 500 миллионов ушло на оплату этих вооружений. Также для содействия республиканцам СССР направил в Испанию своих советников. И Германия, и Советский Союз использовали поля сражений в качестве полигонов для испытания новейших вооружений. Так, СССР впервые опробовал в действии истребители И-15 и И-16.;;;X
ACTIONNAME2662A;Great!;Super!;Ottimo!;ЎEstupendo!;GroЯartig!;Wspaniale!;;Отлично!;;;X
EVT_900057_NAME;South Africa at the Crossroads;L'Afrique du Sud а la croisйe des chemins;Il Sud Africa al bivio;Sudбfrica en la encrucijada;Sьdafrika muss sich entscheiden;Afryka Poіudniowa na rozdroїu;;Южная Африка на распутье;;;X
EVT_900057_DESC;The outbreak of World War II proved divisive for the white population in South Africa. German National Socialism had garnered many Afrikaner admirers in the 1930s. James Hertzog supported neutrality. Jan Smuts favored entry into the war on the side of the British. Many of Daniel Malan's supporters wanted to enter the war on Germany's side. Hertzog's motion to remain out of the war was defeated in Parliament on September 4th, 1939 by a vote of 80 to 67, and Smuts became Prime Minister.;Le dйclenchement de la Seconde Guerre Mondiale a divisй la population blanche d'Afrique du Sud. Le national-socialisme allemand avait fait beaucoup d'admirateurs Afrikaners dans les annйes 1930. James Hertzog soutenait la neutralitй. Jan Smuts favorisait l'entrйe en guerre au cфtй des Anglais. Beaucoup de partisans de Daniel Malan voulaient entrer en guerre au cфtй de l'Allemagne. La position d'Hertzog de rester en dehors de la guerre a йtй rejetй par le Parlement le 4 septembre 1939 par 80 voix contre 67 et Smuts devient Premier ministre.;Lo scoppio della Seconda Guerra Mondiale suscitт delle divisioni nella popolazione bianca del Sud Africa. Il partito nazista tedesco aveva negli anni 30 molti ammiratori tra gli Afrikaner. James Hertzog sostenne la neutralitа, Jan Smuts favoriva l'entrata in guerra a fianco dell'Inghilterra. Molti dei sostenitori di Daniel Malan volevano entrae in guerra a fianco dei tedeschi. L'opzione di Hergog di restare fuori dalle guerra venne bocciata dal parlamento il 4 settembre 1939 con 80 voti contro 67 e Smuts divenne Primo Ministro.;El estallido de la Segunda Guerra Mundial resultу ser un motivo de escisiуn entre la poblaciуn blanca de Sudбfrica. El Nacional Socialismo alemбn cosechу muchos seguidores entre los Afrikaner durante los aсos 30. James Hertzog apoyaba la neutralidad, mientras que Jan Smuts se decantaba por unirse a los britбnicos y muchos de los seguidores de Daniel Malan deseaban ponerse del lado de Alemania. La mociуn de Hertzog para mantenerse al margen de la guerra fue rechazada en el Parlamento el 4 de Septiembre de 1939 por una votaciуn de 80 a 67, y Smuts se convirtiу en Primer Ministro.;Der Ausbruch des Zweiten Weltkriegs stellte die weiЯe Bevцlkerung Sьdafrikas vor eine ZerreiЯprobe. Der deutsche Nationalsozialismus hatte in den 1930ern Bewunderer gefunden. James Hertzog befьrwortete Neutralitдt. Jan Smuts bevorzugte einen Kriegseintritt auf britischer Seite. Viele von Daniel Malans Unterstьtzern wollten auf deutscher Seite in den Krieg eintreten. Hertzogs Vorschlag neutral zu bleiben wurde am 4. September 1939 vom Parlament abgelehnt und Smuts wurde zum Ministerprдsidenten gewдhlt.;Wybuch II Wojny Њwiatowej podzieliі biaі№ populacjк w Poіudniowej Afryce. Niemiecki Narodowy Socjalizm przyci№gn№і wielu zwolennikуw wњrуd Afrykanerуw w latach 30-tych. James Hertzog popieraі neutralnoњж. Jan Smuts chciaі przyі№czenia do wojny po stronie Brytyjczykуw. Z kolei wielu zwolennikуw Daniela Malana chciaіo przyst№pienia do wojny po stronie Niemiec. 4-ego wrzeњnia 1939 stosunkiem gіosуw 80 do 67 zwolennicy Hertzoga przegrali gіosowanie w Parlamencie i Smuts zostaі premierem.;;Начало Второй Мировой войны стало важным событием для белого населения Южной Африки. В 1930 годы немецкий национал-социализм пользовался в стране большой популярностью. Вместе с тем премьер-министр Джеймс Хертцог выступал за нейтральный статус в ходе возможного столкновения в Европе. Ян Смютс считал, что следует вступить в войну на стороне Великобритании. Сторонники Даниэля Малана предлагали поддержать немцев. 4 сентября 1939 года парламент отверг предложение Хертзога и поддержал Смутса 80 голосами против 67. Так Смютс стал новым премьер-министром.;;;X
EVT_100019_DESC;The new colonial policy emanating from Vichy is one of decentralization. Leaving the local governors to manage their own affairs.;La nouvelle politique coloniale йmanant de Vichy а pour mot d'ordre la dйcentralisation, laissant ainsi aux gouverneurs locaux le soin de contrфler leurs propres affaires.;La nuova politica coloniale di Vichy и improntata alla decentralizzazione, lasciando i governatori locali liberi di seguire i loro interessi.;La nueva polнtica colonial que emana de Vichy apuesta por la descentralizaciуn, dejando en gran medida que los gobernadores locales se encarguen de sus asuntos.;Die neue Kolonialpolitik ausstrцmend von Vichy ist eine der Dezentralisation. Sie lassen die lokalen Gouverneure ihre Angelgenheiten selbst erledigen.;Nowa polityka kolonialna Vichy oznaczaіa decentralizacjк, pozostawiaj№c lokalnym gubernatorom woln№ rкkк w wewnкtrznych sprawach ich kolonii.;;Вишисты проводят новую колониальную политику, направленную на предоставление колониям расширенной автономии. Давайте позволим местным губернаторам самостоятельно решать все текущие вопросы.;;;X
EVT_2039_ACTA;A New World Order has arrived!;Un nouvel ordre mondial est fondй.;Il nuovo ordine mondiale si sta realizzando!;Un nuevo orden mundial ha llegado;Eine neue Weltordnung ist eingetroffen!;Zawitaі nowy porz№dek њwiata!;;Наступил Новый мировой порядок!;;;X
EVT_3810_NAME;Controlling North Korea;Contrфle de la Corйe du Nord;Il controllo della Corea del Nord;El Control de Corea del Norte;Kontrolle ьber Nordkorea;Kontrola nad Pуіnocn№ Kore№;;Контроль над Северной Кореей;;;X
EVT_3810_DESC;When the war in the Pacific ended, many areas that had been controlled by the Japanese found themselves under new occupation. In Korea, the growing strains between the United States and the Soviet Union led to disagreements over joint-administration, and the country was divided at the 38th parallel. South Korea was an American-backed totalitarian regime, while the Soviet-backed North Korea was put under the control of the staunch communist Kim Il-sung.;A la fin de la guerre du Pacifique, beaucoup de secteurs contrфlйs par les japonais ont sombrй dans une nouvelle occupation. En Corйe, les dйsaccords croissantes entre les Etats-Unis et l'Union Soviйtique ont menйs а l'йchec de l'occupation commune, et le pays а йtй divisйs au trente-huitiиme parallиle. La Corйe du sud йtait un rйgime totalitaire soutenu par les Etats-Unis, alors que la Corйe du nord, soutenue par les soviйtiques, йtait placй sous le contrфle du communiste Kim Il-sung.;Alla fine della guerra nel Pacifico, molte aree precedentemente controllate dai giapponesi si trovarono sotto una nuova occupazione militare. In Corea, i crescenti contrasti tra gli Stati Uniti e l'Unione Sovietica portarono a disaccordi rigurado una amministrazione congiunta, e il paese venne diviso lungo il 38' parallelo. Nella Corea del Sud venne istaurato un regime totaliario supportato dagli americani, mentre nella Corea del Nord, sostenuta dai sovietici, divenne capo del governo il rigido comunista Kim Il Sung.;Cuando la guerra en el Pacнfico terminу, muchas бreas que habнan sido controladas por los japoneses se encontraron a sн mismas bajo una nueva ocupaciуn. En Corea, las crecientes tensiones entre los EEUU y la URSS provocaron desacuerdos sobre la administraciуn conjunta, y el paнs fue dividido en el paralelo 38. Corea del Sur era un rйgimen totalitario apoyado por los EEUU, mientras que Corea del Norte, respaldada por la URSS, quedу bajo el control del acйrrimo comunista Kim Il-sung.;Als der Krieg im Pazifik endete, fanden sich viele frьher Japanisch kontrollierte Gebiete unter neuer Besatzung. In Korea fьhrten die wachsenden Spannungen zwischen den Vereinigten Staaten und der Sovjetunion zu Uneinigkeiten ьber eine gemeinsame Verwaltung und das Land wurde am 38. Breitengrad geteilt. Sьdkorea war ein von den Amerikanern gestьtztes totalitдres Regime, das von den Sowjets unterstьtzte Nordkorea wurde hingegen unter die Kontrolle des ьberzeugten Kommunisten Kim Il-sung gestellt.;Kiedy wojna w teatrze Pacyfiku zakoсczyіa siк, wiele niegdyњ kontrolowanych przez Japoniк terenуw znalazіo siк pod inn№ okupacj№. W Korei rosn№ce napiкcie pomiкdzy Stanami Zjednoczonymi a Zwi№zkiem Radieckim doprowadziіo do nieporozumieс w sprawie wspуlnej administracji i kraj zostaі podzielony wzdіuї 38-ego rуwnoleїnika. Korea Poіudniowa byіa totalitarnym reїimem wspieranym przez Amerykanуw, podczas gdy Korea Pуіnocna zostaіa oddana pod kontrolк zagorzaіego komunisty Kim Il-sunga.;;В соответствии с договоренностями, достигнутыми в ходе Потсдамской конференции, после разгрома квантунской армии советские войска должны были разоружить и пленить японских солдат в Корее на территории севернее 38 параллели, а американские - южнее. Поскольку договориться о создании единой администрации не удалось, вскоре начался процесс формирования двух корейских государств - американцы установили на Юге авторитарный режим во главе с Ли Сын Маном, а на Севере власть получили коммунисты во главе с Ким Ир Сеном. ;;;X
EVT_3810_ACTA;Install a puppet regime!;Installer un rйgime fantoche.;Instaura un governo fantoccio!;Instaurar un rйgimen tнtere;Installiert eine Marionettenregierung!;Wprowadџmy marionetkowy rz№d!;;Установить марионеточный режим!;;;X
EVT_3811_NAME;Controlling South Korea;Contrфle de la Corйe du Sud.;Il controllo della Corea del Sud;El Control de Corea del Sur;Kontrolle ьber Sьdkorea;Kontrola nad Poіudniow№ Kore№;;Контроль над Южной Кореей;;;X
EVT_3811_DESC;When the war in the Pacific ended, many areas that had been controlled by the Japanese found themselves under new occupation. In Korea, the growing strains between the United States and the Soviet Union led to disagreements over joint-administration, and the country was divided at the 38th parallel. The Soviet-backed North Korea was put under the control of the staunch communist Kim Il-sung, while South Korea was an American-backed totalitarian regime.;A la fin de la guerre du Pacifique, beaucoup de secteurs contrфlйs par les japonais ont sombrй dans une nouvelle occupation. En Corйe, les dйsaccords croissantes entre les Etats-Unis et l'Union Soviйtique ont menйs а l'йchec de l'occupation commune, et le pays а йtй divisйs au trente-huitiиme parallиle. La Corйe du nord, soutenue par les soviйtiques, йtait placй sous le contrфle du communiste Kim Il-sung, tandis que la Corйe du sud йtait un rйgime totalitaire soutenu par les Etats-Unis.;Alla fine della guerra nel Pacifico, molte aree precedentemente controllate dai giapponesi si trovarono sotto una nuova occupazione militare. In Corea, i crescenti contrasti tra gli Stati Uniti e l'Unione Sovietica portarono a disaccordi rigurado una amministrazione congiunta, e il paese venne diviso lungo il 38' parallelo. Nella Corea del Sud venne istaurato un regime totaliario supportato dagli americani, mentre nella Corea del Nord, sostenuta dai sovietici, divenne capo del governo il rigido comunista Kim Il Sung.;Cuando la guerra en el Pacнfico terminу, muchas бreas que habнan sido controladas por los japoneses se encontraron a sн mismas bajo una nueva ocupaciуn. En Corea, las crecientes tensiones entre los EEUU y la URSS provocaron desacuerdos sobre la administraciуn conjunta, y el paнs fue dividido en el paralelo 38. Corea del Sur era un rйgimen totalitario apoyado por los EEUU, mientras que Corea del Norte, respaldada por la URSS, quedу bajo el control del acйrrimo comunista Kim Il-sung.;Als der Krieg im Pazifik endete, fanden sich viele frьher Japanisch kontrollierte Gebiete unter neuer Besatzung. In Korea fьhrten die wachsenden Spannungen zwischen den Vereinigten Staaten und der Sovjetunion zu Uneinigkeiten ьber eine gemeinsame Verwaltung und das Land wurde am 38. Breitengrad geteilt. Das von den Sowjets unterstьtzte Nordkorea wurde unter die Kontrolle des ьberzeugten Kommunisten Kim Il-sung gestellt, Sьdkorea hingegen war ein von den Amerikanern gestьtztes totalitдres Regime.;Kiedy wojna w teatrze Pacyfiku zakoсczyіa siк, wiele niegdyњ kontrolowanych przez Japoniк terenуw znalazіo siк pod inn№ okupacj№. W Korei rosn№ce napiкcie pomiкdzy Stanami Zjednoczonymi a Zwi№zkiem Radieckim doprowadziіo do nieporozumieс w sprawie wspуlnej administracji i kraj zostaі podzielony wzdіuї 38-ego rуwnoleїnika. Wspierana przez Sowietуw Korea Pуіnocna zostaіa oddana pod kontrolк zagorzaіego komunisty Kim Il-sunga, podczas gdy Korea Poіudniowa byіa totalitarnym reїimem wspieranym przez Amerykanуw.;;В соответствии с договоренностями, достигнутыми в ходе Потсдамской конференции, после разгрома квантунской армии советские войска должны были разоружить и пленить японских солдат в Корее на территории севернее 38 параллели, а американские - южнее. Поскольку договориться о создании единой администрации не удалось, вскоре начался процесс формирования двух корейских государств - американцы установили на Юге авторитарный режим во главе с Ли Сын Маном, а на Севере власть получили коммунисты во главе с Ким Ир Сеном. ;;;X
EVT_3811_ACTA;Install a de facto puppet regime!;Installer un rйgime fantoche.;Instaura un governo di fatto fantoccio!;Instaurar un rйgimen tнtere;Installiert eine de facto Marionettenregierung!;Wprowadџ de facto marionetkowy rz№d!;;Установить марионеточный режим!;;;X
EVT_3812_NAME;A New Red World!;Un nouveau monde rouge.;Un nuovo mondo comunista!;Un nuevo mundo rojo;Eine neue rote Welt!;Nowy Czerwony Њwiat!;;Новый красный мир!;;;X
EVT_3812_DESC;When the war in the Pacific ended, many areas that had been controlled by the Japanese found themselves under new occupation. Manchuria was occupied by the Soviet Red Army, but the Soviets soon began to turn the area over to Mao Zedong's communist forces. Although an uneasy truce had existed between the Communists and Nationalists during the war, the personal hatred that Mao Zedong and Chiang Kai-shek shared for each other saw that civil war would continue once the Japanese had been expelled.;A la fin de la guerre du Pacifique, beaucoup de secteurs contrфlйs par les japonais ont sombrй dans une nouvelle occupation. La Manchourie, йtait occupйe par l'armйe rouge, mais les soviйtiques ont trиs tфt cйdй le contrфle de la rйgion aux forces communistes de Mao Zedong. Bien qu'une trкve ait existй entre les communistes et les nationalistes pendant la guerre, la haine personnelle que Mao Zedong et Chiang Kaп-chek ont partagй l'un pour l'autre a assurй la poursuite de la guerre civile aprиs l'expulsion des japonais.;Alla fine della guerra nel Pacifico, molte aree precedentemente controllate dai giapponesi si trovarono sotto una nuova occupazione militare. La Manciuria venne occupata dall'Armata Rossa, ma i sovietici iniziarono presto a cedere il controllo alle forze comuniste di Mao Zedong. Sebbene una flebile tregua era in atto tra i Comunisti e i Nazionalisti durante la guerra, l'odio personale che Mao Zedong e Chiang Kai-Shek avevano l'un l'altro mostrava che la guerra civile sarebbe continuata appena i giapponesi fossero stati scacciati.;Cuando la guerra en el Pacнfico terminу, muchas бreas que habнan sido controladas por los japoneses se encontraron a sн mismas bajo una nueva ocupaciуn. Manchuria fue ocupada por el Ejйrcito Rojo, pero los soviйticos enseguida comenzaron a ceder la zona a las fuerzas comunistas de Mao Zedong. Aunque existнa una tensa tregua entre los Comunistas y Nacionalistas durante la guerra, el odio personal que Mao Zedong y Chiang Kai-shek se profesaban fue suficiente para que se retomase la guerra civil una vez fueron expulsados los japoneses.;Als der Krieg im Pazifik endete, fanden sich viele frьher Japanisch kontrollierte Gebiete unter neuer Besatzung. Die Mandschurei war von der Sowjetischen Roten Armee besetzt, aber die Sowjets begannen bald das Gebiet an Mao Zedongs kommunistische Streitkrдfte zu ьbergeben. Obwohl eine unsicher Waffenruhe zwischen den Kommunisten und Nationalisten wдhrend des Kriegs existert hatte, wьrde der Bьrgerkrieg auf Grund des persцnlichen Hasses zwischen Mao Zedong und Chiang Kai-shek wieder entflammen, sobald die Japaner aus dem Land gejagt werden wьrden.;Kiedy wojna w teatrze Pacyfiku zakoсczyіa siк, wiele niegdyњ kontrolowanych przez Japoniк terenуw znalazіo siк pod inn№ okupacj№. Mandїuria byіa okupowana przez Armiк Czerwon№, lecz Sowieci szybko zaczкli oddawaж te tereny pod kontrolк komunistycznych siі Mao Tse-Tunga.Podczas wojny przeciwko Japonii, miкdzy chiсskimi Komunistami a Nacjonalistami obowi№zywaіo kruche zawieszenie broni, jednak wzajemna nienawiњж Mao Tse-Tunga i Czang Kaj-Szeka powodowaіa, їe wojna domowa mogіa w kaїdej chwili wybuchn№ж na nowo natychmiast po pokonaniu Japoсczykуw.;;После окончания войны на Дальнем Востоке Маньчжурию заняли советские войска, однако вскоре Красная армия передала эти земли под контроль коммунистов во главе с Мао Цзэдуном. Несмотря на то что во время Второй Мировой Мао Цзэдун и Чан Кайши заключили перемирие, стало очевидным, что вскоре после изгнания японцев гражданская война в Китае возобновится.;;;X
EVT_3812_ACTA;Reward the Chinese Communists;Rйcompenser la Chine communiste.;Ricompensa i comunisti cinesi!;Recompensar a los Comunistas Chinos;Belohnt die Chinesischen Kommunisten!;Wynagrуdџ chiсskich komunistуw!;;Поддержать китайских коммунистов;;;X
EVT_3813_NAME;The Siamese surrender;La reddition du Siam.;Il Siam si arrende;La rendiciуn de Siam;Die Siamesische Kapitulation ;Syjam poddaje siк;;Капитуляция Сиама;;;X
EVT_3813_DESC;Although not particularly friendly to the Japanese cause, Siam had agreed to join the 'Asian Co-prosperity Sphere' in order to keep as much of its sovereignty as possible. Once the Japanese defeat became clear, Siam's leaders sought to make peace with the Allies, claiming that they were not true friends of Japan, but merely trying to avoid their wrath.;Bien que ne portant pas particuliиrement la cause japonaise en son cњur, le Siam а rejoint la ' sphиre de co-prospйritй asiatique ' dans l'espoir de conserver ainsi sa souverainetй. Une fois la dйfaite japonaise йvidente, les dirigeants du Siam ont recherchй la paix avec les Alliйs, dйclarants n'avoir rejoint le Japon que pour en йviter les foudres.;Anche se non particolarmente favorevole alla causa giapponese, il Siam aveva aderito alla 'Sfera di Co-Prosperitа Asiatica' allo scopo di mantenere quanto piщ possibile l'indipendenza. Una volta che la sconfitta giapponese divenne evidente, i leader siamesi cercarono di stipulare la pace con gli alleati, affermando che non erano veri amici dei giapponesi ma che cercavano unicamente di evitare la loro ira.;Aunque no fuera particularmente partidario de la causa japonesa, Siam accediу a unirse a la 'Esfera de Co-prosperidad Asiбtica' para mantener su soberanнa. Una vez que la derrota japonesa pareciу segura, los lнderes siameses buscaron la paz con los Aliados, alegando que no eran verdaderos aliados del Japуn, sino que simplemente buscaban evitar su ira.;Obwohl nicht besonders freundlich gegenьber der Japanischen Sache, stimmte Siam zu, der 'Asiatischen Wohlstandssphдre' beizutreten, um soviel Souverдnitдt als mцglich zu behalten. Als die Niederlage Japans offensichtlich wurde, versuchten die Anfьhrer Siams mit den Alliierten Frieden zu schlieЯen, behauptend sie wдren keine echten Freunde Japans, aber bloЯ um ihrem Zorn zu entgehen.;Mimo niebyt przyjaznego nastawienia do Japonii Syjam zgodziі siк przyі№czyж do 'Azjatyckiej Strefy Wspуlnego Dobrobytu' maj№c na celu zachowaж tyle niezaleїnoњci ile byіo moїliwe. Kiedy poraїka Japoсczykуw staіa siк oczywista, przywуdcy Syjamu szukali moїliwoњci pokoju z Aliantami, twierdz№c їe nie s№ prawdziwymi przyjaciуіmi Japonii, faktycznie jednak prуbowali unikn№ж gniewu Aliantуw.;;Хотя Сиам никогда не являлся действительно дружественным Японии государством, руководство этой страны решило войти в 'Восточноазиатскую сферу сопроцветания'. Оно надеялось, что это поможет избежать японской интервенции. Когда стало понятно, что Япония проиграет войну, в Сиаме начали искать мира с Союзниками. Тайцы утверждали, что они не дружили с японцами, а лишь заигрывали с ними, чтобы не допустить вмешательства во внутренние дела своей страны.;;;X
EVT_3813_ACTA;Let us hope for mercy...;Espйrons la clйmence.;Confidiamo nella clemenza...;Pidamos clemencia...;Lasst uns auf Gnade hoffen...;Miejmy nadziejк na litoњж...;;Будем надеяться на их милосердие…;;;X
EVT_3814_NAME;The Fall of the Chinese Dragon;La chute du dragon chinois.;La caduta del Drago Cinese;La Caнda del Dragуn Chino;Der Fall des Chinesische Drachen;Upadek Chiсskiego Smoka.;;Падение Китайского Дракона;;;X
EVT_3814_DESC;Japan began its invasion of China as a war to secure resources to make later wars. Officially under the guise of creating a Co-prosperity Sphere throughout Asia, it quickly became clear that Japan's ambitions were greater. After nearly all of China was swallowed up by the Japanese Army, the Chinese recognized the futility of their battle and surrendered what was left of their forces. Chiang Kai-shek, leader of the Kuomintang faction which nominally controlled China, disappeared without a trace.;L'invasion de la Chine par le Japon йtait motivйe par l'acquisition de ressources indispensables aux guerres qui suivraient. Officiellement sous le prйtexte de la crйation d'une sphиre de co-prospйritй asiatique, il est vite devenu clair que les ambitions du Japon йtaient plus grandes encores. Aprиs que la quasi-totalitй de la Chine ait йtй engloutie par l'armйe japonaise, les Chinois ont rйalisй la futilitй de leur lutte, et ce qui reste de leur armйe a concйdй leur reddition. Tchang Kaп-chek, le chef du Guomindang qui йtait aussi le chef d'йtat de la chine, а alors disparu sans laisser de traces.;Il Giappone aveva iniziato l'invasione della Cina per assicurarsi le risorse necessarie per le guerre future. Mascherate ufficialmente dalla creazione della 'Sfera di Co-Prosperitа Asiatica', divenne presto chiaro che le ambizioni giapponesi erano ben maggiori. Dopo che praticamente l'intero territorio cinese venne inghiottito dell'esercito giapponese, la Cina riconobbe l'inutilitа di ulteriori resistenze e le forze superstiti si arresero. Chiang Kai-Shek, capo del Kuomintang che ufficialmente controllava la Cina, scomparve senza alcuna traccia.;Japуn comenzу su invasiуn de China como una guerra para apoderarse de recursos naturales necesarios para las prуximas guerras. Oficialmente bajo la apariencia de crear una 'Esfera de Co-prosperidad' a lo largo y ancho de Asia, pronto se hizo evidente que las ambiciones japonesas eran mayores. Ahora que la mayorнa de China ha caнdo bajo el control del ejйrcito nipуn, los chinos reconocen la futilidad de sus esfuerzos y rinden lo que queda de sus fuerzas. Chiang Kai-shek, lнder del Kuomintang, que nominalmente controlaba China, ha desaparecido sin rastro. ;Japan begann seine Invasion Chinas als einen Krieg zu Sicherung von Rohstoffen fьr spдtere Kriege. Offiziell unter dem Deckmantel der Erschaffung einer Wohlstandssphдre ьber ganz Asien, wurde es schnell offensichtlich, dass Japans Ambitionen von grцЯerer Natur waren. Nachdem beinahe ganz China von der Japanische Armee geschluckt worden war, erkannten die Chinesen die Sinnlosigkeit ihres Kampfes und kapitulierten mit dem Rest ihrer Streitkrдfte. Chiang Kai-shek, Fьhrer der Kuomintang Fraktion, welche nominell China kontrollierte, verschwand ohne eine Spur.;Japonia rozpoczкі№ swoj№ inwazjк na Chiny, aby zabezpieczyж zasoby potrzebne do dalszych wojen. Oficjalnym pretekstem byіo tworzenie Strefy Wspуlnego Dobrobytu w caіej Azji, jednak szybko okazaіo siк, їe ambicje japoсskie siкgaj№ znacznie dalej. Kiedy niemal caіy obszar Chin zostaі opanowany przez Armiк Japonii, Chiсczycy uznali bezcelowoњж dalszej walki i skapitulowali. Czang Kaj-Szek, przywуdca Kuomintangu, frakcji, ktуra nominalnie kontrolowaіa Chiny, znikn№і bez њladu.;;Япония вторглась в Китай, чтобы получить доступ к необходимым для проведения активных боевых действий ресурсам. На словах японцы пытались создать 'Восточно-Азиатскую сферу сопроцветания', а на деле хотели подчинить себе все народы этой части света. После того как японцы оккупировали значительную часть территории Китая, китайцы поняли, что не могут дальше сопротивляться и сдались. ;;;X
EVT_3814_ACTA;Let us hope for mercy from the Japanese...;Espйrons que les japonnais se montrent clйments.;Confidiamo nella clemenza giapponese.......;Esperemos la clemencia de los japoneses...;Lasst uns auf Gnade von den Japanern hoffen...;Miejmy nadziejк na japoсsk№ litoњж...;;Будем надеяться на милость японцев…;;;X
EVT_3814_ACTB;We shall never surrender to these usurpers!;Nous ne nous rendrons jamais aux usurpateurs.;Non ci arrenderemo mai agli invasori!;ЎNunca nos rendiremos ante los usurpadores!;Wir werden uns niemals diesen Rдubern ergeben!;Nigdy nie poddamy siк tym uzurpatorom!;;Мы никогда не сдадимся оккупантам!;;;X
EVT_3815_NAME;The Fate of China;La destinйe de la Chine.;Il destino della Cina;El Destino de China;Das Schicksal Chinas;Chiсskie zaufanie;;Судьба Китая;;;X
EVT_3815_DESC;Japanese ambitions on the Asian mainland largely began with the annexation of Korea in 1910 and the takeover of Manchuria in 1931. The Marco Polo Bridge incident was used as an excuse for the latest Sino-Japanese War which ended in total Japanese victory. The Chinese government was forced to sign a humiliating surrender on the very bridge that started the war. Chiang Kai-shek, leader of the Kuomintang faction which nominally controlled China, disappeared without a trace.;Les ambitions japonaises sur le continent asiatique dйbutиrent rйellement avec l'annexion de la Corйe en 1910 et la prise de contrфle de la Mandchourie en 1931. L'incident du pont Marco Polo fut utilisй comme prйtexte pour la derniиre guerre Sino-Japonaise, une victoire totale des Japonais. Le gouvernement Chinois fut contraint а signer une reddition humiliante sur le pont impliquй au commencement de la guerre. Chiang Kai-shek, leader du Kuomintang, la faction supposйe diriger la Chine, disparut sans laisser de trace.;Le ambizioni giapponesi su continente asiatico iniziarono con l'annessione della Corea nel 1910 e successivamente della Manciuria nel 1931. L'incidente del ponte Marco Polo fu usato come scusa per l'ultima guerra Cino-Giapponese che terminт con la completa vittoria del Giappone. Il governo cinese fu costretto a siglare una pace umiliante sullo stesso ponte che aveva dato origine alla guerra. Chiang Kai-Shek, capo del Kuomintang che ufficialmente controllava la Cina, scomparve senza alcuna traccia. ;Las ambiciones japoneses en el continente asiбtico comenzaron con la anexiуn de Corea en 1910 y la absorciуn de Manchuria en 1931. El incidente del Puente de Marco Polo se utilizу como excusa para la ъltima guerra Chino-Japonesa que ha terminado con la victoria nipona. El Gobierno Chino ha sido obligado a firmar una humillante rendiciуn en el mismo puente que viу el comienzo de la guerra. Chiang Kai-shek, lнder del Kuomintang, que nominalmente controlaba China, ha desaparecido sin rastro. ;Japanische Ambitionen am asiatischen Festland begannen im GroЯen und Ganzen mit der Annektion von Korea 1910 und der Ьbernahme der Mandschurei 1931. Der Zwischenfall an der Marco-Polo-Brьcke wurde als eine Ausrede fьr den neuesten Chinesisch-Japanischen Krieg benutzt, welcher in einem totalen Japanischen Sieg endete. Die Chinesische Regierung wurde gezwungen eine erniedrigende Kapitulation auf der selben Brьcke zu unterzeichnen, die den Krieg ausgelцst hatte. Chiang Kai-shek, Fьhrer der Kuomintang Fraktion, welche nominell China kontrollierte, verschwand ohne eine Spur.;Japoсskie ambicje imperialne na azjatyckim kontynencie rozpoczкіy siк aneksj№ Korei w 1910 i wzrosіy wraz z przejкciem Mandїurii w 1931. Incydent na Moњcie Marco Polo zostaі uїyty jako pretekst do wojny chiсsko-japoсskiej, ktуra zakoсczyіa siк kompletnym zwyciкstwem Japoсczykуw. Chiсski rz№d zostaі zmuszony do podpisania upokarzaj№cej kapitulacji na moњcie podobnym do tego, od ktуrego rozpoczкіa siк ta wojna. Czang Kaj-Szek, przywуdca Kuomintangu, frakcji ktуra nominalnie kontrolowaіa Chiny, znikn№і bez њladu.;;Японцы создали плацдарм для дальнейшего проникновения в Азию, аннексировав Корею в 1910 году и оккупировав Маньчжурию в 1931. Инцидент на мосту Марко Поло стал поводом для начала китайско-японской войны, которая завершилась полной победой Японии. Китайское правительство подписало договор о капитуляции на том самом мосту, где произошло событие, за которым последовало начало боевых действий. ;;;X
EVT_3815_ACTA;Install a loyal puppet in China;Installer un йtat fantoche loyal en Chine;Instaura un leale governo fantoccio in Cina;Instaurar un gobierno tнtere en China;Installiert eine loyale Marionette in China;Zainstaluj lojalny marionetkowy rz№d chiсski;;Установить марионеточный режим в Китае;;;X
EVT_3815_ACTB;Carve up the Chinese lands;Redessiner le territoire Chinois;Depreda i territori cinesi;Dividir el territorio chino;Zerteilt die Chinesischen Lдndereien;Podziel chiсskie ziemie;;Разделить китайские земли;;;X
EVT_3815_ACTC;Total occupation!;Occupation totale!;Occupazione totale!;ЎOcupaciуn total!;Totale Okkupation!;Peіna okupacja!;;Полностью оккупировать страну!;;;X
EVT_3816_NAME;Victory over the Chinese!;Victoire sur les Chinois!;Vitoria sui cinesi!;ЎVictoria sobre los Chinos!;Sieg ьber die Chinesen!;Pokonanie Chin!;;Победа над Китаем!;;;X
EVT_3816_DESC;China and all the Chinese now bow to our will!;La Chine et tous les Chinois vont se plier а nфtre volontй!;La Cina e tutti i cinesi si inchinano al nostro volere!;ЎChina y todos los chinos se arrodillan ante nuestra voluntad!;China und alle Chinesen unterwerfen sich nun unserem Willen!;Chiny i wszyscy Chiсczycy uginaj№ siк teraz pod nasz№ wol№!;;Китай и весь его народ теперь подчинены нашей воле!;;;X
EVT_3816_ACTA;Victory!;Victoire!;Vittoria!;ЎVictoria!;Sieg!;Zwyciкstwo!;;Победа!;;;X
EVT_3817_NAME;Dealing with the Chinese Warlords;Nйgocier avec les seigneurs de guerrre chinois;Trattare con i Signori della Guerra in Cina;Acuerdo con los Caudillos Chinos;Abkommen mit den Chinesischen Kriegsherrn;Rozprawa z chiсskimi koteriami;;Отношения с китайскими военачальниками;;;X
EVT_3817_DESC;Let us buy those warlords off;Achetons donc la volontй de tous ces chefs de guerre chinois;Paghiamo questi Signori della Guerra;Compremos a esos 'Seсores de la Guerra';Lasst uns diese Kriegsherrn ausbezahlen;Przekupmy przywуdcуw pozostaіych koterii;;Давайте откупимся от них;;;X
EVT_3818_NAME;Gaining control over China;Prendre le contrфle de la Chine;Instaurare il controllo sulla Cina;El Control sobre China;Kontrolle ьber China erlangen;Uzyskanie kontroli nad Chinami;;Контроль над Китаем;;;X
EVT_3818_DESC;Puppet them all!;Tous seront nos йtats fantoches!;Mettiamo dei governi fantoccio!;ЎConvertirlos a todos en tнteres!;Installiert Marionetten!;Niech wszyscy stan№ siк naszymi marionetkami!;;Сделаем Китай марионеточным государством;;;X
EVT_3819_NAME;China: A pawn to the Japanese;La Chine: Un pion entre les doigts des Japonais;Cina: una pedina dei giapponesi;China: un peуn del Imperio japonйs;China: Ein Pfand an die Japaner;Chiny: pionek w rкkach Japoсczykуw;;Китай - пешка в руках японцев;;;X
EVT_3819_DESC;After our humiliating defeat at the hand of the Japanese, we are now no more than a pawn in the hands of Tokyo.;Aprиs nфtre dйfaite humiliante face aux Japonais, nous ne sommes dйsormais plus qu'un pion entre les doigts de Tokyo.;Dopo una umiliante sconfitta per meno dei giapponesi, siamo solo delle pedine nelle mani di Tokyo.;Tras nuestra humillante derrota ante el Japуn, ahora no somos sino un peуn en manos de Tokio.;Nach unserer erniedrigender Niederlage durch die Japaner, sind wir nun nicht mehr als ein Pfand in den Hдnden Tokyos.;Po tak haсbi№cej klкsce z r№k Japoсczykуw, nie jesteњmy niczym wiкcej niї pionkiem w rкkach Tokio.;;После сокрушительного поражения от Японии мы превратились в пешку в руках Токио.;;;X
EVT_3820_NAME;The Japanese reshuffle of the Asian map;Le Japon redessine la carte de l'Asie;Il Giappone ridisegna la mappa dell'Asia;Japуn dibuja un nuevo mapa de Asia;Die Japanische Neugestaltung der asiatischen Landkarte;Japoсczycy przetasowuj№ mapк Azji;;Японцы перекраивают карту Азии;;;X
EVT_3820_DESC;We are now reorganizing the map of Asia.;Rйorganisons maintenant la carte de l'Asie.;Stiamo ridisegnado i confini dell'Asia.;Estamos reorganizando el mapa polнtico del continente asiбtico.;Wir gestelten nun die Landkarte Asiens neu.;Rysujemy now№ mapк Azji.;;Мы можем по своему усмотрению изменять границы азиатских государств.;;;X
EVT_3822_NAME;Concessions;Concessions;Concessioni;Concesiones;Zugestдndnisse;Koncesje;;Концессии;;;X
EVT_3822_DESC;We must transfer control of the Burmese and Tibetan frontier to Japan.;Nous devons transfйrer le contrфle des frontiиres Birmanes et Tibйtaines au Japon.;Dobbiamo trasferire il controllo delle frontiere di Burma e del Tibet al Giappone.;Debemos ceder el control de la frontera Birmana y Tibetana al Japуn.;Wir mьssen die Kontrolle ьber die Burmesische und Tibetanische Grenze an Japan ьbergeben.;Musimy oddaж Japonii kontrolк nad prowincjami granicz№cymi z Tybetem i Birm№.;;Мы должны передать контроль над бирманской и тибетской границами Японии.;;;X
EVT_3822_ACTA;We have little choice;Nous n'avons pas vraiment le choix;Abbiamo poca scelta;No tenemos opciуn;Wir haben keine andere Wahl;Mamy niewielki wybуr;;У нас нет выбора;;;X
EVT_3823_NAME;The Fading Sun;Le soleil couchant;La caduta del Sole Nascente;El Sol Poniente;Die verblassende Sonne;Zachodz№ce Sіoсce;;Поблекшее солнце;;;X
EVT_3823_DESC;We have pushed back the Japanese barbarians! They will agree to anything we demand!;Nous avons repoussй les barbares Japonais! Ils accepterons n'importe laquelle de nos demandes!;Abbiamo ricacciato i barbari giapponesi. Ora dovranno acconsentire alle nostre richieste!;ЎHemos expulsado a los bбrbaros japoneses! Accederan a todo aquello que les exijamos!;Wir haben die Japanische Barbaren zurьckgedrдngt! Sie werden allem zustimmen, was wir verlangen.;Odparliњmy japoсskich barbarzyсcуw! Zgodz№ siк na to czego zaї№damy!;;Мы отбросили назад японских варваров! Они примут любые наши требования!;;;X
EVT_3823_ACTA;Humiliate the Japanese!;Humilier les Japonais!;Umiliare i giapponesi!;Humillar a los japoneses;Erniedrigt die Japaner!;Upokorzymy Japoсczykуw!;;Воспользуемся положением!;;;X
EVT_3823_ACTB;We push for total victory!;En route vers la victoire totale!;Andiano avanti verso la vittoria definitiva!;Busquemos la victoria total;Wir wollen einen totalen Sieg!;D№їymy do zupeіnego zwyciкstwa!;;Нам нужна полная победа!;;;X
EVT_3824_NAME;The Fading Sun;Le soleil couchant;La caduta del Sole Nascente;El Sol Poniente;Die verblassende Sonne;Zachodz№ce Sіoсce;;Поблекшее солнце;;;X
EVT_3824_DESC;We were soundly defeated by the Chinese scum! This day lives on in infamy!;Nous avons йtй sйvиrement battus par la racaille Chinoise! Cela restera comme un jour d'infamie!;Siamo stati sonoramente sconfitti dai cinesi. Questo giorno verrа ricordato con infamia!;Hemos sido claramente derrotados por la escoria china. ЎEste dнa pervivirб en la infamia!;Wir wurden grьndlich vom Chinesischen Abschaum geschlagen! Dieser lebt weiter in Schande!;Nasze armie zostaіy dotkliwie pobite przez chiсski motіoch! Ten dzieс pozostanie w niesіawie!;;Мы потерпели сокрушительное поражение от китайских мерзавцев! Это день позора нашей державы!;;;X
EVT_3824_ACTA;We yield because we have no choice;Nous nous inclinons car nous n'avons pas le choix;Non abbiamo altra scelta che piegarci;Cedemos porque no hay otra opciуn;Wir ergeben uns, da wir keine Chance haben!;Poddajemy siк, nie mamy innego wyboru;;Мы это заслужили!;;;X
EVT_3824_ACTB;Japan will never surrender!;Le Japon ne se rendra jamais!;Il Giappone non si arrenderа mai!;ЎJapуn nunca se rendirб!;Japan wird niemals aufgeben!;Japonia nigdy siк nie podda!;;Япония никогда не сдается!;;;X
EVT_3825_NAME;China defeats Japan and Korea is freed;La Chine vainc le Japon et la Corйe est libйrйe;La Cina sconfigge il Giappone e ora la Corea и stata liberata;China derrota al Japуn y Corea es liberada;China besiegt Japan und Korea wird befreit;Chiny pokonuj№ Japoniк i wyzwalaj№ Koreк;;Китай побеждает Японию, Корея становится свободной;;;X
EVT_3825_DESC;China is nearly unified!;La Chine est quasiment unifiйe!;La Cina si и quasi unificata!;ЎChina estб casi unificada!;China ist beinahe vereint!;Chiny s№ prawie zjednoczone!;;Китай почти объединен!;;;X
EVT_3825_ACTA;Horrible!;Horrible!;Orribile!;ЎHorrible!;Schrecklich!;To straszne!;;Ужасно!;;;X
EVT_3826_ACTA;Huzzah!;Hourrah!;Urrah!;ЎHurra!;Hurrah!;Hurra!;;Ура!;;;X
EVT_3827_NAME;China annexes Mongolia;La Chine annexe la Mongolie;La Cina annette la Mongolia;China anexiona Mongolia;China annektiert die Mongolei;Chiny anektuj№ Mongoliк;;Китай аннексирует Монголию;;;X
EVT_3827_DESC;At last those renegades in Mongolia bow to our will again!;Enfin ces rйnйgats de Mongolie se plieront а nouveau а nфtre volontй!;Almeno quei rinnegati in Mongolia si piegheranno di nuovo al nostro volere!;Al fin esos renegados mongoles se arrodillarбn de nuevo ante nuestra voluntad.;Zumindest diese Ьberlдufer in der Mongolei ergeben sich unserem Willen!;W koсcu mongolscy renegaci ponownie ugn№ siк przed nasz№ wol№!;;Наконец-то эти монгольские отступники снова будут делать то, что мы прикажем!;;;X
EVT_3828_DESC;We must transfer control of Guangzhou to Japan.;Nous transfйrons le pouvoir de Guangzhou au Japon.;Dobbiamo trasferire al Giappone il controllo dello Guangzhou.;Debemos transferir el control de Guangzhou a Japуn.;Wir mьssen die Kontrolle ьber Guangzhou an Japan abgeben.;Musimy przekazaж Japonii kontrolк nad Guangzhou.;;Мы должны передать Кантон Японии.;;;X
EVT_3829_DESC;We must transfer control of Yucheng to Japan.;Nous transfйrons le pouvoir de Yucheng au Japan.;Dobbiamo trasferire al Giappone il controllo dello Yucheng.;Debemos transferir el control de Yucheng a Japуn.;Wir mьssen die Kontrolle ьber Yucheng an Japan abgeben.;Musimy przekazaж Japonii kontrolк nad Yucheng.;;Мы должны передать Юйчэн Японии.;;;X
EVT_3830_DESC;We must transfer control of Yushu to Japan.;Nous transfйrons le pouvoir de Yushu au Japan.;Dobbiamo trasferire al Giappone il controllo dello Yushu.;Debemos transferir el control de Yushu a Japуn.;Wir mьssen die Kontrolle ьber Yushu an Japan abgeben.;Musimy przekazaж Japonii kontrolк nad Yushu.;;Мы должны передать Юйшу Японии.;;;X
EVT_3831_NAME;The Manchurian Transfer of Xilinhot;Le transfert Mandchou de Xilinhot;La cessione dello Xilinhot da parte della Manciuria;La Transferencia de Xilinhot;Der mandschurische Transfer von Xilinhot;Mandїukuo przekazuje Xilinhot;;Передача Силин-Хото;;;X
EVT_3831_DESC;Our masters in Tokyo have requested total military control of the Xilinhot area. We have no choice but to accept!;Nos maоtres а Tokyo ont exigй un contrфle militaire total de la zone de Xilinhot. Nфtre seul choix est d'accepter!;I nostri signori a Tokyo hanno richiesto il controllo militare totale della regione dello Xilinhot. Non abbiamo altra scelta che accettare!;Nuestros seсores en Tokio han exigido total control del бrea de Xilinhot. No tenemos otra opciуn que aceptar.;Unsere Herren in Tokyo haben die totale militдrische Kontrolle ьber das Xilinhot Gebiet gefordert. Wir haben keine Wahl als zu akzeptieren!;Nasi panowie w Tokio zaї№dali peіnej kontroli nad obszarem Xilinhot. Nie mamy wyboru, musimy siк zgodziж!;;Наши хозяева в Токио хотят, чтобы мы передали им Силин-Хото. Нам придется согласиться!;;;X
EVT_2710_NAME;Bulgarian claims on Constanta;Revendications bulgares sur Constanta;Le rivendicazioni bulgare su Constanza;Bulgaria reclama Constanta;Bulgarische Ansprьche auf Konstanz;Buіgarskie pretensje do Constanty;;Болгария претендует на Констанцу;;;X
EVT_2710_DESC;On September 7th, 1940, the Treaty of Craiova was signed between Romania and Bulgaria. Romania did so reluctantly and only under pressure from Hitler's regime. The Romanians had to cede the southern part of the Dobrogea area which they had captured in the Second Balkan War, as well as participate in a population transfer of ethnic Romanians from the territory.;Le 7 Septembre 1940, le traitй de Craiova fut signй entre la Roumanie et la Bulgarie. La Roumanie ne le fit qu'а reculons et seulement sous pression du rйgime Hitlйrien. Les Roumains durent concйder la partie sud de la Dobrogea qu'ils avaient capturй lors de la seconde guerre Balkanique, ainsi que la participation а un transfert de population des ethnies Roumaines du territoire.;Il 7 settembre 1940 venne firmato il trattato di Craiova tra la Romania e la Bulgaria. La Romania era molto riluttante, e agм solo dietro pressione del regime di Hitler. I rumeni dovettero cedere la parte settentrionale della regione di Bobrogea, che avevano catturato durante la Seconda Guera Balcanica ed effettuare il trasferimento delle popolazioni di etnia rumena nel territorio.;El 7 de Septiembre de 1940, se firmу el Tratado Craiova entre Rumanнa y Bulgaria. Rumanнa lo hizo a regaсadientes y sуlo debido a la presiуn de Hitler. Los rumanos deberнan ceder la parte sur del бrea de Dobrogea que habнan conquistado durante la Segunda Guerra de los Balcanes asн como participar en la transferencia de la poblaciуn de etnia rumana de dicho territorio.;Am 7. September 1940, wurde der Vertrag von Craiova zwischen Rumдnien und Bulgarien abgeschlossen. Rumдnien tat dies ungern und nur unter dem Druck von Hitlers Regime. Die Rumдnen mussten sowohl den sьdlichen Teil der Region Dobrogea abgeben, welche sie im zweiten Balkankrieg besetzt hatten, als auch an einem Bevцlerungstransfer von ethnischen Rumдnen aus dem Gebiet teilnehmen.;Siуdmego wrzeњnia 1940 Rumunia i Buіgaria podpisaіy Traktat w Krajowej. Rumunia zrobiіa to niechкtnie, wyі№cznie pod naciskiem reїimu Hitlera. Rumuni musieli oddaж poіudniow№ czкњж Dobrudїy, ktуr№ zdobyli podczas Drugiej Wojny Baіkaсskiej, oraz uczestniczyж w przesiedleniu ludnoњci rumuсskiej z tego terytorium.;;7 сентября 1940 года Румыния и Болгария подписали Крайовский договор. Бухарест сделал это неохотно и только под нажимом Гитлера. Румынам пришлось уступить южную часть Добруджи, которую они захватили в ходе Второй Балканской войны, а также вывезти этнических румын с этой территории.;;;X
EVT_2710_ACTA;Constanta will be ours!;Constanta est а nous!;Constanza tornerа nostra!;ЎConstanta serб nuestra!;Konstanz wird uns gehцren!;Constanta bкdzie nasza!;;Констанца будет нашей!;;;X
EVT_2710_ACTB;We cannot afford sour relations with our neighbor;Nous ne pouvons pas nous permettre de mauvaises relations avec nфtre voisin;Non possiamo permetterci un peggioramento delle relazioni con i nostri vicini;No podemos arriesgar nuestras relaciones con Rumanнa;Wir kцnnen uns keine schlechten Beziehungen zu unserem Nachbarn erlauben;Nie moїemy sobie powoliж na psucie stosunkуw z naszym s№siadem;;Мы не будем портить отношения с соседями;;;X
EVT_2711_ACTA;A necessary sacrifice;Un sacrifice nйcйssaire;Un sacrificio necessario;Un sacrificio necesario;Ein notwendiges Opfer;To konieczne poњwiкcenie;;Придется пожертвовать этими землями;;;X
EVT_2711_ACTB;No country will humiliate us like this!;Nul pays ne nous humiliera de la sorte!;Nessuna nazione puт umiliarci cosм!;ЎNingъn paнs nos humillarб de йste modo!;Kein Land wird uns auf diese Weise erniedrigen!;Їaden kraj nie bкdzie nas tak upokarzaі!;;Мы не позволим так себя унижать!;;;X
EVT_2712_NAME;Romania ignores our claims;La Roumanie ignore nos revendications;La Romania ignora le nostre rivendicazioni;Rumanнa ignora nuestras exigencias;Rumдnien ignoriert unsere Ansprьche;Rumunia ignoruje nasze ї№dania;;Румыния отказывает нам;;;X
EVT_2712_DESC;The treacherous Romanians have refused our rightful demands! We cannot stand for this, there must be war!;Les perfides Roumains ont refusй nos demandes lйgitimes! Cela ne passera pas, seule la guerre est possible!;I subdoli rumeni hanno rifiutato le nostre legittime richieste. Non possiamo sopportarlo, questo significa guerra!;ЎLos traicioneros rumanos han rechazado nuestras justas demandas! No podemos tolerarlo, Ўdebe haber guerra!;Die verrдterischen Rumдnen haben unsere berechtigten Ansprьche zurьckgewiesen! Wir kцnnen das nicht hinnehmen, es muss Krieg geben!;Zdradzieccy Rumuni odmуwili speіnienia naszych sіusznych ї№daс! Nie moїemy tego puњciж pіazem, wojna jest konieczna!;;Негодяи-румыны отказались удовлетворить наши законные требования! Мы не можем вынести этого, давайте объявим им войну!;;;X
EVT_2712_ACTA;What they will not give, we will take!;Ce qu'ils ne donnent pas, nous prenons!;Ci prenderemo sa soli quello che non ci vogliono concedere!;Lo tomaremos por la fuerza;Was sie uns nicht geben, werden wir uns holen!;Czego nam nie dadz№, weџmiemy sami!;;Не дадут - возьмем сами!;;;X
EVT_2712_ACTB;Constanta does not warrant a Third Balkan War;Constanta ne vaut pas une troisiиme guerre Balkanique;Constanza non vale una Terza Guerra Balcanica;Costanta no merece una Tercera Guerra de los Balcanes;Konstanz rechtfertigt keinen dritten Balkankrieg;Constanta nie usprawiedliwia Trzeciej Wojny Baіkaсskiej;;Не стоит затевать новую войну на Балканах;;;X
EVT_2713_NAME;An interesting opportunity;Une opportunitй а saisir;Una interessante opportunitа;Una oportunidad interesante;Eine interessante Mцglichkeit;Co za interesuj№ca okazja;;Отличный шанс;;;X
EVT_2713_DESC;The Romanians are engaged in a war with Bulgaria! Now is the time for us to act and move quickly to recapture our rightful claims in Transylvania!;Les Roumains sont engagйs dans une guerre avec la Bulgarie! C'est le moment rкvй Pour que nous agissions rapidement et rйcupйrions notre pouvoir lйgitime sur la Transylvanie!;La Romania и in guerra con la Bulgaria! E' ora di agire in fretta e riprenderci ciт che legittimamente rivendichiamo in Transilvania!;Rumanнa se encuantra enfrascada en una guerra con Bulgaria. Ahora es el momento de actuar y moverse con rapidez para recapturar nuestras justas reivindicaciones territoriales en Transilvania.;Die Rumдnen befinden sich in einem Krieg mit Bulgarien! Es ist nun die Zeit zu agieren und unsere berechtigten Ansprьche in Transsilvanien zurьckzuerobern.;Rumuni s№ zajкci wojn№ z Buіgari№! To odpowiedni czas, aby szybko wkroczyж do Transylwanii zabezpieczaj№c nasze sіuszne pretensje do tych ziem! ;;Румыния и Болгария начали войну! У нас есть уникальный шанс вернуть свои исконные земли в Трансильвании!;;;X
EVT_2713_ACTA;The Hungarian flag shall fly over Transylvania once more!;Le drapeau Hongrois flottera а nouveau sur la Transylvanie!;La bandiera ungherese sveltolerа di nuovo sulla Transilvania!;ЎLa bandera hъngara ondearб de nuevo sobre Transilvania!;Die Ungarische Flagge soll wieder ьber Transsilvanien wehen!;Wкgierska flaga raz jeszcze bкdzie powiewaж nad Transylwani№!;;Венгерский флаг будет вновь развеваться над Трансильванией!;;;X
EVT_2713_ACTB;We must remain neutral;Nous devons rester neutres;Dobbiamo rimanere neutrali;Permaneceremos neutrales;Wir mьssen neutral bleiben.;Musimy pozostaж neutralni;;Мы останемся нейтальными;;;X
EVT_2714_NAME;The Hungaro-Bulgarian Alliance;L'Alliance Hongaro-Bulgarie;L'alleanza Ungaro-Bulgara;La Alianza Hъngaro-Bъlgara;Die Ungarisch-Bulgarische Allianz;Sojusz Wкgiersko-Buіgarski;;Болгаро-венгерский союз;;;X
EVT_2714_DESC;The Hungarians have taken advantage of our war with Romania, in our favor! They have decided to attack them in the Transylvanian territories. We must form an alliance with them and coordinate our efforts. The war shall be over by Christmas!;Les Hongrois ont profitй de nфtre guerre contre la Roumanie, en nфtre faveur! Ils ont dйcidй d'attaquer en Transylvanie. Nous devons nous allier avec eux afin de coordiner nos efforts. La guerre devrait кtre rйglйe pour Noлl!;Gli ungheresi si sono avvantaggiati dalla guerra con la Romania, agendo in nostro favore! Hanno deciso di attaccarli nei territori della Transilvania. Dobbiamo formare una alleanza e coordinare i nostri sforzi, la guerra terminerа per Natale!;Los hъngaros se han aprovechado de nuestra guerra con Rumanнa para unirse a nosotros. Han decidido atacar al enemigo en los territorios de Transilvania. Debemos formar una alianza con ellos y coordinar nuestros esfuerzos. ЎPodremos terminar la guerra antes de Navidades!;Die Ungarn haben ihren Vorteil aus unserem Krieg mit Rumдnien gezogen, zu unseren Gunsten! Sie haben sich entschieden, sie in den Transsilvanischen Gebieten anzugreifen. Wir mьssen eine Allianz mit ihnen bilden und unsere Anstrengungen koordinieren. Der Krieg sollte bis Weihnachten vorbei sein!;Wкgrzy wykorzystali nasz№ wojnк z Rumuni№ w swoim interesie! Zdecydowali siк zaatakowaж Rumunуw w Transylwanii. Musimy zawrzeж z nimi sojusz i skoordynowaж nasze starania. Do Њwi№t powinno byж juї po wojnie!;;Венгры решили поучаствовать в нашей войне с румынами и атаковать их в Трансильвании. Мы должны заключить военный союз для координации действий. Хотелось бы закончить войну до Рождества!;;;X
EVT_2714_ACTA;The enemy of my enemy is my friend;L'ennemi de mon ennemi est mon ami;Il nemico del mio nemico и mio amico;El enemigo de mi enemigo es mi amigo;Der Feind meines Feindes ist mein Freund!;Nieprzyjaciel mojego wroga jest moim przyjacielem;;Враг моего врага - мой друг!;;;X
EVT_2715_NAME;A stab in the back;Un coup dans le dos;Una pugnalata alla schiena;Una puсalada por la espalda;Ein Stich in der Rьcken;Nуї w plecy;;Удар в спину;;;X
EVT_2715_DESC;The Hungarians have begun to attack us in the north! We must use the call of nationalism to mobilize the nation and defeat these imperialist forces!;Les Hongrois nous attaquent dans le Nord! Utilisons toutes les ficelles du nationalisme pour mobiliser la nation et йcraser ces forces imperalistes!;Gli ungheresi ci hanno attaccato da nord! Dobbiamo appellarci al nazionalismo e mobilizzare l'intera nazione per difenderci da queste forze imperialiste!;ЎHungrнa nos estб atacando por el Norte!. ЎDebemos hacer un llamamiento al patriotismo para mobilizar a la naciуn y derrotar a esas fuerzas imperialistas!;Die haben begonnen uns im Norden zu attackieren! Wir mьssen den Ruf des Nationalismus nutzen um die Nation zu mobilisieren und diese imperialistischen Krдfte zu besiegen!;Wкgrzy rozpoczкli atak na pуіnocy! Musimy zmobilizowaж nasz narуd do jak najwiкkszego wysiіku i pokonaж imperialistyczne wojska!;;Венгры напали на наши северные земли! Мы должны начать всеобщую мобилизацию, чтобы разгромить империалистов!;;;X
EVT_2715_ACTA;Damn them traitors!;Maudits traоtres!;Dannati traditori!;ЎMalditos traidores!;Verdammt sein diese Verrдter!;Niech diabli wezm№ zdrajcуw!;;Предатели!;;;X
EVT_2716_NAME;The Romanian Surrender;La reddition Roumaine;La Romania si arrende;La Rendiciуn Rumana;Die Rumдnische Kapitulation;Rumuсska kapitulacja;;Поражение Румынии;;;X
EVT_2716_DESC;Bucharest has fallen and with it our fighting spirit. We have no choice but to bow to any demands the Bulgarians make and hope that they are gracious in their victory.;Bucarest est tombйe et avec elle notre esprit combattant. Nous n'avons pas le choix, et devons accepter toute demande que les Bulgares feront et espйrer qu'ils seront magnanimes dans leur victoire.;Bucarest и caduta e con essa il nostro spirito. Non abbiamo altra scelta che inchinarci alle richieste bulgare e sperare che siano clementi nella loro vittoria.;Bucarest ha caнdo y con йl nuestro espнritu de lucha. No tenemos otra opciуn que ceder ante las exigencias bъlgaras y rezar para que sean magnбnimos en su victoria.;Bukarest ist gefallen und damit unser Kampfgeist. Wir haben keine Wahl als uns allen Bulgarischen Ansprьchen zu ergeben und zu hoffen, dass sie in ihrem Sieg gьtig sind.;Bukareszt upadі, a z nim nasz duch walki. Nie mamy innego wyboru niї zgodziж siк na ї№dania Buіgarуw i mieж nadziejк na ich miіosierdzie.;;Бухарест пал, продолжать сопротивление бессмысленно. У нас нет выбора, придется удовлетворить все требования Болгарии.;;;X
EVT_2717_DESC;Bucharest has fallen to the onslaught of our forces. The Romanian government has unconditionally surrendered to our demands. This is a most joyous day for our Kingdom! Long live Bulgaria!;Bucarest est tombйe sous le flux de nos forces. Le gouvernement Roumain a capitulй sans conditions. C'est un grand jour pour le Royaume! Vive la Bulgarie!;Bucarest и caduta all'impeto delle nostre forza. Il governo rumeno si и arreso senza condizioni. Questo и un giorno di gioia per il nostro regno! Viva la Bulgaria!;Bucarest ha caнdo ante el empuje de nuestro ejйrcito. El Gobierno rumano se ha rendido accediendo a nuestras exigencias incondicionalmente. Este es un dнa grandioso para nuestro Reino: ЎLarga vida a Bulgaria!;Bukarest ist durch den Angriff unserer Krдfte gefallen. Die Rumдnische Regierung hat sich bedingungslos unseren Ansprьchen ergeben. Dies ist ein дuЯerst erfreulicher Tag fьr unser Kцnigreich. Lang lebe Bulgarien!;Bukareszt padі szturmowany przez nasze siіy. Rumuсski rz№d bezwarunkowo poddaі siк naszym ї№daniom. To jest najszczкњliwszy dzieс dla naszego Krуlestwa! Niech їyje Buіgaria!;;Решительный натиск наших войск позволил занять Бухарест. Румынское правительство удовлетворило все наши требования. Это великий день! Да здравствует Болгария!;;;X
EVT_2717_ACTA;Huzzah!;Hourrah!;Urrah!;ЎHurra!;Hurrah!;Hurra!;;Ура!;;;X
EVT_2720_DESC;Bucharest has fallen and the Romanians are preparing to surrender. This is truly a great victory for our nation!;Bucarest est tombйe et les Roumains prйparent leur reddition. C'est une grande victoire pour notre nation!;Bucarest и caduta e i rumeni si preparano ad arrendersi. Questa и una grande vittoria per la nostra nazione!;Bucarest ha caнdo y los rumanos estбn al borde de la rendiciуn. ЎEs una gran victoria para nuestra naciуn!;Bukarest ist gefallen und die Rumдnen bereiten sich auf ihre Kapitulation vor. Dies ist wahrhaft ein siegreicher Tag fьr unsere Nation!;Bukareszt upadі i Rumuni przygotowuj№ siк do kapitulacji. To prawdziwie wielkie zwyciкstwo naszego narodu!;;Бухарест пал, и румыны готовы сдаться. Это великая победа нашего народа!;;;X
EVT_2721_NAME;The Bulgarian Defeat;La dйfaite Bulgare;La sconfitta bulgara;Bulgaria es derrotada;Die Bulgarische Niederlage;Klкska Buіgarii;;Поражение Болгарии;;;X
EVT_2721_DESC;Our armies are broken and we have been forced to make peace with Romania. Their peace deal is generous, as they are taking none of our territory and are only forcing us to renounce our claim on Dobrogea.;Nos armйes sont hors de combat et nous avons йtй forзйs de faire la paix avec la Roumanie. Leur proposition de paix est gйnйreuse, car ils ne prennent aucun de nos territoires, et ne nous forcent qu'а renoncer а nos revendication sur la Dobrogea.;Il nostro esercito и in rotta e siamo costretti a stipulare la pace con la Romania. Il loro trattato di pace и generoso visto che non chiedono nessuno dei nostri territori e ci chiedono solo di rinunciare formalmente alle nostre rivendicazioni sulla regione di Dobrogea.;Nuestros ejйrcitos estбn deshechos y estamos forzados a buscar la paz con Rumanнa. Su oferta de paz es generosa, no tomarбn ningъn territorio y sуlo nos obligarбn a renunciar a nuestros derechos sobre Dobrogea.;Unsere Armeen sind zerschlagen und wir wurden in einen Frieden mit Rumдnien gezwungen. Ihr Friedensvertrag ist groЯzьgig, da sie keine unserer Regionen nehmen und uns nur zwingen auf unsere Ansprьche auf Dobrogea zu verzichten.;Nasze armie zostaіy pobite i zostaliњmy zmuszeni do podpisania traktatu pokojowego z Rumuni№. Przyjкcie ich wspaniaіomyњlnej propozycji nie powoduje utraty їadnej z naszych ziem a jedynie zrzeczenie siк pretensji do Dobrudїy.;;Наша армия разгромлена, так что придется заключить мир с Румынией. Их условия не слишком суровы - румыны лишь требуют, чтобы мы отказались от притязаний на Добруджу.;;;X
EVT_2722_DESC;Bulgarian attacks into our homeland have been repulsed and we have arranged a treaty between our two nations to secure peace.;L'attaque bulgare contre notre patrie a йtй repoussйe et nous avons arrangй un traitй entre nos deux nations pour assurer la paix.;Gli attacchi bulgari contro la nostra patria sono stati respinti e abbiamo stipulato un trattato tra le nostre nazioni per assicurare la pace futura.;El ataque bъlgaro sobre nuestra patria ha sido repelido y hemos llegado a un acuerdo de paz entre nuestras naciones para evitar futuros derramamientos de sangre.;Bulgarische Angriffe auf unser Heimatland wurden zurьckgeschlagen und wir haben einen Vertrag zwischen unseren beiden Nationen arrangiert, um den Frieden zu sichern.;Buіgarskie ataki na nasze ziemie zostaіy odparte i doprowadziliњmy do traktatu pokojowego miкdzy naszymi narodami.;;Наступление болгарской армии остановлено, и мы подписали мирный договор.;;;X
EVT_2725_NAME;The Hungarian Defeat;La dйfaite hongroise;La sconfitta ungherese;Hungrнa es derrotada;Die Ungarische Niederlage;Klкska Wкgier;;Поражение Венгрии;;;X
EVT_2725_DESC;Our armies are broken and we have been forced to make peace with Romania. They have punished us by making us formally renounce our claims on Transylvania and they have taken Debrecen from us in order to secure their frontier against another 'backstab' from us.;Nos armйes sont hors de combat et nous avons йtй forcйs de faire la paix avec la Roumanie. Ils nous ont puni en nous faisant formellement renoncer а nos revendications sur la Transylvanie et ils se sont emparйs de Debrecen afin de securiser leur frontiиre contre un autre 'coup dans le dos' de nфtre part.;Il nostro esercito и in rotta e siamo costretti a spipulare la pace con la Romania. Ci hanno punito costringendoci ad una formale rinuncia alla Transilvania e hanno preso Debrecen per rendere sicure le loro frontiere contro un'altra nostra 'pugnalata alle spalle',;Nuestros ejйrcitos estбn deshechos y estamos forzados a buscar la paz con Rumanнa. Sus condiciones son obligarnos a renunciar a nuestras aspiraciones sobre Transylvania y entregarles Debrecen para asegurar su frontera ante una futura agresiуn por nuestra parte.;Unsere Armeen sind zerschlagen und wir wurden in einen Frieden mit Rumдnien gezwungen. Sie haben uns bestraft, indem sie uns zum formellen Verzicht auf unsere Ansprьche auf Transsivlanien gezwungen haben und sie haben Debrecen von uns genommen, um ihre Grenze vor einem weiteren Verrat von uns zu sichern.;Nasze armie zostaіy pobite i zostaliњmy zmuszeni do podpisania traktatu pokojowego z Rumuni№. Zrzekliњmy siк pretensji do Transylwanii a Debreczyn zostaі oddany Rumunii, aby zabezpieczyж granicк przed kolejnym 'ciosem w plecy' z naszej strony.;;Наша армия разгромлена, так что придется заключить мир с Румынией. Их условия не слишком суровы - румыны требуют, чтобы мы уступили им Дебрецен и отказались от притязаний на Трансильванию.;;;X
EVT_2725_ACTA;What a tragedy!;Quelle tragйdie!;Che tragedia!;ЎQuй tragedia!;Was fьr eine Tragцde!;Co za haсba!;;Это трагедия!;;;X
EVT_2726_DESC;Hungarian attacks into our homeland have been repulsed and we have arranged a treaty between our two nations to secure peace.;L'attaque hongroise contre notre patrie a йtй repoussйe et nous avons arrangй un traitй entre nos deux nations pour assurer la paix.;Gli attacchi ungheresi contro la nostra patria sono stati respinti e abbiamo stipulato un trattato tra le nostre nazioni per assicurare la pace futura.;El ataque hъngaro sobre nuestra patria ha sido repelido y hemos llegado a un acuerdo de paz entre nuestras naciones para evitar futuros derramamientos de sangre.;Ungarische Angriffe auf unser Heimatland wurden zurьckgeschlagen und wir haben einen Vertrag zwischen unseren beiden Nationen arrangiert, um den Frieden zu sichern.;Wкgierskie ataki na nasze ziemie zostaіy odparte i doprowadziliњmy do traktatu pokojowego miкdzy naszymi narodami.;;Наступление венгерской армии остановлено, и мы подписали мирный договор.;;;X
EVT_3832_NAME;A Japanese puppet in China;Un йtat fantoche du Japon en Chine ;Un fantoccio giapponese in Cina;Un tнtere japonйs en China;Eine Japanische Marionette in China;Japoсska marionetka w Chinach;;Японский марионеточный режим в Китае;;;X
EVT_3832_DESC;It was more or less Japanese policy to establish puppet governments in occupied territories (e.g. Manchukuo). One of these puppet states was Mengkukuo or Inner Mongolia. Set up on December 8th, 1937 by Mongolian prince De Wang, Mengkukuo maintained close relations with both Japan and Manchukuo, essentially reverting to the status of a Japanese puppet. Chan Pei, near modern Kalgan, was chosen as capital for the fledgling state. The existence of Inner Mongolia was a short one: the state formally disappeared in 1945 when Soviet and Mongolian forces invaded during Operation August Storm. Not only did this campaign signal the end of the Japanese puppets in Manchukuo and Mengkukuo, it would also further humiliate the already battered Empire of Japan.;C'йtait globalement la politique Japonaise d'йtablir des gouvernements fantoches dans les territoires occupйs (par exemple le Manchukwo). Un de ces йtats fantoches йtait le Mengkukuo ou Mongolie intйrieure. Crйй le 8 Decembre 1937 par le prince mongol De Wang, le Mengkukuo garda des relations proches avec le Japon et le Manchukwo, йtant essentiellement un йtat fantoche du Japon. Chan Pei, а cotй du Kalgan moderne, fut choisie comme capitale. L'existence de la Mongolie intйrieure fut courte : L'йtat disparut en 1945 lorsque Soviйtiques et Mongols l'envahirent lors de l' Operation Tempкte d'Aoыt. Non seulement cette campagne signa la fin des йtats fantoches du Japonais au Manchukwo et au Mengkukuo, mais cela humilia encore plus un Empire Japonais dйjа йcrasй.;Era una prassi politica giapponese quella di stabilire dei governi fantoccio nei territori occupati (p.es. Manchukwo). Uno di questi stati fantoccio fu il Mengkukuo o Monglia Interna. Creato l'8 dicembre 1937 dal principe Mongolo De Wang, il Mengkukuo mantenne delle strette relazioni sia con il Giappone che con il Manchukwo, il pratica assumendo lo status di un fantoccio giapponese. Chan Pei, vicino l'odierna Kalgan, fu la capitale dello stato. L'esistenza della Mongolia Intena fu molto corta, lo stato scomparve nel 1945, quando forze sovietiche e mongole lo invasero durante l'operazione 'Tempesta d'Agosto'. Non solo questa campagna pose fine al fantoccio giapponese nel Manchukwo e nel Mengkukuo, fu anche una ulteriore umiliazione per il giа sconfitto Impero del Giappone.;Japуn tenнa como polнtica establecer gobiernos tнtere en los territorios ocupados (por ejemplo Manchukuo). Uno de esos estados tнteres fue Mengkukuo o Mongolia Interior. Creado el 8 de Diciembre de 1937 bajo el mando del prнncipe mongol De Wang, Mengkukuo mantuvo estrechas relaciones con Japуn y Manchukuo, esencialmente adquiriendo el estatus de un tнtere del Japуn. Chan Pei, cerca del Kalgan actual, fue escogido como capital para el pusilбnime estado. La historia de Mongolia Interior es corta: desapareciу formalmente en 1945 cuando las fuerzas soviйticas y mongolas lo invadieron durante la operaciуn Tormenta de Agosto. Esta campaсa significу no sуlo el fin de los tнteres nipones en Manchukuo y Mengkukuo, sino que humillу aъn mбs al ya maltrecho Imperio del Japуn.;Es war mehr oder weniger Japanische Methode, eine Marionettenregierung in besetzten Gebieten zu installieren (z.B. die Mandschuko). Einer dieser Marionettenstaaten war Mengkukuo oder Innere Mongolei. Erschaffen am 8. Dezember 1937 vom Mongolischen Prinzen De Wang, Mengkukuo unterhielt enge Beziehungen mit Japan und Mandschuko, wodurch es im Grunde genommen den Status einer Japanischen Marionette annahm. Chan Pei, nahe dem modernen Kalgan, wurde als Hauptstadt fьr den neuen Staat ausgewдhlt. Die Existenz der Inneren Mongolei war ein kurze: der Staat verschwand formell 1945 als Sowjetische und Mongolische Krдfte wдhrend der Operation Auguststurm einmarschierten. Diese Kampagne signalisierte nicht nur das Ende der Japanischen Marionetten in Mandschuko und Mengkukuo, sie erniedrigte auch noch weiter das bereits zerschlagene Japanische Imperium.;Polityk№ Japoсczykуw na terenach przez siebie okupowanych byіo tworzenie marionetkowych paсstw (np. Mandїukuo). Jednym z nich byіa Mongolia Wewnкtrzna (lub Mengkukuo). Utworzona zostaіa 8-ego grudnia 1937 przez mongolskiego ksiкcia De Wanga, utrzymywaіa њcisіe relacje zarуwno z Japoni№ jak i Mandїukuo. Miasto Chan Pei zostaіo wybrane na stolicк nieopierzonego paсstwa. Їywot Mengkukuo byі krуtki, paсstwo to formalnie zniknкіo w 1945 po inwazji siі sowiecko-mongolskich w czasie Operacji 'Sierpniowy Sztorm'. Kampania ta nie tylko zakoсczyіa dziaіalnoњж japoсskich marionetek Mandїukuo i Mongolii Wewnкtrznej, ale teї jeszcze bardziej upokorzyіa i tak juї mocno nadwyrкїone Imperium Japoсskie.;;Японцы всегда стремились создавать на захваченных территориях марионеточные государства (такие как Маньчжоу-го). Одной из таких стран стала Менькоу-го во Внутренней Монголии. Государство было основано 8 декабря 1937 года монгольским принцем Де Ваном. Оно поддерживало тесные отношения с Японией и Маньчжоу-го и полностью следовало в русле японской политики. Чан Пей в районе нынешнего Калгана стал столицей новой страны. Номинально независимой Внутренняя Монголия была недолго: государство исчезло с политической карты мира в 1945 году, когда советские и монгольские войска вошли на его территорию в ходе операции 'Августовский шторм'.;;;X
EVT_3832_ACTA;Establish Mengkukuo;Etablir le Mengkukuo;Crea il Mengkukuo;Establecer Mengkukuo;Erschafft Mengkukuo;Stwуrz Mongoliк Wewnкtrzn№;;Создать Менькоу-го;;;X
EVT_3833_NAME;Japan organizes Inner Mongolia;Le Japon organise la Mongolie Intйrieure;I giapponesi riorganizzano la Mongolia Interna;Japуn reorganiza Mongolia Interior;Japan organisiert die Innere Mongolei;Japonia organizuje Mengkukuo;;Япония создает марионеточное государство на территории Внутренней Монголии;;;X
EVT_3833_DESC;The Mengkukuo puppet government is established;Le gouvernement fantoche du Mengkukuo est etabli;Il governo fantoccio del Mengkukuo viene formato;Se ha establecido el estado tнtere de Mengukuo.;Die Mengkukuo Marionettenregierung ist erschaffen;Marionetkowy rz№d Mongolii Wewnкtrznej zostaje utworzony.;;Создано марионеточное государство Менькоу-го;;;X
EVT_3834_NAME;Mengkukuo takes shape;Le Mengkukuo prend forme;la formazione del Mengkukuo;Mengkukuo toma forma;Mengkukuo nimmt Gestalt an;Mongolia Wewnкtrzna przybiera ksztaіt;;Появление Менькоу-го;;;X
EVT_3834_DESC;Our Japanese brothers, in all their wisdom, decided to grant us autonomy! Long live our union!;Nos frиres Japonais, dans toute leur sagesse, ont dйcidй de nous accorder l'autonomie! Vive nфtre union!;I nostri fratelli giapponesi, nella loro saggezza, hanno deciso di concederci l'autonomia. Lunga vita alla nostra unione!;Nuestros hermanos japoneses, en su sabidurнa, han decidido concedernos la autonomнa. ЎLarga vida a nuestra uniуn!;Unsere Japanischen Brьder beschlossen, in all ihrer Weisheit, uns Autonomie zu gewдhren! Lang lebe unsere Nation!;Nasi japoсscy bracia w swej m№droњci postanowili udzieliж nam autonomii! Niech ta Unia trwa wiecznie!;;Наши мудрые японские братья решили предоставить нам автономию! Да здравствует Япония!;;;X
EVT_2809_NAME;The Belgian Capitulation;La capitulation belge;La capitolazione del Belgio;La Capitulaciуn Belga;Belgien kapituliert;Kapitulacja Belgii;;Капитуляция Бельгии;;;X
EVT_2809_DESC;We have been pushed off of the continent. We must regroup in the Congo!;Nous avons йtй poussй hors du continent. Nous devons nous regrouper au Congo!;Siamo stati scacciati dall'Europa, dobbiamo riorganizzarci in Congo!;Hemos sido expulsados del continente. Debemos seguir combatiendo en el Congo.;Wir wurden aus Europa vertrieben. Wir mьssen vom Kongo aus weiterkдmpfen.;Zostaliњmy wypchniкci z Europy. Musimy przegrupowaж nasze siіy w Kongo!;;Наши войска в Европе разгромлены. Придется собираться с силами в Конго!;;;X
EVT_2810_NAME;The Dutch Capitulation;La capitulation nйerlandaise;La capitolazione Olandese;La Capitulaciуn Holandesa;Die Niederlande kapitulieren;Kapitulacja Holandii;;Капитуляция Голландии;;;X
EVT_2810_DESC;We have been pushed off of the continent. We must regroup in the East Indies!;Nous avons йtй poussй hors du continent. Nous devons nous regrouper en Indonйsie!;Siamo stati scacciati dall'Europa, dobbiamo riorganizzarci nelle Indie Orientali!;Hemos sido expulsados del continente. Debemos seguir combatiendo en las Indias Orientales.;Wir wurden aus Europa vertrieben. Wir mьssen in unseren ostindischen Kolonien weiterkдmpfen.;Zostaliњmy wypchniкci z Europy. Musimy przegrupowaж nasze siіy w Indiach Wschodnich!;;Наши войска в Европе разгромлены. Придется собираться с силами в Восточной Индии!;;;X
EVT_2038_ACTA;Fantastic!;Fantastique!;Fantastico!;ЎFantбstico!;Fantastisch!;Fantastycznie!;;Фантастика!;;;X
EVT_2804_NAME;The Reich's Capitulation;La capitulation du Reich;La capitolazione del Terzo Reich;La Capitulaciуn del Reich;Das Deutsche Reich kapituliert;Kapitulacja Rzeszy;;Капитуляция Германии;;;X
EVT_2804_DESC;When the German Wehrmacht invaded our nation's soil, the fate of our country seemed sealed. Through a tremendous national effort and the help of our Allies, we have overcome this fierce invasion and pushed the German armed forces back. Germany is begging for peace! 1918 has been recreated my friend! Vive la France!;Quand la Wehrmacht envahit nфtre nation, le sort de notre pays semblait scellй. Grвce а un formidable effort national ainsi que l'aide de nos alliйs, nous avons surmontй cette invasion et repoussй les forces allemandes. L'Allemagne mendie la paix! Nous sommes de retour en 1918, mon ami! Vive la France!;Quando i soldati della Wehrmacht invasero il suolo della nostra patria, il nostro destino sembrava segnato. Dopo un tremendo sforzo nazionale e con l'aiuto degli Alleati, abbiamo avuto ragione dell'invasione e respinto le forze tedesche. La Germania implora la pace, le condizioni del 1918 si stanno ripetendo, Vive la France!;Cuando el ejйrcito alemбn invadiу nuestra naciуn, el destino de nuestro pueblo pareciу sellado. Mediante un tremendo esfuerzo nacional y la ayuda de nuestros aliados, hemos repelido esta temible invasiуn y obligado a retroceder a las fuerzas enemigas. ЎAlemania suplica por la paz!. La historia de 1918 se repite, Vive la France!.;Als die Wehrmacht in unser Land einfiel schien unser Schicksal besiegelt. Aber durch gewaltige Anstrengungen und die Hilfe unserer Allierten waren wir in der Lage diese Invasion abzuwehren und haben die deutschen Streitkrдfte zurьckdrдngen kцnnen. Deutschland fleht um Frieden! Der Triumph von 1918 wurde wiederholt! Vive la France! ;Kiedy niemiecki Wehrmacht wtargn№і na nasze ziemie, los naszego kraju wydawaі siк przypieczкtowany. Jednak dziкki ogromnemu wysiіkowi naszego narodu i pomocy naszych sojusznikуw, pokonaliњmy tк inwazjк i odepchnкliњmy niemieckie siіy z powrotem. Niemcy bіagaj№ o pokуj! Historia powraca do roku 1918, przyjacielu! Niech їyje Francja!;;После немецкого вторжения судьба страны висела на волоске. Ценой невероятного напряжения сил, благодаря героизму народа и помощи Союзников мы отстояли независимость и изгнали оккупантов. Германия просит мира! История повторяется! Да здравствует Франция!;;;X
EVT_2804_ACTA;Be merciful and grant them peace;Etre misйricordieux et accorder la paix;Sii magnanimo e concedi loro la pace;Seamos magnбnimos y concedбmosles la paz;Gewдhrt einen gnдdigen Frieden;B№dџmy іaskawi i zgуdџmy siк na pokуj;;Будем милосерными и примем капитуляцию;;;X
EVT_2804_ACTB;Raise Germany to the ground!;Raser l'Allemagne!;Radi al suolo la Germania;ЎArrasemos Alemania!;Zerstцrt Deutschland!;Wdeptajmy Niemcy w ziemiк!;;Сравняем немецкие города с землей!;;;X
EVT_2789_NAME;Flanking the Maginot Line;Contourner la ligne Maginot;L'aggiramento della Linea Maginot;La Lнnea Maginot es Flanqueada;Die Maginotlinie wurde umgangen;Oskrzydlenie Linii Maginota;;Обход линии Мажино;;;X
EVT_2789_DESC;When the war began, most military strategists believed the fighting would quickly degenerate into another war of attrition, measured not in kilometers, but in inches. However, German armies swept through French defenses unlike anything the world had ever seen. The Maginot Line, which was to crush the German armies against it, was rendered worthless.;Au dйbut de la guerre, la plupart des stratиges militaires croyaient que le combat serait une autre guerre d'usure, mesurйe non en kilomиtres, mais en centimиtres. Toutefois, les armйes allemandes transpercиrent les dйfenses franзaises d'une maniиre jamais vue jusque lа. La ligne Maginot, conзue pour que les Allemands s'y йcrasent, йtait devenue inutile.;All'inizio della guerra, molti strateghi militari credevano che i combattimenti sarebbero presto degenerati in un'altra guerra di attrito, misurata non in chilometri ma in metri. Tuttavia le armate tedesche passarono attraverso le difese francesi come nessuno al mondo aveva mai visto. La Linea Maginot, che doveva infrandere l'avanzata tedesca, si dimostrт inutile.;Cuando la guerra comenzу, la mayorнa de los estrategas militares creнan que el combate degenerarнa rбpidamente en otra guerra de desgaste, medida no en kilуmetros, sino en pulgadas. Sin embargo, los ejйrcitos alemanes barrieron las defensas francesas de un modo que el mundo nunca habнa visto. La Lнnea Maginot, que debнa provocar el descalabro de los ejйrcitos alemanes que se estrellaran contra sus fortalezas, se convirtiу en cemento inъtil.;Zu Beginn des Krieges gingen die meisten Militдrstrategen davon aus, dass die Kдmpfe schnell wieder in eine Materialschlacht ausarten wьrden - gemessen nicht in Kilometern, sondern Zentimetern. Doch die deutschen Armeen stieЯen blitzartig durch die Ardennen nach Frankreich vor. Die Maginotlinie, konzipiert um die Deutschen aufzuhalten, war wertlos geworden.;Gdy wojna siк rozpoczкіa, wiкkszoњж strategуw wojskowych wierzyіa, їe walka szybko przyjmie obraz kolejnej wojny na wyniszczenie, w ktуrej postкpy byіyby mierzone nie w kilometrach a w calach. Jednak niemieckie armie przeszіy przez francusk№ obron№ w sposуb, jakiego wczeњniej њwiat nie widziaі. Linia Maginota, ktуra miaіa zatrzymaж i zmiaїdїyж niemieckie armie na sobie, okazaіa siк bezwartoњciowa.;;Значительное число военных стратегов верило в то, что линия Мажино не позволит немцам быстро продвинуться вглубь Франции и война превратится в позиционную. Однако немецкие войска просто-напросто обогнули французские оборонительные сооружения. Линия Мажино оказалась бесполезной.;;;X
EVT_2789_ACTA;Merde!;Merde!;Merde!;Merde!;Merde!;Merde!;;Кошмар!;;;X
EVT_3207_NAME;Hungary abandons the Soviet Union;La Hongrie abandonne l'Union Soviйtique;L'Ungheria abbandona l'Unione Sovietica;Hungrнa abandona a la Uniуn Soviйtica;Ungarn wendet sich von der Sowjetunion ab;Wкgry opuszczaj№ Komintern;;Венгрия отрекается от Советского Союза;;;X
EVT_3207_DESC;With the defeat of the Soviet Union, this is our best opportunity to leave the sinking Comintern ship.;Avec la dйfaite de l'Union Soviйtique, nous disposons de la meilleure opportunitй de quitter le Komintern avant qu'il ne coule.;Con la sconfitta dell'Unione Sovietica, questa la nostra migliore opportunitа di abbandonare il Comintern;Con la derrota de la URSS, йsta es nuestra ъltima oportunidad para abandonar el barco del Comintern antes de que se hunda.;Mit der Niederlage der Sowjetunion ist die Zeit gekommen, die untergehende Komintern zu verlassen.;W zwi№zku z poraїk№ Zwi№zku Radzieckiego, to jest nasza najlepsza okazja do opuszczenia ton№cego okrкtu Kominternu.;;После поражения СССР мы можем наконец-то порвать с Коминтерном.;;;X
EVT_3207_ACTA;Leave the Comintern;Quitter le Komintern;Lascia il Comintern;Abandonar al Comintern;Komintern verlassen.;Opuszczamy Komintern;;Выйти из Коминтерна;;;X
EVT_3421_NAME;Admiral Horthy attempts to surrender;L'Amiral Horthy assaie de se rendre;L'ammiraglio Horthy chiede la resa;El Almirante Horthy intenta pactar la rendiciуn;Admiral Horthy versucht aufzugeben;Admiraі Horthy podejmuje prуbк poddania;;Адмирал Хорти пытается сдаться;;;X
EVT_3421_DESC;We have no choice but to surrender!;Nous n'avons pas le choix, et devons nous rendre!;Non abbiamo altra scelta che arrenderci!;No tenemos otra opciуn que rendirnos.;Wir haben keine andere Wahl als aufzugeben!;Nie mamy innego wyboru niї poddanie siк!;;У нас нет другого выбора!;;;X
EVT_3421_ACTA;Attempt a coup;Tenter un coup d'йtat;Tenta un colpo di stato;Intentar un golpe de estado;Startet einen Putsch!;Sprуbujmy przeprowadziж zamach;;Организовать переворот;;;X
EVT_3421_ACTB;Fight to the bitter end!;Se battre jusqu'au bout!;Combatti fino alla fine!;ЎCombatir hasta el amargo final!;Bis zum bitteren Ende kдmpfen!;Walczmy do gorzkiego koсca!;;Бороться до конца!;;;X
EVT_3427_NAME;Pointless fighting;C'est un combat sans fin!;Una lotta inutile;Luchar es inъtil;Sinnloses Kдmpfen;Bezsensowna walka;;Бессмысленная война;;;X
EVT_3427_DESC;With the defeat of the Third Reich, this fighting is pointless!;Avec la dйfaite du Troisiиme Reich, ce combat n'a plus de sens!;Con la sconfitta del Terzo Reich, questa lotta и inutile!;Con la derrota del Tercer Reich, este derramamiento de sangre es inъtil.;Mit der Niederlage des Dritten Reichs ist das Kдmpfen sinnlos geworden.;Po upadku Trzeciej Rzeszy dalsza walka jest bezcelowa!;;После поражения Третьего Рейха дальнейшее сопротивление бесполезно!;;;X
EVT_3427_ACTA;Humiliating!;Humiliant !;Umiliante;Humillante;Beschдmend;To upokarzaj№ce;;Унизительно!;;;X
EVT_3205_NAME;Romania abandons the Soviet Union;La Roumanie abandonne l'Union Soviйtique;La Romania abbandona l'Unione Sovietica;Rumanнa abandona a la Uniуn Soviйtica;Rumдnien wendet sich von der Sowjetunion ab;Rumunia opuszcza Komintern;;Румыния отрекается от Советского Союза;;;X
EVT_3206_NAME;Bulgaria abandons the Soviet Union;La Bulgarie abandonne l'Union Soviйtique;La Bulgaria abbandona l'Unione Sovietica;Bulgaria abandona a la Uniуn Soviйtica;Bulgarien wendet sich von der Sowjetunion ab;Buіgaria opuszcza Komintern;;Болгария отрекается от Советского Союза;;;X
EVT_3204_NAME;Finland abandons the Soviet Union;La Finlande abandonne l'Union Soviйtique;La Finlandia abbandona l'Unione Sovietica;Finlandia abandona a la Uniуn Soviйtica;Finnland wendet sich von der Sowjetunion ab;Finlandia opuszcza Komintern;;Финляндия отрекается от Советского Союза;;;X
EVT_2035_NAME_REPLACED;Greater Finland;La Grande Finlande;La Grande Finlandia;Una Mayor Finlandia;GroЯ-Finnland;Wielka Finlandia;;Великая Финляндия;;;X
EVT_2035_DESC_REPLACED;Due to Finland's great sacrifices made during Operation Barbarossa, they were awarded vast new territories following the Soviet surrender. All of eastern Karelia was given to Finland, as well as the city of Leningrad. This last prize was a largely worthless gain however, as Hitler had vowed to turn Leningrad into a lake for defying his forces. After all of the important industry was moved to Germany, the city was wiped off the map.;Suite aux grands sacrifices des Finlandais lors de l'Opйration Barberousse, ils se virent accorder de nouveaux territoires aprиs la reddition de l'Union Soviйtique. Toute la Carйlie Orientale fut offerte а la Finlande, ainsi que la citй de Leningrad. Ce dernier prix n'avait toutefois pas une grande valeur, car Hitler avait jurй de transformer Leningrad en un lac pour avoir osй dйfier ses forces. Aprиs le transfert des industries en Allemagne, la citй fut effacйe de la carte.;A causa del grande sacrificio della Finlandia durante l'Operazione Barbarossa, essi ebbero in premio nuovi territori a seguito della sconfitta sovietica. Tutta la Karelia Orientale e la cittа di Leningrado venne data alla Finlandia. Questo grande trofeo era in gran parte inutile, visto che Hitler aveva giurato di ridurre Leningrado ad un lago per piegare la sua resistenza. Tutte le industrie importanti vennero trasferite in Germania e la cittа venne cancellata dalla mappa.;Tras la caнda de la URSS, como recompensa a los grandes sacrificios que Finlandia ha llevado a cabo durante la operaciуn Barbarossa, se le han concedido nuevos territorios. Toda Karelia oriental ha sido entregada a los finlandeses, del mismo modo que la ciudad de Leningrado. Este ъltimo bastiуn es, sin embargo, un premio sin valor alguno, ya que Hitler ha prometido arrasar la ciudad conviertiйndola en un lago por desafiar a sus fuerzas. Una vez toda la industria pesada haya sido trasladada a Alemania, la ciudad desaparecerб del mapa.;Nach dem Ende des verlustreichen Russlandfeldzugs wurden Finnland Teile der eroberten Gebiete zugesprochen. So erhielt es das gesamte цstliche Karelien und die Stadt Leningrad. Letzeres war allerdings wertlose Kriegsbeute, da Hitler geschworen hatte, Leningrad in einen See zu verwandeln, da es seinen Armeen getrotzt hatte. Nachdem alle Industrieanlagen nach Deutschland gebracht worden sind, wurde die Stadt vernichtet.;W zwi№zku z wielkimi ofiarami poniesionymi przez Finlandiк podczas Operacji Barbarossa, zostaіa ona wynagrodzona nowymi ziemiami po kapitulacji Sowietуw. Caіa wschodnia Karelia zostaіa oddana Finlandii a takїe miasto Leningrad, ktуre byіo w zasadzie bezwartoњciowym nabytkiem, poniewaї Hitler nakazaі zamieniж Leningrad w jezioro, karz№c tym samym za stawiany przez jego obroсcуw opуr. Po przewiezieniu wszystkiego co wartoњciowe do Niemiec miasto zostaіo wymazane z map.;;После победы в войне немцы в знак благодарности за участие в плане ''Барбаросса'' передали финнам всю восточную часть Карелии и Ленинград. Впрочем, от Ленинграда почти ничего не осталось. Гитлер приказал уничтожить город, оказавший ему столь ожесточенное сопротивление.;;;X
EVT_2914_NAME;The Spoils of War;Les suites de la guerre;Le spoglie di guerra;Botнn de Guerra;Kriegsbeute;Zdobycze Wojenne;;Новые приобретения;;;X
EVT_2914_DESC;In accordance with the Tripartite Act, Italy must transfer Gibraltar to its Spanish ally.;En accord avec l'Acte Tripartite, L'Italie doit transfйrer Gibralter a l'alliй espagnol.;Secondo gli accordi del Patto Tripartito, l'italia deve cedere Gibilterra agli alleati spagnoli.;De acuerdo con el pacto tripartito, Italia debe entregar Gibraltar a sus aliados espaсoles.;Im Einklang mit dem Dreimдchtepakt musste Italien Gibraltar an Spanien abtreten.;Zgodnie z ustaleniami Paktu Trуjstronnego Wіochy musz№ oddaж Gibraltar swoim hiszpaсskim sojusznikom.;;В соответствии с положениями тройственного пакта, Италия должна передать Гибралтар испанским союзникам.;;;X
EVT_2768_NAME;The Armistice in Italy;L'Armistice en Italie;L'armistizion in Italia;El Armisticio en Italia;Waffenstillstand in Italien;Zawieszenie broni we Wіoszech;;Перемирие в Италии;;;X
EVT_2768_DESC;The armistice has been signed. Perhaps the Allies will give us a chunk of Germany!;L'Armistice a йtй signйe. Peut-кtre les Alliйs vont-ils nous donner un morceau d'Allemagne!;L'armistizio и stato firmato. Forse gli Alleati ci concederano qualche briciola della Germania!;Se ha firmado el armisticio. ЎQuizбs los aliados nos den un pedazo de Alemania!;Der Waffenstillstand wurde unterzeichnet. Vielleicht werden uns die Allierten einen Teil Deutschlands geben?;Zawieszenie broni zostaіo podpisane. Byж moїe Alianci dadz№ nam teraz kawaіek Niemiec!;;Подписано перемирие. Возможно, и нам достанется нмного Германии!;;;X
EVT_2808_NAME;The Rebirth of Czechoslovakia;La renaissance de la Tchйcoslovaquie;La rinascita delle Cecoslovacchia;El Renacimiento de Checoslovaquia;Die Wiederauferstehung der Tschechoslowakei;Odrodzenie Czechosіowacji;;Возрождение Чехословакии;;;X
EVT_2808_DESC;Now that the dreaded Nazi juggernaut is finally defeated, the proud Czechoslovakian state is recreated under the guidance of our Soviet brothers in Moscow.;A prйsent que le monstre Allemand est finalement dйfait, le fier йtat Tchйcoslovaque est recrйe sous la houlette йclairйe de nos frиres soviйtiques а Moscou.;Ora che l'odiato colosso nazista и stato finalmente sconfitto l'orgoglioso stato cecoslovacco viene ricreato sotto la guida di nostri fratelli sovietici a Mosca.;Ahora que el temible monstruo nazi ha sido finalmente derrotado, el orgulloso estado Checoslovaco es reinstaurado bajo la tutela de nuestros hermanos soviйticos en Moscъ.;Nachdem das gefьrchtete Dritte Reich endlich besiegt ist, kann die stolze Tschechoslowakei unter Fьhrung unserer sowjetischen Brьder in Moskau wieder auferstehen.;Teraz, gdy w koсcu straszliwa nazistowska machina zostaіa ostatecznie pokonana, dumne paсstwo czechosіowackie zostanie odtworzone pod kierownictwem naszych sowieckich braci z Moskwy.;;Теперь ненавистные фашисты разгромлены, и советские братья восстановили единое чехословацкое государство.;;;X
EVT_2808_ACTA;Viva Czechoslovakia!;Viva Czechoslovakia!;Viva la Cecoslovacchia!;ЎViva Checoslovaquia!;Es lebe die Tschechoslowakei!;Niech їyje Czechosіowacja!;;Да здравствует Чехословакия!;;;X
EVT_3409_NAME;Peace negotiations with Berlin;Nйgotiations de paix avec Berlin;Negoziati di pace con Berlino;Negociaciones de paz con Berlнn;Friedensverhandlungen mit Berlin;Negocjacje pokojowe z Berlinem;;Мирные переговоры с Германией;;;X
EVT_3409_DESC;Lord Halifax entered negotiations with the German leadership as quickly as possible so to end the suffering of the British civilian population. It was known throughout Britain and the world, however, that the Allies would continue to fight on against Axis aggression.;Lord Halifax commenзa les nйgotiations avec les dirigeants Allemands aussi vite que possible afin d'abrйger les souffrances des civils Britanniques. Chacun savait toutefois, en Grande Bretagne et dans le monde, que les Alliйs continueraient а se battre contre l'agression de l'Axe.;Lord Halifax iniziт dei negoziati con il governo tedesco il piщ rapidamente possibile per porre fine alle sofferenze della popolazioni civile britannica. Fu perт chiaro in gran Bretagna e nel moldo intero che gli Alleati avrebbero continuato a lottare contro l'aggressione dell'Asse.;Lord Halifax ha comenzado a negociar con los lнderes alemanes para terminar cuanto antes posible con el sufrimiento de la poblaciуn civil britбnica. Sin embargo, es por todos sabido que los aliados continuarбn combatiendo contra la agresiуn del Eje.;Lord Halifax nahm die Verhandlungen mit der Reichsregierung so schnell wie mцglich auf, um die Leiden der britischen Zivilbevцlkerung zu lindern. Es war allerdings in GroЯbritannien und der Welt klar, dass die Allierten weiter gegen die Achsenmдchten kдmpfen wьrden.;Aby zakoсczyж cierpienia brytyjskiej ludnoњci cywilnej Lord Halifax rozpocz№і negocjacje z niemieckimi przywуdcami tak szybko jak to byіo moїliwe. Byіo jednak wiadomym w Wielkiej Brytanii i na њwiecie, їe Alianci kontynuowaliby  walkк przeciwko agresji paсstw Osi.;;Лорд Галифакс вступил в переговоры с руководством Германии, пытаясь как можно скорее прекратить страдания британского народа. Однако всем было понятно, что Союзники в любом случае продолжат противостоять странам Оси.;;;X
EVT_3409_ACTA;God Save the King!;Dieu sauve le Roi!;Dio salvi il Re!;ЎDios Salve al Rey!;Gott schьtze den Kцnig!;Boїe chroс Krуla!;;Боже, храни короля!;;;X
EVT_3411_NAME;The Re-United Kingdom;Le Royaume Re-Uni;Il Regno Ri-Unito;El Reino Re-Unido;Das Wiedervereinigte Kцnigreich;Ponownie Zjednoczone Krуlestwo;;Возрождение империи;;;X
EVT_3411_DESC;After the British Empire signed a peace treaty with the Third Reich, it was determined that Scotland should again be brought into the United Kingdom.;Aprиs la signature par l'Empire Britannique d'un traitй de paix avec le Troisiиme Reich, il fut dйterminй que l'Ecosse devait кtre rйunifiйe avec le Royaume Uni.;Dopo che l'Impero Britannico firmт il trattato di pace con il Terzo Reich, fu deciso che la Scozia sarebb stata di nuovo inclusa ne Regno Unito.;Ahora que el Imperio Britбnico ha firmado un tratado de paz con el Tercer Reich, se ha determinado que Escocia volverб a formar parte del Reino Unido.;Nachdem das Britische Empire einen Friedensvertrag mit dem Deutschen Reich geschlossen hatte, wurde beschlossen, dass Schottland wieder Teil des Vereinigten Kцnigreichs sein sollte.;Po podpisaniu przez Imperium Brytyjskie traktatu pokojowego z Trzeci№ Rzesz№, koniecznym staіo siк ponowne wі№czenie Szkocji w skіad Zjednoczonego Krуlestwa;;После заключения британо-немецкого мирного договора Шотландия вновь стала частью Великобритании.;;;X
EVT_3412_DESC;After the British Empire signed a peace treaty with the Third Reich, it became pointless for our small nation to continue fighting.;Aprиs la signature par l'Empire Britannique d'un traitй de paix avec le Troisiиme Reich, il devint inutile pour notre petite nation de continuer le combat.;Dopo che l'Impero Britannico ha firmato il trattato di pace con il Terzo Reich, и diventato inutile, per la nostra piccola nazione, continuare a combattere.;Ahora que el Imperio Britбnico ha firmado un tratado de paz con el Tercer Reich, es inъtil que nuestro pequeсo paнs siga combatiendo.;Nachdem das Britische Empire einen Friedensvertrag mit dem Deutschen Reich geschlossen hatte, wurde es sinnlos fьr unser kleines Land alleine weiterzukдmpfen.;Po podpisaniu przez Imperium Brytyjskie traktatu pokojowego z Trzeci№ Rzesz№, kontynuowanie walki okazaіo siк dla naszego maіego narodu bezcelowe.;;Великобритания и Германия заключили мирный договор, так что мы можем прекратить сражаться с немцами.;;;X
EVT_3412_ACTA;Finally!;Finalement!;Finalmente!;ЎFinalmente!;Endlich!;Nareszcie!;;Наконец-то!;;;X
EVT_3208_NAME;Germany puppets Finland;L'Allemagne contrфle la Finlande;La Germania trasforma la Finlandia in uno stato fantoccio;Alemania instaura un gobierno tнtere en Finlandia;Deutsche Marionettenregierung in Finnland;Finlandia marionetk№ Niemiec;;Германия приводит к власти в Финляндии марионеточное правительство;;;X
EVT_3208_DESC;After the war on Bolshevism, Germany installed a puppet government in Finland.;Aprиs la guerre contre le Bolchйvisme, l'Allemagne installa un gouvernment fantoche en Finlande.;Dopo la Guerra al Bolscevismo, la Germania instaurт un governo fantoccio in Finlandia.;Tras la guerra contra el Bolchevismo, Alemania instaura un gobierno tнtere en Finlandia.;Nach dem Krieg gegen den Bolschewismus setzte Deutschland eine Marionettenregierung in Finnland ein.;Po zwyciкskiej wojnie przeciwko bolszewizmowi, Niemcy zainstalowali w Finlandii marionetkowy rz№d.;;После окончания войны с большевизмом Германия превратила Финляндию в марионеточное государство.;;;X
EVT_3208_ACTA;Fools!;Idiots!;Sciocchi!;ЎNecios!;Narren!;Gіupcy!;;Дураки!;;;X
EVT_3209_NAME;Germany puppets Romania;L'Allemagne contrфle la Roumanie;La Germania trasforma la Romania in uno stato fantoccio;Alemania instaura un gobierno tнtere en Rumanнa;Deutsche Marionettenregierung in Rumдnien;Rumunia marionetk№ Niemiec;;Германия приводит к власти в Румынии марионеточное правительство;;;X
EVT_3209_DESC;After the war on Bolshevism, Germany installed a puppet government in Romania.;Aprиs la guerre contre le Bolchйvisme, l'Allemagne installa un gouvernment fantoche en Roumanie.;Dopo la Guerra al Bolscevismo, la Germania installт un governo fantoccio in Romania.;Tras la guerra contra el Bolchevismo, Alemania instaura un gobierno tнtere en Rumanнa.;Nach dem Krieg gegen den Bolschewismus setzte Deutschland eine Marionettenregierung in Rumдnien ein.;Po zwyciкskiej wojnie przeciwko bolszewizmowi, Niemcy zainstalowali w  Rumunii marionetkowy rz№d.;;После окончания войны с большевизмом Германия превратила Румынию в марионеточное государство.;;;X
EVT_3210_NAME;Germany puppets Bulgaria;L'Allemagne contrфle la Bulgarie;La Germania trasforma la Bulgaria in uno stato fantoccio;Alemania instaura un gobierno tнtere en Bulgaria;Deutsche Marionettenregierung in Bulgarien;Buіgaria marionetk№ Niemiec;;Германия приводит к власти в Болгариимарионеточное правительство;;;X
EVT_3210_DESC;After the war on Bolshevism, Germany installed a puppet government in Bulgaria.;Aprиs la guerre contre le Bolchйvisme, l'Allemagne installa un gouvernment fantoche en Bulgarie.;Dopo la Guerra al Bolscevismo, la Germania installт un governo fantoccio in Bulgaria.;Tras la guerra contra el Bolchevismo, Alemania instaura un gobierno tнtere en Bulgaria.;Nach dem Krieg gegen den Bolschewismus setzte Deutschland eine Marionettenregierung in Bulgarien ein.;Po zwyciкskiej wojnie przeciwko bolszewizmowi, Niemcy zainstalowali w Buіgarii marionetkowy rz№d.;;После окончания войны с большевизмом Германия превратила Болгарию в марионеточное государство.;;;X
EVT_3211_NAME;Germany puppets Hungary;L'Allemagne contrфle la Hongrie;La Germania trasforma l'Ungheria in uno stato fantoccio;Alemania instaura un gobierno tнtere en Hungrнa;Deutsche Marionettenregierung in Ungarn;Wкgry marionetk№ Niemiec;;Германия приводит к власти в Венгрии марионеточное правительство;;;X
EVT_3211_DESC;After the war on Bolshevism, Germany installed a puppet government in Hungary.;Aprиs la guerre contre le Bolchйvisme, l'Allemagne installa un gouvernment fantoche en Hongrie.;Dopo la Guerra al Bolscevismo, la Germania installт un governo fantoccio in Ungheria.;Tras la guerra contra el Bolchevismo, Alemania instaura un gobierno tнtere en Hungrнa.;Nach dem Krieg gegen den Bolschewismus setzte Deutschland eine Marionettenregierung in Ungarn ein.;Po zwyciкskiej wojnie przeciwko bolszewizmowi, Niemcy zainstalowali na Wкgrzech marionetkowy rz№d.;;После окончания войны с большевизмом Германия превратила Венгрию в марионеточное государство.;;;X
EVT_2805_NAME;The Reich at its knees;Le Reich а genoux;Il Reich и in ginocchio;El Reich de rodillas;Eine totale Niederlage droht;Rzesza na kolanach;;Рейх поставлен на колени;;;X
EVT_2805_DESC;The Great War is repeating itself! We have been stabbed in the back!;La Grande Guerre se rйpete! Nous avons йtй frappйs dans le dos!;La Grande Guerra si ripete! Siamo stati pugnalati alle spalle!;ЎLa Gran Guerra se repite! ЎNos han apuсalado por la espalda!;Der letzte Krieg wiederholt sich! Wir wurden schon wieder verraten!;Powtуrka z Pierwszej Wojny Њwiatowej! Zostaliњmy pchniкci w plecy!;;История повторяется! Мы снова получили удар в спину!;;;X
EVT_2805_ACTA;We must make a tolerable peace!;Nous devons obtenir une paix tolerable!;Sobbiamo stipulare una pace tollerabile!;Debemos buscar una paz aceptable;Wir mьssen einen ertrдglichen Frieden schlieЯen!;Musimy doprowadziж do znoњnego pokoju!;;Мы должны заключить мирный договор на приемлемых условиях!;;;X
EVT_2805_ACTB;We are down, but not out!;Nous sommes а terre, mais pas йliminйs!;Siamo sconfitti ma non definitivamente!;ЎEstamos abatidos pero no vencidos!;Wir sind angeschlagen, aber nicht besiegt!;Na kolanach, ale nie leїymy!;;Мы не отступим!;;;X
EVT_2806_NAME;The Reich is humiliated;Le Reich est humiliй;Il Reich и umiliato;El Reich es humillado;Das Reich wurde erniedriegt;Rzesza upokorzona;;Рейх оскорблен;;;X
EVT_2806_DESC;This is an outrage!;C'est un outrage!;Questo и un oltraggio!;ЎEsto es un ultraje!;Das ist empцrend!;To zniewaga!;;Это возмутительно!;;;X
EVT_2034_ACTA;A necessary sacrifice;Un sacrifice nйcйssaire;Un sacrificio necessario;Un sacrificio necesario;Ein notwendiges Opfer;Konieczne poњwiкcenie;;Новое приобретение;;;X
EVT_2908_DESC;In accordance with the Tripartite Act, Italy is now the sole influence in the Mediterranean and shall receive all strategic locations to put this new order into effect.;En accord avec l'Acte Tripartite, L'Italie est а prйsent la seule influence en mйditerranйe et doit recevoir toutes les positions stratйgiques а cet effet.;Secondo il Patto Tripartito, l'Italia и l'unica potenza del Mediterraneo e deve ricevere tutti i presidi strategici per rendere effettivo il nuovo ordine mondiale.;Deacuardo con el Pacto Tripartito, Italia es ahora la ъnica influencia en el Mediterrбneo y debe recibir el control de todas los puntos estratйgicos para que el Nuevo Orden Mundial sea efectivo.;Im Einklang mit dem Dreimдchtepakt ist Italien jetzt die einzige Macht im Mittelmeerraum. Dementsprechend soll es alle strategisch wichtigen Stьtzpunkte erhalten, um diese neue Ordnung durchzusetzen. ;Zgodnie z ustaleniami Paktu Trуjstronnego Wіochy, jako jedyne aktualnie mocarstwo њrуdziemnomorskie, powinny otrzymaж wszystkie punkty strategiczne, aby ten porz№dek wcieliж w їycie.;;В соответствии с положениями трехстороннего акта, Италия становится единоличным властителем всего Средиземноморья. Теперь она должна получить в свое владение стратегически важные пункты, которые позволят увеличить влияние регионе.;;;X
EVT_2767_NAME;The Italian Social Republic established;Etablissement de la Rйpublique Sociale Italienne;La crezione della Repubblica Sociale Italiana;La Repъblica Social Italiana;Die Republik von Salo wurde geschaffen;Utworzenie Wіoskiej Republiki Socjalnej;;Образование Итальянской Социалистической Республики;;;X
EVT_2767_DESC;After Mussolini was arrested and Italy surrendered to the Allies, the Germans quickly moved in to foil any Allied movement on the peninsula. Soon afterwards they discovered the location of Mussolini and a dramatic rescue was staged by the SS-commando Otto Skorzeny. Following a meeting with Hitler, he agreed to set up a new government in the German areas known as the Italian Social Republic. This was largely due to Hitler's threat that Italy would 'envy the fate of Poland' if he did not comply.;Aprиs l'arrestation de Mussolini et la reddition de l'Italie aux Alliйs, Les Allemands rйagirent vite afin de bloquer tout mouvement alliй dans la pйninsule. Peu aprиs, ils dйcouvrirent le lieu de dйtention de Mussolini et le SS-commando Otto Skorzeny organisa sa libйration. Aprиs une rencontre avec Hitler, il accepta de mettre en place un nouveau gouvernment dans les zones contrфlйes par l'Allemagne connu comme la Rйpublique Sociale Italienne. Cela йtaie largement du au fait qu'Hitler menaзa l'Italie 'd'envier le sort de la Pologne' si il n'acceptait pas.;Dopo l'arresto di Mussolini e la resa dell'Italia agli Alleati, il governo tedesco si mosse velocemente per bloccare ogni mossa alleata nella penisola. Poco dopo i tedeschi scoprirono il luogo in cui era prigioniero Mussolini e una clamorosa liberazione venne effettuata dal comandante delle SS Otto Skorzeny. Dopo un incontro con Hitler, Mussolini accettт di formare un nuovo governo nella zona detta Repubblica Sociale Italiana. Questo fu in gran parte dovuto alla minaccia di Hitler secondo cui l'Italia avrebbe dovuto 'seguire il destino Polacco' se non avesse ubbidito.;Cuando Mussolini fue arrestado e Italia se rindiу ante los Aliados, Alemania se puso rбpidamente en movimiento para repeler cualquier movimiento aliado en la penнnsula. Poco despuйs localizaron donde estaba prisionero el Duce y se llevу a cabo un espectacular rescate protagonizado por los paracaidistas de Otto Skorzeny. Tras un encuentro con Hitler, Mussolini accediу a crear un nuevo gobierno en las бreas controladas por Alemania, bajo el nombre de Repъblica Social Italiana, en parte debido a la amenaza de Hitler de que Italia 'envidiarнa el destino de Polonia' si no accedнa a hacerlo.;Nachdem Mussolini verhaftet wurde und Italien gegenьber den Allierten kapituliert hatte, wurde es schnell von den Deutschen besetzt um das allierte Vordringen auf der Halbinsel aufzuhalten. Kurze Zeit spдter fanden sie heraus, wo Mussolini gefangen gehalten wurde und eine dramatische Rettungsaktion wurde vom SS-Offizier Otto Skorzeny unternommen. Nach einem Treffen mit Hitler, etablierte Mussolini eine neue Regierung in den von Deutschen besetzten Gebieten, die als Republik von Salo bekannt wurde. Dies geschah vor allem, da Hitler drohte, dass 'Italien das Schicksal Polens beneiden wьrde', falls sich Mussolini nicht bereit fдnde.;Po aresztowaniu Mussoliniego i kapitulacji Wіoch, Niemcy natychmiast wkroczyli, aby uniemoїliwiж ruchy Aliantуw na pуіwyspie. Szybko odkryli miejsce przetrzymywania Mussoliniego i po dramatycznej akcji, przeprowadzonej przez komandosуw Otto Skorzenego, Duce zostaі uwolniony. W nastкpstwie spotkania z Hitlerem, Mussolini zgodziі siк utworzyж nowy wіoski rz№d na terenach okupowanych przez Niemcуw, znany jako Wіoska Republika Socjalna. Duce zgodziі siк na to pod groџb№ Hitlera, їe Wіochy 'pozazdroszcz№ losu Polsce'.;;После ареста Муссолини и капитуляции Италии немцы приняли решение во что бы то ни стало сдержать продвижение Союзников на полуострове. Вскоре им удалось обнаружить место заключения Муссолини, и СС провела операцию по его освобождению. После встречи с Гитлером Муссолини создал новое государство на немецкой территории -  Итальянскую Социалистическую Республику. ;;;X
EVT_2767_ACTA;Puppet Il Duce!;Il Duce est un fantoche!;Trasforma il Duce in un fantoccio!;Covertir a 'il Duce' en un tнtere;Mussolini zu einer Marionette machen!;Il Duce marionetk№!;;Дуче - марионетка!;;;X
EVT_2792_NAME;Destroying the Maginot Line;Dйtruire la ligne Maginot;La distruzione della Linea Maginot;La Destrucciуn de la Lнnea Maginot;Zerstцrung der Maginotlinie;Zniszczenie Linii Maginota;;Уничтожение линии Мажино;;;X
EVT_2792_DESC;After the German conquest of France, Hitler ordered the once-feared Maginot Line to be dismantled.;Aprиs la conquкte allemande de la France, Hitler ordonna la destruction de la ligne Maginot, autrefois crainte.;Dopo la conquista tedesca della Francia, Hitler ordinт che la temuta Linea Maginot venisse totalmente smantellata.;Tras la conquista de Francia, Hitler ordenу que la antaсo temida Lнnea Maginot fuera destruнda.;Nach der Eroberung Frankreichs befahl Hitler die Zerstцrung der einst gefьrchteten Maginotlinie. ;Po podbiciu Francji Hitler nakazaі kompletne zniszczenie Linii Maginota, ktуrej uprzednio tak siк obawiano.;;После оккупации Франции Гитлер приказал разрушить линию Мажино.;;;X
EVT_3422_NAME;Treacherous Hungarians!;Traitres de Hongrois!;Ungheresi traditori!;ЎTraidores Hъngaros!;Verrдterische Ungarn!;Wкgry zdradzaj№!;;Вероломные венгры!;;;X
EVT_3422_DESC;The Hungarian government is trying to surrender to the Soviets. We must stop this! Send Skorzeny!;Le gouvernement Hongrois tente de se rendre aux Soviйtiques. Nous devons arrкter cela! Envoyez Skorzeny!;Il governo ungherese sta trattando la resa con i sovietici. Dobbiamo impedirlo! Mandate Skorzeny!;El Gobierno Hъngaro estб tratando de llegar a un acuerdo de paz con los soviйticos. ЎDebemos detenerles! ЎEnviemos a Skorzeny!;Die ungarische Regierung versucht gegenьber der Sowjetunion zu kapitulieren. Wir mьssen das verhindernt! Schickt Skorzeny!;Wкgierski rz№d ropocz№і negocjacje z Sowietami. Nie moїemy na to pozwoliж! Wysіaж Skorzenego!;;Венгерское правительство пытается сдаться СССР. Мы не можем этого допустить! Пошлите Скорцени!;;;X
EVT_3422_ACTA;Treason = Punishment;Trahison = Punition;Tradimento = Punizione;La traiciуn es castigada;Verrat bedeutet Strafe;Zdrada zostanie ukarana;;Измена = Наказание;;;X
EVT_3416_NAME;Germany offers terms;L'Allemagne offre ses conditions;La Germania offre la resa;Alemania ofrece un acuerdo de paz;Deutschland bietet Friedensbedingungen an;Niemcy oferuj№ warunki pokoju;;Германия готова обсуждать условия капитуляции;;;X
EVT_3416_DESC;Hitler is dead and Germany is offering us surrender terms. What should we do, Comrade?;Hitler est mort et l'Allemagne nous offre ses conditions de reddition. Que devons nous faire, Camarade?;Hitler и morto e la Germania ci sta offrendo i termini per la resa. Cosa dobbiamo fare, compagni!;Hitler estб muerto y Alemania nos ofrece sus tйrminos para su rendiciуn. їQue debemos hacer, camarada?;Hitler ist tot und Deutschland bietet uns Friedensbedingungen an. Was sollen wir tun, Genosse? ;Hitler nie їyje i Niemcy proponuj№ nam warunki poddania siк. Co powinniњmy zrobiж, Towarzyszu?;;Гитлер мертв, и Германия готова капитулировать. Что мы будем делать?;;;X
EVT_3416_ACTA;Accept only an unconditional surrender!;N'accepter qu'une reddition sans conditions!;Accettiamo solo una resa senza condizioni!;ЎAceptar sуlo una rendiciуn incondicional!;Nur eine bedingungslose Kapitulation ist akzeptabel!;Akceptujemy tylko bezwarunkow№ kapitulacjк!;;Принять только безоговорочную капитуляцию;;;X
EVT_3416_ACTB;Paint the town red!;Repeindre tout cela en Rouge!;Dipingiamo di rosso la cittа!;ЎTeсiremos Berlнn de rojo!;Wir wollen Rache! Der Krieg geht weiter. ;Pomalujmy to miasto na czerwono!;;Утопить немецкие города в крови!;;;X
EVT_SURGERBEL_NAME;Belgium claims its lands!;La Belgique rйclame ses territoires!;Il Belgio reclama i suoi territori!;Bйlgica reclama sus tierras;Belgien verlangt sein Land!;Belgia domaga siк swoich ziem!;;Бельгия требует возвратить свои земли!;;;X
EVT_SURGERBEL_DESC;We must claim our national territory!;Nous devons rйclamer notre territoire national!;Dobbiamo rivendicare i nostri territori nazionali!;Debemos reclamar nuestro territorio nacional;Wir mьssen unser Land fordern!;Musimy ї№daж naszego terytorium narodowego!;;Мы требуем вернуть нам наши земли!;;;X
EVT_SURDFRNAME;Joining the Allies;Rejoindre les Alliйs;Unisciti agli Alleati;Unirse a los Aliados;Den Allierten beitreten;Przyst№pienie do Aliantуw;;Союз с Западом;;;X
EVT_SURDFR_DESC;We are now a democracy and will maintain close relationships with the Western Allies.;Nous sommes а prйsent une democratie et garderont des relations proches avec les Alliйs occidentaux. ;Noi siamo una democrazia e dobbiamo mantenere delle relazioni strette con gli alleati occidentali.;Ahora somos una democracia y debemos mantener estrechas relaciones con los Aliados Occidentales.;Wir sind jetzt eine Demokratie und werden eng mit den Allierten zusammenarbeiten;Naszym ustrojem jest teraz demokracja i bкdziemy utrzymywaж bliskie relacje z zachodnimi Aliantami.;;Теперь мы демократическое государство и будем празвивать отношения со странами Запада.;;;X
EVT_3424_NAME;Constanta to Bulgaria;Constanta а la Bulgarie;Constanza alla Bulgaria;Constanta para Bulgaria;Konstanz an Bulgarien;Constanta dla Buіgarii;;Константа отходит Болгарии;;;X
EVT_2750_NAME;Bulgaria switches sides;La Bulgarie change de camp;La Bulgaria cambia bandiera;Bulgaria cambia de bando;Bulgarien wechselt die Seiten;Buіgaria zmienia strony;;Болгария переходит на другую сторону;;;X
EVT_2750_DESC;With the Soviet juggernaut bearing down, the time has come to accept reality.;L'ogre soviйtique йtant de plus en plus irrйsistible, il est temps d'accepter la rйalitй.;Con il colosso Sovietico che sta calando verso di noi, и tempo di accettare la realtа.;Con la apisonadora soviйtica avanzando hacia el oeste, ha llegado la hora de acceptar la realidad.;Wir kцnnen der sowjetischen Ьbermacht nicht lдnger standhalten und mьssen der Realitдt ins Auge sehen. ;Z radzieckim monstrum nie jesteњmy w stanie sobie poradziж, nadszedі czas, їeby zaakceptowaж rzeczywistoњж.;;Красная армия все ближе, придется смириться с неизбежным.;;;X
EVT_2750_ACTB;No! We will not stand for this!;Non! Nous ne l'accepterons pas!;No! Non possiamo accettarlo!;ЎNo! ЎNo lo permitiremos!;Nein, niemals! Der Krieg geht weiter!;Nie! Nie zgodzimy siк na to!;;Нет! Мы этого не допустим!;;;X
EVT_2751_DESC;We have brought the Bulgarians Socialism! Glory to the Motherland!;Nous avons amenй le socialisme aux Bulgares! Gloire а la mиre patrie! ;Abbiamo portato il socialismo in Bulgaria! Gloria alla madrepatria!;Hemos llevado el socialismo a los bъlgaros. ЎGloria a la madre patria!;Ja, Sozialismus fьr Bulgarien! Ruhm fьr das Mutterland!;Przynieњliњmy Buіgarii socjalizm! Niech їyje nasza ojczyzna!;;Мы сделали Болгарию социалистической страной! Да здравствует наша великая родина!;;;X
EVT_3603_NAME;Poland stands alone;La Pologne reste seule debout.;La Poland rimane isolata;Polonia se queda sola;Polen steht alleine;Polska pozostaje samotna;;Польша остается в одиночестве;;;X
EVT_3603_DESC;Disturbing news has reached our ears today. Apparently, the British government has dismissed the possibility of offering us an alliance in an attempt to stop Germany from pressing more claims in Eastern Europe. This is a most unfortunate day. Poland stands alone and we'll have to consider our options carefully if we want to survive the next few months. Let's tread lightly.;Nos oreilles ont entendu aujourd'hui des nouvelles des plus inquiйtantes. Apparemment, le gouvernement Britannique n'envisage pas la possibilitй de nous offrir une alliance en vue de stopper l'Allemagne dans ses revendications toujours plus а l'est. C'est un jour extrкmement inatendu. La Pologne reste seule а faire face et nous aurons а considйrer nos options prudemment si nous voulons survivre les quelques prochains mois. Agissons а pas lйgers.;Oggi sono giunte delle spiacevoli notizie. Apparentemente il governo britannico ha lasciato cadere l'opportunitа di offrirci una allenza tesa a limitare le pressioni tedesche relative a ulteriori rivendicazioni in Europa orientale. Questo и un giorno infausto. La Polonia rimane isolata e dovremo considerare con molta attenzione le nostre prossime mosse se vorremo sopravvivere nell'immediato futuro. Non siamo molto tranquilli.;Nos han llegado noticias desoladoras. Aparentemente, el gobierno britбnico ha descartado la posibilidad de ofrecernos una alianza para intentar evitar que Alemania continъe con sus agresivas exigencias en Europa Oriental. Hoy es un dнa terriblemente desgraciado, Polonia se queda sola y tendremos que considerar cuidadosamente nuestras opciones en los prуximos meses. Debemos hilar fino a partir de ahora.;Beunruhigende Neuigkeiten haben uns gerade erreicht. Die britische Regierung hat beschlossen, dass sie uns keine formale Allianz anbieten wird. Damit stehen wir alleine gegen die deutschen Ambitionen in Osteuropa und wir mьssen uns ьberlegen, was wir tun kцnnen um die nдchsten Monate zu ьberleben. Wir mьssen jetzt sehr vorsichtig sein!;Dotarіy do nas dzisiaj niepokoj№ce wiadomoњci. Wygl№da na to, їe rz№d brytyjski wykluczyі moїliwoњж zaoferowania nam sojuszu maj№cego na celu powstrzymanie Niemiec przed wymuszaniem kolejnych ї№daс w Europie Wschodniej. To wyj№tkowo nieszczкњliwy dzieс. Polska pozostaje samotna i bкdziemy musieli ostroїnie braж pod uwagк nasze moїliwoњci jeїeli chcemy przetrwaж przez kolejnych parк miesiкcy. Postarajmy siк dziaіaж ostroїnie.;;Сегодня стало известно, что британское правительство не станет заключать с нами союзный договор и не будет противостоять продвижению Германии в Восточной Европе. Это черный день нашей истории. Польша остается в одиночестве, и нам придется самостоятельно бороться с германской военной машиной. ;;;X
EVT_3603_ACTA;London be damned!;Maudite soit Londres!;Maledetti inglesi!;ЎMaldito sea Londres!;Verdammte Briten!;Niech Londyn bкdzie przeklкty!;;Проклятый Лондон!;;;X
EVT_100020_NAME;Madagascar under Japan;Madagascar pour le Japon;Il Madagascar sotto il Giappone;Madagascar japonйs;Madagaskar unter Japan;Japonia przejmuje Madagaskar;;Японцы захватывают Мадагаскар;;;X
EVT_100020_DESC;The government in Vichy has given in to Japanese demands, and we must now deal with Tokyo.;Le gouvernment de Vichy a cйdй aux demandes Japonaises, et nous devons nйgocier avec Tokyo.;Il governo di Vichy ci ha consegnato secondo le richieste giapponesi, e ora dobbiamo vedercela con Tokyo.;El Gobierno de Vichy ha accedido a las demandas japonesas, y ahora debemos entendйrnoslas con Tokio.;Die Regierung in Vichy hat den Japanischen Ansprьchen stattgegeben und wir mьssen nun mit Tokyo verhandeln.;Rz№d Vichy ulegі japoсskim ї№daniom, musimy teraz ust№piж Tokio.;;Правительство Виши приняло условия Японии, и теперь нами будет управлять Токио;;;X
VICHY_DEFECT_NAME;French Generals defecting to Vichy France;Des gйnйraux franзais dйsertent а Vichy!;Generali francesi disertano la Francia di Vichy;Generales franceses se pasan a la Francia de Vichy;Franzцschische Generдle laufen zu Vichy ьber!;Francuscy generaіowie zdradzaj№ na rzecz Vichy;;Французские генералы на стороне Виши;;;X
VICHY_DEFECT_DESC;While a small number of French generals such as Charles De Gaulle fled to England and led the Free French Army from there, a rather large group of older French generals chose to stand with the old Field Marshal Pйtain and the Vichy French Government. Notorious commanders such as Maxime Weygand, Charles Huntziger and Franзois Darlan will forever be remembered as traitors.;Pendant que quelques officiers franзais comme par exemple Charles De Gaulle se dйcidaient а fuir en Angleterre, un large groupe des vieux gйnйraux йtait loyal au Marйchal Pйtain et le gouvernement de Vichy. Des gйnйraux comme Maxime Weygand, Charles Huntziger et Franзois Darlan seront toujours rappelйs comme traоtres.;Mentre un piccolo gruppo di generali francesi, tra cui Charles De Gaulle, и fuggito in Inghilterra per comandare le forze della Francia Libera, una folta schiera di generali della vecchia guardia ha deciso di fiancheggiare il vecchio feldmaresciallo Pйtain e il governo francese di Vichy. Famosi comandanti come Maxime Weygand, Charles Huntziger e Franзois Darlan verranno per sempre ricordati come traditori.;Aunque unos cuantos generales franceses como Charles De Gaulle huyeron a Inglaterra y dirigieron los ejйrcitos de los franceses libres desde allн, un grupo considerable de generales franceses mбs ancianos prefirieron quedarse junto el viejo mariscal de campo Pйtain y el gobierno de la Francia de Vichy. Cйlebres comandantes como Maxime Weygand, Charles Huntziger y Franзois Darlan serбn siempre recordados como traidores.;Wдhrend einige franzцsische Offiziere wie zum Beispiel Charles De Gaulle nach England flohen, entschied sich eine recht groЯe Gruppe mit Marshall Pйtain und der Vichy Regierung zusammenzuarbeiten. An Befehlshaber wie Maxime Weygand, Charles Huntziger und Franзois Darlan wird man sich ewig als Verrдter erinnern.;Choж niektуrzy francuscy generaіowie, tacy jak Charles De Gaulle, zbiegli do Anglii i stamt№d dowodzili Armi№ Wolnych Francuzуw, spora czкњж starszych generaіуw postanowiіa przystaж do marszaіka Petaina i jego rz№du Vichy. Dowуdcy tacy jak Maxime Wygand, Charles Huntziger czy Francois Darlan na zawsze zostan№ zapamiкtani jako zdrajcy.;;Лишь несколько французских генералов последовали примеру де Голля и перебрались в Англию, где возглавили воинские части 'Свободной Франции'. Большинство старых заслуженных генералов поддержали маршала Петэна и правительство Виши.  Имена Максима Вигана, Шарля Хунтцигера и Франсуа Дарлана отныне навсегда станут символами измены.;;;X
UFRONT_NAME;United Front Against Soviet aggression;Front Uni contre l'Aggression Soviйtique;Fronte Unito contro l'invasione sovietica;Frente unido contra la agresiуn soviйtica;Geeinte Front gegenьber der sowjetischen Aggression. ;Zjednoczony front przeciw sowieckiej agresji.;;Объединенный фронт против агрессии СССР;;;X
UFRONT_DESC;Entire China must unite and stand together against the Soviet aggression. We will not let these barbarian hordes overrun us while we are divided!;La Chine entiиre doit s'unir et rйsister comme un seul homme face а l'Aggression Soviйtique. Nous ne laisserons pas ces hordes barbares nous submerger parce que nous sommes divisйs!;La Cina deve restare unita e affrontare con decisione la minaccia sovietica. Non permetteremo a questi barbari di sopraffarci mentre siamo divisi!;Toda China debe unirse y plantar cara al ataque soviйtico. ЎNo dejaremos que esas hordas bбrbaras nos arrollen por estar divididos!;Ganz China muss sich vereinen um gemeinsam der sowjetischen Aggression entgegenzustehen. Wir werden nicht zulassen, dass diese Barbaren uns ьberrennen wдhrend wir gespalten sind. ;Chiny musz№ siк zjednoczyж i odeprzeж sowieck№ agresjк. Nie pozwolimy tym hordom barbarzyсcom podzieliж nas i pokonaж! ;;Весь Китай должен объединиться против советской агресии. Мы не позволим этим варварам воспользоваться нашей разобщенностью!;;;X
#;;;;;;;;;;;X
# 1.2 & 1.3 is above.;;;;;;;;;;;X
#;;;;;;;;;;;X
TCNOT_ARMY_SIZE;Has below %d divisions.\n;En dessous de %d divisions.\n;Meno di %d divisioni.\n;Menos de %d divisiones.\n;Hat unten %d Divisionen.\n;Ma poniїej %d dywizji.\n;;Количество дивизий менее %d.\n;;;X
TC_ARMY_SIZE;Has at least %d division(s).\n;Au moins %d divisions.\n;Ha almeno %d divisioni.\n;Al menos %d divisiones.\n;Hat mindestens %d Divisionen.\n;Posiada przynajmnij %d dywizji.\n;;Количество дивизий не менее %d.\n;;;X
TCNOT_DAY;It is not %d day of the month.\n;Ce n'est pas le %d jour du mois. \n;Non и il giorno numero %d del mese.\n;No es el %d dia del mes.\n;Es ist nicht der %d Tag des Monats.\n;To nie jest %d dzieс miesi№ca.\n;;Сегодня не %d-й день месяца.\n;;;X
TC_DAY;It is the %d day of the month.\n;C'est le %d jour du mois. \n;и il giorno numero %d del mese.\n;Es el %d dia del mes.\n;Es ist der %d Tag des Monats.\n;To jest %d dzieс miesi№ca.\n;;Сегодня %d-й день месяца.\n;;;X
TCNOT_ARMYPER_BY;Has less than %.f percent of %s's number of divisions.\n;A moins de %.f pourcent du nombre de divisions de %s.\n;Ha meno dell' %.f percento delle divisioni di %s .\n;Tiene menos del %.f porciento del %s del numero de divisiones.\n;Hat weniger als %.f Prozent von %s \'s der Divisionsstдrke \n;Ma mniej niї %.f procent dywizji paсstwa: %s\n;;Менее %.f дивизий государства %s.\n;;;X
TC_ARMYPER_BY;Has at least %.f percent of %s's number of division(s).\n;A au moins de %.f pourcent du nombre de divisions de %s.\n;Ha almeno il %.f percento delle divisioni di %s .\n;Tiene al menos %.f porciento del %s del numero de divisiones.\n;Hat mindestens %.f Prozent von %s \'s der Divisionsstдrke\n;Ma co najmniej %.f procent dywizji paсstwa: %s\n;;Не менее %.f дивизий государства %s.\n;;;X
#EOF;;;;;;;;;;;X
#EOF;;;;;;;;;;;X
