#  STRING NAME (do not change!);English;French;Italian;Spanish;German;Polish;Portugese;Russian;;Extra2;X
#;;;;;;;;;;;X
# Countries!;;;;;;;;;;;X
#;;;;;;;;;;;X
AFG;Afghanistan;Afghanistan;Afghanistan;Afganist?n;Afghanistan;Afganistan;;??????????;;;X
ALB;Albania;Albanie;Albania;Albania;Albanien;Albania;;???????;;;X
ALG;Algeria;Alg?rie;Algeria;Argelia;Algerien;Algieria;;?????;;;X
ALI;Alien Invaders;Envahisseurs aliens;Invasori Alieni;Invasores extranjeros;Au?erirdische Invasoren;Obcy NajeŸdŸcy;;???????????? ??????????;;;X
ALS;The Allies;Les Alli?s;Gli Alleati;Los Aliados;Die Alliierten;Alianci;;????????;;;X
ANG;Angola;Angola;Angola;Angola;Angola;Angola;;??????;;;X
ARA;Arab Federation;F?d?ration arabe;Federazione araba;Federaci?n ?rabe;Arabische Liga;Federacja Arabska;;???????? ?????????;;;X
ARG;Argentina;Argentine;Argentina;Argentina;Argentinien;Argentyna;;?????????;;;X
ARM;Armenia;Arm?nie;Armenia;Armenia;Armenien;Armenia;;???????;;;X
AST;Australia;Australie;Australia;Australia;Australien;Australia;;?????????;;;X
AUS;Austria;Autriche;Austria;Austria;?sterreich;Austria;;???????;;;X
AXI;The Axis;L’Axe;L’Asse;El Eje;Die Achsenm?chte;Pa?stwa Osi;;???;;;X
AZB;Azerbaijan;Azerbaidjan;Azerbaigian;Azerbaiy?n;Aserbaidschan;Azerbejd?an;;???????????;;;X
BEL;Belgium;Belgique;Belgio;B?lgica;Belgien;Belgia;;???????;;;X
BEN;Benin-Sahel;B?nin-Sahel;Benin-Sahel;Benin-Sahel;Benin-Sahel;Benin;;?????;;;X
BHU;Bhutan;Bhoutan;Bhutan;But?n;Bhutan;Bhutan;;?????;;;x
BLR;Byelorussia;Bi?lorussie;Bielorussia;Bielorrusia;Belarus;Bia?oruœ;;????????;;;X
BOL;Bolivia;Bolivie;Bolivia;Bolivia;Bolivien;Boliwia;;???????;;;X
BOS;Bosnia;Bosnie;Bosnia;Bosnia;Bosnien;Boœnia;;??????;;;X
BRA;Brazil;Br?sil;Brasile;Brasil;Brasilien;Brazylia;;????????;;;X
BRU;Brunei;Brunei;Brunei;Brunei;Brunei;Brunei;;??????;;;x
BUL;Bulgaria;Bulgarie;Bulgaria;Bulgaria;Bulgarien;Bu?garia;;????????;;;X
BUR;Burma;Birmanie;Birmania;Birmania;Burma;Birma;;?????;;;X
CAL;California;Californie;California;California;Kalifornien;Kalifornia;;??????????;;;X
CAM;Cameroon;Cameroun;Camerun;Camer?n;Kamerun;Kamerun;;???????;;;X
CAN;Canada;Canada;Canada;Canad?;Kanada;Kanada;;??????;;;X
CGX;Guangxi;Guangxi;Guangxi;Guangxi;Guangxi;Guangxi;;????? ??????;;;X
CHC;China;China;China;China;China;China;;??????. ?????;;;X
CHI;China;China;China;China;China;China;;???. ?????;;;X
CHL;Chile;Chili;Cile;Chile;Chile;Chile;;????;;;X
CMB;Cambodia;Cambodge;Cambogia;Camboya;Kambodscha;Kambod?a;;????????;;;X
COL;Colombia;Colombie;Colombia;Colombia;Kolumbien;Kolumbia;;????????;;;X
CON;Congo;Congo;Congo;El Congo;Kongo;Kongo;;?????;;;X
COS;Costa Rica;Costa Rica;Costa Rica;Costa Rica;Costa Rica;Kostaryka;;?????-????;;;X
CRO;Croatia;Croatie;Croazia;Croacia;Kroatien;Chorwacja;;????????;;;X
CSA;Confederate States ;Etats conf?d?r?s;Stati Confederati;Estados Confederados;Konf?derierte Staaten;Konfederacja;;??????????????? ?????;;;X
CSX;Shanxi;Shanxi;Shanxi;Shanxi;Shanxi;Shanxi;;??????;;;X
CUB;Cuba;Cuba;Cuba;Cuba;Kuba;Kuba;;????;;;X
CXB;Ma;Ma;Ma;Ma;Ma;Ma;;?????????. ????? ??;;;X
CYN;Yunnan;Yunnan;Yunnan;Yunnan;Yunnan;Yunnan;;???????;;;X
CYP;Cyprus;Chypre;Cipro;Chipre;Zypern;Cypr;;????;;;X
CZE;Czechoslovakia;Tch?coslovaquie;Cecoslovacchia;Checoslovaquia;Tschechoslowakei;Czechos?owacja;;????????????;;;X
DDR;GDR;RDA;RDT;RDA;DDR;NRD;;???;;;X
DEN;Denmark;Danemark;Danimarca;Dinamarca;D?nemark;Dania;;?????;;;X
DFR;FRG;RFA;RFT;RFA;BRD;RFN;;???;;;X
DOM;Dominican Republic;R?p. Dominicaine;Rep. Dominicana;Rep?blica Dominicana;Dominikanische Rep.;Rep. Dominikany;;???????.??????????;;;X
EAF;French West Africa;French West Africa;French West Africa;French West Africa;French West Africa;French West Africa;;French West Africa;;;X
ECU;Ecuador;Equateur;Ecuador;Ecuador;Ecuador;Ekwador;;???????;;;X
EGY;Egypt;Egypte;Egitto;Egipto;?gypten;Egipt;;??????;;;x
ENG;UK;Royaume-Uni;Regno Unito;Reino Unido;Gro?britannien;Wielka Brytania;;??????????????;;;X
EQA;Equatorial Africa;Afrique Equatoriale;Africa equatoriale;?frica Ecuatorial;?quatorialafrika;Afryka R?wnikowa;;?????????????? ??????;;;X
EST;Estonia;Estonie;Estonia;Estonia;Estland;Estonia;;???????;;;X
ETH;Abyssinia;Abyssinie;Etiopia;Etiop?a;?thiopien;Etiopia;;???????;;;X
EUS;Euskadi;Pays Basque;Euskadi;Euskadi;Euskadi;Kraj Bask?w;;?????? ??????;;;X
FIN;Finland;Finlande;Finlandia;Finlandia;Finnland;Finlandia;;?????????;;;X
FLA;Flanders;Flandre;Fiandre;Flandes;Flandern;Flandria;;????????;;;X
FRA;France;France;Francia;Francia;Frankreich;Francja;;???????;;;X
GAB;Gabon;Gabon;Gabon;Gab?n;Gabun;Gabon;;?????;;;X
GEO;Georgia;G?orgie;Georgia;Georgia;Georgien;Gruzja;;??????;;;X
GER;Germany;Allemagne;Germania;Alemania;Deutsches Reich;Niemcy;;????????;;;X
GLD;Ghana;Ghana;Ghana;Ghana;Ghana;Ghana;Gana;????;;;X
GRE;Greece;Gr?ce;Grecia;Grecia;Griechenland;Grecja;;??????;;;X
GUA;Guatemala;Guatemala;Guatemala;Guatemala;Guatemala;Gwatemala;;?????????;;;X
GUI;Guinea;Guin?e;Guinea;Guinea;Guinea;Gwinea;;??????;;;X
GUY;Guyana;Guyane;Guyana;Guayana;Guyana;Gujana;;??????;;;X
HAI;Haiti;Haiti;Haiti;Hait?;Haiti;Haiti;;?????;;;x
HOL;Netherlands;Pays-Bas;Paesi Bassi;Pa?ses Bajos;Niederlande;Holandia;;??????????;;;X
HON;Honduras;Honduras;Honduras;Honduras;Honduras;Honduras;;????????;;;x
HUN;Hungary;Hongrie;Ungheria;Hungr?a;Ungarn;W?gry;;???????;;;X
ICL;Iceland;Islande;Islanda;Islandia;Island;Islandia;;????????;;;x
IDC;Indochina;Indochine;Indocina;Indochina;Indochina;Indochiny;;?????????;;;X
IND;India;Inde;India;India;Indien;Indie;;?????;;;X
INO;Indonesia;Indon?sie;Indonesia;Indonesia;Indonesien;Indonezja;;?????????;;;X
IRE;Ireland;Irlande;Irlanda;Irlanda;Irland;Irlandia;;????????;;;X
IRE36;Irish Free State;Irish Free State;Irish Free State;Irish Free State;Irish Free State;Irish Free State;;????????;;;X
IRQ;Iraq;Irak;Iraq;Irak;Irak;Irak;;????;;;x
ISR;Israel;Isra?l;Israele;Israel;Israel;Izrael;;???????;;;X
ITA;Italy;Italie;Italia;Italia;Italien;W?ochy;;??????;;;X
JAP;Japan;Japon;Giappone;Jap?n;Japan;Japonia;;??????;;;X
JOR;Jordan;Jordanie;Giordania;Jord?n;Jordanien;Jordania;;????????;;;x
KAZ;Kazakhstan;Kazakhstan;Kazakistan;Kazajst?n;Kasachstan;Kazachstan;;?????????;;;X
KOR;Korea;Cor?e;Corea;Corea;Korea;Korea;;?????;;;X
KUR;Kurdistan;Kurdistan;Kurdistan;Kurdist?n;Kurdistan;Kurdystan;;?????????;;;X
KYG;Kyrgyzstan;Kirghizistan;Kirghizistan;Kirguizist?n;Kirgistan;Kirgistan;;????????;;;X
LAO;Laos;Laos;Laos;Laos;Laos;Laos;;????;;;X
LAT;Latvia;Lettonie;Lettonia;Letonia;Lettland;?otwa;;??????;;;X
LBY;Libya;Libye;Libia;Libia;Libyen;Libia;;?????;;;X
LEB;Lebanon;Liban;Libano;L?bano;Libanon;Liban;;?????;;;x
LIB;Liberia;Lib?ria;Liberia;Liberia;Liberia;Liberia;;???????;;;x
LIT;Lithuania;Lituanie;Lituania;Lituania;Litauen;Litwa;;?????;;;X
LUX;Luxemburg;Luxembourg;Lussemburgo;Luxemburgo;Luxemburg;Luksemburg;;??????????;;;x
MAD;Madagascar;Madagascar;Madagascar;Madagascar;Madagaskar;Madagaskar;;??????????;;;X
MAL;Mali;Union du Mali;Unione del Mali;Uni?n de Mal?;Union von Mali;Mali;;????????? ????;;;X
MAN;Manchuria;Manchuria;Manchuria;Manchuria;Manchuria;Manchuria;;????????-??;;;X
MEN;Mongolia;Mongolia;Mongolia;Mongolia;Mongolia;Mongolia;;?????????? ????????;;;X
MEX;Mexico;Mexique;Messico;M?xico;Mexiko;Meksyk;;???????;;;X
MIN;(Undefined Nation);(nation non d?finie);(Nazione non specificata);(Naci?n sin definir);(nicht definierte Nation);(Nieokreœlone pa?stwo);;(?????????????? ??????);;;X
MLY;Malaysia;Malaisie;Malesia;Malasia;Malaysia;Malezja;;????????;;;X
MON;Mongolia;Mongolie;Mongolia;Mongolia;Mongolei;Mongolia;;????????;;;X
MOR;Morocco;Maroc;Marocco;Marruecos;Marokko;Maroko;;???????;;;X
MOR36;Tangier International Zone;Tangier International Zone;Tangier International Zone;Tangier International Zone;Tangier International Zone;Tangier International Zone;;Tangier International Zone;;;X
MOZ;Mozambique;Mozambique;Mozambico;Mozambique;Mosambik;Mozambik;;????????;;;X
MTN;Montenegro;Mont?n?gro;Montenegro;Montenegro;Montenegro;Czarnog?ra;;??????????;;;x
NAM;Namibia;Namibie;Namibia;Namibia;Namibia;Namibia;;???????;;;X
NEP;Nepal;N?pal;Nepal;Nepal;Nepal;Nepal;;?????;;;x
NIC;Nicaragua;Nicaragua;Nicaragua;Nicaragua;Nicaragua;Nikaragua;;?????????;;;X
NIG;Nigeria;Nigeria;Nigeria;Nigeria;Nigeria;Nigeria;;???????;;;X
NOR;Norway;Norv?ge;Norvegia;Noruega;Norwegen;Norwegia;;????????;;;X
NZL;New Zealand;Nouvelle-Z?lande;Nuova Zelanda;Nueva Zelanda;Neuseeland;Nowa Zelandia;;????? ????????;;;X
OMN;Oman;Oman;Oman;Om?n;Oman;Oman;;????;;;x
OTT;Ottoman Empire;Empire Ottoman;Impero Ottomano;Imperio Otomano;Ottomanisches Reich;Imperium Osma?skie;;??????????? ???????;;;X
PAK;Pakistan;Pakistan;Pakistan;Pakist?n;Pakistan;Pakistan;;????????;;;X
PAL;Palestine;Palestine;Palestina;Palestina;Pal?stina;Palestyna;;?????????;;;X
PAN;Panama;Panama;Panama;Panam?;Panama;Panama;;??????;;;x
PAR;Paraguay;Paraguay;Paraguay;Paraguay;Paraguay;Paragwaj;;????????;;;X
PER;Iran;Iran;Iran;Iran;Iran;Iran;;??????;;;X
PHI;Philippines;Philippines;Filippine;Filipinas;Philippinen;Filipiny;;?????????;;;X
POL;Poland;Pologne;Polonia;Polonia;Polen;Polska;;??????;;;X
POR;Portugal;Portugal;Portogallo;Portugal;Portugal;Portugalia;;??????????;;;X
PRI;Archangelsk Government;Gouvernement d'Archangelsk;Governo di Archangelsk;Primorsk;Primorsk;Archangielsk;;????????;;;X
PRK;Korea;R?publique Populaire de Cor?e;Repubblica popolare di Corea;Rep?blica Popular de Corea;Volksrepublik Korea;KRLD;;???????? ?????????? ?????;;;X
PRU;Peru;P?rou;Per?;Per?;Peru;Peru;;????;;;X
QUE;Quebec;Qu?bec;Quebec;Qu?bec;Quebec;Quebec;;??????;;;X
RHO;Rhodesia and Nyasaland;Rhod?sie et Nyassaland;Rhodesia e Nyasaland;Rhodesia y Nyasaland;Rhodesien und Njassaland;Rodezja i Niasa;Rod?sias e Niassal?ndia;??????? ? ??????????;;;X
ROM;Romania;Roumanie;Romania;Rumania;Rum?nien;Rumunia;;???????;;;X
RSI;Italy;Italy;Italy;Italy;Italy;Italy;;??????????? ???. ????.;;;X
RUS;Russia;Russie;Russia;Rusia;Russland;Rosja;;??????;;;X
SAF;South Africa;Union d'Afrique du Sud;Sudafrica;Sud?frica;S?dafrika;Zwi?zek Po?udniowej Afryki;;????? ??????;;;X
SAL;El Salvador;Salvador;El Salvador;El Salvador;El Salvador;Salwador;;?????????;;;x
SAR;Sarawak;Sarawak;Sarawak;Sarawak;Sarawak;Sarawak;;???????;;;x
SAU;Saudi Arabia;Arabie Saoudite;Arabia Saudita;Arabia Saud?;Saudi-Arabien;Arabia Saudyjska;;?????????? ??????;;;X
SCA;Scandinavia;Scandinavie;Scandinavia;Escandinavia;Skandinavien;Skandynawia;;???????????;;;X
SCH;Switzerland;Suisse;Svizzera;Suiza;Schweiz;Szwajcaria;;?????????;;;X
SCO;Scotland;?cosse;Scozia;Escocia;Schottland;Szkocja;;?????????;;;X
SER;Serbia;Serbie;Serbia;Serbia;Serbien;Serbia;;??????;;;x
SIA39;Thailand;Thailande;Tailandia;Thailand;Thailand;Tajlandia;;???????;;;X
SIA;Siam;Siam;Siam;Siam;Siam;Siam;;????;;;X
SIB;Siberia;Gouvernement de Sib?rie;Governo Siberiano;Siberia;Sibirien;Syberia;;??????;;;X
SIE;Sierra Leone;Sierra L?one;Sierra Leone;Sierra Leona;Sierra Leone;Sierra Leone;;??????-?????;;;X
SIK;Xinjiang;Xinjiang;Xinjiang;Xinjiang;Xinjiang;Xinjiang;;????????;;;x
SLO;Slovakia;Slovaquie;Slovacchia;Eslovaquia;Slowakei;S?owacja;;????????;;;X
SLV;Slovenia;Slov?nie;Slovenia;Eslovenia;Slowenien;S?owenia;;????????;;;X
SOM;Somalia;Somalie;Somalia;Somalia;Somalia;Somalia;;??????;;;X
SOV;USSR;URSS;URSS;URSS;Sowjetunion;ZSRR;;????????? ????;;;X
SPA;Spain;Spain;Spain;Spain;Spain;Spain;;???. ???????;;;X
SPR;Spain;Spain;Spain;Spain;Spain;Spain;;????. ???????;;;X
SUD;Sudan;Soudan;Sudan;Sud?n;Sudan;Sudan;;?????;;;X
SWE;Sweden;Su?de;Svezia;Suecia;Schweden;Szwecja;;??????;;;X
SYR;Syria;Syrie;Siria;Siria;Syrien;Syria;;?????;;;X
TAJ;Tajikistan;Tadjikistan;Tagikistan;Tayikist?n;Tadschikistan;Tad?ykistan;;???????????;;;X
TAN;Tuva;Tuva;Tuva;Tuva;Tuwa;Tuwa;;????;;;X
TEX;Texas;Texas;Texas;Texas;Texas;Teksas;;?????;;;X
TIB;Tibet;Tibet;Tibet;T?bet;Tibet;Tybet;;?????;;;X
TRA;Samara;Gouvernement de Samara;Governo di Samara;Rep?blica Transural;Republik Transural;Republika Zauralska;;??????????.??????????;;;X
TRK;Turkmenistan;Turkm?nistan;Turkmenistan;Turkmenist?n;Turkmenistan;Turkmenistan;;????????????;;;X
TUN;Tunisia;Tunisie;Tunisia;T?nez;Tunesien;Tunezja;;?????;;;X
TUR;Turkey;Turquie;Turchia;Turqu?a;T?rkei;Turcja;;??????;;;X
UKR;Ukraine;Ukraine;Ucraina;Ucrania;Ukraine;Ukraina;;???????;;;X
URU;Uruguay;Uruguay;Uruguay;Uruguay;Uruguay;Urugwaj;;???????;;;X
USA;USA;Etats-Unis;USA;EE. UU.;USA;USA;;???;;;X
UZB;Uzbekistan;Ouzb?kistan;Uzbekistan;Uzbekist?n;Usbekistan;Uzbekistan;;??????????;;;X
VEN;Venezuela;V?n?zu?la;Venezuela;Venezuela;Venezuela;Wenezuela;;?????????;;;X
VIC;France;France;Francia;Francia;Frankreich;Francja;;???????;;;X
VIE;Vietnam;Vietnam nationaliste;Vietnam nazionalista;Vietnam Nacionalista;Nat. Vietnam;Nacj. Wietnam;;???.???????;;;X
WLL;Wallonia;Wallonie;Vallonia;Valonia;Wallonien;Walonia;;????????;;;X
YEM;Yemen;Y?men;Yemen;Yemen;Jemen;Jemen;;?????;;;X
YUG;Yugoslavia;Yougoslavie;Jugoslavia;Yugoslavia;Jugoslawien;Jugos?awia;;?????????;;;X
U00;Hunan;Hunan;Hunan;Hunan;Hunan;Hunan;;;;;X
U01;France;France;France;France;France;France;;????????? ???????;;;X
U02;India;India;India;India;India;India;;?????????? ?????;;;X
U03;Indochina;Indochina;Indochina;Indochina;Indochina;Indochina;;????????????? ????;;;X
U04;Syria and Lebanon;Syria and Lebanon;Syria and Lebanon;Syria and Lebanon;Syria and Lebanon;Syria and Lebanon;;??????????? ?????? ????? ? ??????;;;X
U05;Xikang;Xikang;Xikang;Xikang;Xikang;Xikang;;;;;X
U06;Danzig;Ville Libre de Dantzig;Citt? Libera di Danzica;;Freie Stadt Danzig;Wolne Miasto Gda?sk;;????????? ????? ??????;;;X
U07;Spain;Espagne Nationaliste;Spagna nazionalista;Espa?a Nacional;Nat. Spanien;Nacj. Hiszpania;;???. ???????;;;X
U08;Germany;Allemagne;Germania;Alemania;Deutsches Reich;Niemcy;;????????;;;X
U09;Austria-Hungary;Autriche-Hongrie;Austria-Ungheria;;?sterreich-Ungarn;Austro-W?gry;;??????-???????;;;X
U10;Netherlands;Union Socialiste Hollandaise;Unione Socialista Olandese;;Niederl?ndische Sozialistische Union;Holenderski Zwi?zek Socjalistyczny;;??????????? ???????????????? ????;;;X
U11;France;R?publique Populaire de France;Repubblica Popolare Francese;;Volksrepublik Frankreich;Francuska Republika Ludowa;;??????????? ???????? ??????????;;;X
U12;England;R?publique d'Angleterre;Repubblica d'Inghilterra;;Englische Republik;Republika Angielska;;?????????? ??????????;;;X
U13;Hungary;R?publique Socialiste de Hongrie;Repubblica Socialista d'Ungheria;;Ungarische Sozialistische Republik;W?gierska Republika Socjalistyczna;;?????????? ???????????????? ??????????;;;X
U14;Italy;Union Italienne;Unione Italiana;;Italienische Union;Zwi?zek W?oski;;??????????? ????;;;X
U15;Portugal;R?publique Socialiste du Portugal;Repubblica Socialista del Portogallo;;Sozialistische Republik Portugal;Portugalska Republika Socjalistyczna;;????????????? ???????????????? ??????????;;;X
U16;Austria;R?publique D?mocratique d'Autriche;Repubblica Democratica Austriaca;;?sterreichsche Demokratische Republik;Austriacka Republika Demokratyczna;;??????????? ??????????????? ??????????;;;X
U17;Belgium;R?publique Populaire de Belgique;Repubblica Popolare del Belgio;;Volksrepublik Belgien;Belgijska Republika Ludowa;;??????????? ???????? ??????????;;;X
U18;Luxembourg;Luxembourg;Lussemburgo;;Luxemburg;Luksemburg;;??????????;;;X
U19;Norway;R?publique Populaire de Norv?ge;Repubblica Popolare di Norvegia;;Volksrepublik Norwegen;Norweska Republika Ludowa;;?????????? ???????? ??????????;;;X
U20;Finland;R?publique D?mocratique de Finlande;Repubblica Democratica Finlandese;;Finnische Demokratische Republik;Fi?ska Republika Demokratyczna;;??????? ??????????????? ??????????;;;X
U21;Sweden;Union Socialiste de Su?de;Unione Socialista Svedese;;Schwedische Sozialistische Union;Szwedzki Zwi?zek Socjalistyczny;;???????? ???????????????? ????;;;X
U22;Denmark;R?publique Populaire du Danemark;Repubblica Popolare di Danimarca;;Volksrepublik D?nemark;Du?ska Republika Ludowa;;??????? ???????? ??????????;;;X
U23;Saar;Protectorat de la Sarre;Protettorato della Saar;;Saarprotektorat;Protektorat Saary;;???????? ???????????;;;X
U24;Allied Occupation Zone;Zone d'occupation alli?e;Zona d'occupazione alleata;;Allierte Besatzungszone;Aliancka strefa okupacyjna;;???? ????????? ?????????;;;X
U25;Soviet Occupation Zone;Zone d'occupation sovi?tique;Zona d'occupazione sovietica;;Sowjetische Besatzungszone;Radziecka strefa okupacyjna;;????????? ????????????? ????;;;X
U26;Switzerland;R?publique Socialiste de Suisse;Repubblica Socialista Svizzera;;Sozialistische Republik Schweiz;Szwajcarska Republika Socjalistyczna;;??????????? ???????????????? ??????????;;;X
U27;Yugoslavia;R?publique Socialiste F?d?rale de Yougoslavie;Repubblica Socialista Federale di Jugoslavia;;Sozialistische F?derative Republik Jugoslawien;Socjalistyczna Federacja Jugos?awii;;??????????? ???????????????? ???????????? ??????????;;;X
U28;Albania;R?publique Populaire Socialiste d'Albanie;Repubblica Popolare Socialista d'Albania;;Sozialistische Volksrepublik Albanien;Alba?ska Republika Ludowa;;????????? ???????????????? ???????? ??????????;;;X
U29;Bulgaria;R?publique Populaire de Bulgarie;Repubblica Popolare di Bulgaria;;Volksrepublik Bulgarien;Bu?garska Republika Ludowa;;?????????? ???????? ??????????;;;X
U30;Romania;R?publique Socialiste de Roumanie;Repubblica Popolare di Romania;;Sozialistische Republik Rum?nien;Rumu?ska Republika Socjalistyczna;;????????? ???????????????? ??????????;;;X
U31;Czechoslovakia;R?publique Socialiste de Tch?coslovaquie;Repubblica Socialista Cecoslovacca;;Tschechoslowakische Sozialistische Republik;Czechos?owacka Republika Ludowa;;????????????? ???????????????? ??????????;;;X
U32;Poland;R?publique Populaire de Pologne;Repubblica Popolare di Polonia;;Volksrepublik Polen;Polska Rzeczpospolita Ludowa;;???????? ???????? ??????????;;;X
U33;Greece;R?publique D?mocratique de Gr?ce;Repubblica Democratica di Grecia;;Demokratische Republik Griechenland;Grecka Republika Demokratyczna;;????????? ??????????????? ??????????;;;X
U34;Turkey;R?publique Socialiste de Turquie;Repubblica Socialista di Turchia;;Sozialistische Republik T?rkei;Turecka Republika Socjalistyczna;;???????? ???????????????? ??????????;;;X
U35;Spain;Espagne Communiste;Spagna Comunista;;Kommunistisches Spanien;Komunistyczna Hiszpania;;???????????????? ???????;;;X
U36;East Indies;East Indies;East Indies;East Indies;East Indies;Holenderskie Indie Wschodnie;;;;;X
U37;Hyderabad;Hyderabad;Hyderabad;Hyderabad;Hyderabad;Hajdarabad;;;;;X
U38;San Marino;San Marino;San Marino;San Marino;San Marino;San Marino;;;;;"X			 "
U39;Hatay;Hatay;Hatay;Hatay;Hatay;Hatay;;;;;X
U40;Mysore;Mysore;Mysore;Mysore;Mysore;Mysore;;;;;X
U41;Awsa;Awsa;Awsa;Awsa;Awsa;Awsa;;;;;X
U42;Chechnya-Ingushetia;Chechnya-Ingushetia;Chechnya-Ingushetia;Chechnya-Ingushetia;Chechnya-Ingushetia;Chechnya-Ingushetia;Chechnya-Ingushetia;Chechnya-Ingushetia;;;X
U43;Reichskommissariat Moskowien;Reichskommissariat Moskowien;Reichskommissariat Moskowien;;Reichskommissariat Moskowien;Komisariat Rzeszy Moskwa;;???????????????? ??????;;;X
U44;Generalgouvernement Polen;Gouvernement G?n?ral de Pologne;Generalgouvernement Polen;;Generalgouvernement Polen;Generalne Gubernatorstwo;;??????????? ?????????? ??????;;;X
U45;Reichskommissariat Norwegen;Reichskommissariat Norwegen;Reichskommissariat Norwegen;;Reichskommissariat Norwegen;Komisariat Rzeszy Norwegia;;???????????????? ????????;;;X
U46;Reichskommissariat Niederlande;Reichskommissariat Niederlande;Reichskommissariat Niederlande;;Reichskommissariat Niederlande;Komisariat Rzeszy Holandia;;???????????????? ??????????;;;X
U47;Reichskommissariat Belgien-Nordfrankreich;Reichskommissariat Belgien-Nordfrankreich;Reichskommissariat Belgien-Nordfrankreich;;Reichskommissariat Belgien-Nordfrankreich;Komisariat Rzeszy Belgia-P??nocna Francja;;???????????????? ??????? ? ???????? ???????;;;X
U48;Polish Underground State;Polish Underground State;Polish Underground State;Polish Underground State;Polish Underground State;Polish Underground State;Polish Underground State;Polish Underground State;Polish Underground State;Polish Underground State;X
U49;Italian East Africa;Afrique Orientale Italienne;Africa Orientale Italiana;Africa Orientale Italiana;Italienisch-Ostafrika;W?oska Afryka Wschodnia;;??????????? ????????? ??????;;;X
U50;Hejaz;Hedjaz;Hejaz;;Hedschas;Hid?az;;??????;;;X
U51;Qatar;Qatar;Qatar;;Katar;Katar;;?????;;;X
U52;Catalonia;Catalonia;Catalonia;;Catalonia;Catalonia;;Catalonia;;;X
U52_SPA;Spain;Spain;Spain;Spain;Spain;Spain;Spain;Spain;;;X
U53;Trucial States;Etats de la Tr?ve;gli Stati della tregua;;Trucial States;Oman Traktatowy;;???? ??????????;;;X
U54;Liechtenstein;Liechtenstein;Liechtenstein;Liechtenstein;Liechtenstein;Liechtenstein;;;;;X
U55;Monaco;Monaco;Monaco;Monaco;Monaco;Monako;;;;;X
U56;Vatican;Vatican;Vatican;Vatican;Vatican;Watykan;;;;;X
U57;Andorra;Andorra;Andorra;Andorra;Andorra;Andora;;;;;X
U66;Pindus;Principalit? de Pindus;Principato del Pindo;;F?rstentum Pindus;Ksi?stwo Pindosu;;????????? ??????;;;X
U67;Revolt;Revolt;Revolt;Revolt;Revolt;Revolt;;;;;x
U68;Sikkim;Sikkim;Sikkim;Sikkim;Sikkim;Sikkim;;;;;
U69;Navarre;Navarre;Navarre;Navarre;Navarre;Navarre;Navarre;Navarre;;;X
U69_SPA;Spain;Spain;Spain;Spain;Spain;Spain;Spain;Spain;;;"X	   "
USN;Baluchistan;Baluchistan Agency;Baluchistan Agency;Baluchistan Agency;Baluchistan Agency;Agencja Belud?ystanu;EUAN;????;;;x
UAU;Deccan and Kolhapur;Deccan States Agency and Kolhapur Residency;Deccan States Agency and Kolhapur Residency;Deccan States Agency and Kolhapur Residency;Deccan States Agency and Kolhapur Residency;Agencja Stan?w Dekkanu i Rezydencja Kolhapuru;;;;;x
UCH;Gwalior;Gwalior Residency;Gwalior Residency;Gwalior Residency;Gwalior Residency;Rezydencja Gwalioru;;;;;x
UBO;Madras;Madras States Agency;Madras States Agency;Madras States Agency;Madras States Agency;Agencja Stan?w Madrasu;;;;;x
UTC;North-West Frontier;North-West Frontier States Agency;North-West Frontier States Agency;North-West Frontier States Agency;North-West Frontier States Agency;Agencja P??nocno-Zachodnich Stan?w Granicznych;;;;;x
UGS;Punjab States;Punjab States Agency;Punjab States Agency;Punjab States Agency;Punjab States Agency;Agencja Stan?w Pend?abu;;;;;x
UCS;Rajputana;Rajputana Agency;Rajputana Agency;Rajputana Agency;Rajputana Agency;Agencja Rad?putany;;;;;x
UIC;Baroda and Gujarat;Baroda and Gujarat States Agency;Baroda and Gujarat States Agency;Baroda and Gujarat States Agency;Baroda and Gujarat States Agency;Baroda i Agencja Stan?w Gud?aratu;;;;;x
UPR;Prussia;Prusse;Prussia;Prusia;Preu?isches K?nigreich;Prusy;Pr?ssia;???????;;;x
UER;Ufa;Directoire d'Oufa;Direttorato d'Ufa;Imperio de Rusia;Russisches Reich;Imperium Rosyjskie;Imp?rio Russo;?????????? ???????;;;x
UTO;Partisans;Partisans;Partisans;Partisans;Partisans;Partisans;Partisans;Partisans;;;x
UIR;Burma;Burma;Burma;Burma;Burma;Burma;Burma;Burma;;;x
UTL;Central India States;Central India Agency;Central India Agency;Central India Agency;Central India Agency;Agencja Œrodkowych Indii;;;;;x
UPS;Eastern States;Eastern States Agency;Eastern States Agency;Eastern States Agency;Eastern States Agency;Agencja Stan?w Wschodnich;;;;;x
UES;Lusatia;Soviets europ?ens;Soviet europei;Soviets Europeos;Europ?ische R?terepublik;?u?yce;Sovietes Europeus;??????????? ??????;;;x
URO;Western India States;Western India States Agency;Western India States Agency;Western India States Agency;Western India States Agency;Agencja Stan?w Zachodnich Indii;;;;;x
UAP;APR;RPA;Repubblica Popolare Africana;CNA;Afrikanische Volksrepublik;Afryka?ska Republika Ludowa;RPA;???;;;x
UPE;Azad Kashmir;Azad Kashmir;Azad Kashmir;Azad Kashmir;Azad Kashmir;Azad Kashmir;Azad Kashmir;Azad Kashmir;;;x
U58;Anti-Japanese Volunteer Armies;Anti-Japanese Volunteer Armies;Anti-Japanese Volunteer Armies;Anti-Japanese Volunteer Armies;Anti-Japanese Volunteer Armies;Antyjapo?ska Armia Ochotnicza;Anti-Japanese Volunteer Armies;;;;x
U58_NFA;New Fourth Army;New Fourth Army;New Fourth Army;New Fourth Army;New Fourth Army;New Fourth Army;New Fourth Army;;;;x
U59;Guandong;Guandong;Guandong;Guandong;Guandong;Guandong;Guandong;;;;x
U60;Henan;Henan;Henan;Henan;Henan;Henan;Henan;;;;x
U61;Hebei-Chahar;Hebei-Chahar;Hebei-Chahar;Hebei-Chahar;Hebei-Chahar;Hebei-Chahar;Hebei-Chahar;;;;x
U62;Shaanxi;Shaanxi;Shaanxi;Shaanxi;Shaanxi;Shaanxi;Shaanxi;;;;x
U63;Shandong;Shandong;Shandong;Shandong;Shandong;Shandong;Shandong;;;;x
U64;Sichuan;Sichuan;Sichuan;Sichuan;Sichuan;Sichuan;Sichuan;;;;x
U65;Suiyuan;Suiyuan;Suiyuan;Suiyuan;Suiyuan;Suiyuan;Suiyuan;;;;x
U70;Uganda;Ouganda;Uganda;Uganda;Uganda;Uganda;Uganda;;;;X
U71;Northern Ireland;Irlande du Nord;Irlanda del Nord;Irlanda del Norte;Nordirland;Irlandia P?lnocna;Irlanda do Norte;;;;X
U72;Vietnam;R?publique D?mocratique du Vietnam;Vietnam comunista;Vietnam comunista;Kommunistisches Vietnam;Komunistyczny Wietnam;Vietn? comunista;;;;X
U73;England;Angleterre;Inghilterra;Inglaterra;England;Anglia;Inglaterra;;;;X
U74;China;Provisional Government of the Republic of China;Provisional Government of the Republic of China;Provisional Government of the Republic of China;Provisional Government of the Republic of China;Tymczasowy Rz?d Republiki Chi?skiej;Provisional Government of the Republic of China;;;;X
U75;Singapore;Singapour;Singapore;Singapur;Singapur;Singapur;Cingapura;;;;X
U76;Wales;Pays de Galles;Galles;Gales;Wales;Walia;Pa?s de Gales;;;;X
U77;Greater Colombia;Grande Colombie;Gran Colombia;Gran Colombia;Gro?kolumbien;Wielka Kolumbia;Gr?-Col?mbia;;;;X
U78;Central America;Am?rique Centrale;America Centrale;Centroam?rica;Zentralamerika;Ameryka Œrodkowa;Am?rica Central;;;;X
U79;West Indies;Indes Occidentales;Indie Occidentali;Indias Occidentales;West-Indien;Indie Zachodnie;?ndias Ocidentais;;;;X
U80;Jammu and Kashmir;Jammu and Kashmir;Jammu and Kashmir;Jammu and Kashmir;Jammu and Kashmir;D?ammu i Kaszmir;Caxemira;;;;X
U81;Upper Volta;Haute-Volta;Alto Volta;Alto Volta;Obervolta;G?rna Wolta;Alto Volta;;;;X
U82;Central Africa;Centrafrique;Centrafrica;?frica Central;Zentralafrika;Afryka Œrodkowa;?frica Central;;;;X
U83;Sri Lanka;Sri Lanka;Sri Lanka;Sri Lanka;Sri Lanka;Sri Lanka;Sri Lanka;;;;X
U84;Chad;Tchad;Ciad;Chad;Tschad;Czad;Chade;;;;X
U85;Congo-Brazzaville;Congo-Brazzaville;Congo-Brazzaville;Congo-Brazzaville;Kongo-Brazzaville;Kongo-Brazzaville;Congo-Brazzaville;;;;X
U86;Gambia;Gambie;Gambia;Gambia;Gambia;Gambia;G?mbia;;;;X
U87;China;China;China;China;China;China;China;;;;X
U8736;East Hebei;East Hebei;East Hebei;East Hebei;East Hebei;East Hebei;East Hebei;;;;X
U88;Ivory Coast;C?te d'Ivoire;Costa d'Avorio;Costa de Marfil;Elfenbeink?ste;Wybrze?e Koœci S?oniowej;Costa do Marfim;;;;X
U89;Jamaica;Jama?que;Giamaica;Jamaica;Jamaika;Jamajka;Jamaica;;;;X
U90;Kenya;Kenya;Kenya;Kenia;Kenia;Kenia;Qu?nia;;;;X
U91;Kuwait;Kowe?t;Kuwait;Kuwait;Kuwait;Kuwejt;Kuwait;;;;X
U92;Malta;Malte;Malta;Malta;Malta;Malta;Malta;;;;X
U93;Mauritania;Mauritanie;Mauritania;Mauritania;Mauretanien;Mauretania;Maurit?nia;;;;X
U94;Niger;Niger;Niger;N?ger;Niger;Niger;N?ger;;;;X
U95;Rwanda;Rwanda;Ruanda;Ruanda;Ruanda;Rwanda;Ruanda;;;;X
U96;Senegal;S?n?gal;Senegal;Senegal;Senegal;Senegal;Senegal;;;;X
U97;Tanganyika;Tanganyika;Tanganika;Tanganica;Tanganjika;Tanganika;Tanganica;;;;X
U98;Trinidad and Tobago;Trinit?-et-Tobago;Trinidad e Tobago;Trinidad y Tobago;Trinidad und Tobago;Trynidad i Tobago;Trinidade e Tobago;;;;X
U99;Togo;Togo;Togo;Togo;Togo;Togo;Togo;;;;X
#  Regional definitions;;;;;;;;;;;X
##;;;;;;;;;;;X
CON_-;-;-;-;-;-;-;;-;;;X
CON_Africa;Africa;Afrique;Africa;?frica;Afrika;Afryka;;??????;;;X
CON_Asia;Asia;Asie;Asia;Asia;Asien;Azja;;????;;;X
CON_Europe;Europe;Europe;Europa;Europa;Europa;Europa;;??????;;;X
CON_NAmerica;North America;Am?rique du Nord;Nordamerica;Norteam?rica;Nordamerika;Ameryka P??nocna;;???????? ???????;;;X
CON_Oceania;Oceania;Oc?anie;Oceania;Ocean?a;Ozeanien;Oceania;;???????;;;X
CON_SAmerica;South America;Am?rique du Sud;Sudamerica;Sudam?rica;S?damerika;Ameryka Po?udniowa;;????? ???????;;;X
#;;;;;;;;;;;X
AREA_-;-;-;-;-;-;-;;-;;;X
AREA_ADELAIDE;South Australia;South Australia;South Australia;South Australia;South Australia;Australia Po?udniowa;;????????;;;X
AREA_AFGHANISTAN;Afghanistan;Afghanistan;Afghanistan;Afganist?n;Afghanistan;Afganistan;;??????????;;;X
AREA_AGATS;Agats;Agats;Agats;Agats;Agats;Agats;;?????;;;X
AREA_ALABAMA;Alabama;Alabama;Alabama;Alabama;Alabama;Alabama;;???????;;;X
AREA_ALASKA;Alaska;Alaska;Alaska;Alaska;Alaska;Alaska;;??????;;;X
AREA_ALASKAN_ARCHIPELAGO;East Aleutians;Archipel des Al?outiennes;Arcipelago di Alaska;Archipi?lago de Alaska;?stl. Aleuten;Zachodnie Aleuty;;????????? ?-??;;;X
AREA_ALBANIA;Albania;Albanie;Albania;Albania;Albanien;Albania;;???????;;;X
AREA_ALBERTA;Alberta;Alberta;Alberta;Alberta;Alberta;Alberta;;????????;;;x
AREA_ALGERIAN_COAST;Algerian Coast;C?te Alg?rienne;Costa dell'Algeria;Costa de Argelia;K?ste von Algerien;Wybrze?e Algieru;;????????? ??????;;;X
AREA_ALICE_SPRINGS;Ningxia;Ningxia;Ningxia;Ningxia;Ningxia;Ningxia;;????-???????;;;X
AREA_ALPES_PROVENCE;Alpes-Provence;Alpes-Provence;Alpi-Provenza;Alpes-Provenza;Provence Alpen;Prowansja;;?????-???????;;;X
AREA_AMUR;Amur;Amour;Amur;Amur;Amur;Amur;;????;;;X
AREA_ANATOLIAN_NORTH_COAST;Anatolian North Coast;C?te Nord d’Anatolie;Costa anatolica settentrionale ;Costa norte de Anatolia;Nordk?ste von Anatolien;P??nocne Wybrze?e Anatolii;;???????? ????? ????????;;;X
AREA_ANATOLIAN_SOUTH_COAST;Anatolian South Coast;C?te Sud d’Anatolie;Costa anatomica meridionale;Costa sur de Anatolia;S?dk?ste von Anatolien;Po?udniowe Wybrze?e Anatolii;;????? ????? ????????;;;X
AREA_ANGOLAN_COAST;Angolan Coast;C?te de l’Angola;Costa dell'Angola;Costa angole?a;K?ste von Angola;Wybrze?e Angoli;;????????? ??????;;;X
AREA_ANGOLAN_PLAINS;Angolan Plains;Plaines de l’Angola;Pianure dell'Angola;Llanuras angole?as;Angola-Ebenen;R?wniny Angoli;;??????? ??????;;;X
AREA_ANHUI;Anhui;Anhui;Anhui;Anhui;Anhui;Anhui;;??????;;;X
AREA_ANTILLES;Antilles;Antilles;Antille;Antillas;Antillen;Antyle;;?????????? ?-??;;;X
AREA_APPENNINE_RIDGE;Appennine Ridge;Dorsale des Apennins;Dorsale appenninica;Los Apeninos;Appenin;Apeniny;;????????;;;X
AREA_AQUITAINE;Aquitaine;Aquitaine;Aquitania;Aquitania;Aquitanien;Akwitania;;?????????;;;X
AREA_ARABIAN_DESERT;Arabian Desert;D?sert d’Arabie;Deserto arabo;Desierto Ar?bigo;Arabische W?ste;Pustynia Arabska;;?????????? ???????;;;X
AREA_ARIZONA;Arizona;Arizona;Arizona;Arizona;Arizona;Arizona;;???????;;;X
AREA_ARKANSAS;Arkansas;Arkansas;Arkansas;Arkansas;Arkansas;Arkansas;;????????;;;X
AREA_ARKHANGELSK;Arkhangelsk;Arkhangelsk;Arkhangelsk;Arkhangelsk;Archangelsk;Archangielsk;;???????????;;;X
AREA_ARMENIA_AZERBAIJAN;Armenia-Azerbaijan;Arm?nie-Azerba?djan;Armenia-Azerbaijan;Armenia-Azerbaiy?n;Armenien/Aserbaidschan;Armenia i Azerbejd?an;;???????_???????????;;;X
AREA_ASTRAKHAN;Astrakhan;Astrakhan;Astrakhan;Astrac?n;Astrachan;Astracha?;;?????????;;;X
AREA_ASUNCION;Asuncion;Asunci?n;Asuncion;Asunci?n;Asunci?n;Asuncion;;????????;;;X
AREA_ATTICA;Attica;Attique;Attica;?tica;Attika;Attyka;;??????;;;X
AREA_AUSTRIA;Austria;Autriche;Austria;Austria;?sterreich;Austria;;???????;;;X
AREA_BABO;Babo;Babo;Babo;Babo;Babo;Babo;;????;;;X
AREA_BADEN_WURTTEMBERG;Baden-Wurttemberg;Bade-Wurtemberg;Baden-Wurttemberg;Baden-Wurttemberg;Baden-W?rttemberg/Schwaben;Badenia-Wirtembergia;;?????-??????????;;;X
AREA_BAHAMAS_ISLANDS;Bahamas Islands;Iles Lucayes;Isole Bahamas;Islas Bahamas;Bahama-Inseln;Bahamy;;????????? ?-??;;;X
AREA_BALEARES;Baleares;Bal?ares;Baleari;Baleares;Balearen;Baleary;;?????????? ?-??;;;X
AREA_BAVARIA;Bavaria;Bavi?re;Bavaria;Baviera;Bayern;Bawaria;;???????;;;X
AREA_BECHUANALAND;Bechuanaland;Bechuanaland;Bechuanaland;Bechuanalandia;Botswana;Botswana;;???????????;;;X
AREA_BENGAL;West Bengal;Bengale;Bengala;Bengala;Bengalen;Bengal;;???????? ????????;;;X
AREA_BENGAZI;Bengazi;Bengazi;Bengazi;Bengasi;Bengasi;Bengazi;;???????;;;X
AREA_BERMUDA;Bermuda;Bermudes;Bermuda;Bermudas;Bermuda-Inseln;Bermudy;;?????????? ?-??;;;X
AREA_BESSARABIA;Bessarabia;Bessarabie;Bessarabia;Besarabia;Bessarabien;Besarabia;;??????????;;;X
AREA_BOHEMIA;Bohemia;Boh?me;Boemia;Bohemia;B?hmen/M?hren;Czechy;;???????;;;X
AREA_BOMBAY;Bombay and Deccan;Bombay and Deccan;Bombay and Deccan;Bombay and Deccan;Bombay and Deccan;Bombaj i Dekan;;??????;;;X
AREA_BONIN;Bonin;Bonin;Bonin;Bonin;Bonininseln;Wyspy Bonin;;?-?? ?????;;;X
AREA_BOSNIA;Bosnia;Bosnie;Bosnia;Bosnia;Bosnien;Boœnia;;??????;;;X
AREA_BOSPORUS;Bosporus;Bosphore;Bosforo;B?sforo;Bosporus;Bosfor;;??????;;;X
AREA_BOUGAINVILLE;North Solomons;Bougainville;Bougainville;Bougainville;N?rdl. Salomon-Inseln;Bougainville;;???????? ?????????? ?-??;;;X
AREA_BOURGOGNE_CHAMPAGNE;Bourgogne-Champagne;Bourgogne-Champagne;Bourgogne-Champagne;Borgo?a-Champagne;Bourgogne/Champagne;Burgundia-Szampania;;?????????_???????;;;X
AREA_BRANDENBURG;Brandenburg;Brandebourg;Brandeburgo;Brandeburgo;Brandenburg/Pommern;Brandenburgia;;???????????;;;X
AREA_BRASILIA;Brasilia;Brasilia;Brasilia;Brasilia;Brasilien;Brasilia;;????????;;;X
AREA_BREST_LITOVSK;Brest Litovsk;Brest-Litovsk;Brest Litovsk;Brest-Litovsk;Brest-Litovsk;Brzeœ? Litewski;;?????-???????;;;X
AREA_BRISBANE;Queensland;Queensland;Queensland;Queensland;Queensland;Queensland;;???????;;;X
AREA_BRITISH_COLUMBIA;British Columbia;Colombie Britannique;British Columbia;Columbia Brit?nica;British Columbia;Kolumbia Brytyjska;;?????????? ????????;;;X
AREA_BRITTANY;Brittany;Bretagne;Brittany;Breta?a;Bretagne;Bretania;;???????;;;X
AREA_BULGARIA;Bulgaria;Bulgarie;Bulgaria;Bulgaria;Bulgarien;Bu?garia;;????????;;;X
AREA_BURMA;South Burma;Birmanie;Birmania;Birmania;S?dburma;Birma;;????? ?????;;;X
AREA_CAIRNS;Tasmania;Tasmania;Tasmania;Tasmania;Tasmania;Tasmania;;?????;;;X
AREA_CALIFORNIA;California;Californie;California;California;Kalifornien;Kalifornia;;??????????;;;X
AREA_CAMEROONIAN_JUNGLE;Cameroon;Cameroon;Cameroon;Cameroon;Cameroon;Kamerun;;??????? ????????;;;X
AREA_CANARIAS;Canarias;Canaries;Canarie;Canarias;Kanarische Inseln;Wyspy Kanaryjskie;;????????? ?-??;;;X
AREA_CANTABRIC_CHAIN;Cantabric Chain;Dorsale Cantabrique;Catena Cantabrica;Cordillera Cant?brica;Kantabrisches Gebirge;G?ry Kantabryjskie;;????????????? ????;;;X
AREA_CAP_VERDE_ISLANDS;Cap Verde Islands;Iles de Cap Vert;Isole di Capo Verde;Cabo Verde;Kapverdische Inseln;Wyspy Zielonego Przyl?dka;;?-?? ???????? ????;;;X
AREA_CAPE;Cape;Cape;Capo;El Cabo;Kapland;Przyl?dek Dobrej Nadziei;;??? ?????? ???????;;;X
AREA_CARACAS;Caracas;Caracas;Caracas;Caracas;Caracas;Caracas;;???????;;;X
AREA_CAROLINESE;Carolines;Des Carolines;Carolinese;Carolinesa;Karolinen;Karoliny;;??????????? ?-??;;;X
AREA_CATALONIA;Catalonia;Catalogne;Catalogna;Catalu?a;Katalonien;Katalonia;;?????????;;;X
AREA_CELEBES;Celebes;C?l?bes;Celebes;Islas C?lebes;Celebes;Celebes;;?-? ??????? (????????);;;X
AREA_CENTRAL_AFRICA_DESERT;Lower Silesia;Lower Silesia;Lower Silesia;Lower Silesia;Niederschlesien;Dolny Œl?sk;;????????????????????? ???????;;;X
AREA_CENTRAL_AFRICA_PLAINS;Chad;Chad;Chad;Chad;Chad;Czad;;????????????????????? ???????;;;X
AREA_CENTRAL_FINLAND;Central Finland;Finlande Centrale;Finlandia centrale;Finlandia central;Zentralfinnland;Œrodkowa Finlandia;;??????????? ?????????;;;X
AREA_CENTRAL_ITALY;Central Italy;Italie Centrale;Italia centrale;Italia central;S?dl. Mittelitalien;Œrodkowe W?ochy;;??????????? ??????;;;X
AREA_CENTRAL_NORWAY;Central Norway;Norv?ge Centre;Norvegia centrale;Noruega central;N?rdl. Mittelnorwegen;Œrodkowa Norwegia;;??????????? ????????;;;X
AREA_CENTRAL_RAINFORESTS;Central Rainforests;For?t Tropicale Centrale;Foreste pluviali centrali;Bosques centrales;Zentrale Regenw?lder;Centralne Lasy Deszczowe;;??????????? ??????????? ????;;;X
AREA_CENTRAL_SERBIA;Central Serbia;Serbie Centrale;Serbia centrale;Serbia central;Zentralserbien;Œrodkowa Serbia;;??????????? ??????;;;X
AREA_CENTRAL_SPAIN;Central Spain;Espagne centrale ;Spagna centrale;Espa?a central;Zentralspanien;Œrodkowa Hiszpania;;??????????? ???????;;;X
AREA_CENTRAL_TURKEY;Central Turkey;Turquie centrale;Turchia centrale;Turqu?a central;Zentralt?rkei;Œrodkowa Turcja;;??????????? ??????;;;X
AREA_CHAHAR;Chahar;Chahar;Chahar;Chahar;Chahar;Chahar;;?????;;;X
AREA_CHIHUAHUA;Chihuahua;Chihuahua;Chihuahua;Chihuahua;Chihuahua;Chihuahua;;??????;;;X
AREA_CHILE;Chile;Chili;Cile;Chile;Chile;Chile;;????;;;X
AREA_CHILEAN_ARCHIPELAGO;Chilean Archipelago;Archipel Chilien;Arcipelago cileno;Archipi?lago chileno;Chilenisches Archipel;Wyspy Chilijskie;;????????? ?????????;;;X
AREA_COLORADO;Colorado;Colorado;Colorado;Colorado;Colorado;Kolorado;;????????;;;X
AREA_CONNECTICUT_RHODE_ISLAND;Connecticut-Rhode Island;Connecticut-Rhode Island;Connecticut-Rhode Island;Connecticut-Rhode Island;Connecticut/Rhode Island;Connecticut-Rhode Island;;???????????_???-??????;;;X
AREA_CONTINENTAL_SPAIN;Continental Spain;Espagne Continentale;Spagna continentale;Espa?a continental;Kontinental-Spanien;Hiszpania Kontynentalna;;??????????????? ???????;;;X
AREA_COSTA_DEL_SOL;Costa del Sol;Costa del Sol;Costa del Sol;Costa del Sol;Costa del Sol;Costa del Sol;;????? ???? ????;;;X
AREA_CROATIA;Croatia;Croatie;Croazia;Croacia;Kroatien;Chorwacja;;????????;;;X
AREA_CUBA;Cuba;Cuba;Cuba;Cuba;Kuba;Kuba;;????;;;X
AREA_DANAKIL_PLATEAU;Danakil Plateau;Plateau de Danakil;Altopiano di Danakil;Llanura de Danakil;Danakil-Plateau;Danakil;;????? ????????;;;X
AREA_DARWIN;Northern Territory;Northern Territory;Northern Territory;Northern Territory;Northern Territory;Terytorium P??nocne;;??????;;;X
AREA_DECCAR;Hyderabad and Berar;Hyderabad and Berar;Hyderabad and Berar;Hyderabad and Berar;Hyderabad and Berar;Hajdarabad i Berar;;??????;;;X
AREA_DELHI;Punjab;Punjab;Punjab;Punjab;Punjab;Pend?ab;;????;;;X
AREA_DELTA;Delta;Delta;Delta;Delta;Nildelta;Delta;;??????;;;X
AREA_DENMARK;Denmark;Danemark;Danimarca;Dinamarca;D?nemark;Dania;;?????;;;X
AREA_DIEGO_GARCIA_ISLAND;Diego Garcia Island;Ile de Diego Garcia;Isola di Diego Garcia;Isla de Diego Garc?a;Diego Garcia;Wyspy Diego Garcii;;?-?? ?????-??????;;;X
AREA_DNEPROPRETOVSK;Dnepropetrovsk;Dnepropetrovsk;Dnepropetrovsk;Dnepropetrovsk;Dnepropetrovsk;Dnepropetrovsk;;?????????;;;X
AREA_EAST_ANDALUCIA;East Andalucia;Andalousie Orientale;Andalusia orientale;Andaluc?a oriental;Ostandalusien;Wschodnia Andaluzja;;????????? ?????????;;;X
AREA_EAST_ATLAS;East Atlas;Atlas Oriental ;Atlas orientale;Atlas orientales;?stl. Atlas;Wschodni Atlas;;????????? ?????;;;X
AREA_EAST_ENGLAND;East England;Angleterre Orientale;Inghilterra orientale;Inglaterra oriental;Ostengland;Wschodnia Anglia;;????????? ??????;;;X
AREA_EAST_JAVA;East Java;Java Orientale;Giava orientale;Java oriental;Ostjava;Wschodnia Jawa;;????????? ???;;;X
AREA_EAST_PERSIA;East Persia;Perse Orientale;Persia orientale;Persia oriental;Ostpersien;Wschodnia Persja;;????????? ??????;;;X
AREA_EAST_PRUSSIA;East Prussia;Prusse Orientale;Prussia orientale;Prusia oriental;Ostpreu?en;Wschodnie Prusy;;????????? ???????;;;X
AREA_EAST_SERBIA;East Serbia;Serbie Orientale;Serbia orientale;Serbia oriental;Ostserbien;Wschodnia Serbia;;????????? ??????;;;X
AREA_EASTERN_ANATOLIA;Eastern Anatolia;Anatolie Orientale;Anatolia orientale;Anatolia oriental;?stliches Anatolien;Wschodnia Anatolia;;????????? ????????;;;X
AREA_EASTERN_GHAT;Gujarat and Baroda;Gujarat and Baroda;Gujarat and Baroda;Gujarat and Baroda;Gujarat and Baroda;Gud?arat i Baroda;;????????? ???;;;X
AREA_EASTERN_HUNGARY;Eastern Hungary;Hongrie Orientale;Ungheria orientale;Hungr?a oriental;Ostungarn;Wschodnie W?gry;;????????? ???????;;;X
AREA_EGYPTIAN_COAST;Egyptian Coast;C?te Egyptienne;Costa egiziana;Costa de Egipto;K?ste von ?gypten;Wybrze?e Egiptu;;????????? ??????;;;X
AREA_EIRE;Eire;Irlande;Eire;Irlanda;Irland;Irlandia;;????;;;X
AREA_EL_ALAMEIN;El Alamein;El Alamein;El Alamein;El Alamein;El Alamein;El Alamein;;???-???????;;;X
AREA_EL_RIF;El Rif;Le Rif;El Rif;El Rif;Er-Rif;El Rif;;???;;;X
AREA_ESPIRTU_SANTO;Espirtu Santo;Espiritu Santo;Espirtu Santo;Esp?ritu Santo;Espirtu Santo;Espiritu Santo;;????????-?????;;;X
AREA_ESTONIA;Estonia;Estonie;Estonia;Estonia;Estland;Estonia;;???????;;;X
AREA_ETHIOPIAN_HIGHLAND;Ethiopian Highland;Haut Pays Ethiopien;Altopiano etiope;Tierras Altas et?opes;Hochland von ?thiopien;Wy?yna Etiopska;;????????? ?????????????;;;X
AREA_FIJI;Fiji;Fidji;Figi;Islas Fiji;Fidschi-Inseln;Fid?i;;?????;;;X
AREA_FLANDERS;Flanders;Flandres;Fiandre;Flandes;Flandern;Flandria;;????????;;;X
AREA_FLORES_TIMOR;Flores-Timor;Flores-Timor;Flores-Timor;Flores-Timor;Flores/Timor;Flores-Timor;;??????_?????;;;X
AREA_FLORIDA;Florida;Floride;Florida;Florida;Florida;Floryda;;???????;;;X
AREA_FUJIAN;Fujian;Fujian;Fujian;Fujian;Fujian;Fujian;;???????;;;X
AREA_GABES;Gabes;Gab?s;Tunisia;Gabes;Gabes;Gabes;;?????;;;X
AREA_GANSU;Gansu;Gansu;Gansu;Gansu;Gansu;Kansu;;??????;;;X
AREA_GEORGIA;Georgia;G?orgie;Georgia;Georgia;Georgia;Georgia;;????????;;;X
AREA_GEORGIEN;Georgia;G?orgie;Georgia;Georgia;Georgien;Gruzja;;??????;;;X
AREA_GOETALAND;Goetaland;G?taland;Goetaland;Gotland;G?taland;Gotlandia;;????????;;;X
AREA_GOLD_COAST;Gold Coast;R?publique du Ghana;Costa d'Oro;Costa de Oro;Goldk?ste;Z?ote Wybrze?e;;??????? ?????;;;X
AREA_GREEK_ISLAND;Greek Island;Ile grecque;Isola di Grecia;Archipi?lago de Grecia;Griechische Inseln;Grecja;;????????? ?????????;;;X
AREA_GRODNO;Grodno;Grodno;Grodno;Grodno;Grodno;Grodno;;??????;;;X
AREA_GUADALCANAL;South Solomons;Guadalcanal;Guadalcanal;Guadalcanal;Guadalcanal;Guadalcanal;;????? ?????????? ?-??;;;X
AREA_GUANGDONG;Guandong;Guandong;Guandong;Guandong;Guandong;Guandong;;???????;;;X
AREA_GUANGXI;Guangxi;Guangxi;Guangxi;Guangxi;Guangxi;Guangxi;;??????;;;X
AREA_GUAYANA;Guayana;Guyane;Guiana;Guayana;Guayana;Gujana;;??????;;;X
AREA_GUINEAN_COAST;Guinean Coast;C?te de la Guin?e;Costa della Guinea;Costa de Guinea;K?ste von Guinea;Wybrze?e Gwinei;;?????????? ?????????;;;X
AREA_GUIZHOU;Guizhou;Guizhou;Guizhou;Guizhou;Guizhou;Guizhou;;???????;;;X
AREA_GULF_OF_LYON;Gulf of Lyon;Golfe de Lyon;Golfo di Lione;Golfo de Le?n;Golf von Lyon;Zatoka Lwia;;???????? ?????;;;X
AREA_HANNOVER_MAGDEBURG;Hannover;Hanovre;Hannover;Hannover;Hannover;Hanower;;????????;;;X
AREA_HAWAII;Hawaii;Hawa?;Hawaii;Hawai;Hawaii-Inseln;Hawaje;;????????? ?-??;;;X
AREA_HEBEI;Hebei;Hebei;Hebei;Hebei;Hebei;Hebei;;?????;;;X
AREA_HEDJAZ;Hedjaz;Hedjaz;Hedjaz;Hedjaz;Hedjaz;Al-Hid?az;;??????;;;X
AREA_HEILONGJIANG;Hsingan-Heilungkiang;Hsingan-Heilungkiang;Hsingan-Heilungkiang;Hsingan-Heilungkiang;Hsingan-Heilungkiang;Hsingan-Heilungkiang;;??????????;;;X
AREA_HENAN;Henan;Henan;Henan;Henan;Henan;Henan;;??????;;;X
AREA_HESSEN;Hessen;Hesse;Hessen;Hesse;Hessen;Hesja;;??????;;;X
AREA_HIMALAYAS;Himalayas;Himalaya;Himalaya;Himalaya;Himalaya;Himalaje;;???????;;;X
AREA_HISPANIOLA;Hispaniola;Hispaniola;Hispaniola;La Espa?ola;Hispaniola;Haiti;;?????;;;X
AREA_HOLSTEIN_MECKLEMBURG;Holstein-Mecklenburg;Holstein-Mecklenburg;Holstein-Mecklenburg;Holstein-Mecklenburgo;Holstein-Mecklenburg;Meklemburgia-Holsztyn;;??????????;;;X
AREA_HONSHU;Honshu;Honshu;Honshu;Honshu;Honshu;Honsiu;;?????;;;X
AREA_HUBEI;Hubei;Hubei;Hubei;Hubei;Hubei;Hubei;;?????;;;X
AREA_HUNAN;Hunan;Hunan;Hunan;Hunan;Hunan;Hunan;;??????;;;X
AREA_ICELAND;Iceland;Islande;Islanda;Islandia;Island;Islandia;;????????;;;X
AREA_IDAHO;Idaho;Idaho;Idaho;Idaho;Idaho;Idaho;;??????;;;X
AREA_ILLINOIS;Illinois;Illinois;Illinois;Illinois;Illinois;Ilinois;;????????;;;X
AREA_INDIANA;Indiana;Indiana;Indiana;Indiana;Indiana;Indiana;;???????;;;X
AREA_INDOCHINE;Indochine;Indochine;Indocina;Indochina;Indochina;Indochiny;;?????????;;;X
AREA_INTERIOR_ALGERIA;Interior Algeria;Alg?rie Int?rieure;Entroterra dell'Algeria;Argelia interior;Algerisches Hinterland;Algieria Wewn?trzna;;?????????? ?????;;;X
AREA_INTERIOR_LIBYA;Interior Libya;Libye Int?rieure;Entroterra della Libia;Libia interior;Libyisches Hinterland;Libia Wewn?trzna;;?????????? ?????;;;X
AREA_IOWA;Iowa;Iowa;Iowa;Iowa;Iowa;Iowa;;?????;;;X
AREA_IQUITOS;Iquitos;Iquitos;Iquitos;Iquitos;Iquitos;Iquitos;;??????;;;X
AREA_IRAQ;Iraq;Irak;Iraq;Irak;Irak;Irak;;????;;;X
AREA_IRKUTSK;Irkutsk;Irkoutsk;Irkutsk;Irkutsk;Irkutsk;Irkuck;;???????;;;X
AREA_IVORY_COAST;Ivory Coast;C?te d’Ivoire;Costa d'avorio;Costa de Marfil;Elfenbeink?ste;Wybrze?e Koœci S?oniowej;;????? ???????? ?????;;;X
AREA_JIANGSU;Jiangsu;Jiangsu;Jiangsu;Jiangsu;Jiangsu;Jiangsu;;??????;;;X
AREA_JIANGXI;Jiangsi;Jiangsi;Jiangsi;Jiangsi;Jiangsi;Jiangsi;;??????;;;X
AREA_JILIN;Kirin-Nunkiang-Sungkiang-Hokiang;Kirin-Nunkiang-Sungkiang-Hokiang;Kirin-Nunkiang-Sungkiang-Hokiang;Kirin-Nunkiang-Sungkiang-Hokiang;Kirin-Nunkiang-Sungkiang-Hokiang;Kirin-Nunkiang-Sungkiang-Hokiang;;???????;;;X
AREA_JOHNSON_ISLAND;Johnson Island;Ile Johnson;Isola Johnson;Isla de Johnson;Johnston-Atoll;Wyspa Johnsona;;?-? ????????;;;X
AREA_KAMCHATKA;Kamchatka;Kamchatka;Kamchatka;Kamchatka;Kamtschatka;Kamczatka;;????????;;;X
AREA_KANSAS;Kansas;Kansas;Kansas;Kansas;Kansas;Kansas;;??????;;;X
AREA_KARELIA;Karelia;Car?lie;Carelia;Carelia;Karelien;Karelia;;???????;;;X
AREA_KASSARINE;Kassarine;Kasserine;Kassarine;Kasserine;Kasserine;Kasserine;;????????;;;X
AREA_KAZAKSTAN;Kazakstan;Kazakhstan;Kazakstan;Kazajst?n;Kasachstan;Kazachstan;;?????????;;;X
AREA_KAZAN;Kazan;Kazan;Kazan;Kaz?n;Kazan;Kaza?;;??????;;;X
AREA_KENTUCKY;Kentucky;Kentucky;Kentucky;Kentucky;Kentucky;Kentucky;;????????;;;X
AREA_KENYA;Kenya;Kenya;Kenya;Kenia;Kenia;Kenia;;?????;;;X
AREA_KHABAROVSK;Khabarovsk;Khabarovsk;Khabarovsk;Jab?rovsk;Chabarowsk;Chabarowsk;;?????????;;;X
AREA_KHARKOV;Kharkov;Kharkov;Kharkov;J?rkov;Charkow;Chark?w;;???????;;;X
AREA_KIEV;Kiev;Kiev;Kiev;K?ev;Kiew;Kij?w;;????;;;X
AREA_KIRGIZ_STEPPE;Kirgiz Steppe;Steppe de Kirghiz;Steppa di Kirgiz;Estepa de Kirguiza;Kirgisische Steppe;Step Kirgiski;;?????????? ?????;;;X
AREA_KIRGIZISTAN;Kirgizistan;Kirghizistan;Kirgizistan;Kirguizist?n;Kirgisistan;Kirgistan;;????????;;;X
AREA_KIROV;Syktyvkar;Syktyvkar;Syktyvkar;Syktyvkar;Syktywkar;Syktywkar;;?????????;;;X
AREA_KONGOLESE_JUNGLE;Kongolese Jungle;Jungle Congolaise;Giungla del Congo;Jungla del Congo;Kongolesischer Dschungel;D?ungla Kongo;;??????? ?????;;;X
AREA_KOSTROMA;Tikhvin;Tikhvine;Tikhvin;Tikhvin;Tichwin;Tychwi?ska;;??????;;;X
AREA_KRAKOW;Krakow;Cracovie;Cracovia;Cracovia;Krakau;Krak?w;;??????;;;X
AREA_KRASNODAR;Krasnodar;Krasnodar;Krasnodar;Krasnodar;Krasnodar;Krasnodar;;?????????;;;X
AREA_KRIM;Krim;Krim;Krim;Krim;Krim;Krym;;????;;;X
AREA_KURDUFAN;Kurdufan;Kurdufan;Kurdufan;Kurdufan;Kordofan;Kordofan;;????????;;;X
AREA_KURSK;Kursk;Koursk;Kursk;Kursk;Kursk;Kursk;;?????;;;X
AREA_KUYBYSHEV;Kuybyshev;Kuibyshev;Kuybyshev;Kuybyshev;Kuibyschew;Kujbyszew;;????????;;;X
AREA_KYUSHU_SHIKOKU;Kyushu-Shikoku;Kyushu Shikoku;Kyushu-Shikoku;Kyushu-Shikoku;Kiuschu/Schikoku;Kiusiu-Sikoku;;????-??????;;;X
AREA_LA_PAZ;La Paz;La Paz;La Paz;La Paz;La Paz;La Paz;;??-???;;;X
AREA_LA_PLATA;La Plata;La Plata;La Plata;La Plata;La Plata;La Plata;;??-?????;;;X
AREA_LAE;Northeast New Guinea;Lae;Lae;Lae;Lae;Lae;;??????-????????? ????? ??????;;;X
AREA_LAKE;Lake;Lac;Lago;Lago;See;Jezioro;;?????;;;X
AREA_LAKES;Lakes;Les Lacs;Laghi;Los Lagos;Seen;Jeziora;;?????;;;X
AREA_LAPLAND;Lapland;Laponie;Lapponia;Laponia;Lappland;Laponia;;?????????;;;X
AREA_LATVIA;Latvia;Lettonie;Lettonia;Letonia;Lettland;?otwa;;??????;;;X
AREA_LEBANON_SYRIA;Lebanon-Syria;Liban-Syrie;Libano-Siria;L?bano-Siria;Libanon/Syrien;Liban-Syria;;?????_?????;;;X
AREA_LENINGRAD;Leningrad;Leningrad;Leningrado;Leningrado;Leningrad;Leningrad;;?????????;;;X
AREA_LEVANT;Levant;Le Levant;Levante;Levante;Levant;Bliski Wsch?d;;??????;;;X
AREA_LEYTE_ISLAND_GROUP;Eastern Philippines;Groupe des Iles Leyte;Gruppo isole di Leyte;Islas de Leyte;Golf von Leyte;Wyspy Leyte;;????????? ?????????;;;X
AREA_LIAONING;Liaoning-Antung-Liaopeh;Liaoning-Antung-Liaopeh;Liaoning-Antung-Liaopeh;Liaoning-Antung-Liaopeh;Liaoning-Antung-Liaopeh;Liaoning-Antung-Liaopeh;;??????;;;X
AREA_LIGURIAN_ISLANDS;Ligurian Islands;Iles Liguriennes;Isole liguri;Islas de Liguria;Ligurische Inseln;Wyspy Na Morzu Liguryjskim;;??????????? ?-??;;;X
AREA_LIMA;Lima;Lima;Lima;Lima;Lima;Lima;;????;;;X
AREA_LIMOUSIN_AUVERGNE;Limousin-Auvergne;Limousin-Auvergne;Limousin-Auvergne;Lemos?n-Auvernia;Limousin/Auvergne;Owernia-Limuzyna;;???????_??????;;;X
AREA_LITHUANIA;Lithuania;Lituanie;Lituania;Lituania;Litauen;Litwa;;?????;;;X
AREA_LOIRE;Loire;Loire;Loira;Loira;Loire;Loara;;?????;;;X
AREA_LORRAINE_ALSACE;Lorraine-Alsace;Lorraine-Alsace;Alsazia-Lorena;Alsacia-Lorena;Elsass-Lothringen;Alzacja-Lotaryngia;;??????????_??????;;;X
AREA_LOUISIANA;Louisiana;Louisiane;Louisiana;Louisiana;Louisiana;Luizjana;;????????;;;X
AREA_LOWER_ARGENTINE;Lower Argentine;Basse-Argentine;Argentina inferiore;Argentina inferior;Niederargentinien;Dolna Argentyna;;?????? ?????????;;;X
AREA_LOWER_CALIFORNIA;Lower California;Basse-Californie;California bassa;Baja California;Niederkalifornien;Dolna Kalifornia;;?????? ??????????;;;X
AREA_LUZON;Luzon;Lu?on;Luzon;Luz?n;Luzon;Luzon;;?????;;;X
AREA_LVOV;Lvov;Lvov;Lvov;Lvov;Lvov;Lw?w;;?????;;;X
AREA_MADAGASCAR;Madagascar;Madagascar;Madagascar;Madagascar;Madagaskar;Madagaskar;;??????????;;;X
AREA_MAGADAN;Magadan;Magadan;Magadan;Magadan;Magadan;Magadan;;???????;;;X
AREA_MAGDALENA;Magdalena;Magdalena;Maddalena;Magdalena;Maddalena;Magdalena;;?????????;;;X
AREA_MAGHREB_COAST;Maghreb Coast;C?te du Maghreb;Costa del Magreb;Costa del Magreb;K?ste von Maghreb;Wybrze?e Maghrebu;;????????? ???????;;;X
AREA_MAINE;Maine;Maine;Maine;Maine;Maine;Maine;;???;;;X
AREA_MALACKA;Malacka;Malacca;Malacca;Malaca;Malakka;Malakka;;???????;;;X
AREA_MALIAN_DESERT;Malian Desert;D?sert Malien;Deserto del Mali;Desierto de Mal?;Malische W?ste;Pustynia Malijska;;????????? ???????;;;X
AREA_MALIAN_VALLEYS;Malian Valleys;Vall?es Maliennes;Valli di Mali;Valles de Mal?;Malische T?ler;Doliny Malijskie;;????????? ???????;;;X
AREA_MANAUS;Manaus;Manaus;Manaus;Manaos;Manaus;Manaus;;??????;;;X
AREA_MANITOBA;Manitoba;Manitoba;Manitoba;Manitoba;Manitoba;Manitoba;;????????;;;X
AREA_MARACAIBO;Maracaibo;Maracaibo;Maracaibo;Maracaibo;Maracaibo;Maracaibo;;?????????;;;X
AREA_MARCUS_WAKE;Marcus-Wake;Marcus-Wake;Marcus-Wake;Marcus-Wake;Marcusinsel/Wake-Atoll;Marcus-Wake;;??????_????;;;X
AREA_MARSHALLS;Marshalls;Iles Marshall;Marshalls;Las Marshall;Marshall-Inseln;Wyspy Marshalla;;?????????? ?-??;;;X
AREA_MARYLAND_DELAWARE;Maryland-Delaware;Maryland-Delaware;Maryland-Delaware;Maryland-Delaware;Maryland/Delaware;Delaware-Maryland;;????????_???????;;;X
AREA_MASSACHUSSETS;Massachussets;Massachusetts;Massachussets;Massachussets;Massachussets;Massachussets;;???????????;;;X
AREA_MATO_GROSSO;Mato Grosso;Mato Grosso;Mato Grosso;Mato Grosso;Mato Grosso;Mato Grosso;;????-?????;;;X
AREA_MAURETANIA;Mauretania;Mauritanie;Mauritania;Mauritania;Mauretanien;Mauretania;;??????????;;;X
AREA_MELBOURNE;Victoria;Victoria;Victoria;Victoria;Victoria;Victoria;;????????;;;X
AREA_MELKOSOPOTJNIK;Melkosopotjnik;Melkosopotjnik;Melkosopotjnik;Melkosopotjnik;Kasachische Schwelle;Melkosopotnik;;?????????????;;;X
AREA_MEMEL;Pomerania;Pomerania;Pomerania;Pomerania;Pommern;Pomorze Zachodnie;;??????;;;x
AREA_MEXICO_CITY;Mexico City;Mexico;Citt? del Messico;Ciudad de M?xico;Mexiko;Meksyk;;??????;;;X
AREA_MICHIGAN;Michigan;Michigan;Michigan;Michigan;Michigan;Michigan;;???????;;;X
AREA_MIDWAY;Midway;Midway;Midway;Midway;Midwayinseln;Midway;;?-? ??????;;;X
AREA_MINDANAO;Mindanao;Mindanao;Mindanao;Mindanao;Mindanao;Mindanao;;????????;;;X
AREA_MINNESOTA;Minnesota;Minnesota;Minnesota;Minnesota;Minnesota;Minnesota;;?????????;;;X
AREA_MINSK;Minsk;Minsk;Minsk;Minsk;Minsk;Mi?sk;;?????;;;X
AREA_MISSISSIPPI;Mississippi;Mississippi;Mississippi;Mississippi;Mississippi;Mississippi;;?????????;;;X
AREA_MISSOURI;Missouri;Missouri;Missouri;Missouri;Missouri;Missouri;;???????;;;X
AREA_MOCAMBIQUE;Mocambique;Mozambique;Mozambico;Mozambique;Mosambik;Mozambik;;????????;;;X
AREA_MOLUCKS;Molucks;Moluques;Molucche;Molucas;Molukken;Moluki;;?????????? ?-??;;;X
AREA_MONGOLIA;Mongolia;Mongolie;Mongolia;Mongolia;Mongolei;Mongolia;;????????;;;X
AREA_MONTANA;Montana;Montana;Montana;Montana;Montana;Montana;;???????;;;X
AREA_MOROCCO;Morocco;Maroc;Marocco;Marruecos;Marokko;Maroko;;???????;;;X
AREA_MOSCOW;Moscow;Moscou;Mosca;Mosc?;Moskau;Moskwa;;??????;;;X
AREA_NAGPUR;Central Provinces and Gwalior;Central Provinces and Gwalior;Central Provinces and Gwalior;Central Provinces and Gwalior;Central Provinces and Gwalior;Prowincje Centralne i Gwalijar;;??????;;;X
AREA_NAMBIA;Namibia;Namibie;Namibia;Namibia;Namibia;Namibia;;???????;;;X
AREA_NAURU;Nauru;Nauru;Nauru;Nauru;Nauru;Nauru;;?????;;;X
AREA_NEBRASKA;Nebraska;Nebraska;Nebraska;Nebraska;Nebraska;Nebraska;;????????;;;X
AREA_NEDRE_NORRLAND;Nedre Norrland;Nedre Norrland;Nedre Norrland;Norrland meridional;Niedernorrland;Nedre-Norrland;;?????????? ???????;;;X
AREA_NETHERLANDS;Netherlands;Pays-Bas;Paesi Bassi;Pa?ses Bajos;Niederlande;Holandia;;??????????;;;X
AREA_NEVADA;Nevada;Nevada;Nevada;Nevada;Nevada;Newada;;??????;;;X
AREA_NEW_BRUNSWICK;New Brunswick;Nouveau-Brunswick;New Brunswick;New Brunswick;Neubraunschweig;Nowy Brunszwik;;???-????????;;;X
AREA_NEW_FOUNDLAND;Newfoundland;Terre-Neuve;New Foundland;Terranova y Labrador;Neufundland;Nowa Funlandia;;????????????;;;X
AREA_NEW_HAMPSHIRE;New Hampshire;New Hampshire;New Hampshire;New Hampshire;New Hampshire;New Hampshire;;???-???????;;;X
AREA_NEW_JERSEY;New Jersey;New Jersey;New Jersey;Nueva Jersey;New Jersey;New Jersey;;???-??????;;;X
AREA_NEW_MEXICO;New Mexico;Nouveau Mexique;Nuovo Messico;Nuevo M?xico;Neu Mexiko;Nowy Meksyk;;???-???????;;;X
AREA_NEW_YORK;New York;New York;New York;Nueva York;New York;Nowy Jork;;???-????;;;X
AREA_NEW_ZEALAND;New Zealand;Nouvelle-Z?lande;Nuova Zelanda;Nueva Zelanda;Neuseeland;Nowa Zelandia;;????? ????????;;;X
AREA_NIASSA;Niassa;Nyassa;Niassa;Niassa;Niassa;Niassa;;????;;;X
AREA_NICARAGUA;Nicaragua;Nicaragua;Nicaragua;Nicaragua;Nikaragua;Nikaragua;;?????????;;;X
AREA_NIGER;Niger;Niger;Nigeria;N?ger;Niger;Niger;;?????;;;X
AREA_NILE_VALLEY;Nile Valley;Vall?e du Nil;Valle del Nilo;Valle del Nilo;Niltal;Dolina Nilu;;?????? ????;;;X
AREA_NIZHNIJ_NOVGOROD;Gorkij;Nizhnij Novgorod;Nizhnij Novgorod;Nizni N?vgorod;Nizhnij Nowgorod;Ni?nyj Nowogr?d;;???????;;;X
AREA_NORMANDY;Normandy;Normandie;Normandia;Normand?a;Normandie;Normandia;;?????????;;;X
AREA_NORTH_BORNEO;North Borneo;Born?o Septentrional;Borneo settentrionale;Borneo septentrional;Nordborneo;P??nocne Borneo;;???????? ??????;;;X
AREA_NORTH_CAROLINA;North Carolina;Caroline du Nord;Nord Carolina;Carolina del Norte;Nord-Carolina;Karolina P??nocna;;???????? ????????;;;X
AREA_NORTH_DAKOTA;North Dakota;Dakota du Nord;Nord Dakota;Dakota del Norte;Nord-Dakota;P??nocna Dakota;;???????? ??????;;;X
AREA_NORTH_ENGLAND;North England;Nord de l’Angleterre;Inghilterra settentrionale;Inglaterra septentrional;Nordengland;P??nocna Anglia;;???????? ??????;;;X
AREA_NORTH_ETHIOPIA;North Ethiopia;?thiopie septentrionale;Etiopia settentrionale;Etiop?a septentrional;Nord?thiopien;P??nocna Etiopia;;???????? ???????;;;X
AREA_NORTH_GILBERTS;Gilberts;Iles Gilbert septentrionales;Gilberti settentrionale;Islas Gilbert del norte;N?rdl. Gilbertinseln;P??nocne Wyspy Gilberta;;??????? ????????;;;X
AREA_NORTH_IRELAND;Northern Ireland;Irlande du Nord;Irlanda settentrionale;Irlanda del Norte;Nordirland;Irlandia P??nocna;;???????? ????????;;;X
AREA_NORTH_ITALY;North Italy;Italie septentrionale;Italia settentrionale;Italia septentrional;Norditalien;P??nocne W?ochy;;???????? ??????;;;X
AREA_NORTH_KRASNOYARSK;North Krasnoyarsk;Krasno?arsk septentrional;Krasnoyarsk settentrionale;Krasnoyarsk septentrional;Nord Krasnoyarsk;P??nocny Krasnojarsk;;???????? ??????????;;;X
AREA_NORTH_MARIANES;Marianas;Iles Mariannes septentrionales;Mariane settentrionali;Marianas del norte;Nord-Marianen;P??nocne Mariany;;?????????? ?-??;;;X
AREA_NORTH_NIGERIA;North Nigeria;Nigeria septentrional;Nigeria settentrionale;Nigeria septentrional;Nordnigeria;P??nocna Nigeria;;???????? ???????;;;X
AREA_NORTH_PERSIA;North Persia;Perse septentrionale;Persia settentrionale;Persia septentrional;Nordpersien;P??nocna Persja;;???????? ??????;;;X
AREA_NORTH_RHODESIA;North Rhodesia;Rhod?sie septentrionale;Rodesia settentrionale;Rhodesia del Norte;Nordrhodesien;P??nocna Rodezja;;???????? ???????;;;X
AREA_NORTH_ROMANIA;North Romania;Nord de la Roumanie;Romania settentrionale;Rumania septentrional;Nordrum?nien;P??nocna Rumunia;;???????? ???????;;;X
AREA_NORTH_SCOTLAND;North Scotland;Nord de l’?cosse;Scozia settentrionale;Escocia septentrional;Nordschottland;P??nocna Szkocja;;???????? ?????????;;;X
AREA_NORTHERN_NORWAY;Northern Norway;Norv?ge septentrionale;Norvegia settentrionale;Noruega septentrional;Nordnorwegen;P??nocna Norwegia;;???????? ????????;;;X
AREA_NORTHWEST_TERRITORIES;Eastern Northwest Territories;Territoires Nord-ouest;Territori di nord-ovest;Territorios noroccidentales;Nordwest-Territorien;Terytoria P??nocno-Zachodnie;;?????? ??????-???????? ??????;;;X
AREA_NOVA_SCOTIA;Nova Scotia;Nova Scotia;Nuova Scozia;Nueva Escocia;Neuschottland;Nowa Szkocja;;????? ?????????;;;X
AREA_NOVGOROD;Novgorod;Novgorod;Novgorod;N?vgorod;Nowgorod;Nowogr?d;;????????;;;X
AREA_NOVOSIBIRSK;Novosibirsk;Novossibirsk;Novosibirsk;Novosibirsk;Novosibirsk;Nowosybirsk;;???????????;;;X
AREA_NUBIAN_DESERT;Nubian Desert;D?sert de Nubie;Deserto nubiano;Desierto de Nubia;Nubische W?ste;Pustynia Nubijska;;????????? ???????;;;X
AREA_ODESSA;Odessa;Odessa;Odessa;Odesa;Odessa;Odessa;;??????;;;X
AREA_OESTERBOTTEN;Oesterbotten;Oesterbotten;Oesterbotten;Oesterbotten;?sterbotten;Oesterbotten;;???????????;;;X
AREA_OESTRA_SVEALAND;Oestra Svealand;Oestra Svealand;Oestra Svealand;Svealand oriental;Ostsvealand;Wschodni Svealand;;????????? ????????;;;X
AREA_OEVRE_NORRLAND;Oevre Norrland;Oevre Norrland;Oevre Norrland;Norrland septentrional;Obernorrland;Oevre Norrland;;??????? ???????;;;X
AREA_OHIO;Ohio;Ohio;Ohio;Ohio;Ohio;Ohio;;?????;;;X
AREA_OKLAHOMA;Oklahoma;Oklahoma;Oklahoma;Oklahoma;Oklahoma;Oklahoma;;????????;;;X
AREA_OMSK;Omsk;Omsk;Omsk;Omsk;Omsk;Omsk;;????;;;X
AREA_ONTARIO;Ontario;Ontario;Ontario;Ontario;Ontario;Ontario;;???????;;;X
AREA_ORAN;Oran;Oran;Oran;Or?n;Oran;Oran;;????;;;X
AREA_OREGON;Oregon;Oregon;Oregon;Oreg?n;Oregon;Oregon;;??????;;;X
AREA_ORISSA;Orissa;Orissa;Orissa;Orissa;Orissa;Orisa;;??????;;;X
AREA_PAKISTAN;Balochistan and Sindh;Balochistan and Sindh;Balochistan and Sindh;Balochistan and Sindh;Balochistan and Sindh;Belud?ystan i Sind;;????????;;;X
AREA_PALAWAN_MINDORO;Western Philippines;Palawan-Mindoro;Palawan-Mindoro;Palawan-Mindoro;Palawan/Mindoro;Palawan-Mindoro;;???????? ?????????;;;X
AREA_PALESTINE;Palestine;Palestine;Palestina;Palestina;Pal?stina;Palestyna;;?????????;;;X
AREA_PANAMAN_RIDGE;Panaman Ridge;Cha?ne panam?enne;Dorsale di Panama;Sierra de Panam?;Panamesisches Gebirge;Grzbiet Panamski;;????????? ??????;;;X
AREA_PARIS;Paris;Paris;Parigi;Par?s;Paris;Pary?;;?????;;;X
AREA_PAS_DE_CALAIS;Pas de Calais;Pas de Calais;Passo di Calais;Pas de Calais;Pas-de-Calais;Pas de Calais;;??-??-????;;;X
AREA_PENNSYLVANIA;Pennsylvania;Pennsylvanie;Pennsylvania;Pennsylvania;Pennsylvania;Pensylwania;;????????????;;;X
AREA_PENZA;Penza;Penza;Penza;Penza;Penza;Penza;;?????;;;X
AREA_PERM;Perm;Perm;Perm;Perm;Perm;Perm;;?????;;;X
AREA_PERSIAN_GULF_COAST;Persian Gulf Coast;C?te du Golfe persique;Costa del golfo Persico;Costa del Golfo P?rsico;K?ste des Persischen Golfs;Wybrze?e Zatoki Perskiej;;????????? ??????????? ??????;;;X
AREA_PERTH;Western Australia;Western Australia;Western Australia;Western Australia;Western Australia;Australia Zachodnia;;????;;;X
AREA_PHOENIX;Phoenix;Phœnix;Phoenix;Phoenix;Phoenix;Phoenix;;??????;;;X
AREA_POLOTSK;Baranowicze;Baranowicze;Baranowicze;Baranowicze;Baranowicze;Baranowicze;;????????;;;X
AREA_POLYNESIA;Polynesia;Polyn?sie;Polinesia;La Polinesia;Gesellschaftsinseln;Polinezja;;?????????;;;X
AREA_PORT_MORESBY;Papua;Port Moresby;Port Moresby;Port Moresby;Port Moresby;Port Moresby;;?????;;;X
AREA_PORTUGAL;Portugal;Portugal;Portogallo;Portugal;Portugal;Portugalia;;??????????;;;X
AREA_POZNAN;Poznan;Poznan;Poznan;Pozna?;Posen;Pozna?;;???????;;;X
AREA_PRIMORSKI;Primorski;Primorski;Primorski;Primorsk;Primorsk;Kraj Przymorski;;?????????? ????;;;X
AREA_PSKOV;Pskov;Pskov;Pskov;Pskov;Pleskau;Psk?w;;?????;;;X
AREA_PYONGYANG;North Korea;Pyongyang;Pyongyang;Pyongyang;Pyongyang;Phenian;;???????? ?????;;;X
AREA_PYRENEES_LANGUEDOC;Pyrenees-Languedoc;Pyr?n?es-Languedoc;Pirenei-Languedoc;Pirineos-Languedoc;Pyren?en/Languedoc;Pireneje-Langwedocja;;???????_????????;;;X
AREA_QATTARA;Qattara;Qattara;Qattara;Qattara;Katarra;Al-Katarra;;???????;;;X
AREA_QINGHAI;Qinghai;Qinghai;Qinghai;Qinghai;Qinghai;Qinghai;;??????;;;X
AREA_QUEBEC;Quebec;Qu?bec;Quebec;Qu?bec;Quebec;Quebec;;??????;;;X
AREA_QUITO;Quito;Quito;Quito;Quito;Quito;Quito;;????;;;X
AREA_RABAUL;New Britain;Rabaul;Rabaul;Rabaul;Rabaul;Rabaul;;????? ????????;;;X
AREA_RAJASTAN;Rajputana;Rajputana;Rajputana;Rajputana;Rajputana;Rad?putana;;??????????;;;X
AREA_RED_SEA_COAST;Red Sea Coast;C?te de la Mer Rouge;Costa del mar Rosso;Costa del Mar Rojo;K?ste des Rotes Meers;Wybrze?e Morza Czerwonego;;????????? ???????? ????;;;X
AREA_REHE;Rehe;Rehe;Rehe;Rehe;Rehe;Rehe;;???;;;X
AREA_RESERVOIRE_RYBINSK;Reservoire Rybinsk;R?servoir de Rybinsk;Reservoire Rybinsk;Embalse de R?binsk;Rybinsker Reservoir;Zbiornik Rybi?sk;;????????? ?????????????;;;X
AREA_RHINELAND;Rhineland;Rh?nanie;Rhineland;Rhineland;Rheinland;Nadrenia;;????;;;X
AREA_RIO_DE_JANEIRO;Rio de Janeiro;Rio de Janeiro;Rio de Janeiro;R?o de Janeiro;Rio de Janeiro;Rio de Janeiro;;???-??-???????;;;X
AREA_RIO_DE_ORO;Rio de Oro;Rio de Oro;Rio de Oro;R?o de Oro;Rio de Oro;Rio de Oro;;???-??-???;;;X
AREA_ROGACHEV;Gomel;Gomel;Gomel;G?mel;Gomel;Gomel;;??????;;;X
AREA_ROSTOV;Rostov;Rostov;Rostov;Rostov;Rostov;Rost?w;;??????;;;X
AREA_RYAZAN;Ryazan;Riazan;Ryazan;Riaz?n;Ryazan;Rjaza?;;??????;;;X
AREA_SACHSEN;Sachsen;Sachsen;Sachsen;Sajonia;Sachsen;Saksonia;;????????;;;X
AREA_SAKHALIN_KURILES;Sakhalin-Kuriles;Sakhaline-Kouriles;Sakhalin-Kurili;Sajal?n-Kuriles;Sakhalin/Kurilen;Sachalin-Kuryle;;???????_??????;;;X
AREA_SAMOA;Samoa;Samoa;Samoa;Samoa;Samoa-Inseln;Samoa;;?????;;;X
AREA_SAO_PAULO;Sao Paulo;Sao Paulo;San Paulo;Sao Paulo;Sao Paulo;Sao Paulo;;???-?????;;;X
AREA_SARANSK;Saransk;Saransk;Saransk;Saransk;Saransk;Sara?sk;;???????;;;X
AREA_SARMI;Sarmi;Sarmi;Sarmi;Sarmi;Sarmi;Sarmi;;?????;;;X
AREA_SASKATCHEWAN;Saskatchewan;Saskatchewan;Saskatchewan;Saskatchewan;Saskatchewan;Saskatchewan;;??????????;;;X
AREA_SENEGAMBIA;Senegambia;S?n?gambie;Senegambia;Senegambia;Senegambia;Senegambia;;??????????;;;X
AREA_SENJAVIN;Senjavin;Senjavin;Senjavin;Senjavin;Senjawininseln;Seniawin;;?????????;;;X
AREA_SEOUL;South Korea;S?oul;Seul;Se?l;Seoul;Seul;;????? ?????;;;X
AREA_SHABA;Shaba;Shaba;Shaba;El Shaba;Katanga;Szaba;;??????;;;X
AREA_SHANDONG;Shandong;Shandong;Shandong;Shandong;Shandong;Shandong;;????;;;X
AREA_SHANXI;Shanxi;Shanxi;Shanxi;Shanxi;Shanxi;Shanxi;;??????;;;X
AREA_SHAANXI;Shaanxi;Shaanxi;Shaanxi;Shaanxi;Shaanxi;Shaanxi;;??????;;;X
AREA_SIAM;Siam;Siam;Siam;Siam;Siam;Syjam;;????;;;X
AREA_SICHUAN;Sichuan;Sichuan;Sichuan;Sichuan;Sichuan;Sichuan;;???????;;;X
AREA_SICILIAN_GAP;Sicilian Gap;D?troit de Sicile;Can. di Sicilia;Estrecho de Messina;Sizilischer Raum ;Cieœninia Sycylijska;;??????????? ??????;;;X
AREA_SIDI_BARRANI;Sidi Barrani;Sidi Barrani;Sidi Barrani;S?d? Barrani;Sidi Barrani;Sidi Barrani;;????-???????;;;X
AREA_SILESIA;Upper Silesia;Upper Silesia;Upper Silesia;Upper Silesia;Oberschlesien;G?rny Œl?sk;;???????;;;X
AREA_SIRTE;Sirte;Syrte;Sirte;Sirte;Syrte;Sirta;;?????;;;X
AREA_SLAVE_COAST;Slave Coast;C?te slave;Costa slava;Costa de los Esclavos;Sklavenk?ste;Wybrze?e Niewolnicze;;??????????? ?????;;;X
AREA_SLOVAKIA;Slovakia;Slovaquie;Slovacchia;Eslovaquia;Slowakei;S?owacja;;????????;;;X
AREA_SMOLENSK;Smolensk;Smolensk;Smolensk;Smolensk;Smolensk;Smole?sk;;????????;;;X
AREA_SOMALIA;Somalia;Somalie;Somalia;Somalia;Somalia;Somalia;;??????;;;X
AREA_SOMALILAND;Somaliland;Somaliland;Somalia;Somalilandia;Somaliland;Somaliland;;??????????;;;X
AREA_SOUTH_BORNEO;South Borneo;Born?o Sud;Borneo meridionale;Borneo meridional;S?dborneo;Po?udniowe Borneo;;????? ??????;;;X
AREA_SOUTH_CAROLINA;South Carolina;Caroline du Sud;Sud Carolina;Carolina del Sur;S?d-Carolina;Karolina Po?udniowa;;????? ????????;;;X
AREA_SOUTH_DAKOTA;South Dakota;Dakota du Sud;Sud Dakota;Dakota del Sur;S?d-Dakota;Po?udniowa Dakota;;????? ??????;;;X
AREA_SOUTH_ETHIOPIA;South Ethiopia;?thiopie m?ridionale;Etiopia meridionale;Etiop?a meridional;S?d?thiopien;Po?udniowa Etiopia;;????? ???????;;;X
AREA_SOUTH_FINLAND;South Finland;Sud de la Finlande;Finlandia meridionale;Finlandia meridional;S?dfinnland;Po?udniowa Finlandia;;????? ?????????;;;X
AREA_SOUTH_GILBERTS;Ellices;Iles Gilbert m?ridionales;Gilberti meridionale;Islas Gilbert del sur;S?dl. Gilbertinseln;Po?udniowe Wyspy Gilberta;;??????? ?????;;;X
AREA_SOUTH_ITALY;South Italy;Italie m?ridionale;Italia meridionale;Italia meridional;S?ditalien;Po?udniowe W?ochy;;????? ??????;;;X
AREA_SOUTH_KRASNOYARSK;South Krasnoyarsk;Sud de Krasno?arsk;Krasnoyarsk meridionale;Krasnoyarsk meridional;S?d-Krasnojarsk;Po?udniowy Krasnojarsk;;????? ??????????;;;X
AREA_SOUTH_NIGERIA;South Nigeria;Nigeria m?ridional;Nigeria meridionale;Nigeria meridional;S?dnigeria;Po?udniowa Nigeria;;????? ???????;;;X
AREA_SOUTH_PERSIA;South Persia;Perse m?ridionale;Persia meridionale;Persia meridional;S?dpersien;Po?udniowa Persja;;????? ??????;;;X
AREA_SOUTH_RHODESIA;South Rhodesia;Rhod?sie m?ridionale;Rodesia meridionale;Rhodesia del Sur;S?drhodesien;Po?udniowa Rodezja;;????? ???????;;;X
AREA_SOUTH_ROMANIA;South Romania;Sud de la Roumanie;Romania meridionale;Rumania meridional;S?drum?nien;Po?udniowa Rumunia;;????? ???????;;;X
AREA_SOUTH_SCOTLAND;South Scotland;Sud de l’?cosse;Scozia meridionale;Escocia meridional;S?dschottland;Po?udniowa Szkocja;;????? ?????????;;;X
AREA_SOUTHCENTRAL_NORWAY;Southcentral Norway;Centre-sud Norv?ge;Norvegia centro-meridionale;Centro-sur de Noruega;S?dl. Mittelnorwegen;Po?udniowo-œrodkowa Norwegia;;???-??????????? ????????;;;X
AREA_SOUTHERN_NORWAY;Southern Norway;Norv?ge m?ridionale;Norvegia meridionale;Noruega meridional;S?dnorwegen;Po?udniowa Norwegia;;????? ????????;;;X
AREA_ST.HELENA;St.Helena;Sainte H?l?ne;St. Elena;Santa Elena;St.Helena;Wyspa Œwi?tej Heleny;;?-? ??. ?????;;;X
AREA_STALINGRAD;Stalingrad;Stalingrad;Stalingrado;Stalingrado;Stalingrad;Stalingrad;;??????????;;;X
AREA_SUEZ_CHANNEL_AREA;Suez Channel Area;Zone du Canal de Suez;Area del canale di Suez;Zona del Canal de Suez;Suezkanal;Rejon Kana?u Sueskiego;;??????? ?????;;;X
AREA_SUIYUAN_NINGXIA;Suiyuan;Suiyuan;Suiyuan;Suiyuan;Suiyuan;Suiyuan;;???????_?????;;;X
AREA_SUMATRA;Sumatra;Sumatra;Sumatra;Sumatra;Sumatra;Sumatra;;???????;;;X
AREA_SUNDA_ISLANDS;Sunda Islands;Iles Sunda;Isole Sunda;Islas de Sunda;Sunda-Inseln;Wyspy Sundajskie;;?-?? ?????;;;X
AREA_SVERDLOVSK;Sverdlovsk;Sverdlovsk;Sverdlovsk;Sverdlovsk;Swerdlowsk;Swierd?owsk;;??????????;;;X
AREA_SWITZERLAND;Switzerland;Suisse;Svizzera;Suiza;Schweiz;Szwajcaria;;?????????;;;X
AREA_SYDNEY;New South Wales;New South Wales;New South Wales;New South Wales;New South Wales;Nowa Po?udniowa Walia;;??????;;;X
AREA_SYZRAN;Syzran;Syzran;Syzran;Sizran;Syzran;Syzra?;;???????;;;X
AREA_TADZJIKISTAN;Tadzjikistan;Tadjikistan;Tadzhikistan;Tajikist?n;Tadschikistan;Tad?ykistan;;???????????;;;X
AREA_TAIWAN;Taiwan;Taiwan;Taiwan;Taiw?n;Taiwan;Tajwan;;???????;;;X
AREA_TAJMYR_EVENK;Tajmyr-Evenk;Tajmyr Evenk;Tajmyr-Evenk;Tajmyr-Evenk;Taimyr/Ewenk;Tajmyr-Ewenk;;??????_???????;;;X
AREA_TAMBOV;Voronezh;Voronej;Voronezh;Voronezh;Voronezh;Worone?;;???????;;;X
AREA_TANGANYIKA;Tanganyika;Tanganyika;Tanganyika;Tanganica;Tanganjika;Tanganika;;??????????;;;X
AREA_TENNESSEE;Tennessee;Tennessee;Tennessee;Tennessee;Tennessee;Tennessee;;????????;;;X
AREA_TEXAS;Texas;Texas;Texas;Texas;Texas;Teksas;;?????;;;X
AREA_THE_AZORES;The Azores;Les A?ores;Le Azzorre;Islas Azores;Azoren;Azory;;???????? ?-??;;;X
AREA_THE_FALKLANDS;The Falklands;Les Malouines;Le Falkland;Islas Malvinas;Falkland-Inseln;Falklandy;;???????????? ?-??;;;X
AREA_THRACE;Thrace;Thrace;Tracia;Tracia;Thrakien;Tracja;;??????;;;X
AREA_TIBET;Tibet;Tibet;Tibet;T?bet;Tibet;Tybet;;?????;;;X
AREA_TIERRA_DEL_FUEGO;Tierra del Fuego;Tierra del Fuego;Terra del Fuoco;Tierra del Fuego;Feuerland;Ziemia Ognista;;???????? ?????;;;X
AREA_TOBRUK;Tobruk;Tobrouk;Tobruk;Tobruk;Tobruk;Tobruk;;??????;;;X
AREA_TOHOKU;Tohoku;Tohoku;Tohoku;Tohoku;Tohoku;Tohoku;;??????;;;X
AREA_TOMSK;Tomsk;Tomsk;Tomsk;Tomsk;Tomsk;Tomsk;;?????;;;X
AREA_TRANSJORDAN;Transjordan;Transjordanie;Transjordan;Transjordania;Transjordanien;Transjordania;;?????????????;;;X
AREA_TRANSNISTRIA;Zhitomir;Jitomir;Zhitomir;Zhitomir;Zhitomir;?ytomierz;;???????;;;X
AREA_TRANSVAAL_NATAL;Transvaal-Natal;Transvaal Natal;Transvaal-Natal;Transvaal-Natal;Transvaal/Natal;Transwal-Natal;;??????????_??????;;;X
AREA_TRANSYLVANIA;Transylvania;Transylvanie;Transilvania;Transilvania;Transsilvanien;Transylwania;;?????????????;;;X
AREA_TUNIS;Tunis;Tunis;Tunisia;T?nez;Tunis;Tunis;;?????;;;X
AREA_TURKESTAN;Turkestan;Turkestan;Turkestan;Turkest?n;Turkistan;Turkiestan;;?????????;;;X
AREA_TURKMENISTAN;Turkmenistan;Turkm?nistan;Turkmenistan;Turkmenist?n;Turkmenistan;Turkmenistan;;????????????;;;X
AREA_TYUMEN;Tyumen;Tyumen;Tyumen;Tiumen;Tjumen;Tjume?;;??????;;;X
AREA_UFA;Ufa;Oufa;Ufa;Uf?;Ufa;Ufa;;???;;;X
AREA_UGANDA;Uganda;Ouganda;Uganda;Uganda;Uganda;Uganda;;??????;;;X
AREA_UPPER_ARGENTINE;Upper Argentine;Haute Argentine;Argentina superiore;Argentina superior;Oberargentinien;G?rna Argentyna;;??????? ?????????;;;X
AREA_UPPER_NILE_VALLEY;Upper Nile Valley;Vall?e haute du Nil;Valle del Nilo superiore;Valle del Alto Nilo;Oberes Niltal;G?rna Dolina Nilu;;??????? ?????? ????;;;X
AREA_UTAH;Utah;Utah;Utah;Utah;Utah;Utah;;???;;;X
AREA_UZBEKISTAN;Uzbekistan;Ouzb?kistan;Uzbekistan;Uzbekist?n;Usbekistan;Uzbekistan;;??????????;;;X
AREA_VAESTRA_SVEALAND;Vaestra Svealand;Vaestra Svealand;Vaestra Svealand;Svealand occidental;Westsvealand;Zachodni Svealand;;???????? ????????;;;X
AREA_VELIKIYE_LUKI;Kalinin;Kalinin;Kalinin;Kalinin;Kalinin;Kalinin;;???????;;;X
AREA_VERA_CRUZ;Vera Cruz;Vera Cruz;Vera Cruz;Veracruz;Vera Cruz;Vera Cruz;;????????;;;X
AREA_VERMONT;Vermont;Vermont;Vermont;Vermont;Vermont;Vermont;;???????;;;X
AREA_VIRGINIA;Virginia;Virginie;Virginia;Virginia;Virginia;Virginia;;????????;;;X
AREA_VLADIMIR;Vladimir;Vladimir;Vladimir;Vlad?mir;Wladimir;W?odzimierz;;????????;;;X
AREA_VOLTA;Volta;Volta;Volta;Volta;Obervolta;Wolta;;??????;;;X
AREA_WALLONIA;Wallonia;Wallonie;Vallonia;Valonia;Wallonien;Walonia;;????????;;;X
AREA_WARSAW;Warsaw;Varsovie;Varsavia;Varsovia;Warschau;Warszawa;;???????;;;X
AREA_WASHINGTON;Washington;Washington;Washington;Washington;Washington;Waszyngton;;?????????;;;X
AREA_WEST_ANDALUCIA;West Andalucia;Andalousie occidentale ;Andalusia occidentale;Andaluc?a occidental;Westandalusien;Zachodnia Andaluzja;;???????? ?????????;;;X
AREA_WEST_ATLAS;West Atlas;Atlas occidental;Atlas occidentale;Atlas occidentales;Westl. Atlas;Zachodni Atlas;;???????? ?????;;;X
AREA_WEST_ENGLAND;West England;Ouest de l’Angleterre;Inghilterra occidentale;Inglaterra occidental;Westengland;Zachodnia Anglia;;???????? ??????;;;X
AREA_WEST_JAVA;West Java;Java occidental;Giava occidentale;Java occidental;Westjava;Zachodnia Jawa;;???????? ???;;;X
AREA_WEST_VIRGINIA;West Virginia;Virginie occidentale;Virginia occidentale;Virginia occidental;West Virginia;Zachodnia Virginia;;???????? ????????;;;X
AREA_WESTERN_DESERT;Western Desert;D?sert occidental;Deserto occidentale;Desierto occidental;Westliche W?ste;Pustynia Zachodnia;;???????? ???????;;;X
AREA_WESTERN_GHAT;Madras;Madras;Madras;Madras;Madras;Madras;;???????? ???;;;X
AREA_WESTERN_HUNGARY;Western Hungary;Hongrie occidentale;Ungheria occidentale;Hungr?a occidental;Westungarn;Zachodnie W?gry;;???????? ???????;;;X
AREA_WESTPHALEN;Westfalen;Westfalen;Westfalen;Westfalia;Westfalen;Westfalia;;?????????;;;X
AREA_WISCONSIN;Wisconsin;Wisconsin;Wisconsin;Wisconsin;Wisconsin;Wisconsin;;?????????;;;X
AREA_WYOMING;Wyoming;Wyoming;Wyoming;Wyoming;Wyoming;Wyoming;;????????;;;X
AREA_XIKANG;Xikang;Xikang;Xikang;Xikang;Xikang;Xikang;;?????;;;X
AREA_XINJIANG;Xinjiang;Xinjiang;Xinjiang;Xinjiang;Xinjiang;Xinjiang;;????????;;;X
AREA_YAKUTSK;Yakutsk;Iakutsk;Yakutsk;Yakutsk;Jakutsk;Jakuck;;??????;;;X
AREA_YEMENITE_MOUNTAINS;Yemenite Mountains;Monts du Y?men;Montagne dello Yemen;Monta?as del Yemen;Jemeniten Berge;G?ry Jeme?skie;;????????? ????;;;X
AREA_YUKON;Yukon Territories;Yukon;Yukon;Yuk?n;Yukon;Jukon;;????? ??????-???????? ??????;;;X
AREA_YUNNAN;Yunnan;Yunnan;Yunnan;Yunnan;Yunnan;Yunnan;;???????;;;X
AREA_ZABAIKALYE;Zabaikalye;Zabaikalye;Zabaikalye;Zabaikalye;Transbaikalien;Zabajka?;;??????????;;;X
AREA_ZHEJIANG;Zhejiang;Zhejiang;Zhejiang;Zhejiang;Zhejiang;Zhejiang;;???????;;;X
#;;;;;;;;;;;x
AREA_ADRIATIC_SEA;Adriatic Sea;Mer Adriatique;Mar Adriatico;Mar Adri?tico;Adriatisches Meer;Morze Adriatyckie;;????????????? ????;;;x
AREA_AEGEAN_SEA;Aegean Sea;Mer ?g?e;Mar Egeo;Mar Egeo;?g?isches Meer;Morze Egejskie;;???????? ????;;;x
AREA_ALBORAN_SEA;Alboran Sea;Mer d’Alboran;Mare di Alboran;Mar de Albor?n;Alboran-Meer;Morze Albora?skie;;???????????? ????;;;x
AREA_ALEUTIANS;Aleutians;Al?outes;Aleutine;Aleutianas;Aleuten;Aleuty;;????????? ?-??;;;X
AREA_ANGOLA_PLAIN;Angola Plain;Plaine angolienne;Pianura dell'Angola;Llanura de Angola;Angolabecken;R?wnina Angolska;;?????????? ???????;;;X
AREA_ARAFURA_SEA;Arafura Sea;Mer d’Arafoura;Mar di Arafua;Mar de Arafura;Arafurasee;Morze Arafura;;?????????? ????;;;x
AREA_ARCTIC_OCEAN;Greenland Sea;Mer du Groenland;Mar di Groenlandia;Mar de Groenlandia;Europ?isches Nordmeer;Morze Grenlandzkie;;???????????? ????;;;X
AREA_ARGENTINE_PLAIN;Argentine Plain;Plaine argentine;Piano dell'Agentina;Llanura argentina;Argentinisches Becken;R?wnina Argenty?ska;;???????????? ???????;;;X
AREA_ASCENSION_FRACTURE_ZONE;Ascension Fracture Zone;Zone de fracture d’Ascension;Zona di rottura ascensionale;Zona de fractura de Ascensi?n;Ascension-Bruchzone;Strefa Wysp Wniebowst?pienia;;?????? ????????;;;X
AREA_ATLANTIC_INDIAN_RIDGE;Atlantic-Indian Ridge;Dorsale Atlantique-Indien;Dorsale atlantico-indiana;Dorsal del Atl?ntico-?ndico;Atlantisch-Indischer R?cken;Grzbiet Arabsko-Indyjski;;??????????-?????????????? ??????;;;X
AREA_AZORES;Azores;A?ores;Azzorre;Las Azores;Azoren;Azory;;???????? ?-??;;;x
AREA_BALEARIC_SEA;Balearic Sea;Mer des Bal?ares;Mar delle Baleari;Mar de las Baleares;Balearisches Meer;Morze Balearskie;;?????????? ????;;;x
AREA_BANDA_SEA;Banda Sea;Mer de Banda;Mar di Banda;Mar de Banda;Bandasee;Morze Banda;;???? ?????;;;x
AREA_BARENTS_SEA;Barents Sea;Mer de Barents;Mare di Barents;Mar de Barents;Barentssee;Morze Barentsa;;????????? ????;;;x
AREA_BAY_OF_BISCAY;Bay of Biscay;Golfe de Gascogne;Golfo di Biscaglia;Golfo de Vizcaya;Golf von Biskaya;Zatoka Biskajska;;?????????? ?????;;;x
AREA_BERMUDA_TRIANGLE;Bermuda Triangle;Triangle des Bermudes;Triangolo delle Bermuda;Tri?ngulo de las Bermudas;Bermuda-Dreieck;Tr?jk?t Bermudzki;;?????????? ???????????;;;x
AREA_BLACK_SEA;Black Sea;Mer Noire;Mar Nero;Mar Negro;Schwarzes Meer;Morze Czarne;;?????? ????;;;x
AREA_BOTHNIAN_BAY;Gulf of Bothnia;Golfe de Botnie;Gorfo di Botnia;Golfo de Botnia;Bottnischer Meerbusen;Zatoka Botnicka;;??????????? ?????;;;x
AREA_CAP_ST_VINCENT;Cap St Vincent;Cap St Vincent;Cap St. Vincent;Cabo de San Vicente;Kap St. Vincent;Saint Vincent;;??? ???-???????;;;x
AREA_CAP_VERDE;Cap Verde ;Cap-Vert;Capo Verde ;Cabo Verde;Kap Verde;Zielony Przyl?dek;;?-?? ???????? ????;;;x
AREA_CAPE_FINISTERRE;Cape Finisterre;Cap Finist?re;Capo di Finisterre;Cabo Finisterre;Kap Finisterre;Przyl?dek Finisterre;;??? ????????;;;X
AREA_CAROLINES;Marshall Chain;Carolines;Coralline;Carolinas;Karolinen;Karoliny;;?????????? ?????;;;X
AREA_CASPIAN_SEA;Caspian Sea;Mer Caspienne;Mar Caspio;Mar Caspio;Kaspisches Meer;Morze Kaspijskie;;?????????? ????;;;X
AREA_CELEBES_SEA;Celebes Sea;Mer des C?l?bes;Mar di Celebes;Mar de C?lebes;Celebessee;Morze Celebes;;???? ????????;;;x
AREA_CENTRAL_ATLANTIC;Central Atlantic;Atlantique centre;Atlantico centrale;Atl?ntico medio;Zentralatlantik;Œrodkowy Atlantyk;;??????????? ?????????;;;x
AREA_CENTRAL_CARRIBEAN;Central Carribean;Cara?bes centre ;Caraibi centrali;Caribe central;Mittl. Karibik;Œrodkowe Karaiby;;??????????? ????????? ????;;;x
AREA_CENTRAL_NORTHSEA;Central North Sea;Mer du Nord centre;Mar del Nord centrale;Centro del Mar del Norte;Zentrale Nordsee;Œrodkowe Morze P??nocne;;??????????? ???????? ????;;;x
AREA_CENTRAL_PHILIPPINE_SEA;Central Philippine Sea;Mer centrale des Philippines;Mar delle Filippine centrale;Mar de Filipinas central;Mittl. Philippinensee;Œrodkowe Morze Filipi?skie;;??????????? ???????????? ????;;;X
AREA_COAST_OF_AFRICA;Coast of Africa;C?te de l’Afrique;Costa dell'Africa;Costa de ?frica;K?ste von Afrika;Wybrze?e Afryki;;????????? ??????;;;x
AREA_COAST_OF_ANGOLA_NAMIBIA;Coast of Angola-Namibia;C?te de l’Angola-Namibie;Costa dell'Angola-Namibia;Costa de Angola-Namibia;K?ste von Angola/Namibia;Wybrze?e Angoli-Namibii;;????????? ??????-???????;;;X
AREA_COAST_OF_ARGENTINA;Coast of Argentina;C?te de l’Argentine;Costa dell'Argentina;Costa de Argentina;K?ste von Argentinien;Wybrze?e Argentyny;;????????? ?????????;;;X
AREA_COAST_OF_BISSAO;Coast of Bissao;C?te de Bissau;Costa di Bissao;Costa de Bissau;K?ste von Bissao;Wybrze?e Bissao;;????????? ?????;;;x
AREA_COAST_OF_BRAZIL;Coast of Brazil;C?te du Br?sil;Costa del Brasile;Costa de Brasil;K?ste von Brasilien;Wybrze?e Brazylii;;????????? ????????;;;x
AREA_COAST_OF_BRUNEI;Coast of Brunei;C?te de Brunei;Costa del Brunei;Costa de Brunei;K?ste von Brunei;Wybrze?e Brunei;;???????? ??????;;;x
AREA_COAST_OF_CEYLON;Coast of Ceylon;C?te de Ceylan;Costa di Ceylon;Costa de Ceil?n;K?ste von Ceylon ;Wybrze?e Cejlonu;;????????? ???????;;;X
AREA_COAST_OF_GUYANA;Coast of Guyana;C?te de la Guyane;Costa della Guyana;Costa de la Guyana;K?ste von Guayana;Wybrze?e Gujany;;????????? ??????;;;X
AREA_COAST_OF_INDOCHINA;Coast of Indochina;C?te de l’Indochine;Costa dell'Indocina;Costa de Indochina;K?ste Indochinas;Wybrze?e Indochi?skie;;????????? ?????????;;;x
AREA_COAST_OF_JAPAN;Coast of Japan;C?te du Japon;Costa del Giappone;Costa de Jap?n;K?ste von Japan;Wybrze?e Japonii;;????????? ??????;;;x
AREA_COAST_OF_KAMCHATKA;Coast of Kamchatka;C?te de Kamchatka;Costa del Kamchatka;Costa de Kamchatka;K?ste von Kamtschatka;Wybrze?e Kamczatki;;????????? ????????;;;X
AREA_COAST_OF_NEW_GUINEA;Coast of New Guinea;C?te de la Nouvelle-Guin?e;Costa della Nuova Guinea;Costa de Nueva Guinea;K?ste von Neu Guinea;Wybrze?e Nowej Gwinei;;????????? ????? ??????;;;X
AREA_COAST_OF_RECIFE;Coast of Recife;C?te de Recife;Costa di Recife;Costa de Recife;K?ste von Recife;Wybrze?e Recife;;????????? ??????;;;X
AREA_COAST_OF_SOUTH_AFRICA;Coast of South Africa;C?te d’Afrique du Sud;Costa del Sudafrica;Costa meridional de ?frica;K?ste von S?dafrika;Po?udniowe Wybrze?e Afryki;;????????? ????? ??????;;;X
AREA_COAST_OF_URUGUAY;Coast of Uruguay;C?te de l’Uruguay;Costa dell'Uruguay;Costa de Uruguay;K?ste von Uruguay;Wybrze?e Urugwaju;;????????? ???????;;;X
AREA_DENMARK_STRAIT;Denmark Strait;D?troit du Danemark;Stretto di Danimarca;Estrecho de Dinamarca;D?nemarkstra?e;Cieœniny Du?skie;;??????? ??????;;;x
AREA_EAST_BAY_OF_BENGAL;East Bay of Bengal;Baie orientale du Bengale;Baia del Bengala orientale;Golfo de Bengala oriental;?stl. Golf von Bengalen;Wschodnia Zatoka Bengalska;;????????? ??????????? ?????;;;X
AREA_EAST_BERING_SEA;East Bering Sea;Mer orientale de B?ring;Mar di Bering orientale;Mar de Bering oriental;?stl. Beringmeer;Wschodnie Morze Beringa;;????????? ????????? ????;;;X
AREA_EAST_CORAL_SEA;East Coral Sea;Mer de Corail orientale;Mar dei Coralli orientale;Mar oriental del Coral;?stl. Korallenmeer;Wschodnie Morze Koralowe;;????????? ?????????? ????;;;x
AREA_EAST_COST_OF_NEW_ZEALAND;East Cost of New Zealand;C?te est de la Nouvelle-Z?lande;Costa della Nuova Zelanda orientale;Costa oriental de Nueva Zelanda;Ostk?ste von Neuseeland;Wschodnie Wybrze?e Nowej Zelandii;;????????? ????????? ????? ????????;;;X
AREA_EAST_GREAT_AUSTRALIAN_BIGHT;East Great Australian Bight ;Grande Baie australienne orientale;Grande baia australiana orientale;Gran Bah?a Australiana oriental;?stl. Gro?e Australische Bucht;Wschodnia Wielka Zatoka Australijska;;????????? ??????? ????????????? ?????;;;x
AREA_EAST_GULF_OF_MEXICO;East Gulf of Mexico;Golfe de Mexico Est;Golfo del Messico orientale;Golfo de M?xico oriental;?stl. Golf von Mexiko;Wschodnia Zatoka Meksyka?ska;;????????? ???????????? ?????;;;x
AREA_EAST_MARIANA_BASIN;East Mariana Basin;Bassin oriental des ?les Mariannes;Bacino della Mariana orientale;Cuenca de las Marianas orientales;?stl. Marianenbecken;Wschodni Basen Maria?ski;;????????-?????????? ?????????;;;X
AREA_EAST_NORTH_SEA;East North Sea;Mer du Nord orientale;Mar del Nord orientale;Este del Mar del Norte;?stliche Nordsee;Wschodnie Morze P??nocne;;????????? ???????? ????;;;x
AREA_EAST_SEA_OF_OKHOTSK;East Sea of Okhotsk;Mer orientale d’Okhotsk ;Mar di Okhotsk orientale;Mar de Ojotsk oriental;?stl. Ochotskisch. Meer;Wschodnie Morze Ochockie;;????????? ???????? ????;;;X
AREA_EASTERN_SOLOMONS;Eastern Solomons;Iles Salomon orientales;Solomone orientali;Salom?n orientales;?stliche Salomonen;Wschodnie Wyspy Salomona;;????????? ?????????? ?-??;;;x
AREA_ENGLISH_CHANNEL;English Channel;Manche;La Manica;Canal de la Mancha;?rmelkanal;Kana? La Manche;;??-????;;;x
AREA_FAROES_GAP;Faroes Gap;D?troit des ?les F?ro?;Canale delle Faroe;Estrecho de las Feroe;Island-F?roer-R?cken;Cieœnina Owcza ;;????????? ??????;;;x
AREA_FIJI_BASIN;Fiji Basin;Bassin des ?les Fiji;Bacino delle Figi;Cuenca de las Fiji;Fidschi-Becken;Basen Fid?i;;????????? ?????;;;X
AREA_FLORES_SEA;Flores Sea;Mer de Flores;Mar di Flores;Mar de las Flores;Floressee;Morze Flores;;???? ??????;;;x
AREA_FLORIDA_STRAIT;Florida Strait;D?troit de Floride;Stretto della Florida;Estrecho de Florida;Florida-Stra?e;Cieœnina Florydzka;;?????????? ??????;;;x
AREA_GILBERTS;Gilberts;Iles Gilbert;Gilberti;Islas Gilbert;Gilbertinseln;Wyspy Gilberta;;??????? ????????;;;X
AREA_GREENLAND_COAST;Greenland Coast;C?te du Groenland;Costa della Groenlandia;Costa de Groenlandia;K?ste von Gr?nland;Wybrze?e Grenlandii;;????????? ??????????;;;x
AREA_GULF_OF_ALASKA;Gulf of Alaska;Golfe de l’Alaska;Golfo di Alaska;Golfo de Alaska;Golf von Alaska;Zatoka Alaska;;????? ??????;;;X
AREA_GULF_OF_GUINEA;Gulf of Guinea;Golfe de Guin?e;Golfo di Guinea;Golfo de Guinea;Golf von Guinea;Zatoka Gwinejska;;?????????? ?????;;;x
AREA_GULF_OF_SIAM;Gulf of Siam;Golfe de Siam;Golfo di Siam;Golfo de Siam;Golf von Siam;Zatoka Syjamska;;???????? ?????;;;x
AREA_HAWAIIAN_RISE;Hawaiian Rise;C?te hawa?enne;Promontorio delle Hawaii;Farall?n de Hawai;Hawaiir?cken;Grzbiet Hawajski;;????????? ??????;;;X
AREA_HEBREIDES;The Hebrides;Les H?brides;Le Ebridi;Las H?bridas;Hebriden;Hebrydy;;???????;;;X
AREA_HORN_OF_AFRICA;Horn of Africa;Corne de l’Afrique;Corno d'Africa;Cuerno de ?frica;Horn von Afrika;Przyl?dek Horn;;??????????? ???;;;x
AREA_HUDSON_BAY;Hudson Bay;Baie d’Hudson;Baia di Hudson;Bah?a de Hudson;Hudson Bay;Zatoka Hudsona;;???????? ?????;;;x
AREA_IONIAN_SEA;Ionian Sea;Mer Ionienne;Mar Ionio;Mar J?nico;Ionisches Meer;Morze Jo?skie;;?????????? ????;;;x
AREA_IRISH_SEA;Irish Sea;Mer d’Irlande;Mar d'Irlanda;Mar de Irlanda;Irisches Meer;Morze Irlandzkie;;?????????? ????;;;x
AREA_IRISH_WEST_COAST;Irish West Coast;C?te ouest de l’Irlande;Costa occidentale irlandese;Costa occidental de Irlanda;Westk?ste von Irland;Zachodnie wybrze?e Irlandii;;???????? ????????? ????????;;;X
AREA_JAVA_RIDGE;Java Ridge;Dorsale de Java;Dorsale di Giava;Dorsal de Java;Javar?cken;Grzbiet Jawajski;;???????? ??????;;;x
AREA_JAVA_TRENCH;Java Trench;Fosse de Java;Fossa di Giava;Fosa de Java;Sundagraben;R?w Jawajski;;???????? ?????;;;X
AREA_KATTEGAT;Kattegat;Kattegat;Kattegat;Kattegat;Kattegatt;Cieœnina Kattegat;;????????;;;x
AREA_LINE_ISLANDS;Line Islands;Iles de Line;Isole equatoriali;Islas de Kiribati;Line-Inseln;Wyspy Line;;?-?? ????;;;X
AREA_LUZON_STRAIT;Luzon Strait;D?troit de Lu?on;Stretto di Luzon;Estrecho de Luz?n;Luzon-Stra?e;Cieœnina Luzon;;????????? ??????;;;x
AREA_MALACCA_STRAIT;Malacca Strait;D?troit de Malacca;Stretto di Malacca;Estrecho de Malaca;Malacca-Stra?e;Cieœnina Malakka;;?????????? ??????;;;x
AREA_MARIANA_TRENCH;Mariana Trench;Fosse des ?les Mariannes;Fossa della Marianne;Fosa de las Marianas;Marianengraben;R?w Maria?ski;;?????????? ?????;;;X
AREA_MARIANAS;Marianas;Iles Mariannes;Mariane;Las Marianas;Marianen;Mariany;;?????????? ?-??;;;x
AREA_MARSHALLS_SEA;Marshalls Sea;Iles Marshall;Marshalls;Las Marshall;Marshallsee;Wyspy Marshalla;;?????????? ????;;;x
AREA_MASCARENE_PLATEAU;Mascarene Plateau;Plateau de Mascarene;Altopiano delle Mascarente;Meseta mascare?a;Maskarenenr?cken;P?askowy? Maskare?ski;;???????????? ????????;;;X
AREA_MID_INDIAN_RIDGE;Mid-Indian Ridge;Dorsale m?dio-indienne;Dorsale medio-indiana;Dorsal del ?ndico medio;Zentralindischer R?cken;Grzbiet Œrodkowoindyjski;;??????????-????????? ??????;;;X
AREA_MID_PACIFIC_MOUNTAINS;Mid-Pacific Mountains;Monts M?dio-pacifiques;Montagne del medio-Pacifico;Monta?as del Pac?fico medio;Zentralpazifische Berge;Wzniesienie Œrodkowopacyficzne;;????????-????????????? ????;;;X
AREA_MOLUCCA_SEA;Molucca Sea;Mer des Moluques;Mar delle Molucche;Mar de las Molucas;Molukkensee;Morze Moluckie;;?????????? ????;;;x
AREA_NINETYEAST_RIDGE;Ninetyeast Ridge;Dorsale de Ninetyeast;Dorsale di Ninetyeast ;Dorsal del Meridiano Noventa Este;Bengalischer R?cken;Grzbiet Wschodnioindyjski;;????????-????????? ??????;;;X
AREA_NORTH_ARABIAN_SEA;North Arabian Sea;Mer d’Oman septentrionale;Mar d'Arabia settentrionale;Mar Ar?bigo septentrional;N?rdl. Arabisches Meer;P??nocne Morze Arabskie;;???????? ?????????? ????;;;X
AREA_NORTH_ATLANTIC;North Atlantic;Atlantique nord;Atlantico settentrionale;Atl?ntico Norte;N?rdl. Nordatlantik;P??nocny Atlantyk;;???????? ?????????;;;x
AREA_NORTH_BISMARCK_SEA;North Bismarck Sea;Mer de Bismarck Nord;Mar di Bismark settentrionale;Mar de Bismarck septentrional;Nordl. Bismarcksee;P??nocne Morze Bismarcka;;???????? ???? ????????;;;x
AREA_NORTH_EAST_PACIFIC_OCEAN;North East Pacific Ocean; Oc?an Pacifique Nord-est;Oceano Pacifico nord-orientale;Noreste del Oc?ano Pac?fico;Nord?stl. Pazifik;P??nocno-wschodni Pacyfik;;??????-????????? ????? ?????;;;X
AREA_NORTH_MOZAMBIQUE_CHANNEL;North Mozambique Channel;Nord du Canal du Mozambique;Canale del Mozambico settentrionale;Canal de Mozambique septentrional;N?rdl. Stra?e von Mosambik;Kana? Mozambicki;;???????? ???????????? ??????;;;X
AREA_NORTH_NORTHEAST_PACIFIC_BASIN;North Northeast Pacific Basin;Bassin du Pacifique Nord-nord-est ;Bacino del Pacifico nord-est ;Cuenca septentrional del noreste del Pac?fico;Nordostpazifisches Becken;Wschodni Basen P??nocnopacyficzny;;????? ??????-????????? ?????????;;;X
AREA_NORTH_SOUTHEAST_PACIFIC_OCEAN;North Southeast Pacific Ocean;Oc?an Pacifique Nord-sud-est ;Oceano Pacifico sud-orientale del nord;Norte del sureste del Pac?fico;N?rdl. S?dostpazifik;P??nocna Cz?œ? Po?udniowo-Wschodniego Pacyfiku;;????? ???-?????????? ?????? ??????;;;X
AREA_NORTH_TASMAN_SEA;North Tasman Sea;Mer de Tasman Nord;Mar di Tasmania settentrionale;Mar de Tasmania septentrional;N?rdl. Tasmansee;P??nocne Morze Tasmana;;???????? ????????? ????;;;x
AREA_NORTHEAST_COAST_OF_MADAGASCAR;Northeast Coast of Madagascar;Nord-est de la C?te de Madagascar;Costa del Madagascar nord-orientale;Costa noreste de Madagascar;Nordostk?ste von Madagaskar;P??nocno-wschodnie Wybrze?e Madagaskaru;;??????-????????? ????????? ???????????;;;X
AREA_NORTHERN_BALTIC;Northern Baltic;Nord de la Baltique;Baltico settentrionale;B?ltico norte;N?rdl. Ostsee;Ba?tyk P??nocny;;???????? ???????;;;x
AREA_NORTHWEST_PACIFIC_BASIN;Northwest Pacific Basin;Bassin du Pacifique Nord-ouest ;Bacino del Pacifico nord-ovest;Cuenca del noroeste del Pac?fico;Nordwestpazifisches Becken;Zachodni Basen P??nocnopacyficzny;;??????-???????? ?????????;;;X
AREA_NORWEGIAN_SEA;Norwegian Sea;Mer de Norv?ge;Mar di Norvegia;Mar de Noruega;Norwegisches Meer;Morze Norweskie;;?????????? ????;;;x
AREA_PERNANBUCO_PLAIN;Pernambuco Plain;Plaine de Pernambouco;Pianura del Pernambuco;Llanura de Pernambuco;Brasilianisches Becken;R?wnina Pernambuco;;??????? ??????????;;;X
AREA_PERSIAN_GULF;Persian Gulf;Golfe persique;Golfo Persico;Golfo P?rsico;Persischer Golf;Zatoka Perska;;?????????? ?????;;;x
AREA_PHILIPPINE_TRENCH;Philipine Trench;Fosse des Philippines;Fossa delle Filippine;Fosa de las Filipinas;Philippinen-Graben;R?w Filipi?ski;;???????????? ?????;;;x
AREA_PORTUGESE_COAST;Portugese Coast;C?te portugaise;Costa del Portogallo;Costa de Portugal;K?ste von Portugal;Wybrze?e Portugalii;;????????? ??????????;;;x
AREA_RED_SEA;Red Sea;Mer Rouge;Mar Rosso;Mar Rojo;Rotes Meer;Morze Czerwone;;??????? ????;;;x
AREA_RYUKYUS;Ryukyus;Ryukyus;Ryukyus;Ryukyu;Ryukyu-Inseln;Wyspy Riukiu;;?-?? ???? (??????);;;X
AREA_SEA_OF_JAPAN;Sea of Japan;Mer du Japon;Mar del Giappone;Mar del Jap?n;Japanisches Meer;Morze Japo?skie;;???????? ????;;;x
AREA_SOLOMON_SEA;Solomon Sea;Mer de Salomon;Mar delle Salomone;Mar de las Salom?n;Salomonensee;Morze Salomona;;?????????? ????;;;x
AREA_SOUTH_ARABIAN_SEA;South Arabian Sea;Mer d’Oman m?ridionale;Mar d'Arabia meridionale;Mar Ar?bigo meridional;S?dl. Arabisches Meer;Po?udniowe Morze Arabskie;;????? ?????????? ????;;;X
AREA_SOUTH_BISMARCK_SEA;South Bismarck Sea;Mer de Bismarck Sud;Mar di Bismark meridionale;Mar de Bismarck meridional;S?dl. Bismarcksee;Po?udniowe Morze Bismarcka;;????? ???? ????????;;;x
AREA_SOUTH_EAST_PACIFIC_OCEAN;South East Pacific Ocean;Oc?an Pacifique Sud-est ;Oceano Pacifico sud-orientale;Sureste del Oc?ano Pac?fico;S?d?stl. Pazifik;Po?udniowo-wschodni Pacyfik;;???-????????? ????? ?????;;;X
AREA_SOUTH_MOZAMBIQUE_CHANNEL;South Mozambique Channel;Sud du Canal du Mozambique;Canale del Mozambico meridionale;Canal de Mozambique meridional;S?dl. Stra?e von Mosambik;Po?udniowy Kana? Mozambicki;;????? ???????????? ??????;;;X
AREA_SOUTH_SEA_OF_OKHOTSK;South Sea of Okhotsk;Mer m?ridionale d’Okhotsk ;Mar di Okhotsk meridionale;Mar de Ojotsk meridional;S?dl. Ochotskisch. Meer;Po?udniowe Morze Ochockie;;????? ???????? ????;;;X
AREA_SOUTH_SOUTHEAST_PACIFIC_OCEAN;South Southeast Pacific Ocean;Oc?an Pacifique Sud-sud-est ;Oceano Pacifico sud-orientale del sud;Sur del sureste del Pac?fico;S?dl. S?dostpazifik;Po?udniowa Cz?œ? Po?udniowo-Wschodniego Pacyfiku;;?? ???-?????????? ?????? ??????;;;X
AREA_SOUTH_TASMAN_SEA;South Tasman Sea;Mer de Tasman Sud;Mar di Tasmania meridionale;Mar de Tasmania meridional;S?dl. Tasmansee;Po?udniowe Morze Tasmana;;????? ????????? ????;;;x
AREA_SOUTHEAST_COAST_OF_MADAGASCAR;Southeast Coast of Madagascar;Sud-est de la C?te de Madagascar;Costa del Madagascar sud-orientale;Costa sureste de Madagascar;S?dostk?ste von Madagaskar;Po?udniowo-wschodnie Wybrze?e Madagaskaru;;???-????????? ????????? ???????????;;;X
AREA_SOUTHEAST_INDIAN_OCEAN;Southeast Indian Ocean;Oc?an indien Sud-est ;Oceano Indiano sud-orientale;Sureste del Oc?ano ?ndico;S?d?stl. Indischer Ozean;Po?udniowo-wschodni Ocean Indyjski;;???-????????? ????????? ?????;;;X
AREA_SOUTHEAST_NORTHSEA;Southeast North Sea;Mer du Nord Sud-est ;Mar del Nord sud-orientale;Sureste del Mar del Norte;S?d?stliche Nordsee;Po?udniowo-zachodnie Morze P??nocne;;???-????????? ???????? ????;;;x
AREA_SOUTHEAST_PACIFIC_BASIN;Southeast Pacific Basin;Bassin du Pacifique Sud-est ;Bacino del Pacifico sud-orientale;Cuenca del sureste del Pac?fico;S?dostpazifisches Becken;Wschodni Basen Po?udniowopacyficzny;;???-????????? ?????????;;;X
AREA_SOUTHERN_BALTIC;Southern Baltic;Sud de la Baltique;Baltico meridionale;B?ltico sur;S?dl. Ostsee;Ba?tyk Po?udniowy;;????? ???????;;;x
AREA_SOUTHWEST_INDIAN_OCEAN;Southwest Indian Ocean;Oc?an indien Sud-ouest ;Oceano Indiano sud-ovest;Suroeste del Oc?ano ?ndico;S?dwestl. Indischer Ozean;Po?udniowo-zachodni Ocean Indyjski;;???-???????? ????????? ?????;;;x
AREA_SOUTHWEST_PACIFIC_BASIN;Southwest Pacific Basin; Bassin du Pacifique Sud-ouest;Bacino del Pacifico sud-ovest;Cuenca del suroeste del Pac?fico;S?dwestpazifisches Becken;Zachodni Basen Po?udniowopacyficzny;;???-???????? ?????????;;;X
AREA_SPRATLY_SEA;Spratly Sea;Mer de Spratly;Mar di Spratly;Mar del Sur de China;S?dchinesisches Meer;Wyspy Nanszacun;;???? ???????;;;x
AREA_SULU_SEA;Sulu Sea;Mer de Sulu ;Mar Sulu;Mar de Sul?;Sulusee;Morze Sulu;;???? ????;;;x
AREA_TAIWAN_STRAIT;Taiwan Strait;D?troit de Taiwan;Stretto di Taiwan;Estrecho de Taiw?n;Stra?e von Taiwan;Cieœnina Tajwa?ska;;?????????? ??????;;;x
AREA_TIMOR_SEA;Timor Sea;Mer de Timor;Mar di Timor;Mar de Timor;Timorsee;Morze Timor;;????????? ????;;;X
AREA_TYRRHENIAN_SEA;Tyrrhenian Sea;Mer Tyrrh?nienne;Mar Tirreno;Mar Tirreno;Tyrrhenisches Meer;Morze Tyrre?skie;;?????????? ????;;;x
AREA_WEST_BAY_OF_BENGAL;West Bay of Bengal;Baie occidentale du Bengale;Baia del Bengala occidentale;Golfo de Bengala occidental;Westl. Golf von Bengalen;Zachodnia Zatoka Bengalska;;???????? ??????????? ?????;;;X
AREA_WEST_BERING_SEA;West Bering Sea;Mer occidentale de B?ring;Mar di Bering occidentale;Mar de Bering occidental;Westl. Beringmeer;Zachodnie Morze Beringa;;???????? ????????? ????;;;X
AREA_WEST_COAST_OF_AUSTRALIA;West Coast of Australia;C?te ouest de l’Australie;Costa occidentale dell'Australia;Costa occidental de Australia;Westk?ste von Australien;Zachodnie Wybrze?e Australii;;???????? ????????? ?????????;;;X
AREA_WEST_COAST_OF_CENTRAL_AMERICA;West Coast of Central America;C?te ouest d’Am?rique centrale;Costa ovest dell'America centrale;Costa occidental de Am?rica Central;Westk?ste von Mittelamerika;Zachodnie Wybrze?e Ameryki Œrodkowej;;???????? ????????? ??????????? ???????;;;X
AREA_WEST_COAST_OF_CHILE;West Coast of Chile;C?te ouest du Chili;Costa occidentale del Cile;Costa occidental de Chile;Westk?ste von Chile;Zachodnie Wybrze?e Chile;;???????? ????????? ????;;;X
AREA_WEST_COAST_OF_MEXICO;West Coast of Mexico;C?te ouest du Mexique;Costa occidentale del Messico;Costa occidental de M?xico;Westk?ste von Mexiko;Zachodnie Wybrze?e Meksyku;;???????? ???????????? ?????;;;X
AREA_WEST_COAST_OF_PERU;West Coast of Peru;C?te ouest du P?rou;Costa occidentale del Per?;Costa occidental de Per?;Westk?ste von Peru;Zachodnie Wybrze?e Peru;;???????? ????????? ????;;;X
AREA_WEST_COAST_OF_THE_UNITED_STATES;West Coast of the United States;C?te ouest des ?tats-Unis;Costa occidentale USA;Costa occidental de los Estados Unidos;Westk?ste der Vereinigten Staaten;Zachodnie Wybrze?e Stan?w Zjednoczonych;;???????? ????????? ???;;;X
AREA_WEST_CORAL_SEA;West Coral Sea;Mer de Corail occidentale;Mar dei Coralli occidentale;Mar occidental del Coral;Westl. Korallenmeer;Zachodnie Morze Koralowe;;???????? ?????????? ????;;;x
AREA_WEST_GREAT_AUSTRALIAN_BIGHT;West Great Australian Bight;Grande Baie australienne occidentale;Grande baia australiana occidentale;Gran Bah?a Australiana occidental;Westl. Gro?e Australische Bucht;Zachodnia Wielka Zatoka Australijska;;???????? ??????? ????????????? ?????;;;x
AREA_WEST_GULF_OF_MEXICO;West Gulf of Mexico;Golfe de Mexico Ouest;Golfo del Messico occidentale;Golfo de M?xico occidental;Westl. Golf von Mexiko;Zachodnia Zatoka Meksyka?ska;;???????? ???????????? ?????;;;x
AREA_WEST_NORTHSEA;West North Sea;Ouest de la mer du Nord;Mar del Nord occidentale;Oeste del Mar del Norte;Westliche Nordsee;Zachodnie Morze P??nocne;;???????? ???????? ????;;;x
AREA_WEST_SEA_OF_OKHOTSK;West Sea of Okhotsk;Mer occidentale d’Okhotsk;Mar di Okhotsk occidentale;Mar de Ojotsk occidental;Westl. Ochotskisch. Meer;Zachodnie Morze Ochockie;;???????? ???????? ????;;;X
AREA_WESTERN_APPROACHES;Western Approaches ;Approches occidentales;Approcci occidentali;Aproximaci?n occidental;Westeurop. Becken;Zachodnie Podejœcia;;???????? ????;;;x
AREA_WESTERN_SOLOMONS;Western Solomons;Iles Salomon occidentales;Solomone occidentali;Salom?n occidentales;Westliche Salomonen;Zachodnie Wyspy Salomona;;???????? ?????????? ?-??;;;x
AREA_WINDWARD_ISLANDS;Windward Islands;Iles du Vent;Isole di Windward;Islas de Barlovento;?stl. Karibik;Wyspy Winward;;???????? ?-??;;;x
AREA_YELLOW_SEA;Yellow Sea;Mer Jaune;Mar Giallo;Mar Amarillo;Gelbes Meer;Morze ???te;;?????? ????;;;X
AREA_YUCATAN_STRAIT;Yucatan Strait;D?troit de Yucatan;Stretto dello Yucatan;Estrecho de Yucat?n;Stra?e von Yucatan;Cieœnina Jukata?ska;;?????????? ??????;;;x
CANADA_MARITIMES;Canadian Maritimes;Maritimes canadiennes;Marittime canadesi;Mar?timas de Canad?;Kanadische Seeprovinzen;Kanadyjskie Prowincje Nadmorskie;;????????? ????;;;x
CENTRAL_MID_ATLANTIC_RIDGE;Central Mid-Atlantic Ridge;Dorsale m?dio-atlantique centre ;Dorsale medio-atlantica centrale;Dorsal central del Atl?ntico medio;Mittl. Zentralatlant. R?cken;Œrodkowy Grzbiet Œrodkowoatlantycki;;??????????? ????????????? ??????;;;x
GRAND_BANKS;Grand Banks;Grands Bancs de Terre-Neuve;Grand Banks;Grand Banks;Neufundlandbank;Wielkie ?awice;;??????? ???????????????? ?????;;;x
GUIANA_BASIN;Guiana Basin;Bassin guyanais;Bacino della Guiana;Cuenca de las Guayanas;Guayanabecken;Basen Guja?ski;;????????? ?????????;;;x
NORTHERN_SEA_OF_LABRADOR;Northern Sea of Labrador;Mer septentrionale du Labrador;Mar del Labrador settentrionale;Mar del Labrador septentrional;N?rdl. Labradorsee;P??nocny Basen Labradorski;;???????? ???? ????????;;;x
SOUTH_CENTRAL_MID_ATLANTIC_RIDGE;South-Central Mid-Atlantic Ridge;Dorsale m?dio-atlantique Sud-centre ;Dorsale medio-atlantica centro-meridionale;Dorsal sur-central del Atl?ntico medio;Mittl. S?dzentralatlant. R?cken ;Po?udniowy Grzbiet Œrodkowoatlantycki;;????-????????????? ??????;;;x
SOUTHERN_SEA_OF_LABRADOR;Southern Sea of Labrador;Mer m?ridionale du Labrador;Mar del Labrador meridionale;Mar del Labrador meridional;S?dl. Labradorsee;Po?udniowy Basen Labradorski;;????? ???? ????????;;;x
THE_SEAMOUNTS;The Seamounts;Monts sous-marin;Monti marini;Montes submarinos;Tiefseeberge;Podmorskie Szczyty;;???????????? ??????;;;x
US_MARITIMES;US Maritimes;Maritimes am?ricaines;Marittime statunitensi;Mar?timas de EE. UU.;US-Amerikanische Seeprovinzen;Ameryka?skie Prowincje Nadmorskie;;???? ???;;;x
#;;;;;;;;;;;x
REG_-;-;-;-;-;-;-;;;-;;X
REG_LAKE;Lake;Lac;Lago;Lago;See;Jezioro;;?????;;;x
REGION_AFGHANISTAN;Afghanistan;Afghanistan;Afghanistan;Afganist?n;Afghanistan;Afganistan;;??????????;;;x
REGION_ALASKA;Alaska;Alaska;Alaska;Alaska;Alaska;Alaska;;??????;;;x
REGION_ALGERIA;Algeria;Alg?rie;Algeria;Argelia;Algerien;Algieria;;?????;;;x
REGION_AMAZONAS;Amazonas;Amazonas;Amazzonie;Amazonas;Amazonas;Amazonka;;????????;;;X
REGION_AMERICAN_PACIFIC;American Pacific;Pacifique am?ricain;Pacifico americano;Pac?fico americano;Amerikanischer Pazifik;Ameryka?ska Cz?œ? Pacyfiku;;????????? ????? ?????;;;X
REGION_ANATOLIA;Anatolia;Anatolie;Anatolia;Pen?nsula de Anatolia;Anatolien;Anatolia;;????????;;;X
REGION_ANDES;Andes;Andes;Ande;Los Andes;Anden;Andy;;????;;;X
REGION_ASIAN_PACIFIC;Asian Pacific;Asie-Pacifique;Pacifico asiatico;Pac?fico asi?tico;Asiatischer Pazifik;Azjatycka Cz?œ? Pacyfiku;;???????? ????? ?????;;;X
REGION_AUSTRALIA;Australia;Australie;Australia;Australia;Australien;Australia;;?????????;;;X
REGION_AUSTRIA;Austria;Autriche;Austria;Austria;?sterreich;Austria;;???????;;;X
REGION_BALKAN;Balkan;Balkans;Balcani;Balcanes;Balkan;Ba?kany;;???????;;;X
REGION_BALTIC_STATES;Baltic States;?tats baltes;Stati del Baltico;Estados B?lticos;Baltikum;Kraje Ba?tyckie;;??????????;;;X
REGION_BELARUS;Belarus;B?larus;Belros;Belar?s;Belarus;Bia?oruœ;;????????;;;X
REGION_BENELUX;Benelux;Benelux;Benelux;El Benelux;Benelux;Beneluks;;????????;;;X
REGION_BISMARCK_ARCHIPELAGO;Bismarck Archipelago;Archipel de Bismarck;Arcipelago di Bismark;Archipi?lago de Bismarck;Bismarck-Archipel;Archipelag Bismarcka;;????????? ????????;;;X
REGION_BRAZIL;Brazil;Br?sil;Brasile;Brasil;Brasilien;Brazylia;;????????;;;X
REGION_BRAZILIAN_HIGHLANDS;Brazilian Highlands;Hautes terres du Br?sil;Altipiani del Brasile;Tierras Altas de Brasil;Brasilianisches Hochland;Wy?yny Brazylii;;??????????? ???????;;;X
REGION_CANADA;Central Canada;Canada;Canada;Canad?;Kanada;Kanada;;??????????? ??????;;;X
REGION_CARIBBEAN;Caribbean;Cara?bes;Caraibi;El Caribe;Karibik;Karaiby;;??????;;;X
REGION_CENTRAL_AFRICA;Central Africa;Afrique centrale;Africa centrale;?frica Central;Zentralafrika;Œrodkowa Afryka;;??????????? ??????;;;X
REGION_CENTRAL_AMERICA;Central America;Am?rique centrale;America centrale;Centroam?rica;Mittelamerika;Œrodkowa Ameryka;;??????????? ???????;;;X
REGION_CENTRAL_ASIA;Central Asia;Asie centrale;Asia centrale;Asia Central;Zentralasien;Œrodkowa Azja;;??????? ????;;;X
REGION_CHINA;China;Chine;Cina;China;China;Chiny;;?????;;;X
REGION_CZECHOSLOVAKIA;Czechoslovakia;Tch?coslovaquie;Cecoslovacchia;Checoslovaquia;Tschechoslowakei;Czechos?owacja;;????????????;;;X
REGION_DENMARK;Denmark;Danemark;Danimarca;Dinamarca;D?nemark;Dania;;?????;;;X
REGION_DIEGO_GARCIA_ISLAND;Diego Garcia Island;Ile de Diego Garcia;Isola di Diego Garcia;Isla de Diego Garc?a;Diego Garcia;Wyspy Diego Garcii;;?-? ?????-??????;;;X
REGION_EAST_AFRICA;East Africa;Afrique orientale;Africa orientale;?frica del Este;Ostafrika;Wschodnia Afryka;;????????? ??????;;;X
REGION_EGYPT;Egypt;?gypte;Egitto;Egipto;?gypten;Egipt;;??????;;;X
REGION_ENGLAND;England;Angleterre;Inghilterra;Inglaterra;England;Anglia;;??????;;;X
REGION_ETHIOPIA;Ethiopia;?thiopie;Etiopia;Etiop?a;?thiopien;Etiopia;;???????;;;X
REGION_FAR_EAST_SIBERIA;Far East Siberia;Sib?rie extr?me-orientale;Siberia estremo-orientale;Siberia oriental;?stl. Sibirien;Wschodnia Syberia;;??????? ??????;;;X
REGION_FINLAND;Finland;Finlande;Finlandia;Finlandia;Finnland;Finlandia;;?????????;;;X
REGION_FRANCE;France;France;Francia;Francia;Frankreich;Francja;;???????;;;X
REGION_GERMANY;Germany;Allemagne;Germania;Alemania;Deutschland;Niemcy;;????????;;;X
REGION_GRAN_CHACO;Gran Chaco;Gran Chaco;Gran Chaco;Gran Chaco;Gran Chaco;Gran Chaco;;????-????;;;X
REGION_GRAND_COLOMBIA;Grand Colombia;Grand Colombie;Grand Colombia;Gran Colombia;Gro?kolumbien;Wielka Kolumbia;;????-????????;;;X
REGION_GREENLAND;Greenland;Groenland;Groenlandia;Groenlandia;Gr?nland;Grenlandia;;??????????;;;X
REGION_HORN_OF_AFRICA;Horn of Africa;Corne de l’Afrique;Corno d'Africa;Cuerno de ?frica;Horn von Afrika;Przyl?dek Horn;;??????????? ???;;;X
REGION_HUNGARY;Hungary;Hongrie;Ungheria;Hungr?a;Ungarn;W?gry;;???????;;;X
REGION_ICELAND;Iceland;Islande;Islanda;Islandia;Island;Islandia;;????????;;;X
REGION_INDIA;India;Inde;India;India;Indien;Indie;;?????;;;X
REGION_INDOCHINE;Indochine;Indochine;Indocina;Indochina;Indochina;Indochiny;;?????????;;;X
REGION_INDONESIA;Indonesia;Indon?sie;Indonesia;Indonesia;Indonesien;Indonezja;;?????????;;;X
REGION_IRELAND;Ireland;Irlande;Irlanda;Irlanda;Irland;Irlandia;;????????;;;X
REGION_IRKUTSK;Irkutsk;Irkoutsk;Irkutsk;Irkutsk;Irkutsk;Irkuck;;???????;;;X
REGION_ITALY;Italy;Italie;Italia;Italia;Italien;W?ochy;;??????;;;X
REGION_JAPAN;Japan;Japon;Giappone;Jap?n;Japan;Japonia;;??????;;;X
REGION_KAUKASUS;Caucasus;Caucase;Caucaso;C?ucaso;Kaukasus;Kaukaz;;??????;;;X
REGION_KAZAKSTAN;Kazakstan;Kazakhstan;Kazakstan;Kazajst?n;Kasachstan;Kazachstan;;?????????;;;X
REGION_KAZAN;Kazan;Kazan;Kazan;Kaz?n;Kazan;Kaza?;;??????;;;X
REGION_KOREA;Korea;Cor?e;Corea;Corea;Korea;Korea;;?????;;;X
REGION_KRASNOYARSK_;Krasnoyarsk;Krasno?arsk;Krasnoyarsk;Krasnoyarsk;Krasnojarsk;Krasnojarsk;;??????????;;;X
REGION_LIBYA;Libya;Libye;Libia;Libia;Libyen;Libia;;?????;;;X
REGION_MADAGASCAR;Madagascar;Madagascar;Madagascar;Madagascar;Madagaskar;Madagaskar;;??????????;;;X
REGION_MAGADAN;Magadan;Magadan;Magadan;Magadan;Magadan;Magadan;;???????;;;X
REGION_MEXICO;Mexico;Mexique;Messico;M?xico;Mexiko;Meksyk;;???????;;;X
REGION_MIDDLE_EAST;Middle East;Moyen-Orient;Medio Oriente;Oriente Pr?ximo;Mittlerer Osten;Bliski Wsch?d;;??????? ??????;;;X
REGION_MIDWEST_US;Midwest US;Midwest ?tats-Unis;Stati Uniti centro-occidentali;Medio Oeste de Estados Unidos ;N?rdl. Mittl. USA;Œrodkowo-zachodnie Stany Zjednoczone;;??????? ????? ???;;;X
REGION_MOROCCO;Morocco;Maroc;Marocco;Marruecos;Marokko;Maroko;;???????;;;X
REGION_NEW_GUINEA;New Guinea;Nouvelle Guin?e;Nuova Guinea;Nueva Guinea;Neu Guinea;Nowa Gwinea;;????? ??????;;;X
REGION_NORTH_SOLOMON_ISLANDS;Solomons;Iles Salomon Nord ;Isole Salomone settentrionali;Islas Salom?n septentrionales;Salomon-Inseln;P??nocne Wyspy Salomona;;?????????? ?-??;;;X
REGION_NORTHEAST_US_;Northeast US;Nord-est des ?tats-Unis;Stati Uniti nord-orientali;Noreste de los Estados Unidos;Nord?stl. USA;P??nocno-wschodnie Stany Zjednoczone;;??????-?????? ???;;;X
REGION_NORTHERN_PERMAFROST;Northern Permafrost;Perg?lisol Nord;Ghiacciaio settentrionale;Permafrost septentrional;N?rdliches Permafrost;P??nocna Wieczna Zmarzlina;;???????? ?????? ????????;;;X
REGION_NORTHWEST_US;Northwest US;Nord-ouest des ?tats-Unis;Stati Uniti nord-occidentali;Noroeste de los Estados Unidos;Nordwestl. USA;P??nocno-zachodnie Stany Zjednoczone;;??????-????? ???;;;X
REGION_NORWAY;Norway;Norv?ge;Norvegia;Noruega;Norwegen;Norwegia;;????????;;;X
REGION_NOVOSIBIRSK;Novosibirsk;Novossibirsk;Novosibirsk;Novosibirsk;Nowosibirsk;Nowosybirsk;;???????????;;;X
REGION_PATAGONIA;Patagonia;Patagonie;Patagonia;Patagonia;Patagonien;Patagonia;;?????????;;;X
REGION_PERSIA;Persia;Perse;Persia;Persia;Persien;Persja;;??????;;;X
REGION_PHILIPPINES;Philippines;Philippines;Filippine;Filipinas;Philippinen;Filipiny;;?????????;;;X
REGION_POLAND;Poland;Pologne;Polonia;Polonia;Polen;Polska;;??????;;;X
REGION_PORTUGAL;Portugal;Portugal;Portogallo;Portugal;Portugal;Portugalia;;??????????;;;X
REGION_RIO_DE_LA_PLATA;Rio de la Plata;Rio de la Plata;Rio de la Plata;R?o de la Plata;Rio de la Plata;Rio de la Plata;;???-??-??-?????;;;X
REGION_ROMANIA;Romania;Roumanie;Romania;Rumania;Rum?nien;Rumunia;;???????;;;X
REGION_RUSSIA;Central Russia;Russie centrale;Russia Centrale;Rusia Central;Zentralrussland;Œrodkowa Rosja;;??????????? ??????;;;X
REGION_SAHARA;Sahara;Sahara;Sahara;Sahara;Sahara;Sahara;;??????;;;X
REGION_SCOTLAND;Scotland;?cosse;Scozia;Escocia;Schottland;Szkocja;;?????????;;;X
REGION_SOUTH_AFRICA;South Africa;Afrique du Sud;Sudafrica;Sud?frica;S?dafrika;Afryka Po?udniowa;;????? ??????;;;X
REGION_SOUTH_SOLOMON_ISLANDS;New Hebrides;Iles Salomon m?ridionale;Isole Salomone meridionali;Islas Salom?n meridionales;S?d-Salomonische Inseln;Po?udniowe Wyspy Salomona;;????? ???????;;;X
REGION_SOUTHCENTRAL_US;Southcentral US;?tats-Unis sud-centre ;Stati Uniti sud-centrali;Centro-sur de los Estados Unidos;S?dl. Mittl. USA;Œrodkowo-po?udniowe Stany Zjednoczone;;???-??????????? ????? ???;;;X
REGION_SOUTHEAST_US;Southeast US;?tats-Unis sud-est ;Stati Uniti sud-orientali;Sureste de los Estados Unidos;S?d?stl. USA;Po?udniowo-wschodnie Stany Zjednoczone;;???-?????? ???;;;X
REGION_SOUTHWEST_AFRICA;Southwest Africa;Afrique sud-ouest;Africa sud-occidentale;Suroeste de ?frica;S?dwestafrika;Po?udniowo-zachodnia Afryka;;???-???????? ??????;;;X
REGION_SOUTHWEST_US;Southwest US;?tats-Unis sud-ouest ;Stati Uniti sud-occidentali;Suroeste de los Estados Unidos;S?dwestl. USA;Po?udniowo-zachodnie Stany Zjednoczone;;???-????? ???;;;X
REGION_SPAIN;Spain;Espagne;Spagna;Espa?a;Spanien;Hiszpania;;???????;;;X
REGION_SUDAN;Sudan;Soudan;Sudan;Sud?n;Sudan;Sudan;;?????;;;X
REGION_SWEDEN;Sweden;Su?de;Svezia;Suecia;Schweden;Szwecja;;??????;;;X
REGION_SWITZERLAND;Switzerland;Suisse;Svizzera;Suiza;Schweiz;Szwajcaria;;?????????;;;X
REGION_TOMSK;Tomsk;Tomsk;Tomsk;Tomsk;Tomsk;Tomsk;;?????;;;X
REGION_TUNISIA;Tunisia;Tunisie;Tunisia;T?nez;Tunesien;Tunezja;;?????;;;X
REGION_UKRAINE;Ukraine;Ukraine;Ucraina;Ucrania;Ukraine;Ukraina;;???????;;;X
REGION_URALS;Urals;Oural;Urali;Los Urales;Ural;Ural;;????;;;X
REGION_WEST_AFRICA;West Africa;Afrique occidentale;Africa occidentale;?frica del Oeste;Westafrika;Zachodnia Afryka;;???????? ??????;;;X
REGION_WHITE_SEA_TUNDRA;Eastern Karelia;Car?lie orientale;Carelia orientale;Carelia Oriental;Ostkareliens;Wschodniej Karelii;;????????? ???????;;;X
#;;;;;;;;;;;X
SEAREGION_ARABIAN_SEA;Arabian Sea;Mer d’Oman;Mar d'Arabia;Mar Ar?bigo;Arabisches Meer;Morze Arabskie;;?????????? ????;;;X
SEAREGION_BALTIC_SEA;Baltic Sea;Mer Baltique;Mar Baltico;Mar B?ltico;Ostsee;Morze Ba?tyckie;;?????????? ????;;;x
SEAREGION_BAY_OF_BENGAL;Bay of Bengal;Baie du Bengale;Baia del Bengala;Golfo de Bengala;Golf von Bengalen;Zatoka Bengalska;;??????????? ?????;;;X
SEAREGION_BERING_SEA;Bering Sea;Mer de B?ring;Mar di Bering;Mar de Bering;Beringsee;Morze Beringa;;????????? ????;;;X
SEAREGION_BISMARCK_SEA;Bismarck Sea;Mer de Bismarck;Mar di Bismark;Mar de Bismarck;Bismarcksee;Morze Bismarcka;;???? ????????;;;x
SEAREGION_BLACK_SEA;Black Sea;Mer Noire;Mar Nero;Mar Negro;Schwarzes Meer;Morze Czarne;;?????? ????;;;X
SEAREGION_CASPIAN_SEA;Caspian Sea;Mer Caspienne;Mar Caspio;Mar Caspio;Kaspisches Meer;Morze Kaspijskie;;?????????? ????;;;X
SEAREGION_BRAZILIAN_COAST;Brazilian Coast;C?te br?silienne;Costa del Brasile;Costa de Brasil;K?ste von Brasilien;Wybrze?e Brazylii;;??????????? ?????????;;;X
SEAREGION_CANADIAN_ARCTIC;Canadian Arctic;Arctique canadien;Artico canadese;?rtico canadiense;Kanadische Arktis;Arktyka Kanadyjska;;????????? ???????;;;x
SEAREGION_CAPE_OF_GOOD_HOPE;Cape of Good Hope;Cap de Bonne Esp?rance;Capo di Buona Speranza;Cabo de Buena Esperanza;Kap der Guten Hoffnung;Przyl?dek Dobrej Nadziei;;??? ?????? ???????;;;x
SEAREGION_CARRIBEAN;Carribean;Cara?bes;Caraibi;El Caribe;Karibik;Karaiby;;????????? ????;;;X
SEAREGION_CELTIC_SEA;Celtic Sea;Mer Celte;Mar Celtico;Mar Celta;Keltisches Meer;Morze Celtyckie;;????????? ????;;;X
SEAREGION_CENTRAL_MEDITERRANEAN;Central Mediterranean;M?diterran?e centrale;Mediterraneo centrale;Mediterr?neo central;Zentr. Mittelmmer;Œrodkowe Morze Œr?dziemne;;??????????? ???????????????;;;X
SEAREGION_CENTRAL_MID_ATLANTIC_RIDGE;Central Mid-Atlantic Ridge;Dorsale m?dio-atlantique centre;Dorsale medio-atlantica centrale;Dorsal central del Atl?ntico medio;Mittl. Zentralatlant. R?cken;Grzbiet Œrodkowoatlantycki;;??????????? ????????????? ??????;;;x
SEAREGION_CENTRAL_PACIFIC_OCEAN;Central Pacific Ocean;Oc?an Pacifique centre;Oceano Pacifico centrale;Oc?ano Pac?fico central;Zentral. Pazifik;Œrodkowy Pacyfik;;??????????? ????? ?????;;;X
SEAREGION_COAST_OF_MADAGASCAR;Coast of Madagascar;C?te de Madagascar;Costa del Madagascar;Costa de Madagascar;K?ste von Madagaskar;Wybrze?e Madagaskaru;;????????? ???????????;;;X
SEAREGION_CORAL_SEA;Coral Sea;Mer de Corail;Mar dei Coralli;Mar del Coral;Korallenmeer;Morze Koralowe;;?????????? ????;;;X
SEAREGION_EAST_CHINA_SEA;East China Sea;Mer de Chine orientale ;Mar della Cina orientale;Mar de la China oriental;Ostchinesisches Meer;Wschodnie Morze Chi?skie;;????????-????????? ????;;;X
SEAREGION_EAST_INDIAN_OCEAN;East Indian Ocean;Oc?an indien Est;Oceano Indiano orientale;Oc?ano ?ndico oriental;Ostindischer Ozean;Wschodni Ocean Indyjski;;????????? ????????? ?????;;;X
SEAREGION_EAST_PACIFIC_OCEAN;East Pacific Ocean;Oc?an Pacifique oriental;Oceano Pacifico orientale;Este del Oc?ano Pac?fico;?stl. Pazifik;Wschodni Pacyfik;;????????? ????? ?????;;;X
SEAREGION_EASTERN_ATLANTIC;Eastern Atlantic;Atlantique oriental;Atlantico orientale;Atl?ntico oriental;S?d?stl. Nordatlantik;Wschodni Atlantyk;;????????? ?????????;;;X
SEAREGION_EASTERN_MEDITERRANEAN;Eastern Mediterranean;M?diterran?e orientale;Mediterraneo orientale;Mediterr?neo oriental;?stl. Mittelmeer;Wschodnie Morze Œr?dziemne;;????????? ???????????????;;;X
SEAREGION_EASTERN_SEABOARD;Eastern Seaboard;Littoral maritime oriental;Litorale orientale;Litoral oriental;Ostk?ste von Nordamerika;Wschodnie Wybrze?e ;;????????? ????????? ???;;;x
SEAREGION_GRAND_BANKS_SHELF;Grand Banks Shelf;Fond des grands-bancs de Terre-Neuve;Scogliera dei Grand Banks;Plataforma de Grand Banks;Neufundlandbank;Szelf Wielkich ?awic;;????????? ??????????? ?????????;;;x
SEAREGION_GREAT_AUSTRALIAN_BIGHT;Great Australian Bight;Grande Baie australienne;Grande baia australiana;Gran Bah?a Australiana;Gro?e Australische Bucht;Wielka Zatoka Australijska;;??????? ????????????? ?????;;;X
SEAREGION_HOME_ISLANDS;Home Islands;Archipel japonais;Isole del Giappone;Islas Centrales;Heimatinseln;Wyspy Rodzinne;;??????????? ???????;;;X
SEAREGION_IBERIAN_WEST_COAST;Iberian West Coast;C?te ib?rique ouest;Costa occidentale iberica;Costa ib?rica occidental;Iberische Westk?ste;Zachodnie Wybrze?e P??wyspu Iberyjskiego;;???????? ????????? ???????????? ?-??;;;X
SEAREGION_ICE_SEA;Eastern Arctic Ocean;Oc?an arctique oriental;Oceano Artico orientale;Este del Oc?ano Glacial ?rtico;?stl. Arktischer Ozean;Wschodnie Morze Arktyczne;;????????? ???????-????????? ?????;;;X
SEAREGION_JAVA_SEA;Java Sea;Mer de Java;Mar di Giava;Mar de Java;Javasee;Morze Jawajskie;;???????? ????;;;X
SEAREGION_MEXICAN_GULF;Mexican Gulf;Golfe du Mexique;Golfo del Messico;Golfo de M?xico;Golf von Mexiko;Zatoka Meksyka?ska;;???????????? ?????;;;x
SEAREGION_MOLUCCAS;Moluccas;Moluques;Molucche;Las Molucas;Molukken;Moluki;;?????????? ????;;;X
SEAREGION_MOZAMBIQUE_CHANNEL;Mozambique Channel;Canal du Mozambique;Canale del Mozambico;Canal de Mozambique;Stra?e von Mosambik;Kana? Mozambicki;;???????????? ??????;;;X
SEAREGION_NORTH_ATLANTIC;North Atlatic;Atlantique nord;Nord Atlantico;Atl?ntico Norte;N?rdl. Nordatlantik;P??nocny Atlantyk;;???????? ?????????;;;X
SEAREGION_NORTH_PACIFIC_OCEAN;North Pacific Ocean;Oc?an Pacifique Nord;Oceano Pacifico settentrionale;Norte del Oc?ano Pac?fico;N?rdl. Pazifik;P??nocny Pacyfik;;???????? ????? ?????;;;X
SEAREGION_NORTH_SEA;North Sea;Mer du Nord;Mar del Nord;Mar del Norte;Nordsee;Morze P??nocne;;???????? ????;;;X
SEAREGION_NORTHEAST_ATLANTIC;Northeast Atlantic;Atlantique nord-est;Nord-est Atlantico;Noreste del Atl?ntico;Nord?stl. Nordatlantik;P??nocno-wschodni Atlantyk;;??????-????????? ?????????;;;X
SEAREGION_NORTHWEST_ATLANTIC;Northwest Atlantic;Atlantique Nord-ouest;Nord-ovest Atlantico;Noroeste del Atl?ntico ;Nordwestl. Nordatlantik;P??nocno-zachodni Atlantyk;;??????-???????? ?????????;;;X
SEAREGION_PACIFIC_ANTARCTIC_RIDGE;Pacific-Antarctic Ridge;Dorsale Pacifique-Antarctique;Dorsale pacifico-antartica;Dorsal Pac?fico-Ant?rtica;Pazifisch-Antarktischer R?cken;Grzbiet Po?udniowopacyficzny;;????????????-?????????????? ??????;;;X
SEAREGION_PHILIPPINE_SEA;Philippine Sea;Mer des Philippines;Mar delle Filippine;Mar de Filipinas;Philippinisches Meer;Morze Filipi?skie;;???????????? ????;;;X
SEAREGION_SARGASSOS;Sargassos;Sargasses;Sargassos;Los Sargazos;Sargassosee;Morze Sargassowe;;?????????? ????;;;X
SEAREGION_SEA_OF_OKHOTSK;Sea of Okhotsk;Mer d’Okhotsk;Mar di Okhotsk;Mar de Ojotsk;Ochotskisches Meer;Morze Ochockie;;???????? ????;;;X
SEAREGION_SOUTH_CHINA_SEA;South China Sea;Mer de Chine m?ridionale ;Mar della Cina meridionale;Mar de la China meridional;S?dchinesisches Meer;Po?udniowe Morze Chi?skie;;????-????????? ????;;;X
SEAREGION_SOUTH_INDIAN_OCEAN;South Indian Ocean;Oc?an Indien m?ridional;Oceano Indiano meridionale;Oc?ano ?ndico meridional;S?dindischer Ozean;Po?udniowy Ocean Indyjski;;????? ????????? ?????;;;X
SEAREGION_SOUTH_PACIFIC_OCEAN;South Pacific Ocean;Oc?an Pacifique m?ridional;Oceano Pacifico meridionale;Sur del Oc?ano Pac?fico;S?dl. Pazifik;Po?udniowy Pacyfik;;????? ????? ?????;;;X
SEAREGION_SOUTHCENTRAL_ATLANTIC;Southcentral Atlantic;Atlantique Sud-central;Atlantico sud-centrale;Centro-sur del Atl?ntico ;N?rdl. S?datlantik;Œrodkowo-po?udniowy Atlantyk;;???-??????????? ?????????;;;X
SEAREGION_SOUTHEAST_ATLANTIC_OCEAN;Southeast Atlantic Ocean;Oc?an Atlantique Sud-est;Oceano Atlantico sud-orientale;Sureste del Oc?ano Atl?ntico;S?d?stl. S?datlantik;Po?udniowo-wschodni Atlantyk;;???-????????? ?????????;;;X
SEAREGION_SOUTHEAST_PACIFIC_OCEAN;Southeast Pacific Ocean;Oc?an Pacifique Sud-est;Oceano pacifico sud-orientale;Sureste del Oc?ano Pac?fico;S?d?stl. Pazifik;Po?udniowo-wschodni Pacyfik;;???-????????? ????? ?????;;;X
SEAREGION_SOUTHWEST_ATLANTIC_OCEAN;Southwest Atlantic Ocean;Oc?an Atlantique Sud-ouest;Oceano Atlantico sud-occidentale;Suroeste del Oc?ano Atl?ntico;S?dwestl. S?datlantik;Po?udniowo-zachodni Atlantyk;;???-???????? ?????????;;;X
SEAREGION_TASMAN_SEA;Tasman Sea;Mer de Tasman;Mar di Tasmania;Mar de Tasmania;Tasmansee;Morze Tasmana;;????????? ????;;;X
SEAREGION_WEST_COAST_OF_NORTH_AMERICA;West Coast of North America;Am?rique du Nord c?te Ouest ;Costa ovest dell'America del nord;Costa occidental de Norteam?rica;Westk?ste von Nordamerika;Zachodnie wybrze?e Ameryki P??nocnej ;;???????? ????????? ???????? ???????;;;X
SEAREGION_WEST_COAST_OF_SOUTH_AMERICA;West Coast of South America;C?te ouest d’Am?rique du Sud ;Costa occidentale del Sudamerica;Costa occidental de Sudam?rica;Westk?ste von S?damerika;Zachodnie Wybrze?e Ameryki Po?udniowej;;???????? ????????? ????? ???????;;;X
SEAREGION_WEST_INDIAN_OCEAN;West Indian Ocean;Oc?an Indien occidental;Oceano indiano occidentale;Oc?ano ?ndico occidental;Westindischer Ozean;Zachodnie Ocean Indyjski;;???????? ????????? ?????;;;X
SEAREGION_WESTERN_ICE_SEA;Western Arctic Ocean;Oc?an Arctique occidental;Oceano Artico occidentale;Oeste del Oc?ano Glacial ?rtico;Westl. Arktischer Ozean;Zachodnie Morze Arktyczne;;???????? ???????-????????? ?????;;;X
SEAREGION_WESTERN_MEDITERRANEAN;Western Mediterranean;M?diterran?e occidentale;Mediterraneo occidentale;Mediterr?neo occidental;Westl. Mittelmeer;Zachodnie Morze Œr?dziemne;;???????? ???????????????;;;X
#;;;;;;;;;;;x
NHEMIS;Northern Hemisphere;H?misph?re nord;Emisfero settentrionale;Hemisferio norte;N?rdliche Hemisph?re;P??kula P??nocna;;???????? ?????????;;;x
SHEMIS;Southern Hemisphere;H?misph?re sud;Emisfero meridionale;Hemisferio sur;S?dliche Hemisph?re;P??kula Po?udniowa;;????? ?????????;;;x
#;;;;;;;;;;;x
WEATHER_CLEAR;Clear;Clair;Sereno;Despejado;Klar;Pogodnie;;????;;;x
WEATHER_FROZEN;Frozen;Gel?;Ghiacciato;Helado;Frost;Mr?z;;?????;;;x
WEATHER_RAINING;Raining;Pluvieux;Pioggia;Lluvioso;Regen;Deszcz;;?????;;;x
WEATHER_SNOWING;Snowing;Neigeux;Neve;Nevado;Schnee;Œnieg;;????;;;x
WEATHER_STORM;Storm;Temp?te;Tempesta;Tormenta;Sturm;Burza;;?????;;;x
WEATHER_BLIZZARD;Blizzard;Temp?te de neige;Bufera;Ventisca;Schneesturm;Œnie?yca;;??????? ????;;;x
WEATHER_MUDDY;Muddy;Boueux;Fangoso;Embarrado;Schlamm;B?ota;;?????;;;x
#;;;;;;;;;;;x
CLIMATE;Climate;Climat;Clima;Clima;Klima;Klimat;;??????;;;x
CLIMATE_-;No Climate Specified;Aucun climat pr?cis?;Nessun clima specificato;Ning?n clima especificado;Kein Klima angegeben;Brak okreœlonego klimatu;;?????? ?? ?????????;;;x
CLIMATE_ARCTIC;Arctic;Arctique;Artico;?rtico;Arktisch;Arktyczny;;???????????;;;x
CLIMATE_SUBARCTIC;Subarctic;Sub-arctique;Subartico;Sub?rtico;Subarktisch;Subarktyczny;;??????????????;;;x
CLIMATE_TEMPERATE;Temperate;Temp?r?;Temperato;Templado;Gem??igt;Umiarkowany;;?????????;;;x
CLIMATE_MUDDY;Temperate/Muddy;Temp?r?/Boueux;Temperato/coperto;Templado/Embarrado;Gem??igt/Schlammig;Umiarkowany/Wilgotny;;?????????/???????;;;x
CLIMATE_MEDITERRANEAN;Mediterranean;M?diterran?en;Mediterraneo;Mediterr?neo;Mediterran;Œr?dziemnomorski;;?????????????????;;;x
CLIMATE_SUBTROPICAL;Subtropical;Sub-tropical;Subtropicale;Subtropical;Subtropisch;Subtropikalny;;??????????????;;;x
CLIMATE_TROPICAL;Tropical;Tropical;Tropicale;Tropical;Tropisch;Tropikalny;;???????????;;;x
#;;;;;;;;;;;x
REGION_EASTERN_CANADA;Eastern Canada;Le Canada de l'Est;Canada orientale;Canad? oriental;Ostkanada;Wschodnia Kanada;;????????? ??????;;;x
REGION_WESTERN_CANADA;Western Canada;Le Canada de l'Ouest;Canada occidentale;Canad? occidental;Westkanada;Zachodnia Kanada;;???????? ??????;;;x
REGION_NORTHERN_CANADA;Northern Canada;Le Canada du Nord;Canada settentrionale;Canad? septentrional;Nordkanada;P??nocna Kanada;;???????? ??????;;;x
AREA_RYUKYULAND;Ryukyus;Ryukyus;Ryukyus;Ryukyu;Ryukyu-Inseln;Riukiu;;????;;;x
AREA_NORTH_BISMARCK_ARCHIPELAGO;North Bismarck Archipelago;L'Archipel de Bismarck du Nord;Arcipelago di Bismarck sett.;Norte del Archipi?lago de Bismarck;N?rdl. Bismarck-Archipel;P??nocny Archipelag Bismarcka;;????? ?????????? ????????;;;x
AREA_NORTH_NEW_HEBRIDES;North New Hebrides;Les Nouvelles H?brides du Nord;Nuove Ebridi settentrionali;Norte de las Nuevas H?bridas;N?rdliche Neue Hebriden;P??nocne Nowe Hebrydy;;????? ????? ????????;;;x
AREA_SOUTH_NEW_HEBRIDES;South New Hebrides;Les Nouvelles H?brides du Sud;Nuove Ebridi meridionali;Sur de las Nuevas H?bridas;S?dliche Neue Hebriden;Po?udniowe Nowe Hebrydy;;?? ????? ????????;;;x
AREA_CENTRAL_SOLOMONS;Central Solomons;Centre des Salomon;Isole Salomone centrali;Salom?n centrales;Mittl. Salomon-Inseln;Œrodkowe Wyspy Salomona;;????? ??????????? ????????;;;x
AREA_WEST_ALEUTIANS;West Aleutians;Al?outiennes de l'Ouest;Isole Aleutine occidentali;Oeste de las Auletianas;Westl. Aleuten;Zachodnie Aleuty;;????? ????????? ????????;;;x
AREA_CEYLON;Ceylon;Ceylan;Ceylon;Ceil?n;Ceylon;Cejlon;;??????;;;x
AREA_HOKKAIDO;Hokkaido;Hokkaido;Hokkaido;Hokkaido;Hokkaido;Hokkaido;;????????;;;x
AREA_NORTH_BURMA;North Burma;Birmanie du Nord;Birmania settentrionale;Norte de Birmania;Nordburma;P??nocna Birma;;???????? ?????;;;x
AREA_EAST_BENGAL;Assam;Assam;Assam;Assam;Assam;Asam;;????????? ??????;;;x
AREA_KRA_PENINSULA;Kra Peninsula;P?ninsule de Kra ;Penisola di Kra;Pen?nsula de Malaca;Landenge von Kra;Przyl?dek Kra;;?????????? ???????;;;x
AREA_TRIPOLI;Tripoli;Tripolis;Tripoli;Tr?poli;Tripoli;Trypolis;;???????;;;x
AREA_GREENLAND;Greenland;Groenland;Groenlandia;Groenlandia;Gr?nland;Grenlandia;;??????????;;;x
AREA_BELGOROD;Gabon;Gabon;Gabon;Gabon;Gabon;Gabon;;????????;;;X
AREA_ENGELS;Congo;Congo;Congo;Congo;Congo;Kongo;;???????;;;X
AREA_GROZNYI;Ubangi-Szari;Ubangi-Shari;Ubangi-Shari;Ubangi-Shari;Ubangi-Shari;Ubangi-Szari;;???????;;;X
AREA_KOLA;Fortaleza;Fortaleza;Fortaleza;Fortaleza;Fortaleza;Fortaleza;;????;;;X
AREA_MOZIR;North-West Frontier Province;North-West Frontier Province;North-West Frontier Province;North-West Frontier Province;North-West Frontier Province;P??nocno-Zachodnia Prowincja Pograniczna;;??????;;;X
AREA_NALCHIK;Sao Luis;Sao Luis;Sao Luis;Sao Luis;Sao Luis;Sao Luis;;???????;;;X
AREA_ORENBURG;Salvador;Salvador;Salvador;Salvador;Salvador;Salvador;;????????;;;X
AREA_PETROZAVODSK;Porto Alegre;Porto Alegre;Porto Alegre;Porto Alegre;Porto Alegre;Porto Alegre;;????????????;;;X
AREA_POLTAVA;Jammu and Kashmir;Jammu and Kashmir;Jammu and Kashmir;Jammu and Kashmir;Jammu and Kashmir;Jammu i Kaszmir;;???????;;;X
AREA_VORKUTA;United Provinces and Bihar;United Provinces and Bihar;United Provinces and Bihar;United Provinces and Bihar;United Provinces and Bihar;Zjednoczone Prowincje i Bihar;;???????;;;X
REGION_EASTERN_RUSSIA;Manchuria;Manchuria;Manchuria;Manchuria;Manchuria;Mand?uria;;????????? ??????;;;X
REGION_NORTHERN_RUSSIA;Mongolia;Mongolia;Mongolia;Mongolia;Mongolia;Mongolia;;???????? ??????;;;X
REGION_SOUTHERN_RUSSIA;Sinkiang-Tibet;Sinkiang-Tibet;Sinkiang-Tibet;Sinkiang-Tibet;Sinkiang-Tibet;Sinkiang-Tybet;;????? ??????;;;X
REGION_WESTERN_RUSSIA;;;;;;;;???????? ??????;;;X
#EOF;;;;;;;;;;;x
#EOF;;;;;;;;;;;x
