AFG;1st Afghan Air Corps
AFG;2nd Afghan Air Corps
AFG;3rd Afghan Air Corps
AFG;4th Afghan Air Corps
AFG;5th Afghan Air Corps
AFG;6th Afghan Air Corps
AFG;7th Afghan Air Corps
AFG;8th Afghan Air Corps
AFG;9th Afghan Air Corps
AFG;10th Afghan Air Corps
AFG;11th Afghan Air Corps
AFG;12th Afghan Air Corps
AFG;13th Afghan Air Corps
AFG;14th Afghan Air Corps
AFG;15th Afghan Air Corps
AFG;16th Afghan Air Corps
AFG;17th Afghan Air Corps
AFG;18th Afghan Air Corps
AFG;19th Afghan Air Corps
AFG;20th Afghan Air Corps
AFG;21st Afghan Air Corps
AFG;22nd Afghan Air Corps
AFG;23rd Afghan Air Corps
AFG;24th Afghan Air Corps
AFG;25th Afghan Air Corps
AFG;26th Afghan Air Corps
AFG;27th Afghan Air Corps
AFG;28th Afghan Air Corps
AFG;29th Afghan Air Corps
AFG;30th Afghan Air Corps
AFG;31st Afghan Air Corps
AFG;32nd Afghan Air Corps
AFG;33rd Afghan Air Corps
AFG;34th Afghan Air Corps
AFG;35th Afghan Air Corps
AFG;36th Afghan Air Corps
AFG;37th Afghan Air Corps
AFG;38th Afghan Air Corps
AFG;39th Afghan Air Corps
AFG;40th Afghan Air Corps
AFG;41st Afghan Air Corps
AFG;42nd Afghan Air Corps
AFG;43rd Afghan Air Corps
AFG;44th Afghan Air Corps
AFG;45th Afghan Air Corps
AFG;46th Afghan Air Corps
AFG;47th Afghan Air Corps
AFG;48th Afghan Air Corps
AFG;49th Afghan Air Corps
AFG;50th Afghan Air Corps
ALB;1. Flota Ajrore Shqip?tare
ALB;2. Flota Ajrore Shqip?tare
ALB;3. Flota Ajrore Shqip?tare
ALB;4. Flota Ajrore Shqip?tare
ALB;5. Flota Ajrore Shqip?tare
ALB;6. Flota Ajrore Shqip?tare
ALB;7. Flota Ajrore Shqip?tare
ALB;8. Flota Ajrore Shqip?tare
ALB;9. Flota Ajrore Shqip?tare
ALB;10. Flota Ajrore Shqip?tare
ALB;11. Flota Ajrore Shqip?tare
ALB;12. Flota Ajrore Shqip?tare
ALB;13. Flota Ajrore Shqip?tare
ALB;14. Flota Ajrore Shqip?tare
ALB;15. Flota Ajrore Shqip?tare
ALB;16. Flota Ajrore Shqip?tare
ALB;17. Flota Ajrore Shqip?tare
ALB;18. Flota Ajrore Shqip?tare
ALB;19. Flota Ajrore Shqip?tare
ALB;20. Flota Ajrore Shqip?tare
ALB;21. Flota Ajrore Shqip?tare
ALB;22. Flota Ajrore Shqip?tare
ALB;23. Flota Ajrore Shqip?tare
ALB;24. Flota Ajrore Shqip?tare
ALB;25. Flota Ajrore Shqip?tare
ALB;26. Flota Ajrore Shqip?tare
ALB;27. Flota Ajrore Shqip?tare
ALB;28. Flota Ajrore Shqip?tare
ALB;29. Flota Ajrore Shqip?tare
ALB;30. Flota Ajrore Shqip?tare
ALB;31. Flota Ajrore Shqip?tare
ALB;32. Flota Ajrore Shqip?tare
ALB;33. Flota Ajrore Shqip?tare
ALB;34. Flota Ajrore Shqip?tare
ALB;35. Flota Ajrore Shqip?tare
ALB;36. Flota Ajrore Shqip?tare
ALB;37. Flota Ajrore Shqip?tare
ALB;38. Flota Ajrore Shqip?tare
ALB;39. Flota Ajrore Shqip?tare
ALB;40. Flota Ajrore Shqip?tare
ALB;41. Flota Ajrore Shqip?tare
ALB;42. Flota Ajrore Shqip?tare
ALB;43. Flota Ajrore Shqip?tare
ALB;44. Flota Ajrore Shqip?tare
ALB;45. Flota Ajrore Shqip?tare
ALB;46. Flota Ajrore Shqip?tare
ALB;47. Flota Ajrore Shqip?tare
ALB;48. Flota Ajrore Shqip?tare
ALB;49. Flota Ajrore Shqip?tare
ALB;50. Flota Ajrore Shqip?tare
ALG;1. al-Quwwat al-Jawwiya al-Jaza'ir
ALG;2. al-Quwwat al-Jawwiya al-Jaza'ir
ALG;3. al-Quwwat al-Jawwiya al-Jaza'ir
ALG;4. al-Quwwat al-Jawwiya al-Jaza'ir
ALG;5. al-Quwwat al-Jawwiya al-Jaza'ir
ALG;6. al-Quwwat al-Jawwiya al-Jaza'ir
ALG;7. al-Quwwat al-Jawwiya al-Jaza'ir
ALG;8. al-Quwwat al-Jawwiya al-Jaza'ir
ALG;9. al-Quwwat al-Jawwiya al-Jaza'ir
ALG;10. al-Quwwat al-Jawwiya al-Jaza'ir
ALG;11. al-Quwwat al-Jawwiya al-Jaza'ir
ALG;12. al-Quwwat al-Jawwiya al-Jaza'ir
ALG;13. al-Quwwat al-Jawwiya al-Jaza'ir
ALG;14. al-Quwwat al-Jawwiya al-Jaza'ir
ALG;15. al-Quwwat al-Jawwiya al-Jaza'ir
ALG;16. al-Quwwat al-Jawwiya al-Jaza'ir
ALG;17. al-Quwwat al-Jawwiya al-Jaza'ir
ALG;18. al-Quwwat al-Jawwiya al-Jaza'ir
ALG;19. al-Quwwat al-Jawwiya al-Jaza'ir
ALG;20. al-Quwwat al-Jawwiya al-Jaza'ir
ALG;21. al-Quwwat al-Jawwiya al-Jaza'ir
ALG;22. al-Quwwat al-Jawwiya al-Jaza'ir
ALG;23. al-Quwwat al-Jawwiya al-Jaza'ir
ALG;24. al-Quwwat al-Jawwiya al-Jaza'ir
ALG;25. al-Quwwat al-Jawwiya al-Jaza'ir
ALG;26. al-Quwwat al-Jawwiya al-Jaza'ir
ALG;27. al-Quwwat al-Jawwiya al-Jaza'ir
ALG;28. al-Quwwat al-Jawwiya al-Jaza'ir
ALG;29. al-Quwwat al-Jawwiya al-Jaza'ir
ALG;30. al-Quwwat al-Jawwiya al-Jaza'ir
ALG;31. al-Quwwat al-Jawwiya al-Jaza'ir
ALG;32. al-Quwwat al-Jawwiya al-Jaza'ir
ALG;33. al-Quwwat al-Jawwiya al-Jaza'ir
ALG;34. al-Quwwat al-Jawwiya al-Jaza'ir
ALG;35. al-Quwwat al-Jawwiya al-Jaza'ir
ALG;36. al-Quwwat al-Jawwiya al-Jaza'ir
ALG;37. al-Quwwat al-Jawwiya al-Jaza'ir
ALG;38. al-Quwwat al-Jawwiya al-Jaza'ir
ALG;39. al-Quwwat al-Jawwiya al-Jaza'ir
ALG;40. al-Quwwat al-Jawwiya al-Jaza'ir
ALG;41. al-Quwwat al-Jawwiya al-Jaza'ir
ALG;42. al-Quwwat al-Jawwiya al-Jaza'ir
ALG;43. al-Quwwat al-Jawwiya al-Jaza'ir
ALG;44. al-Quwwat al-Jawwiya al-Jaza'ir
ALG;45. al-Quwwat al-Jawwiya al-Jaza'ir
ALG;46. al-Quwwat al-Jawwiya al-Jaza'ir
ALG;47. al-Quwwat al-Jawwiya al-Jaza'ir
ALG;48. al-Quwwat al-Jawwiya al-Jaza'ir
ALG;49. al-Quwwat al-Jawwiya al-Jaza'ir
ALG;50. al-Quwwat al-Jawwiya al-Jaza'ir
ANG;1o Flotilha Avi?o do Angola
ANG;2o Flotilha Avi?o do Angola
ANG;3o Flotilha Avi?o do Angola
ANG;4o Flotilha Avi?o do Angola
ANG;5o Flotilha Avi?o do Angola
ANG;6o Flotilha Avi?o do Angola
ANG;7o Flotilha Avi?o do Angola
ANG;8o Flotilha Avi?o do Angola
ANG;9o Flotilha Avi?o do Angola
ANG;10o Flotilha Avi?o do Angola
ANG;11o Flotilha Avi?o do Angola
ANG;12o Flotilha Avi?o do Angola
ANG;13o Flotilha Avi?o do Angola
ANG;14o Flotilha Avi?o do Angola
ANG;15o Flotilha Avi?o do Angola
ANG;16o Flotilha Avi?o do Angola
ANG;17o Flotilha Avi?o do Angola
ANG;18o Flotilha Avi?o do Angola
ANG;19o Flotilha Avi?o do Angola
ANG;20o Flotilha Avi?o do Angola
ANG;21o Flotilha Avi?o do Angola
ANG;22o Flotilha Avi?o do Angola
ANG;23o Flotilha Avi?o do Angola
ANG;24o Flotilha Avi?o do Angola
ANG;25o Flotilha Avi?o do Angola
ANG;26o Flotilha Avi?o do Angola
ANG;27o Flotilha Avi?o do Angola
ANG;28o Flotilha Avi?o do Angola
ANG;29o Flotilha Avi?o do Angola
ANG;30o Flotilha Avi?o do Angola
ANG;31o Flotilha Avi?o do Angola
ANG;32o Flotilha Avi?o do Angola
ANG;33o Flotilha Avi?o do Angola
ANG;34o Flotilha Avi?o do Angola
ANG;35o Flotilha Avi?o do Angola
ANG;36o Flotilha Avi?o do Angola
ANG;37o Flotilha Avi?o do Angola
ANG;38o Flotilha Avi?o do Angola
ANG;39o Flotilha Avi?o do Angola
ANG;40o Flotilha Avi?o do Angola
ANG;41o Flotilha Avi?o do Angola
ANG;42o Flotilha Avi?o do Angola
ANG;43o Flotilha Avi?o do Angola
ANG;44o Flotilha Avi?o do Angola
ANG;45o Flotilha Avi?o do Angola
ANG;46o Flotilha Avi?o do Angola
ANG;47o Flotilha Avi?o do Angola
ANG;48o Flotilha Avi?o do Angola
ANG;49o Flotilha Avi?o do Angola
ANG;50o Flotilha Avi?o do Angola
ARA;1. al-Quwwat al-Jawwiya al-'Arabiyyah
ARA;2. al-Quwwat al-Jawwiya al-'Arabiyyah
ARA;3. al-Quwwat al-Jawwiya al-'Arabiyyah
ARA;4. al-Quwwat al-Jawwiya al-'Arabiyyah
ARA;5. al-Quwwat al-Jawwiya al-'Arabiyyah
ARA;6. al-Quwwat al-Jawwiya al-'Arabiyyah
ARA;7. al-Quwwat al-Jawwiya al-'Arabiyyah
ARA;8. al-Quwwat al-Jawwiya al-'Arabiyyah
ARA;9. al-Quwwat al-Jawwiya al-'Arabiyyah
ARA;10. al-Quwwat al-Jawwiya al-'Arabiyyah
ARA;11. al-Quwwat al-Jawwiya al-'Arabiyyah
ARA;12. al-Quwwat al-Jawwiya al-'Arabiyyah
ARA;13. al-Quwwat al-Jawwiya al-'Arabiyyah
ARA;14. al-Quwwat al-Jawwiya al-'Arabiyyah
ARA;15. al-Quwwat al-Jawwiya al-'Arabiyyah
ARA;16. al-Quwwat al-Jawwiya al-'Arabiyyah
ARA;17. al-Quwwat al-Jawwiya al-'Arabiyyah
ARA;18. al-Quwwat al-Jawwiya al-'Arabiyyah
ARA;19. al-Quwwat al-Jawwiya al-'Arabiyyah
ARA;20. al-Quwwat al-Jawwiya al-'Arabiyyah
ARA;21. al-Quwwat al-Jawwiya al-'Arabiyyah
ARA;22. al-Quwwat al-Jawwiya al-'Arabiyyah
ARA;23. al-Quwwat al-Jawwiya al-'Arabiyyah
ARA;24. al-Quwwat al-Jawwiya al-'Arabiyyah
ARA;25. al-Quwwat al-Jawwiya al-'Arabiyyah
ARA;26. al-Quwwat al-Jawwiya al-'Arabiyyah
ARA;27. al-Quwwat al-Jawwiya al-'Arabiyyah
ARA;28. al-Quwwat al-Jawwiya al-'Arabiyyah
ARA;29. al-Quwwat al-Jawwiya al-'Arabiyyah
ARA;30. al-Quwwat al-Jawwiya al-'Arabiyyah
ARA;31. al-Quwwat al-Jawwiya al-'Arabiyyah
ARA;32. al-Quwwat al-Jawwiya al-'Arabiyyah
ARA;33. al-Quwwat al-Jawwiya al-'Arabiyyah
ARA;34. al-Quwwat al-Jawwiya al-'Arabiyyah
ARA;35. al-Quwwat al-Jawwiya al-'Arabiyyah
ARA;36. al-Quwwat al-Jawwiya al-'Arabiyyah
ARA;37. al-Quwwat al-Jawwiya al-'Arabiyyah
ARA;38. al-Quwwat al-Jawwiya al-'Arabiyyah
ARA;39. al-Quwwat al-Jawwiya al-'Arabiyyah
ARA;40. al-Quwwat al-Jawwiya al-'Arabiyyah
ARA;41. al-Quwwat al-Jawwiya al-'Arabiyyah
ARA;42. al-Quwwat al-Jawwiya al-'Arabiyyah
ARA;43. al-Quwwat al-Jawwiya al-'Arabiyyah
ARA;44. al-Quwwat al-Jawwiya al-'Arabiyyah
ARA;45. al-Quwwat al-Jawwiya al-'Arabiyyah
ARA;46. al-Quwwat al-Jawwiya al-'Arabiyyah
ARA;47. al-Quwwat al-Jawwiya al-'Arabiyyah
ARA;48. al-Quwwat al-Jawwiya al-'Arabiyyah
ARA;49. al-Quwwat al-Jawwiya al-'Arabiyyah
ARA;50. al-Quwwat al-Jawwiya al-'Arabiyyah
ARG;I Cuerpo de Aviaci?n argentino
ARG;II Cuerpo de Aviaci?n argentino
ARG;III Cuerpo de Aviaci?n argentino
ARG;IV Cuerpo de Aviaci?n argentino
ARG;V Cuerpo de Aviaci?n argentino
ARG;VI Cuerpo de Aviaci?n argentino
ARG;VII Cuerpo de Aviaci?n argentino
ARG;VIII Cuerpo de Aviaci?n argentino
ARG;IX Cuerpo de Aviaci?n argentino
ARG;X Cuerpo de Aviaci?n argentino
ARG;XI Cuerpo de Aviaci?n argentino
ARG;XII Cuerpo de Aviaci?n argentino
ARG;XIII Cuerpo de Aviaci?n argentino
ARG;XIV Cuerpo de Aviaci?n argentino
ARG;XV Cuerpo de Aviaci?n argentino
ARG;XVI Cuerpo de Aviaci?n argentino
ARG;XVII Cuerpo de Aviaci?n argentino
ARG;XVIII Cuerpo de Aviaci?n argentino
ARG;XIX Cuerpo de Aviaci?n argentino
ARG;XX Cuerpo de Aviaci?n argentino
ARG;XXI Cuerpo de Aviaci?n argentino
ARG;XXII Cuerpo de Aviaci?n argentino
ARG;XXIII Cuerpo de Aviaci?n argentino
ARG;XXIV Cuerpo de Aviaci?n argentino
ARG;XXV Cuerpo de Aviaci?n argentino
ARG;XXVI Cuerpo de Aviaci?n argentino
ARG;XXVII Cuerpo de Aviaci?n argentino
ARG;XXVIII Cuerpo de Aviaci?n argentino
ARG;XXIX Cuerpo de Aviaci?n argentino
ARG;XXX Cuerpo de Aviaci?n argentino
ARG;XXXI Cuerpo de Aviaci?n argentino
ARG;XXXII Cuerpo de Aviaci?n argentino
ARG;XXXIII Cuerpo de Aviaci?n argentino
ARG;XXXIV Cuerpo de Aviaci?n argentino
ARG;XXXV Cuerpo de Aviaci?n argentino
ARG;XXXVI Cuerpo de Aviaci?n argentino
ARG;XXXVII Cuerpo de Aviaci?n argentino
ARG;XXXVIII Cuerpo de Aviaci?n argentino
ARG;XXXIX Cuerpo de Aviaci?n argentino
ARG;XL Cuerpo de Aviaci?n argentino
ARG;XLI Cuerpo de Aviaci?n argentino
ARG;XLII Cuerpo de Aviaci?n argentino
ARG;XLIII Cuerpo de Aviaci?n argentino
ARG;XLIV Cuerpo de Aviaci?n argentino
ARG;XLV Cuerpo de Aviaci?n argentino
ARG;XLVI Cuerpo de Aviaci?n argentino
ARG;XLVII Cuerpo de Aviaci?n argentino
ARG;XLVIII Cuerpo de Aviaci?n argentino
ARG;XLIX Cuerpo de Aviaci?n argentino
ARG;L Cuerpo de Aviaci?n argentino
ARM;1-y hayastani aviakorpus
ARM;2-y hayastani aviakorpus
ARM;3-y hayastani aviakorpus
ARM;4-y hayastani aviakorpus
ARM;5-y hayastani aviakorpus
ARM;6-y hayastani aviakorpus
ARM;7-y hayastani aviakorpus
ARM;8-y hayastani aviakorpus
ARM;9-y hayastani aviakorpus
ARM;10-y hayastani aviakorpus
ARM;11-y hayastani aviakorpus
ARM;12-y hayastani aviakorpus
ARM;13-y hayastani aviakorpus
ARM;14-y hayastani aviakorpus
ARM;15-y hayastani aviakorpus
ARM;16-y hayastani aviakorpus
ARM;17-y hayastani aviakorpus
ARM;18-y hayastani aviakorpus
ARM;19-y hayastani aviakorpus
ARM;20-y hayastani aviakorpus
ARM;21-y hayastani aviakorpus
ARM;22-y hayastani aviakorpus
ARM;23-y hayastani aviakorpus
ARM;24-y hayastani aviakorpus
ARM;25-y hayastani aviakorpus
ARM;26-y hayastani aviakorpus
ARM;27-y hayastani aviakorpus
ARM;28-y hayastani aviakorpus
ARM;29-y hayastani aviakorpus
ARM;30-y hayastani aviakorpus
ARM;31-y hayastani aviakorpus
ARM;32-y hayastani aviakorpus
ARM;33-y hayastani aviakorpus
ARM;34-y hayastani aviakorpus
ARM;35-y hayastani aviakorpus
ARM;36-y hayastani aviakorpus
ARM;37-y hayastani aviakorpus
ARM;38-y hayastani aviakorpus
ARM;39-y hayastani aviakorpus
ARM;40-y hayastani aviakorpus
ARM;41-y hayastani aviakorpus
ARM;42-y hayastani aviakorpus
ARM;43-y hayastani aviakorpus
ARM;44-y hayastani aviakorpus
ARM;45-y hayastani aviakorpus
ARM;46-y hayastani aviakorpus
ARM;47-y hayastani aviakorpus
ARM;48-y hayastani aviakorpus
ARM;49-y hayastani aviakorpus
ARM;50-y hayastani aviakorpus
AST;No.1 RAAF Command
AST;No.2 RAAF Command
AST;No.3 RAAF Command
AST;No.4 RAAF Command
AST;No.5 RAAF Command
AST;No.6 RAAF Command
AST;No.7 RAAF Command
AST;No.8 RAAF Command
AST;No.9 RAAF Command
AST;No.10 RAAF Command
AST;No.11 RAAF Command
AST;No.12 RAAF Command
AST;No.13 RAAF Command
AST;No.14 RAAF Command
AST;No.15 RAAF Command
AST;No.16 RAAF Command
AST;No.17 RAAF Command
AST;No.18 RAAF Command
AST;No.19 RAAF Command
AST;No.20 RAAF Command
AST;No.21 RAAF Command
AST;No.22 RAAF Command
AST;No.23 RAAF Command
AST;No.24 RAAF Command
AST;No.25 RAAF Command
AST;No.26 RAAF Command
AST;No.27 RAAF Command
AST;No.28 RAAF Command
AST;No.29 RAAF Command
AST;No.30 RAAF Command
AST;No.31 RAAF Command
AST;No.32 RAAF Command
AST;No.33 RAAF Command
AST;No.34 RAAF Command
AST;No.35 RAAF Command
AST;No.36 RAAF Command
AST;No.37 RAAF Command
AST;No.38 RAAF Command
AST;No.39 RAAF Command
AST;No.40 RAAF Command
AST;No.41 RAAF Command
AST;No.42 RAAF Command
AST;No.43 RAAF Command
AST;No.44 RAAF Command
AST;No.45 RAAF Command
AST;No.46 RAAF Command
AST;No.47 RAAF Command
AST;No.48 RAAF Command
AST;No.49 RAAF Command
AST;No.50 RAAF Command
AUS;Fliegerregiment Nr. 1
AUS;Fliegerregiment Nr. 2
AUS;Fliegerregiment Nr. 3
AUS;Fliegerregiment Nr. 4
AUS;Fliegerregiment Nr. 5
AUS;Fliegerregiment Nr. 6
AUS;Fliegerregiment Nr. 7
AUS;Fliegerregiment Nr. 8
AUS;Fliegerregiment Nr. 9
AUS;Fliegerregiment Nr. 10
AUS;Fliegerregiment Nr. 11
AUS;Fliegerregiment Nr. 12
AUS;Fliegerregiment Nr. 13
AUS;Fliegerregiment Nr. 14
AUS;Fliegerregiment Nr. 15
AUS;Fliegerregiment Nr. 16
AUS;Fliegerregiment Nr. 17
AUS;Fliegerregiment Nr. 18
AUS;Fliegerregiment Nr. 19
AUS;Fliegerregiment Nr. 20
AUS;Fliegerregiment Nr. 21
AUS;Fliegerregiment Nr. 22
AUS;Fliegerregiment Nr. 23
AUS;Fliegerregiment Nr. 24
AUS;Fliegerregiment Nr. 25
AUS;Fliegerregiment Nr. 26
AUS;Fliegerregiment Nr. 27
AUS;Fliegerregiment Nr. 28
AUS;Fliegerregiment Nr. 29
AUS;Fliegerregiment Nr. 30
AUS;Fliegerregiment Nr. 31
AUS;Fliegerregiment Nr. 32
AUS;Fliegerregiment Nr. 33
AUS;Fliegerregiment Nr. 34
AUS;Fliegerregiment Nr. 35
AUS;Fliegerregiment Nr. 36
AUS;Fliegerregiment Nr. 37
AUS;Fliegerregiment Nr. 38
AUS;Fliegerregiment Nr. 39
AUS;Fliegerregiment Nr. 40
AUS;Fliegerregiment Nr. 41
AUS;Fliegerregiment Nr. 42
AUS;Fliegerregiment Nr. 43
AUS;Fliegerregiment Nr. 44
AUS;Fliegerregiment Nr. 45
AUS;Fliegerregiment Nr. 46
AUS;Fliegerregiment Nr. 47
AUS;Fliegerregiment Nr. 48
AUS;Fliegerregiment Nr. 49
AUS;Fliegerregiment Nr. 50
AZB;1-y azerbaycan aviakorpus
AZB;2-y azerbaycan aviakorpus
AZB;3-y azerbaycan aviakorpus
AZB;4-y azerbaycan aviakorpus
AZB;5-y azerbaycan aviakorpus
AZB;6-y azerbaycan aviakorpus
AZB;7-y azerbaycan aviakorpus
AZB;8-y azerbaycan aviakorpus
AZB;9-y azerbaycan aviakorpus
AZB;10-y azerbaycan aviakorpus
AZB;11-y azerbaycan aviakorpus
AZB;12-y azerbaycan aviakorpus
AZB;13-y azerbaycan aviakorpus
AZB;14-y azerbaycan aviakorpus
AZB;15-y azerbaycan aviakorpus
AZB;16-y azerbaycan aviakorpus
AZB;17-y azerbaycan aviakorpus
AZB;18-y azerbaycan aviakorpus
AZB;19-y azerbaycan aviakorpus
AZB;20-y azerbaycan aviakorpus
AZB;21-y azerbaycan aviakorpus
AZB;22-y azerbaycan aviakorpus
AZB;23-y azerbaycan aviakorpus
AZB;24-y azerbaycan aviakorpus
AZB;25-y azerbaycan aviakorpus
AZB;26-y azerbaycan aviakorpus
AZB;27-y azerbaycan aviakorpus
AZB;28-y azerbaycan aviakorpus
AZB;29-y azerbaycan aviakorpus
AZB;30-y azerbaycan aviakorpus
AZB;31-y azerbaycan aviakorpus
AZB;32-y azerbaycan aviakorpus
AZB;33-y azerbaycan aviakorpus
AZB;34-y azerbaycan aviakorpus
AZB;35-y azerbaycan aviakorpus
AZB;36-y azerbaycan aviakorpus
AZB;37-y azerbaycan aviakorpus
AZB;38-y azerbaycan aviakorpus
AZB;39-y azerbaycan aviakorpus
AZB;40-y azerbaycan aviakorpus
AZB;41-y azerbaycan aviakorpus
AZB;42-y azerbaycan aviakorpus
AZB;43-y azerbaycan aviakorpus
AZB;44-y azerbaycan aviakorpus
AZB;45-y azerbaycan aviakorpus
AZB;46-y azerbaycan aviakorpus
AZB;47-y azerbaycan aviakorpus
AZB;48-y azerbaycan aviakorpus
AZB;49-y azerbaycan aviakorpus
AZB;50-y azerbaycan aviakorpus
BEL;1re Division A?rienne de la Belgique
BEL;2e Division A?rienne de la Belgique
BEL;3e Division A?rienne de la Belgique
BEL;4e Division A?rienne de la Belgique
BEL;5e Division A?rienne de la Belgique
BEL;6e Division A?rienne de la Belgique
BEL;7e Division A?rienne de la Belgique
BEL;8e Division A?rienne de la Belgique
BEL;9e Division A?rienne de la Belgique
BEL;10e Division A?rienne de la Belgique
BEL;11e Division A?rienne de la Belgique
BEL;12e Division A?rienne de la Belgique
BEL;13e Division A?rienne de la Belgique
BEL;14e Division A?rienne de la Belgique
BEL;15e Division A?rienne de la Belgique
BEL;16e Division A?rienne de la Belgique
BEL;17e Division A?rienne de la Belgique
BEL;18e Division A?rienne de la Belgique
BEL;19e Division A?rienne de la Belgique
BEL;20e Division A?rienne de la Belgique
BEL;21e Division A?rienne de la Belgique
BEL;22e Division A?rienne de la Belgique
BEL;23e Division A?rienne de la Belgique
BEL;24e Division A?rienne de la Belgique
BEL;25e Division A?rienne de la Belgique
BEL;26e Division A?rienne de la Belgique
BEL;27e Division A?rienne de la Belgique
BEL;28e Division A?rienne de la Belgique
BEL;29e Division A?rienne de la Belgique
BEL;30e Division A?rienne de la Belgique
BEL;31e Division A?rienne de la Belgique
BEL;32e Division A?rienne de la Belgique
BEL;33e Division A?rienne de la Belgique
BEL;34e Division A?rienne de la Belgique
BEL;35e Division A?rienne de la Belgique
BEL;36e Division A?rienne de la Belgique
BEL;37e Division A?rienne de la Belgique
BEL;38e Division A?rienne de la Belgique
BEL;39e Division A?rienne de la Belgique
BEL;40e Division A?rienne de la Belgique
BEL;41e Division A?rienne de la Belgique
BEL;42e Division A?rienne de la Belgique
BEL;43e Division A?rienne de la Belgique
BEL;44e Division A?rienne de la Belgique
BEL;45e Division A?rienne de la Belgique
BEL;46e Division A?rienne de la Belgique
BEL;47e Division A?rienne de la Belgique
BEL;48e Division A?rienne de la Belgique
BEL;49e Division A?rienne de la Belgique
BEL;50e Division A?rienne de la Belgique
BEN;1re Division A?rienne de l'Entente
BEN;2e Division A?rienne de l'Entente
BEN;3e Division A?rienne de l'Entente
BEN;4e Division A?rienne de l'Entente
BEN;5e Division A?rienne de l'Entente
BEN;6e Division A?rienne de l'Entente
BEN;7e Division A?rienne de l'Entente
BEN;8e Division A?rienne de l'Entente
BEN;9e Division A?rienne de l'Entente
BEN;10e Division A?rienne de l'Entente
BEN;11e Division A?rienne de l'Entente
BEN;12e Division A?rienne de l'Entente
BEN;13e Division A?rienne de l'Entente
BEN;14e Division A?rienne de l'Entente
BEN;15e Division A?rienne de l'Entente
BEN;16e Division A?rienne de l'Entente
BEN;17e Division A?rienne de l'Entente
BEN;18e Division A?rienne de l'Entente
BEN;19e Division A?rienne de l'Entente
BEN;20e Division A?rienne de l'Entente
BEN;21e Division A?rienne de l'Entente
BEN;22e Division A?rienne de l'Entente
BEN;23e Division A?rienne de l'Entente
BEN;24e Division A?rienne de l'Entente
BEN;25e Division A?rienne de l'Entente
BEN;26e Division A?rienne de l'Entente
BEN;27e Division A?rienne de l'Entente
BEN;28e Division A?rienne de l'Entente
BEN;29e Division A?rienne de l'Entente
BEN;30e Division A?rienne de l'Entente
BEN;31e Division A?rienne de l'Entente
BEN;32e Division A?rienne de l'Entente
BEN;33e Division A?rienne de l'Entente
BEN;34e Division A?rienne de l'Entente
BEN;35e Division A?rienne de l'Entente
BEN;36e Division A?rienne de l'Entente
BEN;37e Division A?rienne de l'Entente
BEN;38e Division A?rienne de l'Entente
BEN;39e Division A?rienne de l'Entente
BEN;40e Division A?rienne de l'Entente
BEN;41e Division A?rienne de l'Entente
BEN;42e Division A?rienne de l'Entente
BEN;43e Division A?rienne de l'Entente
BEN;44e Division A?rienne de l'Entente
BEN;45e Division A?rienne de l'Entente
BEN;46e Division A?rienne de l'Entente
BEN;47e Division A?rienne de l'Entente
BEN;48e Division A?rienne de l'Entente
BEN;49e Division A?rienne de l'Entente
BEN;50e Division A?rienne de l'Entente
BHU;No.1 Bhutanese Air Command
BHU;No.2 Bhutanese Air Command
BHU;No.3 Bhutanese Air Command
BHU;No.4 Bhutanese Air Command
BHU;No.5 Bhutanese Air Command
BHU;No.6 Bhutanese Air Command
BHU;No.7 Bhutanese Air Command
BHU;No.8 Bhutanese Air Command
BHU;No.9 Bhutanese Air Command
BHU;No.10 Bhutanese Air Command
BHU;No.11 Bhutanese Air Command
BHU;No.12 Bhutanese Air Command
BHU;No.13 Bhutanese Air Command
BHU;No.14 Bhutanese Air Command
BHU;No.15 Bhutanese Air Command
BHU;No.16 Bhutanese Air Command
BHU;No.17 Bhutanese Air Command
BHU;No.18 Bhutanese Air Command
BHU;No.19 Bhutanese Air Command
BHU;No.20 Bhutanese Air Command
BHU;No.21 Bhutanese Air Command
BHU;No.22 Bhutanese Air Command
BHU;No.23 Bhutanese Air Command
BHU;No.24 Bhutanese Air Command
BHU;No.25 Bhutanese Air Command
BHU;No.26 Bhutanese Air Command
BHU;No.27 Bhutanese Air Command
BHU;No.28 Bhutanese Air Command
BHU;No.29 Bhutanese Air Command
BHU;No.30 Bhutanese Air Command
BHU;No.31 Bhutanese Air Command
BHU;No.32 Bhutanese Air Command
BHU;No.33 Bhutanese Air Command
BHU;No.34 Bhutanese Air Command
BHU;No.35 Bhutanese Air Command
BHU;No.36 Bhutanese Air Command
BHU;No.37 Bhutanese Air Command
BHU;No.38 Bhutanese Air Command
BHU;No.39 Bhutanese Air Command
BHU;No.40 Bhutanese Air Command
BHU;No.41 Bhutanese Air Command
BHU;No.42 Bhutanese Air Command
BHU;No.43 Bhutanese Air Command
BHU;No.44 Bhutanese Air Command
BHU;No.45 Bhutanese Air Command
BHU;No.46 Bhutanese Air Command
BHU;No.47 Bhutanese Air Command
BHU;No.48 Bhutanese Air Command
BHU;No.49 Bhutanese Air Command
BHU;No.50 Bhutanese Air Command
BLR;1-y belorusskiy aviakorpus
BLR;2-y belorusskiy aviakorpus
BLR;3-y belorusskiy aviakorpus
BLR;4-y belorusskiy aviakorpus
BLR;5-y belorusskiy aviakorpus
BLR;6-y belorusskiy aviakorpus
BLR;7-y belorusskiy aviakorpus
BLR;8-y belorusskiy aviakorpus
BLR;9-y belorusskiy aviakorpus
BLR;10-y belorusskiy aviakorpus
BLR;11-y belorusskiy aviakorpus
BLR;12-y belorusskiy aviakorpus
BLR;13-y belorusskiy aviakorpus
BLR;14-y belorusskiy aviakorpus
BLR;15-y belorusskiy aviakorpus
BLR;16-y belorusskiy aviakorpus
BLR;17-y belorusskiy aviakorpus
BLR;18-y belorusskiy aviakorpus
BLR;19-y belorusskiy aviakorpus
BLR;20-y belorusskiy aviakorpus
BLR;21-y belorusskiy aviakorpus
BLR;22-y belorusskiy aviakorpus
BLR;23-y belorusskiy aviakorpus
BLR;24-y belorusskiy aviakorpus
BLR;25-y belorusskiy aviakorpus
BLR;26-y belorusskiy aviakorpus
BLR;27-y belorusskiy aviakorpus
BLR;28-y belorusskiy aviakorpus
BLR;29-y belorusskiy aviakorpus
BLR;30-y belorusskiy aviakorpus
BLR;31-y belorusskiy aviakorpus
BLR;32-y belorusskiy aviakorpus
BLR;33-y belorusskiy aviakorpus
BLR;34-y belorusskiy aviakorpus
BLR;35-y belorusskiy aviakorpus
BLR;36-y belorusskiy aviakorpus
BLR;37-y belorusskiy aviakorpus
BLR;38-y belorusskiy aviakorpus
BLR;39-y belorusskiy aviakorpus
BLR;40-y belorusskiy aviakorpus
BLR;41-y belorusskiy aviakorpus
BLR;42-y belorusskiy aviakorpus
BLR;43-y belorusskiy aviakorpus
BLR;44-y belorusskiy aviakorpus
BLR;45-y belorusskiy aviakorpus
BLR;46-y belorusskiy aviakorpus
BLR;47-y belorusskiy aviakorpus
BLR;48-y belorusskiy aviakorpus
BLR;49-y belorusskiy aviakorpus
BLR;50-y belorusskiy aviakorpus
BOL;I Cuerpo de Aviaci?n boliviano
BOL;II Cuerpo de Aviaci?n boliviano
BOL;III Cuerpo de Aviaci?n boliviano
BOL;IV Cuerpo de Aviaci?n boliviano
BOL;V Cuerpo de Aviaci?n boliviano
BOL;VI Cuerpo de Aviaci?n boliviano
BOL;VII Cuerpo de Aviaci?n boliviano
BOL;VIII Cuerpo de Aviaci?n boliviano
BOL;IX Cuerpo de Aviaci?n boliviano
BOL;X Cuerpo de Aviaci?n boliviano
BOL;XI Cuerpo de Aviaci?n boliviano
BOL;XII Cuerpo de Aviaci?n boliviano
BOL;XIII Cuerpo de Aviaci?n boliviano
BOL;XIV Cuerpo de Aviaci?n boliviano
BOL;XV Cuerpo de Aviaci?n boliviano
BOL;XVI Cuerpo de Aviaci?n boliviano
BOL;XVII Cuerpo de Aviaci?n boliviano
BOL;XVIII Cuerpo de Aviaci?n boliviano
BOL;XIX Cuerpo de Aviaci?n boliviano
BOL;XX Cuerpo de Aviaci?n boliviano
BOL;XXI Cuerpo de Aviaci?n boliviano
BOL;XXII Cuerpo de Aviaci?n boliviano
BOL;XXIII Cuerpo de Aviaci?n boliviano
BOL;XXIV Cuerpo de Aviaci?n boliviano
BOL;XXV Cuerpo de Aviaci?n boliviano
BOL;XXVI Cuerpo de Aviaci?n boliviano
BOL;XXVII Cuerpo de Aviaci?n boliviano
BOL;XXVIII Cuerpo de Aviaci?n boliviano
BOL;XXIX Cuerpo de Aviaci?n boliviano
BOL;XXX Cuerpo de Aviaci?n boliviano
BOL;XXXI Cuerpo de Aviaci?n boliviano
BOL;XXXII Cuerpo de Aviaci?n boliviano
BOL;XXXIII Cuerpo de Aviaci?n boliviano
BOL;XXXIV Cuerpo de Aviaci?n boliviano
BOL;XXXV Cuerpo de Aviaci?n boliviano
BOL;XXXVI Cuerpo de Aviaci?n boliviano
BOL;XXXVII Cuerpo de Aviaci?n boliviano
BOL;XXXVIII Cuerpo de Aviaci?n boliviano
BOL;XXXIX Cuerpo de Aviaci?n boliviano
BOL;XL Cuerpo de Aviaci?n boliviano
BOL;XLI Cuerpo de Aviaci?n boliviano
BOL;XLII Cuerpo de Aviaci?n boliviano
BOL;XLIII Cuerpo de Aviaci?n boliviano
BOL;XLIV Cuerpo de Aviaci?n boliviano
BOL;XLV Cuerpo de Aviaci?n boliviano
BOL;XLVI Cuerpo de Aviaci?n boliviano
BOL;XLVII Cuerpo de Aviaci?n boliviano
BOL;XLVIII Cuerpo de Aviaci?n boliviano
BOL;XLIX Cuerpo de Aviaci?n boliviano
BOL;L Cuerpo de Aviaci?n boliviano
BOS;1. bih vazduhoplovni korpus
BOS;2. bih vazduhoplovni korpus
BOS;3. bih vazduhoplovni korpus
BOS;4. bih vazduhoplovni korpus
BOS;5. bih vazduhoplovni korpus
BOS;6. bih vazduhoplovni korpus
BOS;7. bih vazduhoplovni korpus
BOS;8. bih vazduhoplovni korpus
BOS;9. bih vazduhoplovni korpus
BOS;10. bih vazduhoplovni korpus
BOS;11. bih vazduhoplovni korpus
BOS;12. bih vazduhoplovni korpus
BOS;13. bih vazduhoplovni korpus
BOS;14. bih vazduhoplovni korpus
BOS;15. bih vazduhoplovni korpus
BOS;16. bih vazduhoplovni korpus
BOS;17. bih vazduhoplovni korpus
BOS;18. bih vazduhoplovni korpus
BOS;19. bih vazduhoplovni korpus
BOS;20. bih vazduhoplovni korpus
BOS;21. bih vazduhoplovni korpus
BOS;22. bih vazduhoplovni korpus
BOS;23. bih vazduhoplovni korpus
BOS;24. bih vazduhoplovni korpus
BOS;25. bih vazduhoplovni korpus
BOS;26. bih vazduhoplovni korpus
BOS;27. bih vazduhoplovni korpus
BOS;28. bih vazduhoplovni korpus
BOS;29. bih vazduhoplovni korpus
BOS;30. bih vazduhoplovni korpus
BOS;31. bih vazduhoplovni korpus
BOS;32. bih vazduhoplovni korpus
BOS;33. bih vazduhoplovni korpus
BOS;34. bih vazduhoplovni korpus
BOS;35. bih vazduhoplovni korpus
BOS;36. bih vazduhoplovni korpus
BOS;37. bih vazduhoplovni korpus
BOS;38. bih vazduhoplovni korpus
BOS;39. bih vazduhoplovni korpus
BOS;40. bih vazduhoplovni korpus
BOS;41. bih vazduhoplovni korpus
BOS;42. bih vazduhoplovni korpus
BOS;43. bih vazduhoplovni korpus
BOS;44. bih vazduhoplovni korpus
BOS;45. bih vazduhoplovni korpus
BOS;46. bih vazduhoplovni korpus
BOS;47. bih vazduhoplovni korpus
BOS;48. bih vazduhoplovni korpus
BOS;49. bih vazduhoplovni korpus
BOS;50. bih vazduhoplovni korpus
BRA;1o Regimento de Avia??o Brasileiro
BRA;2o Regimento de Avia??o Brasileiro
BRA;3o Regimento de Avia??o Brasileiro
BRA;4o Regimento de Avia??o Brasileiro
BRA;5o Regimento de Avia??o Brasileiro
BRA;6o Regimento de Avia??o Brasileiro
BRA;7o Regimento de Avia??o Brasileiro
BRA;8o Regimento de Avia??o Brasileiro
BRA;9o Regimento de Avia??o Brasileiro
BRA;10o Regimento de Avia??o Brasileiro
BRA;11o Regimento de Avia??o Brasileiro
BRA;12o Regimento de Avia??o Brasileiro
BRA;13o Regimento de Avia??o Brasileiro
BRA;14o Regimento de Avia??o Brasileiro
BRA;15o Regimento de Avia??o Brasileiro
BRA;16o Regimento de Avia??o Brasileiro
BRA;17o Regimento de Avia??o Brasileiro
BRA;18o Regimento de Avia??o Brasileiro
BRA;19o Regimento de Avia??o Brasileiro
BRA;20o Regimento de Avia??o Brasileiro
BRA;21o Regimento de Avia??o Brasileiro
BRA;22o Regimento de Avia??o Brasileiro
BRA;23o Regimento de Avia??o Brasileiro
BRA;24o Regimento de Avia??o Brasileiro
BRA;25o Regimento de Avia??o Brasileiro
BRA;26o Regimento de Avia??o Brasileiro
BRA;27o Regimento de Avia??o Brasileiro
BRA;28o Regimento de Avia??o Brasileiro
BRA;29o Regimento de Avia??o Brasileiro
BRA;30o Regimento de Avia??o Brasileiro
BRA;31o Regimento de Avia??o Brasileiro
BRA;32o Regimento de Avia??o Brasileiro
BRA;33o Regimento de Avia??o Brasileiro
BRA;34o Regimento de Avia??o Brasileiro
BRA;35o Regimento de Avia??o Brasileiro
BRA;36o Regimento de Avia??o Brasileiro
BRA;37o Regimento de Avia??o Brasileiro
BRA;38o Regimento de Avia??o Brasileiro
BRA;39o Regimento de Avia??o Brasileiro
BRA;40o Regimento de Avia??o Brasileiro
BRA;41o Regimento de Avia??o Brasileiro
BRA;42o Regimento de Avia??o Brasileiro
BRA;43o Regimento de Avia??o Brasileiro
BRA;44o Regimento de Avia??o Brasileiro
BRA;45o Regimento de Avia??o Brasileiro
BRA;46o Regimento de Avia??o Brasileiro
BRA;47o Regimento de Avia??o Brasileiro
BRA;48o Regimento de Avia??o Brasileiro
BRA;49o Regimento de Avia??o Brasileiro
BRA;50o Regimento de Avia??o Brasileiro
BRU;No.1 Bruneian Air Command
BRU;No.2 Bruneian Air Command
BRU;No.3 Bruneian Air Command
BRU;No.4 Bruneian Air Command
BRU;No.5 Bruneian Air Command
BRU;No.6 Bruneian Air Command
BRU;No.7 Bruneian Air Command
BRU;No.8 Bruneian Air Command
BRU;No.9 Bruneian Air Command
BRU;No.10 Bruneian Air Command
BRU;No.11 Bruneian Air Command
BRU;No.12 Bruneian Air Command
BRU;No.13 Bruneian Air Command
BRU;No.14 Bruneian Air Command
BRU;No.15 Bruneian Air Command
BRU;No.16 Bruneian Air Command
BRU;No.17 Bruneian Air Command
BRU;No.18 Bruneian Air Command
BRU;No.19 Bruneian Air Command
BRU;No.20 Bruneian Air Command
BRU;No.21 Bruneian Air Command
BRU;No.22 Bruneian Air Command
BRU;No.23 Bruneian Air Command
BRU;No.24 Bruneian Air Command
BRU;No.25 Bruneian Air Command
BRU;No.26 Bruneian Air Command
BRU;No.27 Bruneian Air Command
BRU;No.28 Bruneian Air Command
BRU;No.29 Bruneian Air Command
BRU;No.30 Bruneian Air Command
BRU;No.31 Bruneian Air Command
BRU;No.32 Bruneian Air Command
BRU;No.33 Bruneian Air Command
BRU;No.34 Bruneian Air Command
BRU;No.35 Bruneian Air Command
BRU;No.36 Bruneian Air Command
BRU;No.37 Bruneian Air Command
BRU;No.38 Bruneian Air Command
BRU;No.39 Bruneian Air Command
BRU;No.40 Bruneian Air Command
BRU;No.41 Bruneian Air Command
BRU;No.42 Bruneian Air Command
BRU;No.43 Bruneian Air Command
BRU;No.44 Bruneian Air Command
BRU;No.45 Bruneian Air Command
BRU;No.46 Bruneian Air Command
BRU;No.47 Bruneian Air Command
BRU;No.48 Bruneian Air Command
BRU;No.49 Bruneian Air Command
BRU;No.50 Bruneian Air Command
BUL;1-vi razuznavatelen polk
BUL;2-ri shturmovi polk
BUL;5-i bombardirovachen polk
BUL;6-i iztrebitelen polk
BUL;3-ti aviopolk
BUL;4-ti aviopolk
BUL;7-i aviopolk
BUL;8-i aviopolk
BUL;9-i aviopolk
BUL;10-i aviopolk
BUL;11-i aviopolk
BUL;12-i aviopolk
BUL;13-i aviopolk
BUL;14-i aviopolk
BUL;15-i aviopolk
BUL;16-i aviopolk
BUL;17-i aviopolk
BUL;18-i aviopolk
BUL;19-i aviopolk
BUL;20-i aviopolk
BUL;21-vi aviopolk
BUL;22-ri aviopolk
BUL;23-ti aviopolk
BUL;24-ti aviopolk
BUL;25-i aviopolk
BUL;26-i aviopolk
BUL;27-i aviopolk
BUL;28-i aviopolk
BUL;29-i aviopolk
BUL;30-i aviopolk
BUL;31-vi aviopolk
BUL;32-ri aviopolk
BUL;33-ti aviopolk
BUL;34-ti aviopolk
BUL;35-i aviopolk
BUL;36-i aviopolk
BUL;37-i aviopolk
BUL;38-i aviopolk
BUL;39-i aviopolk
BUL;40-i aviopolk
BUL;40-vi aviopolk
BUL;42-ri aviopolk
BUL;43-ti aviopolk
BUL;44-ti aviopolk
BUL;45-i aviopolk
BUL;46-i aviopolk
BUL;47-i aviopolk
BUL;48-i aviopolk
BUL;1-vo aeroplanno otdelenie
BUL;2-ro aeroplanno otdelenie
BUR;No.1 Burmese Air Command
BUR;No.2 Burmese Air Command
BUR;No.3 Burmese Air Command
BUR;No.4 Burmese Air Command
BUR;No.5 Burmese Air Command
BUR;No.6 Burmese Air Command
BUR;No.7 Burmese Air Command
BUR;No.8 Burmese Air Command
BUR;No.9 Burmese Air Command
BUR;No.10 Burmese Air Command
BUR;No.11 Burmese Air Command
BUR;No.12 Burmese Air Command
BUR;No.13 Burmese Air Command
BUR;No.14 Burmese Air Command
BUR;No.15 Burmese Air Command
BUR;No.16 Burmese Air Command
BUR;No.17 Burmese Air Command
BUR;No.18 Burmese Air Command
BUR;No.19 Burmese Air Command
BUR;No.20 Burmese Air Command
BUR;No.21 Burmese Air Command
BUR;No.22 Burmese Air Command
BUR;No.23 Burmese Air Command
BUR;No.24 Burmese Air Command
BUR;No.25 Burmese Air Command
BUR;No.26 Burmese Air Command
BUR;No.27 Burmese Air Command
BUR;No.28 Burmese Air Command
BUR;No.29 Burmese Air Command
BUR;No.30 Burmese Air Command
BUR;No.31 Burmese Air Command
BUR;No.32 Burmese Air Command
BUR;No.33 Burmese Air Command
BUR;No.34 Burmese Air Command
BUR;No.35 Burmese Air Command
BUR;No.36 Burmese Air Command
BUR;No.37 Burmese Air Command
BUR;No.38 Burmese Air Command
BUR;No.39 Burmese Air Command
BUR;No.40 Burmese Air Command
BUR;No.41 Burmese Air Command
BUR;No.42 Burmese Air Command
BUR;No.43 Burmese Air Command
BUR;No.44 Burmese Air Command
BUR;No.45 Burmese Air Command
BUR;No.46 Burmese Air Command
BUR;No.47 Burmese Air Command
BUR;No.48 Burmese Air Command
BUR;No.49 Burmese Air Command
BUR;No.50 Burmese Air Command
CAL;First Californian Air Force
CAL;Second Californian Air Force
CAL;Third Californian Air Force
CAL;Fourth Californian Air Force
CAL;Fifth Californian Air Force
CAL;Sixth Californian Air Force
CAL;Seventh Californian Air Force
CAL;Eighth Californian Air Force
CAL;Ninth Californian Air Force
CAL;Tenth Californian Air Force
CAL;Eleventh Californian Air Force
CAL;Twelfth Californian Air Force
CAL;Thirteenth Californian Air Force
CAL;Fourteenth Californian Air Force
CAL;Fifteenth Californian Air Force
CAL;Sixteenth Californian Air Force
CAL;Seventeenth Californian Air Force
CAL;Eighteenth Californian Air Force
CAL;Nineteenth Californian Air Force
CAL;Twentieth Californian Air Force
CAL;Twenty-First Californian Air Force
CAL;Twenty-Second Californian Air Force
CAL;Twenty-Third Californian Air Force
CAL;Twenty-Fourth Californian Air Force
CAL;Twenty-Fifth Californian Air Force
CAL;Twenty-Sixth Californian Air Force
CAL;Twenty-Seventh Californian Air Force
CAL;Twenty-Eighth Californian Air Force
CAL;Twenty-Ninth Californian Air Force
CAL;Thirtieth Californian Air Force
CAL;Thirty-First Californian Air Force
CAL;Thirty-Second Californian Air Force
CAL;Thirty-Third Californian Air Force
CAL;Thirty-Fourth Californian Air Force
CAL;Thirty-Fifth Californian Air Force
CAL;Thirty-Sixth Californian Air Force
CAL;Thirty-Seventh Californian Air Force
CAL;Thirty-Eighth Californian Air Force
CAL;Thirty-Ninth Californian Air Force
CAL;Fortieth Californian Air Force
CAL;Forty-First Californian Air Force
CAL;Forty-Second Californian Air Force
CAL;Forty-Third Californian Air Force
CAL;Forty-Fourth Californian Air Force
CAL;Forty-Fifth Californian Air Force
CAL;Forty-Sixth Californian Air Force
CAL;Forty-Seventh Californian Air Force
CAL;Forty-Eighth Californian Air Force
CAL;Forty-Ninth Californian Air Force
CAL;Fiftieth Californian Air Force
CAM;1re Division A?rienne du Cameroun
CAM;2e Division A?rienne du Cameroun
CAM;3e Division A?rienne du Cameroun
CAM;4e Division A?rienne du Cameroun
CAM;5e Division A?rienne du Cameroun
CAM;6e Division A?rienne du Cameroun
CAM;7e Division A?rienne du Cameroun
CAM;8e Division A?rienne du Cameroun
CAM;9e Division A?rienne du Cameroun
CAM;10e Division A?rienne du Cameroun
CAM;11e Division A?rienne du Cameroun
CAM;12e Division A?rienne du Cameroun
CAM;13e Division A?rienne du Cameroun
CAM;14e Division A?rienne du Cameroun
CAM;15e Division A?rienne du Cameroun
CAM;16e Division A?rienne du Cameroun
CAM;17e Division A?rienne du Cameroun
CAM;18e Division A?rienne du Cameroun
CAM;19e Division A?rienne du Cameroun
CAM;20e Division A?rienne du Cameroun
CAM;21e Division A?rienne du Cameroun
CAM;22e Division A?rienne du Cameroun
CAM;23e Division A?rienne du Cameroun
CAM;24e Division A?rienne du Cameroun
CAM;25e Division A?rienne du Cameroun
CAM;26e Division A?rienne du Cameroun
CAM;27e Division A?rienne du Cameroun
CAM;28e Division A?rienne du Cameroun
CAM;29e Division A?rienne du Cameroun
CAM;30e Division A?rienne du Cameroun
CAM;31e Division A?rienne du Cameroun
CAM;32e Division A?rienne du Cameroun
CAM;33e Division A?rienne du Cameroun
CAM;34e Division A?rienne du Cameroun
CAM;35e Division A?rienne du Cameroun
CAM;36e Division A?rienne du Cameroun
CAM;37e Division A?rienne du Cameroun
CAM;38e Division A?rienne du Cameroun
CAM;39e Division A?rienne du Cameroun
CAM;40e Division A?rienne du Cameroun
CAM;41e Division A?rienne du Cameroun
CAM;42e Division A?rienne du Cameroun
CAM;43e Division A?rienne du Cameroun
CAM;44e Division A?rienne du Cameroun
CAM;45e Division A?rienne du Cameroun
CAM;46e Division A?rienne du Cameroun
CAM;47e Division A?rienne du Cameroun
CAM;48e Division A?rienne du Cameroun
CAM;49e Division A?rienne du Cameroun
CAM;50e Division A?rienne du Cameroun
CAN;No.1 RCAF Command
CAN;No.2 RCAF Command
CAN;No.3 RCAF Command
CAN;No.4 RCAF Command
CAN;No.5 RCAF Command
CAN;No.6 RCAF Command
CAN;No.7 RCAF Command
CAN;No.8 RCAF Command
CAN;No.9 RCAF Command
CAN;No.10 RCAF Command
CAN;No.11 RCAF Command
CAN;No.12 RCAF Command
CAN;No.13 RCAF Command
CAN;No.14 RCAF Command
CAN;No.15 RCAF Command
CAN;No.16 RCAF Command
CAN;No.17 RCAF Command
CAN;No.18 RCAF Command
CAN;No.19 RCAF Command
CAN;No.20 RCAF Command
CAN;No.21 RCAF Command
CAN;No.22 RCAF Command
CAN;No.23 RCAF Command
CAN;No.24 RCAF Command
CAN;No.25 RCAF Command
CAN;No.26 RCAF Command
CAN;No.27 RCAF Command
CAN;No.28 RCAF Command
CAN;No.29 RCAF Command
CAN;No.30 RCAF Command
CAN;No.31 RCAF Command
CAN;No.32 RCAF Command
CAN;No.33 RCAF Command
CAN;No.34 RCAF Command
CAN;No.35 RCAF Command
CAN;No.36 RCAF Command
CAN;No.37 RCAF Command
CAN;No.38 RCAF Command
CAN;No.39 RCAF Command
CAN;No.40 RCAF Command
CAN;No.41 RCAF Command
CAN;No.42 RCAF Command
CAN;No.43 RCAF Command
CAN;No.44 RCAF Command
CAN;No.45 RCAF Command
CAN;No.46 RCAF Command
CAN;No.47 RCAF Command
CAN;No.48 RCAF Command
CAN;No.49 RCAF Command
CAN;No.50 RCAF Command
CGX;Di'1 Kongjun
CGX;Di'2 Kongjun
CGX;Di'3 Kongjun
CGX;Di'4 Kongjun
CGX;Di'5 Kongjun
CGX;Di'6 Kongjun
CGX;Di'7 Kongjun
CGX;Di'8 Kongjun
CGX;Di'9 Kongjun
CGX;Di'10 Kongjun
CGX;Di'11 Kongjun
CGX;Di'12 Kongjun
CGX;Di'13 Kongjun
CGX;Di'14 Kongjun
CGX;Di'15 Kongjun
CGX;Di'16 Kongjun
CGX;Di'17 Kongjun
CGX;Di'18 Kongjun
CGX;Di'19 Kongjun
CGX;Di'20 Kongjun
CGX;Di'21 Kongjun
CGX;Di'22 Kongjun
CGX;Di'23 Kongjun
CGX;Di'24 Kongjun
CGX;Di'25 Kongjun
CGX;Di'26 Kongjun
CGX;Di'27 Kongjun
CGX;Di'28 Kongjun
CGX;Di'29 Kongjun
CGX;Di'30 Kongjun
CGX;Di'31 Kongjun
CGX;Di'32 Kongjun
CGX;Di'33 Kongjun
CGX;Di'34 Kongjun
CGX;Di'35 Kongjun
CGX;Di'36 Kongjun
CGX;Di'37 Kongjun
CGX;Di'38 Kongjun
CGX;Di'39 Kongjun
CGX;Di'40 Kongjun
CGX;Di'41 Kongjun
CGX;Di'42 Kongjun
CGX;Di'43 Kongjun
CGX;Di'44 Kongjun
CGX;Di'45 Kongjun
CGX;Di'46 Kongjun
CGX;Di'47 Kongjun
CGX;Di'48 Kongjun
CGX;Di'49 Kongjun
CGX;Di'50 Kongjun
CHC;Di'1 Kongjun
CHC;Di'2 Kongjun
CHC;Di'3 Kongjun
CHC;Di'4 Kongjun
CHC;Di'5 Kongjun
CHC;Di'6 Kongjun
CHC;Di'7 Kongjun
CHC;Di'8 Kongjun
CHC;Di'9 Kongjun
CHC;Di'10 Kongjun
CHC;Di'11 Kongjun
CHC;Di'12 Kongjun
CHC;Di'13 Kongjun
CHC;Di'14 Kongjun
CHC;Di'15 Kongjun
CHC;Di'16 Kongjun
CHC;Di'17 Kongjun
CHC;Di'18 Kongjun
CHC;Di'19 Kongjun
CHC;Di'20 Kongjun
CHC;Di'21 Kongjun
CHC;Di'22 Kongjun
CHC;Di'23 Kongjun
CHC;Di'24 Kongjun
CHC;Di'25 Kongjun
CHC;Di'26 Kongjun
CHC;Di'27 Kongjun
CHC;Di'28 Kongjun
CHC;Di'29 Kongjun
CHC;Di'30 Kongjun
CHC;Di'31 Kongjun
CHC;Di'32 Kongjun
CHC;Di'33 Kongjun
CHC;Di'34 Kongjun
CHC;Di'35 Kongjun
CHC;Di'36 Kongjun
CHC;Di'37 Kongjun
CHC;Di'38 Kongjun
CHC;Di'39 Kongjun
CHC;Di'40 Kongjun
CHC;Di'41 Kongjun
CHC;Di'42 Kongjun
CHC;Di'43 Kongjun
CHC;Di'44 Kongjun
CHC;Di'45 Kongjun
CHC;Di'46 Kongjun
CHC;Di'47 Kongjun
CHC;Di'48 Kongjun
CHC;Di'49 Kongjun
CHC;Di'50 Kongjun
CHC;Di'51 Kongjun
CHC;Di'52 Kongjun
CHC;Di'53 Kongjun
CHC;Di'54 Kongjun
CHC;Di'55 Kongjun
CHC;Di'56 Kongjun
CHC;Di'57 Kongjun
CHC;Di'58 Kongjun
CHC;Di'59 Kongjun
CHC;Di'60 Kongjun
CHC;Di'61 Kongjun
CHC;Di'62 Kongjun
CHC;Di'63 Kongjun
CHC;Di'64 Kongjun
CHC;Di'65 Kongjun
CHC;Di'66 Kongjun
CHC;Di'67 Kongjun
CHC;Di'68 Kongjun
CHC;Di'69 Kongjun
CHC;Di'70 Kongjun
CHC;Di'71 Kongjun
CHC;Di'72 Kongjun
CHC;Di'73 Kongjun
CHC;Di'74 Kongjun
CHC;Di'75 Kongjun
CHC;Di'76 Kongjun
CHC;Di'77 Kongjun
CHC;Di'78 Kongjun
CHC;Di'79 Kongjun
CHC;Di'80 Kongjun
CHC;Di'81 Kongjun
CHC;Di'82 Kongjun
CHC;Di'83 Kongjun
CHC;Di'84 Kongjun
CHC;Di'85 Kongjun
CHC;Di'86 Kongjun
CHC;Di'87 Kongjun
CHC;Di'88 Kongjun
CHC;Di'89 Kongjun
CHC;Di'90 Kongjun
CHC;Di'91 Kongjun
CHC;Di'92 Kongjun
CHC;Di'93 Kongjun
CHC;Di'94 Kongjun
CHC;Di'95 Kongjun
CHC;Di'96 Kongjun
CHC;Di'97 Kongjun
CHC;Di'98 Kongjun
CHC;Di'99 Kongjun
CHC;Di'100 Kongjun
CHI;Di'1 Kongjun
CHI;Di'2 Kongjun
CHI;Di'3 Kongjun
CHI;Di'4 Kongjun
CHI;Di'5 Kongjun
CHI;Di'6 Kongjun
CHI;Di'7 Kongjun
CHI;Di'8 Kongjun
CHI;Di'9 Kongjun
CHI;Di'10 Kongjun
CHI;Di'11 Kongjun
CHI;Di'12 Kongjun
CHI;Di'13 Kongjun
CHI;Di'14 Kongjun
CHI;Di'15 Kongjun
CHI;Di'16 Kongjun
CHI;Di'17 Kongjun
CHI;Di'18 Kongjun
CHI;Di'19 Kongjun
CHI;Di'20 Kongjun
CHI;Di'21 Kongjun
CHI;Di'22 Kongjun
CHI;Di'23 Kongjun
CHI;Di'24 Kongjun
CHI;Di'25 Kongjun
CHI;Di'26 Kongjun
CHI;Di'27 Kongjun
CHI;Di'28 Kongjun
CHI;Di'29 Kongjun
CHI;Di'30 Kongjun
CHI;Di'31 Kongjun
CHI;Di'32 Kongjun
CHI;Di'33 Kongjun
CHI;Di'34 Kongjun
CHI;Di'35 Kongjun
CHI;Di'36 Kongjun
CHI;Di'37 Kongjun
CHI;Di'38 Kongjun
CHI;Di'39 Kongjun
CHI;Di'40 Kongjun
CHI;Di'41 Kongjun
CHI;Di'42 Kongjun
CHI;Di'43 Kongjun
CHI;Di'44 Kongjun
CHI;Di'45 Kongjun
CHI;Di'46 Kongjun
CHI;Di'47 Kongjun
CHI;Di'48 Kongjun
CHI;Di'49 Kongjun
CHI;Di'50 Kongjun
CHI;Di'51 Kongjun
CHI;Di'52 Kongjun
CHI;Di'53 Kongjun
CHI;Di'54 Kongjun
CHI;Di'55 Kongjun
CHI;Di'56 Kongjun
CHI;Di'57 Kongjun
CHI;Di'58 Kongjun
CHI;Di'59 Kongjun
CHI;Di'60 Kongjun
CHI;Di'61 Kongjun
CHI;Di'62 Kongjun
CHI;Di'63 Kongjun
CHI;Di'64 Kongjun
CHI;Di'65 Kongjun
CHI;Di'66 Kongjun
CHI;Di'67 Kongjun
CHI;Di'68 Kongjun
CHI;Di'69 Kongjun
CHI;Di'70 Kongjun
CHI;Di'71 Kongjun
CHI;Di'72 Kongjun
CHI;Di'73 Kongjun
CHI;Di'74 Kongjun
CHI;Di'75 Kongjun
CHI;Di'76 Kongjun
CHI;Di'77 Kongjun
CHI;Di'78 Kongjun
CHI;Di'79 Kongjun
CHI;Di'80 Kongjun
CHI;Di'81 Kongjun
CHI;Di'82 Kongjun
CHI;Di'83 Kongjun
CHI;Di'84 Kongjun
CHI;Di'85 Kongjun
CHI;Di'86 Kongjun
CHI;Di'87 Kongjun
CHI;Di'88 Kongjun
CHI;Di'89 Kongjun
CHI;Di'90 Kongjun
CHI;Di'91 Kongjun
CHI;Di'92 Kongjun
CHI;Di'93 Kongjun
CHI;Di'94 Kongjun
CHI;Di'95 Kongjun
CHI;Di'96 Kongjun
CHI;Di'97 Kongjun
CHI;Di'98 Kongjun
CHI;Di'99 Kongjun
CHI;Di'100 Kongjun
CHL;I Cuerpo de Aviaci?n chileno
CHL;II Cuerpo de Aviaci?n chileno
CHL;III Cuerpo de Aviaci?n chileno
CHL;IV Cuerpo de Aviaci?n chileno
CHL;V Cuerpo de Aviaci?n chileno
CHL;VI Cuerpo de Aviaci?n chileno
CHL;VII Cuerpo de Aviaci?n chileno
CHL;VIII Cuerpo de Aviaci?n chileno
CHL;IX Cuerpo de Aviaci?n chileno
CHL;X Cuerpo de Aviaci?n chileno
CHL;XI Cuerpo de Aviaci?n chileno
CHL;XII Cuerpo de Aviaci?n chileno
CHL;XIII Cuerpo de Aviaci?n chileno
CHL;XIV Cuerpo de Aviaci?n chileno
CHL;XV Cuerpo de Aviaci?n chileno
CHL;XVI Cuerpo de Aviaci?n chileno
CHL;XVII Cuerpo de Aviaci?n chileno
CHL;XVIII Cuerpo de Aviaci?n chileno
CHL;XIX Cuerpo de Aviaci?n chileno
CHL;XX Cuerpo de Aviaci?n chileno
CHL;XXI Cuerpo de Aviaci?n chileno
CHL;XXII Cuerpo de Aviaci?n chileno
CHL;XXIII Cuerpo de Aviaci?n chileno
CHL;XXIV Cuerpo de Aviaci?n chileno
CHL;XXV Cuerpo de Aviaci?n chileno
CHL;XXVI Cuerpo de Aviaci?n chileno
CHL;XXVII Cuerpo de Aviaci?n chileno
CHL;XXVIII Cuerpo de Aviaci?n chileno
CHL;XXIX Cuerpo de Aviaci?n chileno
CHL;XXX Cuerpo de Aviaci?n chileno
CHL;XXXI Cuerpo de Aviaci?n chileno
CHL;XXXII Cuerpo de Aviaci?n chileno
CHL;XXXIII Cuerpo de Aviaci?n chileno
CHL;XXXIV Cuerpo de Aviaci?n chileno
CHL;XXXV Cuerpo de Aviaci?n chileno
CHL;XXXVI Cuerpo de Aviaci?n chileno
CHL;XXXVII Cuerpo de Aviaci?n chileno
CHL;XXXVIII Cuerpo de Aviaci?n chileno
CHL;XXXIX Cuerpo de Aviaci?n chileno
CHL;XL Cuerpo de Aviaci?n chileno
CHL;XLI Cuerpo de Aviaci?n chileno
CHL;XLII Cuerpo de Aviaci?n chileno
CHL;XLIII Cuerpo de Aviaci?n chileno
CHL;XLIV Cuerpo de Aviaci?n chileno
CHL;XLV Cuerpo de Aviaci?n chileno
CHL;XLVI Cuerpo de Aviaci?n chileno
CHL;XLVII Cuerpo de Aviaci?n chileno
CHL;XLVIII Cuerpo de Aviaci?n chileno
CHL;XLIX Cuerpo de Aviaci?n chileno
CHL;L Cuerpo de Aviaci?n chileno
CMB;1re Division A?rienne cambodgien
CMB;2e Division A?rienne cambodgien
CMB;3e Division A?rienne cambodgien
CMB;4e Division A?rienne cambodgien
CMB;5e Division A?rienne cambodgien
CMB;6e Division A?rienne cambodgien
CMB;7e Division A?rienne cambodgien
CMB;8e Division A?rienne cambodgien
CMB;9e Division A?rienne cambodgien
CMB;10e Division A?rienne cambodgien
CMB;11e Division A?rienne cambodgien
CMB;12e Division A?rienne cambodgien
CMB;13e Division A?rienne cambodgien
CMB;14e Division A?rienne cambodgien
CMB;15e Division A?rienne cambodgien
CMB;16e Division A?rienne cambodgien
CMB;17e Division A?rienne cambodgien
CMB;18e Division A?rienne cambodgien
CMB;19e Division A?rienne cambodgien
CMB;20e Division A?rienne cambodgien
CMB;21e Division A?rienne cambodgien
CMB;22e Division A?rienne cambodgien
CMB;23e Division A?rienne cambodgien
CMB;24e Division A?rienne cambodgien
CMB;25e Division A?rienne cambodgien
CMB;26e Division A?rienne cambodgien
CMB;27e Division A?rienne cambodgien
CMB;28e Division A?rienne cambodgien
CMB;29e Division A?rienne cambodgien
CMB;30e Division A?rienne cambodgien
CMB;31e Division A?rienne cambodgien
CMB;32e Division A?rienne cambodgien
CMB;33e Division A?rienne cambodgien
CMB;34e Division A?rienne cambodgien
CMB;35e Division A?rienne cambodgien
CMB;36e Division A?rienne cambodgien
CMB;37e Division A?rienne cambodgien
CMB;38e Division A?rienne cambodgien
CMB;39e Division A?rienne cambodgien
CMB;40e Division A?rienne cambodgien
CMB;41e Division A?rienne cambodgien
CMB;42e Division A?rienne cambodgien
CMB;43e Division A?rienne cambodgien
CMB;44e Division A?rienne cambodgien
CMB;45e Division A?rienne cambodgien
CMB;46e Division A?rienne cambodgien
CMB;47e Division A?rienne cambodgien
CMB;48e Division A?rienne cambodgien
CMB;49e Division A?rienne cambodgien
CMB;50e Division A?rienne cambodgien
COL;I Cuerpo de Aviaci?n colombiano
COL;II Cuerpo de Aviaci?n colombiano
COL;III Cuerpo de Aviaci?n colombiano
COL;IV Cuerpo de Aviaci?n colombiano
COL;V Cuerpo de Aviaci?n colombiano
COL;VI Cuerpo de Aviaci?n colombiano
COL;VII Cuerpo de Aviaci?n colombiano
COL;VIII Cuerpo de Aviaci?n colombiano
COL;IX Cuerpo de Aviaci?n colombiano
COL;X Cuerpo de Aviaci?n colombiano
COL;XI Cuerpo de Aviaci?n colombiano
COL;XII Cuerpo de Aviaci?n colombiano
COL;XIII Cuerpo de Aviaci?n colombiano
COL;XIV Cuerpo de Aviaci?n colombiano
COL;XV Cuerpo de Aviaci?n colombiano
COL;XVI Cuerpo de Aviaci?n colombiano
COL;XVII Cuerpo de Aviaci?n colombiano
COL;XVIII Cuerpo de Aviaci?n colombiano
COL;XIX Cuerpo de Aviaci?n colombiano
COL;XX Cuerpo de Aviaci?n colombiano
COL;XXI Cuerpo de Aviaci?n colombiano
COL;XXII Cuerpo de Aviaci?n colombiano
COL;XXIII Cuerpo de Aviaci?n colombiano
COL;XXIV Cuerpo de Aviaci?n colombiano
COL;XXV Cuerpo de Aviaci?n colombiano
COL;XXVI Cuerpo de Aviaci?n colombiano
COL;XXVII Cuerpo de Aviaci?n colombiano
COL;XXVIII Cuerpo de Aviaci?n colombiano
COL;XXIX Cuerpo de Aviaci?n colombiano
COL;XXX Cuerpo de Aviaci?n colombiano
COL;XXXI Cuerpo de Aviaci?n colombiano
COL;XXXII Cuerpo de Aviaci?n colombiano
COL;XXXIII Cuerpo de Aviaci?n colombiano
COL;XXXIV Cuerpo de Aviaci?n colombiano
COL;XXXV Cuerpo de Aviaci?n colombiano
COL;XXXVI Cuerpo de Aviaci?n colombiano
COL;XXXVII Cuerpo de Aviaci?n colombiano
COL;XXXVIII Cuerpo de Aviaci?n colombiano
COL;XXXIX Cuerpo de Aviaci?n colombiano
COL;XL Cuerpo de Aviaci?n colombiano
COL;XLI Cuerpo de Aviaci?n colombiano
COL;XLII Cuerpo de Aviaci?n colombiano
COL;XLIII Cuerpo de Aviaci?n colombiano
COL;XLIV Cuerpo de Aviaci?n colombiano
COL;XLV Cuerpo de Aviaci?n colombiano
COL;XLVI Cuerpo de Aviaci?n colombiano
COL;XLVII Cuerpo de Aviaci?n colombiano
COL;XLVIII Cuerpo de Aviaci?n colombiano
COL;XLIX Cuerpo de Aviaci?n colombiano
COL;L Cuerpo de Aviaci?n colombiano
CON;1re Division A?rienne de le Congo
CON;2e Division A?rienne de le Congo
CON;3e Division A?rienne de le Congo
CON;4e Division A?rienne de le Congo
CON;5e Division A?rienne de le Congo
CON;6e Division A?rienne de le Congo
CON;7e Division A?rienne de le Congo
CON;8e Division A?rienne de le Congo
CON;9e Division A?rienne de le Congo
CON;10e Division A?rienne de le Congo
CON;11e Division A?rienne de le Congo
CON;12e Division A?rienne de le Congo
CON;13e Division A?rienne de le Congo
CON;14e Division A?rienne de le Congo
CON;15e Division A?rienne de le Congo
CON;16e Division A?rienne de le Congo
CON;17e Division A?rienne de le Congo
CON;18e Division A?rienne de le Congo
CON;19e Division A?rienne de le Congo
CON;20e Division A?rienne de le Congo
CON;21e Division A?rienne de le Congo
CON;22e Division A?rienne de le Congo
CON;23e Division A?rienne de le Congo
CON;24e Division A?rienne de le Congo
CON;25e Division A?rienne de le Congo
CON;26e Division A?rienne de le Congo
CON;27e Division A?rienne de le Congo
CON;28e Division A?rienne de le Congo
CON;29e Division A?rienne de le Congo
CON;30e Division A?rienne de le Congo
CON;31e Division A?rienne de le Congo
CON;32e Division A?rienne de le Congo
CON;33e Division A?rienne de le Congo
CON;34e Division A?rienne de le Congo
CON;35e Division A?rienne de le Congo
CON;36e Division A?rienne de le Congo
CON;37e Division A?rienne de le Congo
CON;38e Division A?rienne de le Congo
CON;39e Division A?rienne de le Congo
CON;40e Division A?rienne de le Congo
CON;41e Division A?rienne de le Congo
CON;42e Division A?rienne de le Congo
CON;43e Division A?rienne de le Congo
CON;44e Division A?rienne de le Congo
CON;45e Division A?rienne de le Congo
CON;46e Division A?rienne de le Congo
CON;47e Division A?rienne de le Congo
CON;48e Division A?rienne de le Congo
CON;49e Division A?rienne de le Congo
CON;50e Division A?rienne de le Congo
COS;I Flotilla A?rea de Costa Rica
COS;II Flotilla A?rea de Costa Rica
COS;III Flotilla A?rea de Costa Rica
COS;IV Flotilla A?rea de Costa Rica
COS;V Flotilla A?rea de Costa Rica
COS;VI Flotilla A?rea de Costa Rica
COS;VII Flotilla A?rea de Costa Rica
COS;VIII Flotilla A?rea de Costa Rica
COS;IX Flotilla A?rea de Costa Rica
COS;X Flotilla A?rea de Costa Rica
COS;XI Flotilla A?rea de Costa Rica
COS;XII Flotilla A?rea de Costa Rica
COS;XIII Flotilla A?rea de Costa Rica
COS;XIV Flotilla A?rea de Costa Rica
COS;XV Flotilla A?rea de Costa Rica
COS;XVI Flotilla A?rea de Costa Rica
COS;XVII Flotilla A?rea de Costa Rica
COS;XVIII Flotilla A?rea de Costa Rica
COS;XIX Flotilla A?rea de Costa Rica
COS;XX Flotilla A?rea de Costa Rica
COS;XXI Flotilla A?rea de Costa Rica
COS;XXII Flotilla A?rea de Costa Rica
COS;XXIII Flotilla A?rea de Costa Rica
COS;XXIV Flotilla A?rea de Costa Rica
COS;XXV Flotilla A?rea de Costa Rica
COS;XXVI Flotilla A?rea de Costa Rica
COS;XXVII Flotilla A?rea de Costa Rica
COS;XXVIII Flotilla A?rea de Costa Rica
COS;XXIX Flotilla A?rea de Costa Rica
COS;XXX Flotilla A?rea de Costa Rica
COS;XXXI Flotilla A?rea de Costa Rica
COS;XXXII Flotilla A?rea de Costa Rica
COS;XXXIII Flotilla A?rea de Costa Rica
COS;XXXIV Flotilla A?rea de Costa Rica
COS;XXXV Flotilla A?rea de Costa Rica
COS;XXXVI Flotilla A?rea de Costa Rica
COS;XXXVII Flotilla A?rea de Costa Rica
COS;XXXVIII Flotilla A?rea de Costa Rica
COS;XXXIX Flotilla A?rea de Costa Rica
COS;XL Flotilla A?rea de Costa Rica
COS;XLI Flotilla A?rea de Costa Rica
COS;XLII Flotilla A?rea de Costa Rica
COS;XLIII Flotilla A?rea de Costa Rica
COS;XLIV Flotilla A?rea de Costa Rica
COS;XLV Flotilla A?rea de Costa Rica
COS;XLVI Flotilla A?rea de Costa Rica
COS;XLVII Flotilla A?rea de Costa Rica
COS;XLVIII Flotilla A?rea de Costa Rica
COS;XLIX Flotilla A?rea de Costa Rica
COS;L Flotilla A?rea de Costa Rica
CRO;1. hrvatska zracna flota
CRO;2. hrvatska zracna flota
CRO;3. hrvatska zracna flota
CRO;4. hrvatska zracna flota
CRO;5. hrvatska zracna flota
CRO;6. hrvatska zracna flota
CRO;7. hrvatska zracna flota
CRO;8. hrvatska zracna flota
CRO;9. hrvatska zracna flota
CRO;10. hrvatska zracna flota
CRO;11. hrvatska zracna flota
CRO;12. hrvatska zracna flota
CRO;13. hrvatska zracna flota
CRO;14. hrvatska zracna flota
CRO;15. hrvatska zracna flota
CRO;16. hrvatska zracna flota
CRO;17. hrvatska zracna flota
CRO;18. hrvatska zracna flota
CRO;19. hrvatska zracna flota
CRO;20. hrvatska zracna flota
CRO;21. hrvatska zracna flota
CRO;22. hrvatska zracna flota
CRO;23. hrvatska zracna flota
CRO;24. hrvatska zracna flota
CRO;25. hrvatska zracna flota
CRO;26. hrvatska zracna flota
CRO;27. hrvatska zracna flota
CRO;28. hrvatska zracna flota
CRO;29. hrvatska zracna flota
CRO;30. hrvatska zracna flota
CRO;31. hrvatska zracna flota
CRO;32. hrvatska zracna flota
CRO;33. hrvatska zracna flota
CRO;34. hrvatska zracna flota
CRO;35. hrvatska zracna flota
CRO;36. hrvatska zracna flota
CRO;37. hrvatska zracna flota
CRO;38. hrvatska zracna flota
CRO;39. hrvatska zracna flota
CRO;40. hrvatska zracna flota
CRO;41. hrvatska zracna flota
CRO;42. hrvatska zracna flota
CRO;43. hrvatska zracna flota
CRO;44. hrvatska zracna flota
CRO;45. hrvatska zracna flota
CRO;46. hrvatska zracna flota
CRO;47. hrvatska zracna flota
CRO;48. hrvatska zracna flota
CRO;49. hrvatska zracna flota
CRO;50. hrvatska zracna flota
CSA;First Confederate Air Force
CSA;Second Confederate Air Force
CSA;Third Confederate Air Force
CSA;Fourth Confederate Air Force
CSA;Fifth Confederate Air Force
CSA;Sixth Confederate Air Force
CSA;Seventh Confederate Air Force
CSA;Eighth Confederate Air Force
CSA;Ninth Confederate Air Force
CSA;Tenth Confederate Air Force
CSA;Eleventh Confederate Air Force
CSA;Twelfth Confederate Air Force
CSA;Thirteenth Confederate Air Force
CSA;Fourteenth Confederate Air Force
CSA;Fifteenth Confederate Air Force
CSA;Sixteenth Confederate Air Force
CSA;Seventeenth Confederate Air Force
CSA;Eighteenth Confederate Air Force
CSA;Nineteenth Confederate Air Force
CSA;Twentieth Confederate Air Force
CSA;Twenty-First Confederate Air Force
CSA;Twenty-Second Confederate Air Force
CSA;Twenty-Third Confederate Air Force
CSA;Twenty-Fourth Confederate Air Force
CSA;Twenty-Fifth Confederate Air Force
CSA;Twenty-Sixth Confederate Air Force
CSA;Twenty-Seventh Confederate Air Force
CSA;Twenty-Eighth Confederate Air Force
CSA;Twenty-Ninth Confederate Air Force
CSA;Thirtieth Confederate Air Force
CSA;Thirty-First Confederate Air Force
CSA;Thirty-Second Confederate Air Force
CSA;Thirty-Third Confederate Air Force
CSA;Thirty-Fourth Confederate Air Force
CSA;Thirty-Fifth Confederate Air Force
CSA;Thirty-Sixth Confederate Air Force
CSA;Thirty-Seventh Confederate Air Force
CSA;Thirty-Eighth Confederate Air Force
CSA;Thirty-Ninth Confederate Air Force
CSA;Fortieth Confederate Air Force
CSA;Forty-First Confederate Air Force
CSA;Forty-Second Confederate Air Force
CSA;Forty-Third Confederate Air Force
CSA;Forty-Fourth Confederate Air Force
CSA;Forty-Fifth Confederate Air Force
CSA;Forty-Sixth Confederate Air Force
CSA;Forty-Seventh Confederate Air Force
CSA;Forty-Eighth Confederate Air Force
CSA;Forty-Ninth Confederate Air Force
CSA;Fiftieth Confederate Air Force
CSX;Di'1 Kongjun
CSX;Di'2 Kongjun
CSX;Di'3 Kongjun
CSX;Di'4 Kongjun
CSX;Di'5 Kongjun
CSX;Di'6 Kongjun
CSX;Di'7 Kongjun
CSX;Di'8 Kongjun
CSX;Di'9 Kongjun
CSX;Di'10 Kongjun
CSX;Di'11 Kongjun
CSX;Di'12 Kongjun
CSX;Di'13 Kongjun
CSX;Di'14 Kongjun
CSX;Di'15 Kongjun
CSX;Di'16 Kongjun
CSX;Di'17 Kongjun
CSX;Di'18 Kongjun
CSX;Di'19 Kongjun
CSX;Di'20 Kongjun
CSX;Di'21 Kongjun
CSX;Di'22 Kongjun
CSX;Di'23 Kongjun
CSX;Di'24 Kongjun
CSX;Di'25 Kongjun
CSX;Di'26 Kongjun
CSX;Di'27 Kongjun
CSX;Di'28 Kongjun
CSX;Di'29 Kongjun
CSX;Di'30 Kongjun
CSX;Di'31 Kongjun
CSX;Di'32 Kongjun
CSX;Di'33 Kongjun
CSX;Di'34 Kongjun
CSX;Di'35 Kongjun
CSX;Di'36 Kongjun
CSX;Di'37 Kongjun
CSX;Di'38 Kongjun
CSX;Di'39 Kongjun
CSX;Di'40 Kongjun
CSX;Di'41 Kongjun
CSX;Di'42 Kongjun
CSX;Di'43 Kongjun
CSX;Di'44 Kongjun
CSX;Di'45 Kongjun
CSX;Di'46 Kongjun
CSX;Di'47 Kongjun
CSX;Di'48 Kongjun
CSX;Di'49 Kongjun
CSX;Di'50 Kongjun
CUB;I Cuerpo de Aviaci?n cubano
CUB;II Cuerpo de Aviaci?n cubano
CUB;III Cuerpo de Aviaci?n cubano
CUB;IV Cuerpo de Aviaci?n cubano
CUB;V Cuerpo de Aviaci?n cubano
CUB;VI Cuerpo de Aviaci?n cubano
CUB;VII Cuerpo de Aviaci?n cubano
CUB;VIII Cuerpo de Aviaci?n cubano
CUB;IX Cuerpo de Aviaci?n cubano
CUB;X Cuerpo de Aviaci?n cubano
CUB;XI Cuerpo de Aviaci?n cubano
CUB;XII Cuerpo de Aviaci?n cubano
CUB;XIII Cuerpo de Aviaci?n cubano
CUB;XIV Cuerpo de Aviaci?n cubano
CUB;XV Cuerpo de Aviaci?n cubano
CUB;XVI Cuerpo de Aviaci?n cubano
CUB;XVII Cuerpo de Aviaci?n cubano
CUB;XVIII Cuerpo de Aviaci?n cubano
CUB;XIX Cuerpo de Aviaci?n cubano
CUB;XX Cuerpo de Aviaci?n cubano
CUB;XXI Cuerpo de Aviaci?n cubano
CUB;XXII Cuerpo de Aviaci?n cubano
CUB;XXIII Cuerpo de Aviaci?n cubano
CUB;XXIV Cuerpo de Aviaci?n cubano
CUB;XXV Cuerpo de Aviaci?n cubano
CUB;XXVI Cuerpo de Aviaci?n cubano
CUB;XXVII Cuerpo de Aviaci?n cubano
CUB;XXVIII Cuerpo de Aviaci?n cubano
CUB;XXIX Cuerpo de Aviaci?n cubano
CUB;XXX Cuerpo de Aviaci?n cubano
CUB;XXXI Cuerpo de Aviaci?n cubano
CUB;XXXII Cuerpo de Aviaci?n cubano
CUB;XXXIII Cuerpo de Aviaci?n cubano
CUB;XXXIV Cuerpo de Aviaci?n cubano
CUB;XXXV Cuerpo de Aviaci?n cubano
CUB;XXXVI Cuerpo de Aviaci?n cubano
CUB;XXXVII Cuerpo de Aviaci?n cubano
CUB;XXXVIII Cuerpo de Aviaci?n cubano
CUB;XXXIX Cuerpo de Aviaci?n cubano
CUB;XL Cuerpo de Aviaci?n cubano
CUB;XLI Cuerpo de Aviaci?n cubano
CUB;XLII Cuerpo de Aviaci?n cubano
CUB;XLIII Cuerpo de Aviaci?n cubano
CUB;XLIV Cuerpo de Aviaci?n cubano
CUB;XLV Cuerpo de Aviaci?n cubano
CUB;XLVI Cuerpo de Aviaci?n cubano
CUB;XLVII Cuerpo de Aviaci?n cubano
CUB;XLVIII Cuerpo de Aviaci?n cubano
CUB;XLIX Cuerpo de Aviaci?n cubano
CUB;L Cuerpo de Aviaci?n cubano
CXB;Di'1 Kongjun
CXB;Di'2 Kongjun
CXB;Di'3 Kongjun
CXB;Di'4 Kongjun
CXB;Di'5 Kongjun
CXB;Di'6 Kongjun
CXB;Di'7 Kongjun
CXB;Di'8 Kongjun
CXB;Di'9 Kongjun
CXB;Di'10 Kongjun
CXB;Di'11 Kongjun
CXB;Di'12 Kongjun
CXB;Di'13 Kongjun
CXB;Di'14 Kongjun
CXB;Di'15 Kongjun
CXB;Di'16 Kongjun
CXB;Di'17 Kongjun
CXB;Di'18 Kongjun
CXB;Di'19 Kongjun
CXB;Di'20 Kongjun
CXB;Di'21 Kongjun
CXB;Di'22 Kongjun
CXB;Di'23 Kongjun
CXB;Di'24 Kongjun
CXB;Di'25 Kongjun
CXB;Di'26 Kongjun
CXB;Di'27 Kongjun
CXB;Di'28 Kongjun
CXB;Di'29 Kongjun
CXB;Di'30 Kongjun
CXB;Di'31 Kongjun
CXB;Di'32 Kongjun
CXB;Di'33 Kongjun
CXB;Di'34 Kongjun
CXB;Di'35 Kongjun
CXB;Di'36 Kongjun
CXB;Di'37 Kongjun
CXB;Di'38 Kongjun
CXB;Di'39 Kongjun
CXB;Di'40 Kongjun
CXB;Di'41 Kongjun
CXB;Di'42 Kongjun
CXB;Di'43 Kongjun
CXB;Di'44 Kongjun
CXB;Di'45 Kongjun
CXB;Di'46 Kongjun
CXB;Di'47 Kongjun
CXB;Di'48 Kongjun
CXB;Di'49 Kongjun
CXB;Di'50 Kongjun
CYN;Di'1 Kongjun
CYN;Di'2 Kongjun
CYN;Di'3 Kongjun
CYN;Di'4 Kongjun
CYN;Di'5 Kongjun
CYN;Di'6 Kongjun
CYN;Di'7 Kongjun
CYN;Di'8 Kongjun
CYN;Di'9 Kongjun
CYN;Di'10 Kongjun
CYN;Di'11 Kongjun
CYN;Di'12 Kongjun
CYN;Di'13 Kongjun
CYN;Di'14 Kongjun
CYN;Di'15 Kongjun
CYN;Di'16 Kongjun
CYN;Di'17 Kongjun
CYN;Di'18 Kongjun
CYN;Di'19 Kongjun
CYN;Di'20 Kongjun
CYN;Di'21 Kongjun
CYN;Di'22 Kongjun
CYN;Di'23 Kongjun
CYN;Di'24 Kongjun
CYN;Di'25 Kongjun
CYN;Di'26 Kongjun
CYN;Di'27 Kongjun
CYN;Di'28 Kongjun
CYN;Di'29 Kongjun
CYN;Di'30 Kongjun
CYN;Di'31 Kongjun
CYN;Di'32 Kongjun
CYN;Di'33 Kongjun
CYN;Di'34 Kongjun
CYN;Di'35 Kongjun
CYN;Di'36 Kongjun
CYN;Di'37 Kongjun
CYN;Di'38 Kongjun
CYN;Di'39 Kongjun
CYN;Di'40 Kongjun
CYN;Di'41 Kongjun
CYN;Di'42 Kongjun
CYN;Di'43 Kongjun
CYN;Di'44 Kongjun
CYN;Di'45 Kongjun
CYN;Di'46 Kongjun
CYN;Di'47 Kongjun
CYN;Di'48 Kongjun
CYN;Di'49 Kongjun
CYN;Di'50 Kongjun
CYP;I Kypros Polemiki Aeroporia
CYP;II Kypros Polemiki Aeroporia
CYP;III Kypros Polemiki Aeroporia
CYP;IV Kypros Polemiki Aeroporia
CYP;V Kypros Polemiki Aeroporia
CYP;VI Kypros Polemiki Aeroporia
CYP;VII Kypros Polemiki Aeroporia
CYP;VIII Kypros Polemiki Aeroporia
CYP;IX Kypros Polemiki Aeroporia
CYP;X Kypros Polemiki Aeroporia
CYP;XI Kypros Polemiki Aeroporia
CYP;XII Kypros Polemiki Aeroporia
CYP;XIII Kypros Polemiki Aeroporia
CYP;XIV Kypros Polemiki Aeroporia
CYP;XV Kypros Polemiki Aeroporia
CYP;XVI Kypros Polemiki Aeroporia
CYP;XVII Kypros Polemiki Aeroporia
CYP;XVIII Kypros Polemiki Aeroporia
CYP;XIX Kypros Polemiki Aeroporia
CYP;XX Kypros Polemiki Aeroporia
CYP;XXI Kypros Polemiki Aeroporia
CYP;XXII Kypros Polemiki Aeroporia
CYP;XXIII Kypros Polemiki Aeroporia
CYP;XXIV Kypros Polemiki Aeroporia
CYP;XXV Kypros Polemiki Aeroporia
CYP;XXVI Kypros Polemiki Aeroporia
CYP;XXVII Kypros Polemiki Aeroporia
CYP;XXVIII Kypros Polemiki Aeroporia
CYP;XXIX Kypros Polemiki Aeroporia
CYP;XXX Kypros Polemiki Aeroporia
CYP;XXXI Kypros Polemiki Aeroporia
CYP;XXXII Kypros Polemiki Aeroporia
CYP;XXXIII Kypros Polemiki Aeroporia
CYP;XXXIV Kypros Polemiki Aeroporia
CYP;XXXV Kypros Polemiki Aeroporia
CYP;XXXVI Kypros Polemiki Aeroporia
CYP;XXXVII Kypros Polemiki Aeroporia
CYP;XXXVIII Kypros Polemiki Aeroporia
CYP;XXXIX Kypros Polemiki Aeroporia
CYP;XL Kypros Polemiki Aeroporia
CYP;XLI Kypros Polemiki Aeroporia
CYP;XLII Kypros Polemiki Aeroporia
CYP;XLIII Kypros Polemiki Aeroporia
CYP;XLIV Kypros Polemiki Aeroporia
CYP;XLV Kypros Polemiki Aeroporia
CYP;XLVI Kypros Polemiki Aeroporia
CYP;XLVII Kypros Polemiki Aeroporia
CYP;XLVIII Kypros Polemiki Aeroporia
CYP;XLIX Kypros Polemiki Aeroporia
CYP;L Kypros Polemiki Aeroporia
CZE;I. Cechoslov?k Vzdusn? S?ly Arm?dy
CZE;II. Cechoslov?k Vzdusn? S?ly Arm?dy
CZE;III. Cechoslov?k Vzdusn? S?ly Arm?dy
CZE;IV. Cechoslov?k Vzdusn? S?ly Arm?dy
CZE;V. Cechoslov?k Vzdusn? S?ly Arm?dy
CZE;VI. Cechoslov?k Vzdusn? S?ly Arm?dy
CZE;VII. Cechoslov?k Vzdusn? S?ly Arm?dy
CZE;VIII. Cechoslov?k Vzdusn? S?ly Arm?dy
CZE;IX. Cechoslov?k Vzdusn? S?ly Arm?dy
CZE;X. Cechoslov?k Vzdusn? S?ly Arm?dy
CZE;XI. Cechoslov?k Vzdusn? S?ly Arm?dy
CZE;XII. Cechoslov?k Vzdusn? S?ly Arm?dy
CZE;XIII. Cechoslov?k Vzdusn? S?ly Arm?dy
CZE;XIV. Cechoslov?k Vzdusn? S?ly Arm?dy
CZE;XV. Cechoslov?k Vzdusn? S?ly Arm?dy
CZE;XVI. Cechoslov?k Vzdusn? S?ly Arm?dy
CZE;XVII. Cechoslov?k Vzdusn? S?ly Arm?dy
CZE;XVIII. Cechoslov?k Vzdusn? S?ly Arm?dy
CZE;XIX. Cechoslov?k Vzdusn? S?ly Arm?dy
CZE;XX. Cechoslov?k Vzdusn? S?ly Arm?dy
CZE;XXI. Cechoslov?k Vzdusn? S?ly Arm?dy
CZE;XXII. Cechoslov?k Vzdusn? S?ly Arm?dy
CZE;XXIII. Cechoslov?k Vzdusn? S?ly Arm?dy
CZE;XXIV. Cechoslov?k Vzdusn? S?ly Arm?dy
CZE;XXV. Cechoslov?k Vzdusn? S?ly Arm?dy
CZE;XXVI. Cechoslov?k Vzdusn? S?ly Arm?dy
CZE;XXVII. Cechoslov?k Vzdusn? S?ly Arm?dy
CZE;XXVIII. Cechoslov?k Vzdusn? S?ly Arm?dy
CZE;XXIX. Cechoslov?k Vzdusn? S?ly Arm?dy
CZE;XXX. Cechoslov?k Vzdusn? S?ly Arm?dy
CZE;XXXI. Cechoslov?k Vzdusn? S?ly Arm?dy
CZE;XXXII. Cechoslov?k Vzdusn? S?ly Arm?dy
CZE;XXXIII. Cechoslov?k Vzdusn? S?ly Arm?dy
CZE;XXXIV. Cechoslov?k Vzdusn? S?ly Arm?dy
CZE;XXXV. Cechoslov?k Vzdusn? S?ly Arm?dy
CZE;XXXVI. Cechoslov?k Vzdusn? S?ly Arm?dy
CZE;XXXVII. Cechoslov?k Vzdusn? S?ly Arm?dy
CZE;XXXVIII. Cechoslov?k Vzdusn? S?ly Arm?dy
CZE;XXXIX. Cechoslov?k Vzdusn? S?ly Arm?dy
CZE;XL. Cechoslov?k Vzdusn? S?ly Arm?dy
CZE;XLI. Cechoslov?k Vzdusn? S?ly Arm?dy
CZE;XLII. Cechoslov?k Vzdusn? S?ly Arm?dy
CZE;XLIII. Cechoslov?k Vzdusn? S?ly Arm?dy
CZE;XLIV. Cechoslov?k Vzdusn? S?ly Arm?dy
CZE;XLV. Cechoslov?k Vzdusn? S?ly Arm?dy
CZE;XLVI. Cechoslov?k Vzdusn? S?ly Arm?dy
CZE;XLVII. Cechoslov?k Vzdusn? S?ly Arm?dy
CZE;XLVIII. Cechoslov?k Vzdusn? S?ly Arm?dy
CZE;XLIX. Cechoslov?k Vzdusn? S?ly Arm?dy
CZE;L. Cechoslov?k Vzdusn? S?ly Arm?dy
DDR;1. Luftverteidigungsdivision
DDR;2. Luftverteidigungsdivision
DDR;3. Luftverteidigungsdivision
DDR;4. Luftverteidigungsdivision
DDR;5. Luftverteidigungsdivision
DDR;6. Luftverteidigungsdivision
DDR;7. Luftverteidigungsdivision
DDR;8. Luftverteidigungsdivision
DDR;9. Luftverteidigungsdivision
DDR;10. Luftverteidigungsdivision
DDR;11. Luftverteidigungsdivision
DDR;12. Luftverteidigungsdivision
DDR;13. Luftverteidigungsdivision
DDR;14. Luftverteidigungsdivision
DDR;15. Luftverteidigungsdivision
DDR;16. Luftverteidigungsdivision
DDR;17. Luftverteidigungsdivision
DDR;18. Luftverteidigungsdivision
DDR;19. Luftverteidigungsdivision
DDR;20. Luftverteidigungsdivision
DDR;21. Luftverteidigungsdivision
DDR;22. Luftverteidigungsdivision
DDR;23. Luftverteidigungsdivision
DDR;24. Luftverteidigungsdivision
DDR;25. Luftverteidigungsdivision
DDR;26. Luftverteidigungsdivision
DDR;27. Luftverteidigungsdivision
DDR;28. Luftverteidigungsdivision
DDR;29. Luftverteidigungsdivision
DDR;30. Luftverteidigungsdivision
DDR;31. Luftverteidigungsdivision
DDR;32. Luftverteidigungsdivision
DDR;33. Luftverteidigungsdivision
DDR;34. Luftverteidigungsdivision
DDR;35. Luftverteidigungsdivision
DDR;36. Luftverteidigungsdivision
DDR;37. Luftverteidigungsdivision
DDR;38. Luftverteidigungsdivision
DDR;39. Luftverteidigungsdivision
DDR;40. Luftverteidigungsdivision
DDR;41. Luftverteidigungsdivision
DDR;42. Luftverteidigungsdivision
DDR;43. Luftverteidigungsdivision
DDR;44. Luftverteidigungsdivision
DDR;45. Luftverteidigungsdivision
DDR;46. Luftverteidigungsdivision
DDR;47. Luftverteidigungsdivision
DDR;48. Luftverteidigungsdivision
DDR;49. Luftverteidigungsdivision
DDR;50. Luftverteidigungsdivision
DDR;51. Luftverteidigungsdivision
DDR;52. Luftverteidigungsdivision
DDR;53. Luftverteidigungsdivision
DDR;54. Luftverteidigungsdivision
DDR;55. Luftverteidigungsdivision
DDR;56. Luftverteidigungsdivision
DDR;57. Luftverteidigungsdivision
DDR;58. Luftverteidigungsdivision
DDR;59. Luftverteidigungsdivision
DDR;60. Luftverteidigungsdivision
DDR;61. Luftverteidigungsdivision
DDR;62. Luftverteidigungsdivision
DDR;63. Luftverteidigungsdivision
DDR;64. Luftverteidigungsdivision
DDR;65. Luftverteidigungsdivision
DDR;66. Luftverteidigungsdivision
DDR;67. Luftverteidigungsdivision
DDR;68. Luftverteidigungsdivision
DDR;69. Luftverteidigungsdivision
DDR;70. Luftverteidigungsdivision
DDR;71. Luftverteidigungsdivision
DDR;72. Luftverteidigungsdivision
DDR;73. Luftverteidigungsdivision
DDR;74. Luftverteidigungsdivision
DDR;75. Luftverteidigungsdivision
DDR;76. Luftverteidigungsdivision
DDR;77. Luftverteidigungsdivision
DDR;78. Luftverteidigungsdivision
DDR;79. Luftverteidigungsdivision
DDR;80. Luftverteidigungsdivision
DDR;81. Luftverteidigungsdivision
DDR;82. Luftverteidigungsdivision
DDR;83. Luftverteidigungsdivision
DDR;84. Luftverteidigungsdivision
DDR;85. Luftverteidigungsdivision
DDR;86. Luftverteidigungsdivision
DDR;87. Luftverteidigungsdivision
DDR;88. Luftverteidigungsdivision
DDR;89. Luftverteidigungsdivision
DDR;90. Luftverteidigungsdivision
DDR;91. Luftverteidigungsdivision
DDR;92. Luftverteidigungsdivision
DDR;93. Luftverteidigungsdivision
DDR;94. Luftverteidigungsdivision
DDR;95. Luftverteidigungsdivision
DDR;96. Luftverteidigungsdivision
DDR;97. Luftverteidigungsdivision
DDR;98. Luftverteidigungsdivision
DDR;99. Luftverteidigungsdivision
DDR;100. Luftverteidigungsdivision
DEN;I Danske Flyverkorps
DEN;II Danske Flyverkorps
DEN;III Danske Flyverkorps
DEN;IV Danske Flyverkorps
DEN;V Danske Flyverkorps
DEN;VI Danske Flyverkorps
DEN;VII Danske Flyverkorps
DEN;VIII Danske Flyverkorps
DEN;IX Danske Flyverkorps
DEN;X Danske Flyverkorps
DEN;XI Danske Flyverkorps
DEN;XII Danske Flyverkorps
DEN;XIII Danske Flyverkorps
DEN;XIV Danske Flyverkorps
DEN;XV Danske Flyverkorps
DEN;XVI Danske Flyverkorps
DEN;XVII Danske Flyverkorps
DEN;XVIII Danske Flyverkorps
DEN;XIX Danske Flyverkorps
DEN;XX Danske Flyverkorps
DEN;XXI Danske Flyverkorps
DEN;XXII Danske Flyverkorps
DEN;XXIII Danske Flyverkorps
DEN;XXIV Danske Flyverkorps
DEN;XXV Danske Flyverkorps
DEN;XXVI Danske Flyverkorps
DEN;XXVII Danske Flyverkorps
DEN;XXVIII Danske Flyverkorps
DEN;XXIX Danske Flyverkorps
DEN;XXX Danske Flyverkorps
DEN;XXXI Danske Flyverkorps
DEN;XXXII Danske Flyverkorps
DEN;XXXIII Danske Flyverkorps
DEN;XXXIV Danske Flyverkorps
DEN;XXXV Danske Flyverkorps
DEN;XXXVI Danske Flyverkorps
DEN;XXXVII Danske Flyverkorps
DEN;XXXVIII Danske Flyverkorps
DEN;XXXIX Danske Flyverkorps
DEN;XL Danske Flyverkorps
DEN;XLI Danske Flyverkorps
DEN;XLII Danske Flyverkorps
DEN;XLIII Danske Flyverkorps
DEN;XLIV Danske Flyverkorps
DEN;XLV Danske Flyverkorps
DEN;XLVI Danske Flyverkorps
DEN;XLVII Danske Flyverkorps
DEN;XLVIII Danske Flyverkorps
DEN;XLIX Danske Flyverkorps
DEN;L Danske Flyverkorps
DFR;1. Luftwaffendivision
DFR;2. Luftwaffendivision
DFR;3. Luftwaffendivision
DFR;4. Luftwaffendivision
DFR;5. Luftwaffendivision
DFR;6. Luftwaffendivision
DFR;7. Luftwaffendivision
DFR;8. Luftwaffendivision
DFR;9. Luftwaffendivision
DFR;10. Luftwaffendivision
DFR;11. Luftwaffendivision
DFR;12. Luftwaffendivision
DFR;13. Luftwaffendivision
DFR;14. Luftwaffendivision
DFR;15. Luftwaffendivision
DFR;16. Luftwaffendivision
DFR;17. Luftwaffendivision
DFR;18. Luftwaffendivision
DFR;19. Luftwaffendivision
DFR;20. Luftwaffendivision
DFR;21. Luftwaffendivision
DFR;22. Luftwaffendivision
DFR;23. Luftwaffendivision
DFR;24. Luftwaffendivision
DFR;25. Luftwaffendivision
DFR;26. Luftwaffendivision
DFR;27. Luftwaffendivision
DFR;28. Luftwaffendivision
DFR;29. Luftwaffendivision
DFR;30. Luftwaffendivision
DFR;31. Luftwaffendivision
DFR;32. Luftwaffendivision
DFR;33. Luftwaffendivision
DFR;34. Luftwaffendivision
DFR;35. Luftwaffendivision
DFR;36. Luftwaffendivision
DFR;37. Luftwaffendivision
DFR;38. Luftwaffendivision
DFR;39. Luftwaffendivision
DFR;40. Luftwaffendivision
DFR;41. Luftwaffendivision
DFR;42. Luftwaffendivision
DFR;43. Luftwaffendivision
DFR;44. Luftwaffendivision
DFR;45. Luftwaffendivision
DFR;46. Luftwaffendivision
DFR;47. Luftwaffendivision
DFR;48. Luftwaffendivision
DFR;49. Luftwaffendivision
DFR;50. Luftwaffendivision
DFR;51. Luftwaffendivision
DFR;52. Luftwaffendivision
DFR;53. Luftwaffendivision
DFR;54. Luftwaffendivision
DFR;55. Luftwaffendivision
DFR;56. Luftwaffendivision
DFR;57. Luftwaffendivision
DFR;58. Luftwaffendivision
DFR;59. Luftwaffendivision
DFR;60. Luftwaffendivision
DFR;61. Luftwaffendivision
DFR;62. Luftwaffendivision
DFR;63. Luftwaffendivision
DFR;64. Luftwaffendivision
DFR;65. Luftwaffendivision
DFR;66. Luftwaffendivision
DFR;67. Luftwaffendivision
DFR;68. Luftwaffendivision
DFR;69. Luftwaffendivision
DFR;70. Luftwaffendivision
DFR;71. Luftwaffendivision
DFR;72. Luftwaffendivision
DFR;73. Luftwaffendivision
DFR;74. Luftwaffendivision
DFR;75. Luftwaffendivision
DFR;76. Luftwaffendivision
DFR;77. Luftwaffendivision
DFR;78. Luftwaffendivision
DFR;79. Luftwaffendivision
DFR;80. Luftwaffendivision
DFR;81. Luftwaffendivision
DFR;82. Luftwaffendivision
DFR;83. Luftwaffendivision
DFR;84. Luftwaffendivision
DFR;85. Luftwaffendivision
DFR;86. Luftwaffendivision
DFR;87. Luftwaffendivision
DFR;88. Luftwaffendivision
DFR;89. Luftwaffendivision
DFR;90. Luftwaffendivision
DFR;91. Luftwaffendivision
DFR;92. Luftwaffendivision
DFR;93. Luftwaffendivision
DFR;94. Luftwaffendivision
DFR;95. Luftwaffendivision
DFR;96. Luftwaffendivision
DFR;97. Luftwaffendivision
DFR;98. Luftwaffendivision
DFR;99. Luftwaffendivision
DFR;100. Luftwaffendivision
DOM;I Cuerpo de Aviaci?n dominicano
DOM;II Cuerpo de Aviaci?n dominicano
DOM;III Cuerpo de Aviaci?n dominicano
DOM;IV Cuerpo de Aviaci?n dominicano
DOM;V Cuerpo de Aviaci?n dominicano
DOM;VI Cuerpo de Aviaci?n dominicano
DOM;VII Cuerpo de Aviaci?n dominicano
DOM;VIII Cuerpo de Aviaci?n dominicano
DOM;IX Cuerpo de Aviaci?n dominicano
DOM;X Cuerpo de Aviaci?n dominicano
DOM;XI Cuerpo de Aviaci?n dominicano
DOM;XII Cuerpo de Aviaci?n dominicano
DOM;XIII Cuerpo de Aviaci?n dominicano
DOM;XIV Cuerpo de Aviaci?n dominicano
DOM;XV Cuerpo de Aviaci?n dominicano
DOM;XVI Cuerpo de Aviaci?n dominicano
DOM;XVII Cuerpo de Aviaci?n dominicano
DOM;XVIII Cuerpo de Aviaci?n dominicano
DOM;XIX Cuerpo de Aviaci?n dominicano
DOM;XX Cuerpo de Aviaci?n dominicano
DOM;XXI Cuerpo de Aviaci?n dominicano
DOM;XXII Cuerpo de Aviaci?n dominicano
DOM;XXIII Cuerpo de Aviaci?n dominicano
DOM;XXIV Cuerpo de Aviaci?n dominicano
DOM;XXV Cuerpo de Aviaci?n dominicano
DOM;XXVI Cuerpo de Aviaci?n dominicano
DOM;XXVII Cuerpo de Aviaci?n dominicano
DOM;XXVIII Cuerpo de Aviaci?n dominicano
DOM;XXIX Cuerpo de Aviaci?n dominicano
DOM;XXX Cuerpo de Aviaci?n dominicano
DOM;XXXI Cuerpo de Aviaci?n dominicano
DOM;XXXII Cuerpo de Aviaci?n dominicano
DOM;XXXIII Cuerpo de Aviaci?n dominicano
DOM;XXXIV Cuerpo de Aviaci?n dominicano
DOM;XXXV Cuerpo de Aviaci?n dominicano
DOM;XXXVI Cuerpo de Aviaci?n dominicano
DOM;XXXVII Cuerpo de Aviaci?n dominicano
DOM;XXXVIII Cuerpo de Aviaci?n dominicano
DOM;XXXIX Cuerpo de Aviaci?n dominicano
DOM;XL Cuerpo de Aviaci?n dominicano
DOM;XLI Cuerpo de Aviaci?n dominicano
DOM;XLII Cuerpo de Aviaci?n dominicano
DOM;XLIII Cuerpo de Aviaci?n dominicano
DOM;XLIV Cuerpo de Aviaci?n dominicano
DOM;XLV Cuerpo de Aviaci?n dominicano
DOM;XLVI Cuerpo de Aviaci?n dominicano
DOM;XLVII Cuerpo de Aviaci?n dominicano
DOM;XLVIII Cuerpo de Aviaci?n dominicano
DOM;XLIX Cuerpo de Aviaci?n dominicano
DOM;L Cuerpo de Aviaci?n dominicano
EAF;No.1 East African Air Command
EAF;No.2 East African Air Command
EAF;No.3 East African Air Command
EAF;No.4 East African Air Command
EAF;No.5 East African Air Command
EAF;No.6 East African Air Command
EAF;No.7 East African Air Command
EAF;No.8 East African Air Command
EAF;No.9 East African Air Command
EAF;No.10 East African Air Command
EAF;No.11 East African Air Command
EAF;No.12 East African Air Command
EAF;No.13 East African Air Command
EAF;No.14 East African Air Command
EAF;No.15 East African Air Command
EAF;No.16 East African Air Command
EAF;No.17 East African Air Command
EAF;No.18 East African Air Command
EAF;No.19 East African Air Command
EAF;No.20 East African Air Command
EAF;No.21 East African Air Command
EAF;No.22 East African Air Command
EAF;No.23 East African Air Command
EAF;No.24 East African Air Command
EAF;No.25 East African Air Command
EAF;No.26 East African Air Command
EAF;No.27 East African Air Command
EAF;No.28 East African Air Command
EAF;No.29 East African Air Command
EAF;No.30 East African Air Command
EAF;No.31 East African Air Command
EAF;No.32 East African Air Command
EAF;No.33 East African Air Command
EAF;No.34 East African Air Command
EAF;No.35 East African Air Command
EAF;No.36 East African Air Command
EAF;No.37 East African Air Command
EAF;No.38 East African Air Command
EAF;No.39 East African Air Command
EAF;No.40 East African Air Command
EAF;No.41 East African Air Command
EAF;No.42 East African Air Command
EAF;No.43 East African Air Command
EAF;No.44 East African Air Command
EAF;No.45 East African Air Command
EAF;No.46 East African Air Command
EAF;No.47 East African Air Command
EAF;No.48 East African Air Command
EAF;No.49 East African Air Command
EAF;No.50 East African Air Command
ECU;I Cuerpo de Aviaci?n ecuatoriano
ECU;II Cuerpo de Aviaci?n ecuatoriano
ECU;III Cuerpo de Aviaci?n ecuatoriano
ECU;IV Cuerpo de Aviaci?n ecuatoriano
ECU;V Cuerpo de Aviaci?n ecuatoriano
ECU;VI Cuerpo de Aviaci?n ecuatoriano
ECU;VII Cuerpo de Aviaci?n ecuatoriano
ECU;VIII Cuerpo de Aviaci?n ecuatoriano
ECU;IX Cuerpo de Aviaci?n ecuatoriano
ECU;X Cuerpo de Aviaci?n ecuatoriano
ECU;XI Cuerpo de Aviaci?n ecuatoriano
ECU;XII Cuerpo de Aviaci?n ecuatoriano
ECU;XIII Cuerpo de Aviaci?n ecuatoriano
ECU;XIV Cuerpo de Aviaci?n ecuatoriano
ECU;XV Cuerpo de Aviaci?n ecuatoriano
ECU;XVI Cuerpo de Aviaci?n ecuatoriano
ECU;XVII Cuerpo de Aviaci?n ecuatoriano
ECU;XVIII Cuerpo de Aviaci?n ecuatoriano
ECU;XIX Cuerpo de Aviaci?n ecuatoriano
ECU;XX Cuerpo de Aviaci?n ecuatoriano
ECU;XXI Cuerpo de Aviaci?n ecuatoriano
ECU;XXII Cuerpo de Aviaci?n ecuatoriano
ECU;XXIII Cuerpo de Aviaci?n ecuatoriano
ECU;XXIV Cuerpo de Aviaci?n ecuatoriano
ECU;XXV Cuerpo de Aviaci?n ecuatoriano
ECU;XXVI Cuerpo de Aviaci?n ecuatoriano
ECU;XXVII Cuerpo de Aviaci?n ecuatoriano
ECU;XXVIII Cuerpo de Aviaci?n ecuatoriano
ECU;XXIX Cuerpo de Aviaci?n ecuatoriano
ECU;XXX Cuerpo de Aviaci?n ecuatoriano
ECU;XXXI Cuerpo de Aviaci?n ecuatoriano
ECU;XXXII Cuerpo de Aviaci?n ecuatoriano
ECU;XXXIII Cuerpo de Aviaci?n ecuatoriano
ECU;XXXIV Cuerpo de Aviaci?n ecuatoriano
ECU;XXXV Cuerpo de Aviaci?n ecuatoriano
ECU;XXXVI Cuerpo de Aviaci?n ecuatoriano
ECU;XXXVII Cuerpo de Aviaci?n ecuatoriano
ECU;XXXVIII Cuerpo de Aviaci?n ecuatoriano
ECU;XXXIX Cuerpo de Aviaci?n ecuatoriano
ECU;XL Cuerpo de Aviaci?n ecuatoriano
ECU;XLI Cuerpo de Aviaci?n ecuatoriano
ECU;XLII Cuerpo de Aviaci?n ecuatoriano
ECU;XLIII Cuerpo de Aviaci?n ecuatoriano
ECU;XLIV Cuerpo de Aviaci?n ecuatoriano
ECU;XLV Cuerpo de Aviaci?n ecuatoriano
ECU;XLVI Cuerpo de Aviaci?n ecuatoriano
ECU;XLVII Cuerpo de Aviaci?n ecuatoriano
ECU;XLVIII Cuerpo de Aviaci?n ecuatoriano
ECU;XLIX Cuerpo de Aviaci?n ecuatoriano
ECU;L Cuerpo de Aviaci?n ecuatoriano
EGY;1. al-Quwat al-Gawwiya al-Misriya
EGY;2. al-Quwat al-Gawwiya al-Misriya
EGY;3. al-Quwat al-Gawwiya al-Misriya
EGY;4. al-Quwat al-Gawwiya al-Misriya
EGY;5. al-Quwat al-Gawwiya al-Misriya
EGY;6. al-Quwat al-Gawwiya al-Misriya
EGY;7. al-Quwat al-Gawwiya al-Misriya
EGY;8. al-Quwat al-Gawwiya al-Misriya
EGY;9. al-Quwat al-Gawwiya al-Misriya
EGY;10. al-Quwat al-Gawwiya al-Misriya
EGY;11. al-Quwat al-Gawwiya al-Misriya
EGY;12. al-Quwat al-Gawwiya al-Misriya
EGY;13. al-Quwat al-Gawwiya al-Misriya
EGY;14. al-Quwat al-Gawwiya al-Misriya
EGY;15. al-Quwat al-Gawwiya al-Misriya
EGY;16. al-Quwat al-Gawwiya al-Misriya
EGY;17. al-Quwat al-Gawwiya al-Misriya
EGY;18. al-Quwat al-Gawwiya al-Misriya
EGY;19. al-Quwat al-Gawwiya al-Misriya
EGY;20. al-Quwat al-Gawwiya al-Misriya
EGY;21. al-Quwat al-Gawwiya al-Misriya
EGY;22. al-Quwat al-Gawwiya al-Misriya
EGY;23. al-Quwat al-Gawwiya al-Misriya
EGY;24. al-Quwat al-Gawwiya al-Misriya
EGY;25. al-Quwat al-Gawwiya al-Misriya
EGY;26. al-Quwat al-Gawwiya al-Misriya
EGY;27. al-Quwat al-Gawwiya al-Misriya
EGY;28. al-Quwat al-Gawwiya al-Misriya
EGY;29. al-Quwat al-Gawwiya al-Misriya
EGY;30. al-Quwat al-Gawwiya al-Misriya
EGY;31. al-Quwat al-Gawwiya al-Misriya
EGY;32. al-Quwat al-Gawwiya al-Misriya
EGY;33. al-Quwat al-Gawwiya al-Misriya
EGY;34. al-Quwat al-Gawwiya al-Misriya
EGY;35. al-Quwat al-Gawwiya al-Misriya
EGY;36. al-Quwat al-Gawwiya al-Misriya
EGY;37. al-Quwat al-Gawwiya al-Misriya
EGY;38. al-Quwat al-Gawwiya al-Misriya
EGY;39. al-Quwat al-Gawwiya al-Misriya
EGY;40. al-Quwat al-Gawwiya al-Misriya
EGY;41. al-Quwat al-Gawwiya al-Misriya
EGY;42. al-Quwat al-Gawwiya al-Misriya
EGY;43. al-Quwat al-Gawwiya al-Misriya
EGY;44. al-Quwat al-Gawwiya al-Misriya
EGY;45. al-Quwat al-Gawwiya al-Misriya
EGY;46. al-Quwat al-Gawwiya al-Misriya
EGY;47. al-Quwat al-Gawwiya al-Misriya
EGY;48. al-Quwat al-Gawwiya al-Misriya
EGY;49. al-Quwat al-Gawwiya al-Misriya
EGY;50. al-Quwat al-Gawwiya al-Misriya
ENG;No.1 RAF Command
ENG;No.2 RAF Command
ENG;No.3 RAF Command
ENG;No.4 RAF Command
ENG;No.5 RAF Command
ENG;No.6 RAF Command
ENG;No.7 RAF Command
ENG;No.8 RAF Command
ENG;No.9 RAF Command
ENG;No.10 RAF Command
ENG;No.11 RAF Command
ENG;No.12 RAF Command
ENG;No.13 RAF Command
ENG;No.14 RAF Command
ENG;No.15 RAF Command
ENG;No.16 RAF Command
ENG;No.17 RAF Command
ENG;No.18 RAF Command
ENG;No.19 RAF Command
ENG;No.20 RAF Command
ENG;No.21 RAF Command
ENG;No.22 RAF Command
ENG;No.23 RAF Command
ENG;No.24 RAF Command
ENG;No.25 RAF Command
ENG;No.26 RAF Command
ENG;No.27 RAF Command
ENG;No.28 RAF Command
ENG;No.29 RAF Command
ENG;No.30 RAF Command
ENG;No.31 RAF Command
ENG;No.32 RAF Command
ENG;No.33 RAF Command
ENG;No.34 RAF Command
ENG;No.35 RAF Command
ENG;No.36 RAF Command
ENG;No.37 RAF Command
ENG;No.38 RAF Command
ENG;No.39 RAF Command
ENG;No.40 RAF Command
ENG;No.41 RAF Command
ENG;No.42 RAF Command
ENG;No.43 RAF Command
ENG;No.44 RAF Command
ENG;No.45 RAF Command
ENG;No.46 RAF Command
ENG;No.47 RAF Command
ENG;No.48 RAF Command
ENG;No.49 RAF Command
ENG;No.50 RAF Command
ENG;No.51 RAF Command
ENG;No.52 RAF Command
ENG;No.53 RAF Command
ENG;No.54 RAF Command
ENG;No.55 RAF Command
ENG;No.56 RAF Command
ENG;No.57 RAF Command
ENG;No.58 RAF Command
ENG;No.59 RAF Command
ENG;No.60 RAF Command
ENG;No.61 RAF Command
ENG;No.62 RAF Command
ENG;No.63 RAF Command
ENG;No.64 RAF Command
ENG;No.65 RAF Command
ENG;No.66 RAF Command
ENG;No.67 RAF Command
ENG;No.68 RAF Command
ENG;No.69 RAF Command
ENG;No.70 RAF Command
ENG;No.71 RAF Command
ENG;No.72 RAF Command
ENG;No.73 RAF Command
ENG;No.74 RAF Command
ENG;No.75 RAF Command
ENG;No.76 RAF Command
ENG;No.77 RAF Command
ENG;No.78 RAF Command
ENG;No.79 RAF Command
ENG;No.80 RAF Command
ENG;No.81 RAF Command
ENG;No.82 RAF Command
ENG;No.83 RAF Command
ENG;No.84 RAF Command
ENG;No.85 RAF Command
ENG;No.86 RAF Command
ENG;No.87 RAF Command
ENG;No.88 RAF Command
ENG;No.89 RAF Command
ENG;No.90 RAF Command
ENG;No.91 RAF Command
ENG;No.92 RAF Command
ENG;No.93 RAF Command
ENG;No.94 RAF Command
ENG;No.95 RAF Command
ENG;No.96 RAF Command
ENG;No.97 RAF Command
ENG;No.98 RAF Command
ENG;No.99 RAF Command
ENG;No.100 RAF Command
EQA;1re Division A?rienne de l'Afrique ?quatoriale
EQA;2e Division A?rienne de l'Afrique ?quatoriale
EQA;3e Division A?rienne de l'Afrique ?quatoriale
EQA;4e Division A?rienne de l'Afrique ?quatoriale
EQA;5e Division A?rienne de l'Afrique ?quatoriale
EQA;6e Division A?rienne de l'Afrique ?quatoriale
EQA;7e Division A?rienne de l'Afrique ?quatoriale
EQA;8e Division A?rienne de l'Afrique ?quatoriale
EQA;9e Division A?rienne de l'Afrique ?quatoriale
EQA;10e Division A?rienne de l'Afrique ?quatoriale
EQA;11e Division A?rienne de l'Afrique ?quatoriale
EQA;12e Division A?rienne de l'Afrique ?quatoriale
EQA;13e Division A?rienne de l'Afrique ?quatoriale
EQA;14e Division A?rienne de l'Afrique ?quatoriale
EQA;15e Division A?rienne de l'Afrique ?quatoriale
EQA;16e Division A?rienne de l'Afrique ?quatoriale
EQA;17e Division A?rienne de l'Afrique ?quatoriale
EQA;18e Division A?rienne de l'Afrique ?quatoriale
EQA;19e Division A?rienne de l'Afrique ?quatoriale
EQA;20e Division A?rienne de l'Afrique ?quatoriale
EQA;21e Division A?rienne de l'Afrique ?quatoriale
EQA;22e Division A?rienne de l'Afrique ?quatoriale
EQA;23e Division A?rienne de l'Afrique ?quatoriale
EQA;24e Division A?rienne de l'Afrique ?quatoriale
EQA;25e Division A?rienne de l'Afrique ?quatoriale
EQA;26e Division A?rienne de l'Afrique ?quatoriale
EQA;27e Division A?rienne de l'Afrique ?quatoriale
EQA;28e Division A?rienne de l'Afrique ?quatoriale
EQA;29e Division A?rienne de l'Afrique ?quatoriale
EQA;30e Division A?rienne de l'Afrique ?quatoriale
EQA;31e Division A?rienne de l'Afrique ?quatoriale
EQA;32e Division A?rienne de l'Afrique ?quatoriale
EQA;33e Division A?rienne de l'Afrique ?quatoriale
EQA;34e Division A?rienne de l'Afrique ?quatoriale
EQA;35e Division A?rienne de l'Afrique ?quatoriale
EQA;36e Division A?rienne de l'Afrique ?quatoriale
EQA;37e Division A?rienne de l'Afrique ?quatoriale
EQA;38e Division A?rienne de l'Afrique ?quatoriale
EQA;39e Division A?rienne de l'Afrique ?quatoriale
EQA;40e Division A?rienne de l'Afrique ?quatoriale
EQA;41e Division A?rienne de l'Afrique ?quatoriale
EQA;42e Division A?rienne de l'Afrique ?quatoriale
EQA;43e Division A?rienne de l'Afrique ?quatoriale
EQA;44e Division A?rienne de l'Afrique ?quatoriale
EQA;45e Division A?rienne de l'Afrique ?quatoriale
EQA;46e Division A?rienne de l'Afrique ?quatoriale
EQA;47e Division A?rienne de l'Afrique ?quatoriale
EQA;48e Division A?rienne de l'Afrique ?quatoriale
EQA;49e Division A?rienne de l'Afrique ?quatoriale
EQA;50e Division A?rienne de l'Afrique ?quatoriale
EST;I Eesti Lennuv?e Korpus
EST;II Eesti Lennuv?e Korpus
EST;III Eesti Lennuv?e Korpus
EST;IV Eesti Lennuv?e Korpus
EST;V Eesti Lennuv?e Korpus
EST;VI Eesti Lennuv?e Korpus
EST;VII Eesti Lennuv?e Korpus
EST;VIII Eesti Lennuv?e Korpus
EST;IX Eesti Lennuv?e Korpus
EST;X Eesti Lennuv?e Korpus
EST;XI Eesti Lennuv?e Korpus
EST;XII Eesti Lennuv?e Korpus
EST;XIII Eesti Lennuv?e Korpus
EST;XIV Eesti Lennuv?e Korpus
EST;XV Eesti Lennuv?e Korpus
EST;XVI Eesti Lennuv?e Korpus
EST;XVII Eesti Lennuv?e Korpus
EST;XVIII Eesti Lennuv?e Korpus
EST;XIX Eesti Lennuv?e Korpus
EST;XX Eesti Lennuv?e Korpus
EST;XXI Eesti Lennuv?e Korpus
EST;XXII Eesti Lennuv?e Korpus
EST;XXIII Eesti Lennuv?e Korpus
EST;XXIV Eesti Lennuv?e Korpus
EST;XXV Eesti Lennuv?e Korpus
EST;XXVI Eesti Lennuv?e Korpus
EST;XXVII Eesti Lennuv?e Korpus
EST;XXVIII Eesti Lennuv?e Korpus
EST;XXIX Eesti Lennuv?e Korpus
EST;XXX Eesti Lennuv?e Korpus
EST;XXXI Eesti Lennuv?e Korpus
EST;XXXII Eesti Lennuv?e Korpus
EST;XXXIII Eesti Lennuv?e Korpus
EST;XXXIV Eesti Lennuv?e Korpus
EST;XXXV Eesti Lennuv?e Korpus
EST;XXXVI Eesti Lennuv?e Korpus
EST;XXXVII Eesti Lennuv?e Korpus
EST;XXXVIII Eesti Lennuv?e Korpus
EST;XXXIX Eesti Lennuv?e Korpus
EST;XL Eesti Lennuv?e Korpus
EST;XLI Eesti Lennuv?e Korpus
EST;XLII Eesti Lennuv?e Korpus
EST;XLIII Eesti Lennuv?e Korpus
EST;XLIV Eesti Lennuv?e Korpus
EST;XLV Eesti Lennuv?e Korpus
EST;XLVI Eesti Lennuv?e Korpus
EST;XLVII Eesti Lennuv?e Korpus
EST;XLVIII Eesti Lennuv?e Korpus
EST;XLIX Eesti Lennuv?e Korpus
EST;L Eesti Lennuv?e Korpus
ETH;1. Ityop'iya Air Group
ETH;2. Ityop'iya Air Group
ETH;3. Ityop'iya Air Group
ETH;4. Ityop'iya Air Group
ETH;5. Ityop'iya Air Group
ETH;6. Ityop'iya Air Group
ETH;7. Ityop'iya Air Group
ETH;8. Ityop'iya Air Group
ETH;9. Ityop'iya Air Group
ETH;10. Ityop'iya Air Group
ETH;11. Ityop'iya Air Group
ETH;12. Ityop'iya Air Group
ETH;13. Ityop'iya Air Group
ETH;14. Ityop'iya Air Group
ETH;15. Ityop'iya Air Group
ETH;16. Ityop'iya Air Group
ETH;17. Ityop'iya Air Group
ETH;18. Ityop'iya Air Group
ETH;19. Ityop'iya Air Group
ETH;20. Ityop'iya Air Group
ETH;21. Ityop'iya Air Group
ETH;22. Ityop'iya Air Group
ETH;23. Ityop'iya Air Group
ETH;24. Ityop'iya Air Group
ETH;25. Ityop'iya Air Group
ETH;26. Ityop'iya Air Group
ETH;27. Ityop'iya Air Group
ETH;28. Ityop'iya Air Group
ETH;29. Ityop'iya Air Group
ETH;30. Ityop'iya Air Group
ETH;31. Ityop'iya Air Group
ETH;32. Ityop'iya Air Group
ETH;33. Ityop'iya Air Group
ETH;34. Ityop'iya Air Group
ETH;35. Ityop'iya Air Group
ETH;36. Ityop'iya Air Group
ETH;37. Ityop'iya Air Group
ETH;38. Ityop'iya Air Group
ETH;39. Ityop'iya Air Group
ETH;40. Ityop'iya Air Group
ETH;41. Ityop'iya Air Group
ETH;42. Ityop'iya Air Group
ETH;43. Ityop'iya Air Group
ETH;44. Ityop'iya Air Group
ETH;45. Ityop'iya Air Group
ETH;46. Ityop'iya Air Group
ETH;47. Ityop'iya Air Group
ETH;48. Ityop'iya Air Group
ETH;49. Ityop'iya Air Group
ETH;50. Ityop'iya Air Group
EUS;I. Euskal Aire-Armada
EUS;II. Euskal Aire-Armada
EUS;III. Euskal Aire-Armada
EUS;IV. Euskal Aire-Armada
EUS;V. Euskal Aire-Armada
EUS;VI. Euskal Aire-Armada
EUS;VII. Euskal Aire-Armada
EUS;VIII. Euskal Aire-Armada
EUS;IX. Euskal Aire-Armada
EUS;X. Euskal Aire-Armada
EUS;XI. Euskal Aire-Armada
EUS;XII. Euskal Aire-Armada
EUS;XIII. Euskal Aire-Armada
EUS;XIV. Euskal Aire-Armada
EUS;XV. Euskal Aire-Armada
EUS;XVI. Euskal Aire-Armada
EUS;XVII. Euskal Aire-Armada
EUS;XVIII. Euskal Aire-Armada
EUS;XIX. Euskal Aire-Armada
EUS;XX. Euskal Aire-Armada
EUS;XXI. Euskal Aire-Armada
EUS;XXII. Euskal Aire-Armada
EUS;XXIII. Euskal Aire-Armada
EUS;XXIV. Euskal Aire-Armada
EUS;XXV. Euskal Aire-Armada
EUS;XXVI. Euskal Aire-Armada
EUS;XXVII. Euskal Aire-Armada
EUS;XXVIII. Euskal Aire-Armada
EUS;XXIX. Euskal Aire-Armada
EUS;XXX. Euskal Aire-Armada
EUS;XXXI. Euskal Aire-Armada
EUS;XXXII. Euskal Aire-Armada
EUS;XXXIII. Euskal Aire-Armada
EUS;XXXIV. Euskal Aire-Armada
EUS;XXXV. Euskal Aire-Armada
EUS;XXXVI. Euskal Aire-Armada
EUS;XXXVII. Euskal Aire-Armada
EUS;XXXVIII. Euskal Aire-Armada
EUS;XXXIX. Euskal Aire-Armada
EUS;XL. Euskal Aire-Armada
EUS;XLI. Euskal Aire-Armada
EUS;XLII. Euskal Aire-Armada
EUS;XLIII. Euskal Aire-Armada
EUS;XLIV. Euskal Aire-Armada
EUS;XLV. Euskal Aire-Armada
EUS;XLVI. Euskal Aire-Armada
EUS;XLVII. Euskal Aire-Armada
EUS;XLVIII. Euskal Aire-Armada
EUS;XLIX. Euskal Aire-Armada
EUS;L. Euskal Aire-Armada
FIN;I Lennosto
FIN;II Lennosto
FIN;III Lennosto
FIN;IV Lennosto
FIN;V Lennosto
FIN;VI Lennosto
FIN;VII Lennosto
FIN;VIII Lennosto
FIN;IX Lennosto
FIN;X Lennosto
FIN;XI Lennosto
FIN;XII Lennosto
FIN;XIII Lennosto
FIN;XIV Lennosto
FIN;XV Lennosto
FIN;XVI Lennosto
FIN;XVII Lennosto
FIN;XVIII Lennosto
FIN;XIX Lennosto
FIN;XX Lennosto
FIN;XXI Lennosto
FIN;XXII Lennosto
FIN;XXIII Lennosto
FIN;XXIV Lennosto
FIN;XXV Lennosto
FIN;XXVI Lennosto
FIN;XXVII Lennosto
FIN;XXVIII Lennosto
FIN;XXIX Lennosto
FIN;XXX Lennosto
FIN;XXXI Lennosto
FIN;XXXII Lennosto
FIN;XXXIII Lennosto
FIN;XXXIV Lennosto
FIN;XXXV Lennosto
FIN;XXXVI Lennosto
FIN;XXXVII Lennosto
FIN;XXXVIII Lennosto
FIN;XXXIX Lennosto
FIN;XL Lennosto
FIN;XLI Lennosto
FIN;XLII Lennosto
FIN;XLIII Lennosto
FIN;XLIV Lennosto
FIN;XLV Lennosto
FIN;XLVI Lennosto
FIN;XLVII Lennosto
FIN;XLVIII Lennosto
FIN;XLIX Lennosto
FIN;L Lennosto
FLA;1e Vlaams Luchtvloot
FLA;2e Vlaams Luchtvloot
FLA;3e Vlaams Luchtvloot
FLA;4e Vlaams Luchtvloot
FLA;5e Vlaams Luchtvloot
FLA;6e Vlaams Luchtvloot
FLA;7e Vlaams Luchtvloot
FLA;8e Vlaams Luchtvloot
FLA;9e Vlaams Luchtvloot
FLA;10e Vlaams Luchtvloot
FLA;11e Vlaams Luchtvloot
FLA;12e Vlaams Luchtvloot
FLA;13e Vlaams Luchtvloot
FLA;14e Vlaams Luchtvloot
FLA;15e Vlaams Luchtvloot
FLA;16e Vlaams Luchtvloot
FLA;17e Vlaams Luchtvloot
FLA;18e Vlaams Luchtvloot
FLA;19e Vlaams Luchtvloot
FLA;20e Vlaams Luchtvloot
FLA;21e Vlaams Luchtvloot
FLA;22e Vlaams Luchtvloot
FLA;23e Vlaams Luchtvloot
FLA;24e Vlaams Luchtvloot
FLA;25e Vlaams Luchtvloot
FLA;26e Vlaams Luchtvloot
FLA;27e Vlaams Luchtvloot
FLA;28e Vlaams Luchtvloot
FLA;29e Vlaams Luchtvloot
FLA;30e Vlaams Luchtvloot
FLA;31e Vlaams Luchtvloot
FLA;32e Vlaams Luchtvloot
FLA;33e Vlaams Luchtvloot
FLA;34e Vlaams Luchtvloot
FLA;35e Vlaams Luchtvloot
FLA;36e Vlaams Luchtvloot
FLA;37e Vlaams Luchtvloot
FLA;38e Vlaams Luchtvloot
FLA;39e Vlaams Luchtvloot
FLA;40e Vlaams Luchtvloot
FLA;41e Vlaams Luchtvloot
FLA;42e Vlaams Luchtvloot
FLA;43e Vlaams Luchtvloot
FLA;44e Vlaams Luchtvloot
FLA;45e Vlaams Luchtvloot
FLA;46e Vlaams Luchtvloot
FLA;47e Vlaams Luchtvloot
FLA;48e Vlaams Luchtvloot
FLA;49e Vlaams Luchtvloot
FLA;50e Vlaams Luchtvloot
FRA;1re Division A?rienne de l'Arm?e de l'Air
FRA;2e Division A?rienne de l'Arm?e de l'Air
FRA;3e Division A?rienne de l'Arm?e de l'Air
FRA;4e Division A?rienne de l'Arm?e de l'Air
FRA;5e Division A?rienne de l'Arm?e de l'Air
FRA;6e Division A?rienne de l'Arm?e de l'Air
FRA;7e Division A?rienne de l'Arm?e de l'Air
FRA;8e Division A?rienne de l'Arm?e de l'Air
FRA;9e Division A?rienne de l'Arm?e de l'Air
FRA;10e Division A?rienne de l'Arm?e de l'Air
FRA;11e Division A?rienne de l'Arm?e de l'Air
FRA;12e Division A?rienne de l'Arm?e de l'Air
FRA;13e Division A?rienne de l'Arm?e de l'Air
FRA;14e Division A?rienne de l'Arm?e de l'Air
FRA;15e Division A?rienne de l'Arm?e de l'Air
FRA;16e Division A?rienne de l'Arm?e de l'Air
FRA;17e Division A?rienne de l'Arm?e de l'Air
FRA;18e Division A?rienne de l'Arm?e de l'Air
FRA;19e Division A?rienne de l'Arm?e de l'Air
FRA;20e Division A?rienne de l'Arm?e de l'Air
FRA;21e Division A?rienne de l'Arm?e de l'Air
FRA;22e Division A?rienne de l'Arm?e de l'Air
FRA;23e Division A?rienne de l'Arm?e de l'Air
FRA;24e Division A?rienne de l'Arm?e de l'Air
FRA;25e Division A?rienne de l'Arm?e de l'Air
FRA;26e Division A?rienne de l'Arm?e de l'Air
FRA;27e Division A?rienne de l'Arm?e de l'Air
FRA;28e Division A?rienne de l'Arm?e de l'Air
FRA;29e Division A?rienne de l'Arm?e de l'Air
FRA;30e Division A?rienne de l'Arm?e de l'Air
FRA;31e Division A?rienne de l'Arm?e de l'Air
FRA;32e Division A?rienne de l'Arm?e de l'Air
FRA;33e Division A?rienne de l'Arm?e de l'Air
FRA;34e Division A?rienne de l'Arm?e de l'Air
FRA;35e Division A?rienne de l'Arm?e de l'Air
FRA;36e Division A?rienne de l'Arm?e de l'Air
FRA;37e Division A?rienne de l'Arm?e de l'Air
FRA;38e Division A?rienne de l'Arm?e de l'Air
FRA;39e Division A?rienne de l'Arm?e de l'Air
FRA;40e Division A?rienne de l'Arm?e de l'Air
FRA;41e Division A?rienne de l'Arm?e de l'Air
FRA;42e Division A?rienne de l'Arm?e de l'Air
FRA;43e Division A?rienne de l'Arm?e de l'Air
FRA;44e Division A?rienne de l'Arm?e de l'Air
FRA;45e Division A?rienne de l'Arm?e de l'Air
FRA;46e Division A?rienne de l'Arm?e de l'Air
FRA;47e Division A?rienne de l'Arm?e de l'Air
FRA;48e Division A?rienne de l'Arm?e de l'Air
FRA;49e Division A?rienne de l'Arm?e de l'Air
FRA;50e Division A?rienne de l'Arm?e de l'Air
FRA;51e Division A?rienne de l'Arm?e de l'Air
FRA;52e Division A?rienne de l'Arm?e de l'Air
FRA;53e Division A?rienne de l'Arm?e de l'Air
FRA;54e Division A?rienne de l'Arm?e de l'Air
FRA;55e Division A?rienne de l'Arm?e de l'Air
FRA;56e Division A?rienne de l'Arm?e de l'Air
FRA;57e Division A?rienne de l'Arm?e de l'Air
FRA;58e Division A?rienne de l'Arm?e de l'Air
FRA;59e Division A?rienne de l'Arm?e de l'Air
FRA;60e Division A?rienne de l'Arm?e de l'Air
FRA;61e Division A?rienne de l'Arm?e de l'Air
FRA;62e Division A?rienne de l'Arm?e de l'Air
FRA;63e Division A?rienne de l'Arm?e de l'Air
FRA;64e Division A?rienne de l'Arm?e de l'Air
FRA;65e Division A?rienne de l'Arm?e de l'Air
FRA;66e Division A?rienne de l'Arm?e de l'Air
FRA;67e Division A?rienne de l'Arm?e de l'Air
FRA;68e Division A?rienne de l'Arm?e de l'Air
FRA;69e Division A?rienne de l'Arm?e de l'Air
FRA;70e Division A?rienne de l'Arm?e de l'Air
FRA;71e Division A?rienne de l'Arm?e de l'Air
FRA;72e Division A?rienne de l'Arm?e de l'Air
FRA;73e Division A?rienne de l'Arm?e de l'Air
FRA;74e Division A?rienne de l'Arm?e de l'Air
FRA;75e Division A?rienne de l'Arm?e de l'Air
FRA;76e Division A?rienne de l'Arm?e de l'Air
FRA;77e Division A?rienne de l'Arm?e de l'Air
FRA;78e Division A?rienne de l'Arm?e de l'Air
FRA;79e Division A?rienne de l'Arm?e de l'Air
FRA;80e Division A?rienne de l'Arm?e de l'Air
FRA;81e Division A?rienne de l'Arm?e de l'Air
FRA;82e Division A?rienne de l'Arm?e de l'Air
FRA;83e Division A?rienne de l'Arm?e de l'Air
FRA;84e Division A?rienne de l'Arm?e de l'Air
FRA;85e Division A?rienne de l'Arm?e de l'Air
FRA;86e Division A?rienne de l'Arm?e de l'Air
FRA;87e Division A?rienne de l'Arm?e de l'Air
FRA;88e Division A?rienne de l'Arm?e de l'Air
FRA;89e Division A?rienne de l'Arm?e de l'Air
FRA;90e Division A?rienne de l'Arm?e de l'Air
FRA;91e Division A?rienne de l'Arm?e de l'Air
FRA;92e Division A?rienne de l'Arm?e de l'Air
FRA;93e Division A?rienne de l'Arm?e de l'Air
FRA;94e Division A?rienne de l'Arm?e de l'Air
FRA;95e Division A?rienne de l'Arm?e de l'Air
FRA;96e Division A?rienne de l'Arm?e de l'Air
FRA;97e Division A?rienne de l'Arm?e de l'Air
FRA;98e Division A?rienne de l'Arm?e de l'Air
FRA;99e Division A?rienne de l'Arm?e de l'Air
FRA;100e Division A?rienne de l'Arm?e de l'Air
GAB;1re Division A?rienne gabonaise
GAB;2e Division A?rienne gabonaise
GAB;3e Division A?rienne gabonaise
GAB;4e Division A?rienne gabonaise
GAB;5e Division A?rienne gabonaise
GAB;6e Division A?rienne gabonaise
GAB;7e Division A?rienne gabonaise
GAB;8e Division A?rienne gabonaise
GAB;9e Division A?rienne gabonaise
GAB;10e Division A?rienne gabonaise
GAB;11e Division A?rienne gabonaise
GAB;12e Division A?rienne gabonaise
GAB;13e Division A?rienne gabonaise
GAB;14e Division A?rienne gabonaise
GAB;15e Division A?rienne gabonaise
GAB;16e Division A?rienne gabonaise
GAB;17e Division A?rienne gabonaise
GAB;18e Division A?rienne gabonaise
GAB;19e Division A?rienne gabonaise
GAB;20e Division A?rienne gabonaise
GAB;21e Division A?rienne gabonaise
GAB;22e Division A?rienne gabonaise
GAB;23e Division A?rienne gabonaise
GAB;24e Division A?rienne gabonaise
GAB;25e Division A?rienne gabonaise
GAB;26e Division A?rienne gabonaise
GAB;27e Division A?rienne gabonaise
GAB;28e Division A?rienne gabonaise
GAB;29e Division A?rienne gabonaise
GAB;30e Division A?rienne gabonaise
GAB;31e Division A?rienne gabonaise
GAB;32e Division A?rienne gabonaise
GAB;33e Division A?rienne gabonaise
GAB;34e Division A?rienne gabonaise
GAB;35e Division A?rienne gabonaise
GAB;36e Division A?rienne gabonaise
GAB;37e Division A?rienne gabonaise
GAB;38e Division A?rienne gabonaise
GAB;39e Division A?rienne gabonaise
GAB;40e Division A?rienne gabonaise
GAB;41e Division A?rienne gabonaise
GAB;42e Division A?rienne gabonaise
GAB;43e Division A?rienne gabonaise
GAB;44e Division A?rienne gabonaise
GAB;45e Division A?rienne gabonaise
GAB;46e Division A?rienne gabonaise
GAB;47e Division A?rienne gabonaise
GAB;48e Division A?rienne gabonaise
GAB;49e Division A?rienne gabonaise
GAB;50e Division A?rienne gabonaise
GEO;1-y sakartvelos aviakorpus
GEO;2-y sakartvelos aviakorpus
GEO;3-y sakartvelos aviakorpus
GEO;4-y sakartvelos aviakorpus
GEO;5-y sakartvelos aviakorpus
GEO;6-y sakartvelos aviakorpus
GEO;7-y sakartvelos aviakorpus
GEO;8-y sakartvelos aviakorpus
GEO;9-y sakartvelos aviakorpus
GEO;10-y sakartvelos aviakorpus
GEO;11-y sakartvelos aviakorpus
GEO;12-y sakartvelos aviakorpus
GEO;13-y sakartvelos aviakorpus
GEO;14-y sakartvelos aviakorpus
GEO;15-y sakartvelos aviakorpus
GEO;16-y sakartvelos aviakorpus
GEO;17-y sakartvelos aviakorpus
GEO;18-y sakartvelos aviakorpus
GEO;19-y sakartvelos aviakorpus
GEO;20-y sakartvelos aviakorpus
GEO;21-y sakartvelos aviakorpus
GEO;22-y sakartvelos aviakorpus
GEO;23-y sakartvelos aviakorpus
GEO;24-y sakartvelos aviakorpus
GEO;25-y sakartvelos aviakorpus
GEO;26-y sakartvelos aviakorpus
GEO;27-y sakartvelos aviakorpus
GEO;28-y sakartvelos aviakorpus
GEO;29-y sakartvelos aviakorpus
GEO;30-y sakartvelos aviakorpus
GEO;31-y sakartvelos aviakorpus
GEO;32-y sakartvelos aviakorpus
GEO;33-y sakartvelos aviakorpus
GEO;34-y sakartvelos aviakorpus
GEO;35-y sakartvelos aviakorpus
GEO;36-y sakartvelos aviakorpus
GEO;37-y sakartvelos aviakorpus
GEO;38-y sakartvelos aviakorpus
GEO;39-y sakartvelos aviakorpus
GEO;40-y sakartvelos aviakorpus
GEO;41-y sakartvelos aviakorpus
GEO;42-y sakartvelos aviakorpus
GEO;43-y sakartvelos aviakorpus
GEO;44-y sakartvelos aviakorpus
GEO;45-y sakartvelos aviakorpus
GEO;46-y sakartvelos aviakorpus
GEO;47-y sakartvelos aviakorpus
GEO;48-y sakartvelos aviakorpus
GEO;49-y sakartvelos aviakorpus
GEO;50-y sakartvelos aviakorpus
GER;1. Flieger-Division
GER;2. Flieger-Division
GER;3. Flieger-Division
GER;4. Flieger-Division
GER;5. Flieger-Division
GER;6. Flieger-Division
GER;7. Flieger-Division
GER;8. Flieger-Division
GER;9. Flieger-Division
GER;10. Flieger-Division
GER;11. Flieger-Division
GER;12. Flieger-Division
GER;13. Flieger-Division
GER;14. Flieger-Division
GER;15. Flieger-Division
GER;16. Flieger-Division
GER;17. Flieger-Division
GER;18. Flieger-Division
GER;19. Flieger-Division
GER;20. Flieger-Division
GER;21. Flieger-Division
GER;22. Flieger-Division
GER;23. Flieger-Division
GER;24. Flieger-Division
GER;25. Flieger-Division
GER;26. Flieger-Division
GER;27. Flieger-Division
GER;28. Flieger-Division
GER;29. Flieger-Division
GER;30. Flieger-Division
GER;31. Flieger-Division
GER;32. Flieger-Division
GER;33. Flieger-Division
GER;34. Flieger-Division
GER;35. Flieger-Division
GER;36. Flieger-Division
GER;37. Flieger-Division
GER;38. Flieger-Division
GER;39. Flieger-Division
GER;40. Flieger-Division
GER;41. Flieger-Division
GER;42. Flieger-Division
GER;43. Flieger-Division
GER;44. Flieger-Division
GER;45. Flieger-Division
GER;46. Flieger-Division
GER;47. Flieger-Division
GER;48. Flieger-Division
GER;49. Flieger-Division
GER;50. Flieger-Division
GER;51. Flieger-Division
GER;52. Flieger-Division
GER;53. Flieger-Division
GER;54. Flieger-Division
GER;55. Flieger-Division
GER;56. Flieger-Division
GER;57. Flieger-Division
GER;58. Flieger-Division
GER;59. Flieger-Division
GER;60. Flieger-Division
GER;61. Flieger-Division
GER;62. Flieger-Division
GER;63. Flieger-Division
GER;64. Flieger-Division
GER;65. Flieger-Division
GER;66. Flieger-Division
GER;67. Flieger-Division
GER;68. Flieger-Division
GER;69. Flieger-Division
GER;70. Flieger-Division
GER;71. Flieger-Division
GER;72. Flieger-Division
GER;73. Flieger-Division
GER;74. Flieger-Division
GER;75. Flieger-Division
GER;76. Flieger-Division
GER;77. Flieger-Division
GER;78. Flieger-Division
GER;79. Flieger-Division
GER;80. Flieger-Division
GER;81. Flieger-Division
GER;82. Flieger-Division
GER;83. Flieger-Division
GER;84. Flieger-Division
GER;85. Flieger-Division
GER;86. Flieger-Division
GER;87. Flieger-Division
GER;88. Flieger-Division
GER;89. Flieger-Division
GER;90. Flieger-Division
GER;91. Flieger-Division
GER;92. Flieger-Division
GER;93. Flieger-Division
GER;94. Flieger-Division
GER;95. Flieger-Division
GER;96. Flieger-Division
GER;97. Flieger-Division
GER;98. Flieger-Division
GER;99. Flieger-Division
GER;100. Flieger-Division
GLD;No.1 Ghanaian Air Command
GLD;No.2 Ghanaian Air Command
GLD;No.3 Ghanaian Air Command
GLD;No.4 Ghanaian Air Command
GLD;No.5 Ghanaian Air Command
GLD;No.6 Ghanaian Air Command
GLD;No.7 Ghanaian Air Command
GLD;No.8 Ghanaian Air Command
GLD;No.9 Ghanaian Air Command
GLD;No.10 Ghanaian Air Command
GLD;No.11 Ghanaian Air Command
GLD;No.12 Ghanaian Air Command
GLD;No.13 Ghanaian Air Command
GLD;No.14 Ghanaian Air Command
GLD;No.15 Ghanaian Air Command
GLD;No.16 Ghanaian Air Command
GLD;No.17 Ghanaian Air Command
GLD;No.18 Ghanaian Air Command
GLD;No.19 Ghanaian Air Command
GLD;No.20 Ghanaian Air Command
GLD;No.21 Ghanaian Air Command
GLD;No.22 Ghanaian Air Command
GLD;No.23 Ghanaian Air Command
GLD;No.24 Ghanaian Air Command
GLD;No.25 Ghanaian Air Command
GLD;No.26 Ghanaian Air Command
GLD;No.27 Ghanaian Air Command
GLD;No.28 Ghanaian Air Command
GLD;No.29 Ghanaian Air Command
GLD;No.30 Ghanaian Air Command
GLD;No.31 Ghanaian Air Command
GLD;No.32 Ghanaian Air Command
GLD;No.33 Ghanaian Air Command
GLD;No.34 Ghanaian Air Command
GLD;No.35 Ghanaian Air Command
GLD;No.36 Ghanaian Air Command
GLD;No.37 Ghanaian Air Command
GLD;No.38 Ghanaian Air Command
GLD;No.39 Ghanaian Air Command
GLD;No.40 Ghanaian Air Command
GLD;No.41 Ghanaian Air Command
GLD;No.42 Ghanaian Air Command
GLD;No.43 Ghanaian Air Command
GLD;No.44 Ghanaian Air Command
GLD;No.45 Ghanaian Air Command
GLD;No.46 Ghanaian Air Command
GLD;No.47 Ghanaian Air Command
GLD;No.48 Ghanaian Air Command
GLD;No.49 Ghanaian Air Command
GLD;No.50 Ghanaian Air Command
GRE;I Elliniki Polemiki Aeroporia
GRE;II Elliniki Polemiki Aeroporia
GRE;III Elliniki Polemiki Aeroporia
GRE;IV Elliniki Polemiki Aeroporia
GRE;V Elliniki Polemiki Aeroporia
GRE;VI Elliniki Polemiki Aeroporia
GRE;VII Elliniki Polemiki Aeroporia
GRE;VIII Elliniki Polemiki Aeroporia
GRE;IX Elliniki Polemiki Aeroporia
GRE;X Elliniki Polemiki Aeroporia
GRE;XI Elliniki Polemiki Aeroporia
GRE;XII Elliniki Polemiki Aeroporia
GRE;XIII Elliniki Polemiki Aeroporia
GRE;XIV Elliniki Polemiki Aeroporia
GRE;XV Elliniki Polemiki Aeroporia
GRE;XVI Elliniki Polemiki Aeroporia
GRE;XVII Elliniki Polemiki Aeroporia
GRE;XVIII Elliniki Polemiki Aeroporia
GRE;XIX Elliniki Polemiki Aeroporia
GRE;XX Elliniki Polemiki Aeroporia
GRE;XXI Elliniki Polemiki Aeroporia
GRE;XXII Elliniki Polemiki Aeroporia
GRE;XXIII Elliniki Polemiki Aeroporia
GRE;XXIV Elliniki Polemiki Aeroporia
GRE;XXV Elliniki Polemiki Aeroporia
GRE;XXVI Elliniki Polemiki Aeroporia
GRE;XXVII Elliniki Polemiki Aeroporia
GRE;XXVIII Elliniki Polemiki Aeroporia
GRE;XXIX Elliniki Polemiki Aeroporia
GRE;XXX Elliniki Polemiki Aeroporia
GRE;XXXI Elliniki Polemiki Aeroporia
GRE;XXXII Elliniki Polemiki Aeroporia
GRE;XXXIII Elliniki Polemiki Aeroporia
GRE;XXXIV Elliniki Polemiki Aeroporia
GRE;XXXV Elliniki Polemiki Aeroporia
GRE;XXXVI Elliniki Polemiki Aeroporia
GRE;XXXVII Elliniki Polemiki Aeroporia
GRE;XXXVIII Elliniki Polemiki Aeroporia
GRE;XXXIX Elliniki Polemiki Aeroporia
GRE;XL Elliniki Polemiki Aeroporia
GRE;XLI Elliniki Polemiki Aeroporia
GRE;XLII Elliniki Polemiki Aeroporia
GRE;XLIII Elliniki Polemiki Aeroporia
GRE;XLIV Elliniki Polemiki Aeroporia
GRE;XLV Elliniki Polemiki Aeroporia
GRE;XLVI Elliniki Polemiki Aeroporia
GRE;XLVII Elliniki Polemiki Aeroporia
GRE;XLVIII Elliniki Polemiki Aeroporia
GRE;XLIX Elliniki Polemiki Aeroporia
GRE;L Elliniki Polemiki Aeroporia
GUA;I Cuerpo de Aviaci?n guatemalteco
GUA;II Cuerpo de Aviaci?n guatemalteco
GUA;III Cuerpo de Aviaci?n guatemalteco
GUA;IV Cuerpo de Aviaci?n guatemalteco
GUA;V Cuerpo de Aviaci?n guatemalteco
GUA;VI Cuerpo de Aviaci?n guatemalteco
GUA;VII Cuerpo de Aviaci?n guatemalteco
GUA;VIII Cuerpo de Aviaci?n guatemalteco
GUA;IX Cuerpo de Aviaci?n guatemalteco
GUA;X Cuerpo de Aviaci?n guatemalteco
GUA;XI Cuerpo de Aviaci?n guatemalteco
GUA;XII Cuerpo de Aviaci?n guatemalteco
GUA;XIII Cuerpo de Aviaci?n guatemalteco
GUA;XIV Cuerpo de Aviaci?n guatemalteco
GUA;XV Cuerpo de Aviaci?n guatemalteco
GUA;XVI Cuerpo de Aviaci?n guatemalteco
GUA;XVII Cuerpo de Aviaci?n guatemalteco
GUA;XVIII Cuerpo de Aviaci?n guatemalteco
GUA;XIX Cuerpo de Aviaci?n guatemalteco
GUA;XX Cuerpo de Aviaci?n guatemalteco
GUA;XXI Cuerpo de Aviaci?n guatemalteco
GUA;XXII Cuerpo de Aviaci?n guatemalteco
GUA;XXIII Cuerpo de Aviaci?n guatemalteco
GUA;XXIV Cuerpo de Aviaci?n guatemalteco
GUA;XXV Cuerpo de Aviaci?n guatemalteco
GUA;XXVI Cuerpo de Aviaci?n guatemalteco
GUA;XXVII Cuerpo de Aviaci?n guatemalteco
GUA;XXVIII Cuerpo de Aviaci?n guatemalteco
GUA;XXIX Cuerpo de Aviaci?n guatemalteco
GUA;XXX Cuerpo de Aviaci?n guatemalteco
GUA;XXXI Cuerpo de Aviaci?n guatemalteco
GUA;XXXII Cuerpo de Aviaci?n guatemalteco
GUA;XXXIII Cuerpo de Aviaci?n guatemalteco
GUA;XXXIV Cuerpo de Aviaci?n guatemalteco
GUA;XXXV Cuerpo de Aviaci?n guatemalteco
GUA;XXXVI Cuerpo de Aviaci?n guatemalteco
GUA;XXXVII Cuerpo de Aviaci?n guatemalteco
GUA;XXXVIII Cuerpo de Aviaci?n guatemalteco
GUA;XXXIX Cuerpo de Aviaci?n guatemalteco
GUA;XL Cuerpo de Aviaci?n guatemalteco
GUA;XLI Cuerpo de Aviaci?n guatemalteco
GUA;XLII Cuerpo de Aviaci?n guatemalteco
GUA;XLIII Cuerpo de Aviaci?n guatemalteco
GUA;XLIV Cuerpo de Aviaci?n guatemalteco
GUA;XLV Cuerpo de Aviaci?n guatemalteco
GUA;XLVI Cuerpo de Aviaci?n guatemalteco
GUA;XLVII Cuerpo de Aviaci?n guatemalteco
GUA;XLVIII Cuerpo de Aviaci?n guatemalteco
GUA;XLIX Cuerpo de Aviaci?n guatemalteco
GUA;L Cuerpo de Aviaci?n guatemalteco
GUI;1re Division A?rienne de Guin?e
GUI;2e Division A?rienne de Guin?e
GUI;3e Division A?rienne de Guin?e
GUI;4e Division A?rienne de Guin?e
GUI;5e Division A?rienne de Guin?e
GUI;6e Division A?rienne de Guin?e
GUI;7e Division A?rienne de Guin?e
GUI;8e Division A?rienne de Guin?e
GUI;9e Division A?rienne de Guin?e
GUI;10e Division A?rienne de Guin?e
GUI;11e Division A?rienne de Guin?e
GUI;12e Division A?rienne de Guin?e
GUI;13e Division A?rienne de Guin?e
GUI;14e Division A?rienne de Guin?e
GUI;15e Division A?rienne de Guin?e
GUI;16e Division A?rienne de Guin?e
GUI;17e Division A?rienne de Guin?e
GUI;18e Division A?rienne de Guin?e
GUI;19e Division A?rienne de Guin?e
GUI;20e Division A?rienne de Guin?e
GUI;21e Division A?rienne de Guin?e
GUI;22e Division A?rienne de Guin?e
GUI;23e Division A?rienne de Guin?e
GUI;24e Division A?rienne de Guin?e
GUI;25e Division A?rienne de Guin?e
GUI;26e Division A?rienne de Guin?e
GUI;27e Division A?rienne de Guin?e
GUI;28e Division A?rienne de Guin?e
GUI;29e Division A?rienne de Guin?e
GUI;30e Division A?rienne de Guin?e
GUI;31e Division A?rienne de Guin?e
GUI;32e Division A?rienne de Guin?e
GUI;33e Division A?rienne de Guin?e
GUI;34e Division A?rienne de Guin?e
GUI;35e Division A?rienne de Guin?e
GUI;36e Division A?rienne de Guin?e
GUI;37e Division A?rienne de Guin?e
GUI;38e Division A?rienne de Guin?e
GUI;39e Division A?rienne de Guin?e
GUI;40e Division A?rienne de Guin?e
GUI;41e Division A?rienne de Guin?e
GUI;42e Division A?rienne de Guin?e
GUI;43e Division A?rienne de Guin?e
GUI;44e Division A?rienne de Guin?e
GUI;45e Division A?rienne de Guin?e
GUI;46e Division A?rienne de Guin?e
GUI;47e Division A?rienne de Guin?e
GUI;48e Division A?rienne de Guin?e
GUI;49e Division A?rienne de Guin?e
GUI;50e Division A?rienne de Guin?e
GUY;No.1 Guyanese Air Command
GUY;No.2 Guyanese Air Command
GUY;No.3 Guyanese Air Command
GUY;No.4 Guyanese Air Command
GUY;No.5 Guyanese Air Command
GUY;No.6 Guyanese Air Command
GUY;No.7 Guyanese Air Command
GUY;No.8 Guyanese Air Command
GUY;No.9 Guyanese Air Command
GUY;No.10 Guyanese Air Command
GUY;No.11 Guyanese Air Command
GUY;No.12 Guyanese Air Command
GUY;No.13 Guyanese Air Command
GUY;No.14 Guyanese Air Command
GUY;No.15 Guyanese Air Command
GUY;No.16 Guyanese Air Command
GUY;No.17 Guyanese Air Command
GUY;No.18 Guyanese Air Command
GUY;No.19 Guyanese Air Command
GUY;No.20 Guyanese Air Command
GUY;No.21 Guyanese Air Command
GUY;No.22 Guyanese Air Command
GUY;No.23 Guyanese Air Command
GUY;No.24 Guyanese Air Command
GUY;No.25 Guyanese Air Command
GUY;No.26 Guyanese Air Command
GUY;No.27 Guyanese Air Command
GUY;No.28 Guyanese Air Command
GUY;No.29 Guyanese Air Command
GUY;No.30 Guyanese Air Command
GUY;No.31 Guyanese Air Command
GUY;No.32 Guyanese Air Command
GUY;No.33 Guyanese Air Command
GUY;No.34 Guyanese Air Command
GUY;No.35 Guyanese Air Command
GUY;No.36 Guyanese Air Command
GUY;No.37 Guyanese Air Command
GUY;No.38 Guyanese Air Command
GUY;No.39 Guyanese Air Command
GUY;No.40 Guyanese Air Command
GUY;No.41 Guyanese Air Command
GUY;No.42 Guyanese Air Command
GUY;No.43 Guyanese Air Command
GUY;No.44 Guyanese Air Command
GUY;No.45 Guyanese Air Command
GUY;No.46 Guyanese Air Command
GUY;No.47 Guyanese Air Command
GUY;No.48 Guyanese Air Command
GUY;No.49 Guyanese Air Command
GUY;No.50 Guyanese Air Command
HAI;1re Division A?rienne d'Ha?ti
HAI;2e Division A?rienne d'Ha?ti
HAI;3e Division A?rienne d'Ha?ti
HAI;4e Division A?rienne d'Ha?ti
HAI;5e Division A?rienne d'Ha?ti
HAI;6e Division A?rienne d'Ha?ti
HAI;7e Division A?rienne d'Ha?ti
HAI;8e Division A?rienne d'Ha?ti
HAI;9e Division A?rienne d'Ha?ti
HAI;10e Division A?rienne d'Ha?ti
HAI;11e Division A?rienne d'Ha?ti
HAI;12e Division A?rienne d'Ha?ti
HAI;13e Division A?rienne d'Ha?ti
HAI;14e Division A?rienne d'Ha?ti
HAI;15e Division A?rienne d'Ha?ti
HAI;16e Division A?rienne d'Ha?ti
HAI;17e Division A?rienne d'Ha?ti
HAI;18e Division A?rienne d'Ha?ti
HAI;19e Division A?rienne d'Ha?ti
HAI;20e Division A?rienne d'Ha?ti
HAI;21e Division A?rienne d'Ha?ti
HAI;22e Division A?rienne d'Ha?ti
HAI;23e Division A?rienne d'Ha?ti
HAI;24e Division A?rienne d'Ha?ti
HAI;25e Division A?rienne d'Ha?ti
HAI;26e Division A?rienne d'Ha?ti
HAI;27e Division A?rienne d'Ha?ti
HAI;28e Division A?rienne d'Ha?ti
HAI;29e Division A?rienne d'Ha?ti
HAI;30e Division A?rienne d'Ha?ti
HAI;31e Division A?rienne d'Ha?ti
HAI;32e Division A?rienne d'Ha?ti
HAI;33e Division A?rienne d'Ha?ti
HAI;34e Division A?rienne d'Ha?ti
HAI;35e Division A?rienne d'Ha?ti
HAI;36e Division A?rienne d'Ha?ti
HAI;37e Division A?rienne d'Ha?ti
HAI;38e Division A?rienne d'Ha?ti
HAI;39e Division A?rienne d'Ha?ti
HAI;40e Division A?rienne d'Ha?ti
HAI;41e Division A?rienne d'Ha?ti
HAI;42e Division A?rienne d'Ha?ti
HAI;43e Division A?rienne d'Ha?ti
HAI;44e Division A?rienne d'Ha?ti
HAI;45e Division A?rienne d'Ha?ti
HAI;46e Division A?rienne d'Ha?ti
HAI;47e Division A?rienne d'Ha?ti
HAI;48e Division A?rienne d'Ha?ti
HAI;49e Division A?rienne d'Ha?ti
HAI;50e Division A?rienne d'Ha?ti
HOL;1e Koninklijke Luchtvloot
HOL;2e Koninklijke Luchtvloot
HOL;3e Koninklijke Luchtvloot
HOL;4e Koninklijke Luchtvloot
HOL;5e Koninklijke Luchtvloot
HOL;6e Koninklijke Luchtvloot
HOL;7e Koninklijke Luchtvloot
HOL;8e Koninklijke Luchtvloot
HOL;9e Koninklijke Luchtvloot
HOL;10e Koninklijke Luchtvloot
HOL;11e Koninklijke Luchtvloot
HOL;12e Koninklijke Luchtvloot
HOL;13e Koninklijke Luchtvloot
HOL;14e Koninklijke Luchtvloot
HOL;15e Koninklijke Luchtvloot
HOL;16e Koninklijke Luchtvloot
HOL;17e Koninklijke Luchtvloot
HOL;18e Koninklijke Luchtvloot
HOL;19e Koninklijke Luchtvloot
HOL;20e Koninklijke Luchtvloot
HOL;21e Koninklijke Luchtvloot
HOL;22e Koninklijke Luchtvloot
HOL;23e Koninklijke Luchtvloot
HOL;24e Koninklijke Luchtvloot
HOL;25e Koninklijke Luchtvloot
HOL;26e Koninklijke Luchtvloot
HOL;27e Koninklijke Luchtvloot
HOL;28e Koninklijke Luchtvloot
HOL;29e Koninklijke Luchtvloot
HOL;30e Koninklijke Luchtvloot
HOL;31e Koninklijke Luchtvloot
HOL;32e Koninklijke Luchtvloot
HOL;33e Koninklijke Luchtvloot
HOL;34e Koninklijke Luchtvloot
HOL;35e Koninklijke Luchtvloot
HOL;36e Koninklijke Luchtvloot
HOL;37e Koninklijke Luchtvloot
HOL;38e Koninklijke Luchtvloot
HOL;39e Koninklijke Luchtvloot
HOL;40e Koninklijke Luchtvloot
HOL;41e Koninklijke Luchtvloot
HOL;42e Koninklijke Luchtvloot
HOL;43e Koninklijke Luchtvloot
HOL;44e Koninklijke Luchtvloot
HOL;45e Koninklijke Luchtvloot
HOL;46e Koninklijke Luchtvloot
HOL;47e Koninklijke Luchtvloot
HOL;48e Koninklijke Luchtvloot
HOL;49e Koninklijke Luchtvloot
HOL;50e Koninklijke Luchtvloot
HON;I Cuerpo de Aviaci?n hondure?o
HON;II Cuerpo de Aviaci?n hondure?o
HON;III Cuerpo de Aviaci?n hondure?o
HON;IV Cuerpo de Aviaci?n hondure?o
HON;V Cuerpo de Aviaci?n hondure?o
HON;VI Cuerpo de Aviaci?n hondure?o
HON;VII Cuerpo de Aviaci?n hondure?o
HON;VIII Cuerpo de Aviaci?n hondure?o
HON;IX Cuerpo de Aviaci?n hondure?o
HON;X Cuerpo de Aviaci?n hondure?o
HON;XI Cuerpo de Aviaci?n hondure?o
HON;XII Cuerpo de Aviaci?n hondure?o
HON;XIII Cuerpo de Aviaci?n hondure?o
HON;XIV Cuerpo de Aviaci?n hondure?o
HON;XV Cuerpo de Aviaci?n hondure?o
HON;XVI Cuerpo de Aviaci?n hondure?o
HON;XVII Cuerpo de Aviaci?n hondure?o
HON;XVIII Cuerpo de Aviaci?n hondure?o
HON;XIX Cuerpo de Aviaci?n hondure?o
HON;XX Cuerpo de Aviaci?n hondure?o
HON;XXI Cuerpo de Aviaci?n hondure?o
HON;XXII Cuerpo de Aviaci?n hondure?o
HON;XXIII Cuerpo de Aviaci?n hondure?o
HON;XXIV Cuerpo de Aviaci?n hondure?o
HON;XXV Cuerpo de Aviaci?n hondure?o
HON;XXVI Cuerpo de Aviaci?n hondure?o
HON;XXVII Cuerpo de Aviaci?n hondure?o
HON;XXVIII Cuerpo de Aviaci?n hondure?o
HON;XXIX Cuerpo de Aviaci?n hondure?o
HON;XXX Cuerpo de Aviaci?n hondure?o
HON;XXXI Cuerpo de Aviaci?n hondure?o
HON;XXXII Cuerpo de Aviaci?n hondure?o
HON;XXXIII Cuerpo de Aviaci?n hondure?o
HON;XXXIV Cuerpo de Aviaci?n hondure?o
HON;XXXV Cuerpo de Aviaci?n hondure?o
HON;XXXVI Cuerpo de Aviaci?n hondure?o
HON;XXXVII Cuerpo de Aviaci?n hondure?o
HON;XXXVIII Cuerpo de Aviaci?n hondure?o
HON;XXXIX Cuerpo de Aviaci?n hondure?o
HON;XL Cuerpo de Aviaci?n hondure?o
HON;XLI Cuerpo de Aviaci?n hondure?o
HON;XLII Cuerpo de Aviaci?n hondure?o
HON;XLIII Cuerpo de Aviaci?n hondure?o
HON;XLIV Cuerpo de Aviaci?n hondure?o
HON;XLV Cuerpo de Aviaci?n hondure?o
HON;XLVI Cuerpo de Aviaci?n hondure?o
HON;XLVII Cuerpo de Aviaci?n hondure?o
HON;XLVIII Cuerpo de Aviaci?n hondure?o
HON;XLIX Cuerpo de Aviaci?n hondure?o
HON;L Cuerpo de Aviaci?n hondure?o
HUN;1. magyar l?g? hadoszt?ly
HUN;2. magyar l?g? hadoszt?ly
HUN;3. magyar l?g? hadoszt?ly
HUN;4. magyar l?g? hadoszt?ly
HUN;5. magyar l?g? hadoszt?ly
HUN;6. magyar l?g? hadoszt?ly
HUN;7. magyar l?g? hadoszt?ly
HUN;8. magyar l?g? hadoszt?ly
HUN;9. magyar l?g? hadoszt?ly
HUN;10. magyar l?g? hadoszt?ly
HUN;11. magyar l?g? hadoszt?ly
HUN;12. magyar l?g? hadoszt?ly
HUN;13. magyar l?g? hadoszt?ly
HUN;14. magyar l?g? hadoszt?ly
HUN;15. magyar l?g? hadoszt?ly
HUN;16. magyar l?g? hadoszt?ly
HUN;17. magyar l?g? hadoszt?ly
HUN;18. magyar l?g? hadoszt?ly
HUN;19. magyar l?g? hadoszt?ly
HUN;20. magyar l?g? hadoszt?ly
HUN;21. magyar l?g? hadoszt?ly
HUN;22. magyar l?g? hadoszt?ly
HUN;23. magyar l?g? hadoszt?ly
HUN;24. magyar l?g? hadoszt?ly
HUN;25. magyar l?g? hadoszt?ly
HUN;26. magyar l?g? hadoszt?ly
HUN;27. magyar l?g? hadoszt?ly
HUN;28. magyar l?g? hadoszt?ly
HUN;29. magyar l?g? hadoszt?ly
HUN;30. magyar l?g? hadoszt?ly
HUN;31. magyar l?g? hadoszt?ly
HUN;32. magyar l?g? hadoszt?ly
HUN;33. magyar l?g? hadoszt?ly
HUN;34. magyar l?g? hadoszt?ly
HUN;35. magyar l?g? hadoszt?ly
HUN;36. magyar l?g? hadoszt?ly
HUN;37. magyar l?g? hadoszt?ly
HUN;38. magyar l?g? hadoszt?ly
HUN;39. magyar l?g? hadoszt?ly
HUN;40. magyar l?g? hadoszt?ly
HUN;41. magyar l?g? hadoszt?ly
HUN;42. magyar l?g? hadoszt?ly
HUN;43. magyar l?g? hadoszt?ly
HUN;44. magyar l?g? hadoszt?ly
HUN;45. magyar l?g? hadoszt?ly
HUN;46. magyar l?g? hadoszt?ly
HUN;47. magyar l?g? hadoszt?ly
HUN;48. magyar l?g? hadoszt?ly
HUN;49. magyar l?g? hadoszt?ly
HUN;50. magyar l?g? hadoszt?ly
ICL;I Islandske Flyverkorps
ICL;II Islandske Flyverkorps
ICL;III Islandske Flyverkorps
ICL;IV Islandske Flyverkorps
ICL;V Islandske Flyverkorps
ICL;VI Islandske Flyverkorps
ICL;VII Islandske Flyverkorps
ICL;VIII Islandske Flyverkorps
ICL;IX Islandske Flyverkorps
ICL;X Islandske Flyverkorps
ICL;XI Islandske Flyverkorps
ICL;XII Islandske Flyverkorps
ICL;XIII Islandske Flyverkorps
ICL;XIV Islandske Flyverkorps
ICL;XV Islandske Flyverkorps
ICL;XVI Islandske Flyverkorps
ICL;XVII Islandske Flyverkorps
ICL;XVIII Islandske Flyverkorps
ICL;XIX Islandske Flyverkorps
ICL;XX Islandske Flyverkorps
ICL;XXI Islandske Flyverkorps
ICL;XXII Islandske Flyverkorps
ICL;XXIII Islandske Flyverkorps
ICL;XXIV Islandske Flyverkorps
ICL;XXV Islandske Flyverkorps
ICL;XXVI Islandske Flyverkorps
ICL;XXVII Islandske Flyverkorps
ICL;XXVIII Islandske Flyverkorps
ICL;XXIX Islandske Flyverkorps
ICL;XXX Islandske Flyverkorps
ICL;XXXI Islandske Flyverkorps
ICL;XXXII Islandske Flyverkorps
ICL;XXXIII Islandske Flyverkorps
ICL;XXXIV Islandske Flyverkorps
ICL;XXXV Islandske Flyverkorps
ICL;XXXVI Islandske Flyverkorps
ICL;XXXVII Islandske Flyverkorps
ICL;XXXVIII Islandske Flyverkorps
ICL;XXXIX Islandske Flyverkorps
ICL;XL Islandske Flyverkorps
ICL;XLI Islandske Flyverkorps
ICL;XLII Islandske Flyverkorps
ICL;XLIII Islandske Flyverkorps
ICL;XLIV Islandske Flyverkorps
ICL;XLV Islandske Flyverkorps
ICL;XLVI Islandske Flyverkorps
ICL;XLVII Islandske Flyverkorps
ICL;XLVIII Islandske Flyverkorps
ICL;XLIX Islandske Flyverkorps
ICL;L Islandske Flyverkorps
IDC;1re Division A?rienne indochinoise
IDC;2e Division A?rienne indochinoise
IDC;3e Division A?rienne indochinoise
IDC;4e Division A?rienne indochinoise
IDC;5e Division A?rienne indochinoise
IDC;6e Division A?rienne indochinoise
IDC;7e Division A?rienne indochinoise
IDC;8e Division A?rienne indochinoise
IDC;9e Division A?rienne indochinoise
IDC;10e Division A?rienne indochinoise
IDC;11e Division A?rienne indochinoise
IDC;12e Division A?rienne indochinoise
IDC;13e Division A?rienne indochinoise
IDC;14e Division A?rienne indochinoise
IDC;15e Division A?rienne indochinoise
IDC;16e Division A?rienne indochinoise
IDC;17e Division A?rienne indochinoise
IDC;18e Division A?rienne indochinoise
IDC;19e Division A?rienne indochinoise
IDC;20e Division A?rienne indochinoise
IDC;21e Division A?rienne indochinoise
IDC;22e Division A?rienne indochinoise
IDC;23e Division A?rienne indochinoise
IDC;24e Division A?rienne indochinoise
IDC;25e Division A?rienne indochinoise
IDC;26e Division A?rienne indochinoise
IDC;27e Division A?rienne indochinoise
IDC;28e Division A?rienne indochinoise
IDC;29e Division A?rienne indochinoise
IDC;30e Division A?rienne indochinoise
IDC;31e Division A?rienne indochinoise
IDC;32e Division A?rienne indochinoise
IDC;33e Division A?rienne indochinoise
IDC;34e Division A?rienne indochinoise
IDC;35e Division A?rienne indochinoise
IDC;36e Division A?rienne indochinoise
IDC;37e Division A?rienne indochinoise
IDC;38e Division A?rienne indochinoise
IDC;39e Division A?rienne indochinoise
IDC;40e Division A?rienne indochinoise
IDC;41e Division A?rienne indochinoise
IDC;42e Division A?rienne indochinoise
IDC;43e Division A?rienne indochinoise
IDC;44e Division A?rienne indochinoise
IDC;45e Division A?rienne indochinoise
IDC;46e Division A?rienne indochinoise
IDC;47e Division A?rienne indochinoise
IDC;48e Division A?rienne indochinoise
IDC;49e Division A?rienne indochinoise
IDC;50e Division A?rienne indochinoise
IND;No.1 Indian Air Command
IND;No.2 Indian Air Command
IND;No.3 Indian Air Command
IND;No.4 Indian Air Command
IND;No.5 Indian Air Command
IND;No.6 Indian Air Command
IND;No.7 Indian Air Command
IND;No.8 Indian Air Command
IND;No.9 Indian Air Command
IND;No.10 Indian Air Command
IND;No.11 Indian Air Command
IND;No.12 Indian Air Command
IND;No.13 Indian Air Command
IND;No.14 Indian Air Command
IND;No.15 Indian Air Command
IND;No.16 Indian Air Command
IND;No.17 Indian Air Command
IND;No.18 Indian Air Command
IND;No.19 Indian Air Command
IND;No.20 Indian Air Command
IND;No.21 Indian Air Command
IND;No.22 Indian Air Command
IND;No.23 Indian Air Command
IND;No.24 Indian Air Command
IND;No.25 Indian Air Command
IND;No.26 Indian Air Command
IND;No.27 Indian Air Command
IND;No.28 Indian Air Command
IND;No.29 Indian Air Command
IND;No.30 Indian Air Command
IND;No.31 Indian Air Command
IND;No.32 Indian Air Command
IND;No.33 Indian Air Command
IND;No.34 Indian Air Command
IND;No.35 Indian Air Command
IND;No.36 Indian Air Command
IND;No.37 Indian Air Command
IND;No.38 Indian Air Command
IND;No.39 Indian Air Command
IND;No.40 Indian Air Command
IND;No.41 Indian Air Command
IND;No.42 Indian Air Command
IND;No.43 Indian Air Command
IND;No.44 Indian Air Command
IND;No.45 Indian Air Command
IND;No.46 Indian Air Command
IND;No.47 Indian Air Command
IND;No.48 Indian Air Command
IND;No.49 Indian Air Command
IND;No.50 Indian Air Command
IND;No.51 Indian Air Command
IND;No.52 Indian Air Command
IND;No.53 Indian Air Command
IND;No.54 Indian Air Command
IND;No.55 Indian Air Command
IND;No.56 Indian Air Command
IND;No.57 Indian Air Command
IND;No.58 Indian Air Command
IND;No.59 Indian Air Command
IND;No.60 Indian Air Command
IND;No.61 Indian Air Command
IND;No.62 Indian Air Command
IND;No.63 Indian Air Command
IND;No.64 Indian Air Command
IND;No.65 Indian Air Command
IND;No.66 Indian Air Command
IND;No.67 Indian Air Command
IND;No.68 Indian Air Command
IND;No.69 Indian Air Command
IND;No.70 Indian Air Command
IND;No.71 Indian Air Command
IND;No.72 Indian Air Command
IND;No.73 Indian Air Command
IND;No.74 Indian Air Command
IND;No.75 Indian Air Command
IND;No.76 Indian Air Command
IND;No.77 Indian Air Command
IND;No.78 Indian Air Command
IND;No.79 Indian Air Command
IND;No.80 Indian Air Command
IND;No.81 Indian Air Command
IND;No.82 Indian Air Command
IND;No.83 Indian Air Command
IND;No.84 Indian Air Command
IND;No.85 Indian Air Command
IND;No.86 Indian Air Command
IND;No.87 Indian Air Command
IND;No.88 Indian Air Command
IND;No.89 Indian Air Command
IND;No.90 Indian Air Command
IND;No.91 Indian Air Command
IND;No.92 Indian Air Command
IND;No.93 Indian Air Command
IND;No.94 Indian Air Command
IND;No.95 Indian Air Command
IND;No.96 Indian Air Command
IND;No.97 Indian Air Command
IND;No.98 Indian Air Command
IND;No.99 Indian Air Command
IND;No.100 Indian Air Command
INO;Komando Operasi Indonesia I
INO;Komando Operasi Indonesia II
INO;Komando Operasi Indonesia III
INO;Komando Operasi Indonesia IV
INO;Komando Operasi Indonesia V
INO;Komando Operasi Indonesia VI
INO;Komando Operasi Indonesia VII
INO;Komando Operasi Indonesia VIII
INO;Komando Operasi Indonesia IX
INO;Komando Operasi Indonesia X
INO;Komando Operasi Indonesia XI
INO;Komando Operasi Indonesia XII
INO;Komando Operasi Indonesia XIII
INO;Komando Operasi Indonesia XIV
INO;Komando Operasi Indonesia XV
INO;Komando Operasi Indonesia XVI
INO;Komando Operasi Indonesia XVII
INO;Komando Operasi Indonesia XVIII
INO;Komando Operasi Indonesia XIX
INO;Komando Operasi Indonesia XX
INO;Komando Operasi Indonesia XXI
INO;Komando Operasi Indonesia XXII
INO;Komando Operasi Indonesia XXIII
INO;Komando Operasi Indonesia XXIV
INO;Komando Operasi Indonesia XXV
INO;Komando Operasi Indonesia XXVI
INO;Komando Operasi Indonesia XXVII
INO;Komando Operasi Indonesia XXVIII
INO;Komando Operasi Indonesia XXIX
INO;Komando Operasi Indonesia XXX
INO;Komando Operasi Indonesia XXXI
INO;Komando Operasi Indonesia XXXII
INO;Komando Operasi Indonesia XXXIII
INO;Komando Operasi Indonesia XXXIV
INO;Komando Operasi Indonesia XXXV
INO;Komando Operasi Indonesia XXXVI
INO;Komando Operasi Indonesia XXXVII
INO;Komando Operasi Indonesia XXXVIII
INO;Komando Operasi Indonesia XXXIX
INO;Komando Operasi Indonesia XL
INO;Komando Operasi Indonesia XLI
INO;Komando Operasi Indonesia XLII
INO;Komando Operasi Indonesia XLIII
INO;Komando Operasi Indonesia XLIV
INO;Komando Operasi Indonesia XLV
INO;Komando Operasi Indonesia XLVI
INO;Komando Operasi Indonesia XLVII
INO;Komando Operasi Indonesia XLVIII
INO;Komando Operasi Indonesia XLIX
INO;Komando Operasi Indonesia L
IRE;No.1 Irish Air Command
IRE;No.2 Irish Air Command
IRE;No.3 Irish Air Command
IRE;No.4 Irish Air Command
IRE;No.5 Irish Air Command
IRE;No.6 Irish Air Command
IRE;No.7 Irish Air Command
IRE;No.8 Irish Air Command
IRE;No.9 Irish Air Command
IRE;No.10 Irish Air Command
IRE;No.11 Irish Air Command
IRE;No.12 Irish Air Command
IRE;No.13 Irish Air Command
IRE;No.14 Irish Air Command
IRE;No.15 Irish Air Command
IRE;No.16 Irish Air Command
IRE;No.17 Irish Air Command
IRE;No.18 Irish Air Command
IRE;No.19 Irish Air Command
IRE;No.20 Irish Air Command
IRE;No.21 Irish Air Command
IRE;No.22 Irish Air Command
IRE;No.23 Irish Air Command
IRE;No.24 Irish Air Command
IRE;No.25 Irish Air Command
IRE;No.26 Irish Air Command
IRE;No.27 Irish Air Command
IRE;No.28 Irish Air Command
IRE;No.29 Irish Air Command
IRE;No.30 Irish Air Command
IRE;No.31 Irish Air Command
IRE;No.32 Irish Air Command
IRE;No.33 Irish Air Command
IRE;No.34 Irish Air Command
IRE;No.35 Irish Air Command
IRE;No.36 Irish Air Command
IRE;No.37 Irish Air Command
IRE;No.38 Irish Air Command
IRE;No.39 Irish Air Command
IRE;No.40 Irish Air Command
IRE;No.41 Irish Air Command
IRE;No.42 Irish Air Command
IRE;No.43 Irish Air Command
IRE;No.44 Irish Air Command
IRE;No.45 Irish Air Command
IRE;No.46 Irish Air Command
IRE;No.47 Irish Air Command
IRE;No.48 Irish Air Command
IRE;No.49 Irish Air Command
IRE;No.50 Irish Air Command
IRQ;1. al-Quwwat al-Jawwiya al-Iraqiya
IRQ;2. al-Quwwat al-Jawwiya al-Iraqiya
IRQ;3. al-Quwwat al-Jawwiya al-Iraqiya
IRQ;4. al-Quwwat al-Jawwiya al-Iraqiya
IRQ;5. al-Quwwat al-Jawwiya al-Iraqiya
IRQ;6. al-Quwwat al-Jawwiya al-Iraqiya
IRQ;7. al-Quwwat al-Jawwiya al-Iraqiya
IRQ;8. al-Quwwat al-Jawwiya al-Iraqiya
IRQ;9. al-Quwwat al-Jawwiya al-Iraqiya
IRQ;10. al-Quwwat al-Jawwiya al-Iraqiya
IRQ;11. al-Quwwat al-Jawwiya al-Iraqiya
IRQ;12. al-Quwwat al-Jawwiya al-Iraqiya
IRQ;13. al-Quwwat al-Jawwiya al-Iraqiya
IRQ;14. al-Quwwat al-Jawwiya al-Iraqiya
IRQ;15. al-Quwwat al-Jawwiya al-Iraqiya
IRQ;16. al-Quwwat al-Jawwiya al-Iraqiya
IRQ;17. al-Quwwat al-Jawwiya al-Iraqiya
IRQ;18. al-Quwwat al-Jawwiya al-Iraqiya
IRQ;19. al-Quwwat al-Jawwiya al-Iraqiya
IRQ;20. al-Quwwat al-Jawwiya al-Iraqiya
IRQ;21. al-Quwwat al-Jawwiya al-Iraqiya
IRQ;22. al-Quwwat al-Jawwiya al-Iraqiya
IRQ;23. al-Quwwat al-Jawwiya al-Iraqiya
IRQ;24. al-Quwwat al-Jawwiya al-Iraqiya
IRQ;25. al-Quwwat al-Jawwiya al-Iraqiya
IRQ;26. al-Quwwat al-Jawwiya al-Iraqiya
IRQ;27. al-Quwwat al-Jawwiya al-Iraqiya
IRQ;28. al-Quwwat al-Jawwiya al-Iraqiya
IRQ;29. al-Quwwat al-Jawwiya al-Iraqiya
IRQ;30. al-Quwwat al-Jawwiya al-Iraqiya
IRQ;31. al-Quwwat al-Jawwiya al-Iraqiya
IRQ;32. al-Quwwat al-Jawwiya al-Iraqiya
IRQ;33. al-Quwwat al-Jawwiya al-Iraqiya
IRQ;34. al-Quwwat al-Jawwiya al-Iraqiya
IRQ;35. al-Quwwat al-Jawwiya al-Iraqiya
IRQ;36. al-Quwwat al-Jawwiya al-Iraqiya
IRQ;37. al-Quwwat al-Jawwiya al-Iraqiya
IRQ;38. al-Quwwat al-Jawwiya al-Iraqiya
IRQ;39. al-Quwwat al-Jawwiya al-Iraqiya
IRQ;40. al-Quwwat al-Jawwiya al-Iraqiya
IRQ;41. al-Quwwat al-Jawwiya al-Iraqiya
IRQ;42. al-Quwwat al-Jawwiya al-Iraqiya
IRQ;43. al-Quwwat al-Jawwiya al-Iraqiya
IRQ;44. al-Quwwat al-Jawwiya al-Iraqiya
IRQ;45. al-Quwwat al-Jawwiya al-Iraqiya
IRQ;46. al-Quwwat al-Jawwiya al-Iraqiya
IRQ;47. al-Quwwat al-Jawwiya al-Iraqiya
IRQ;48. al-Quwwat al-Jawwiya al-Iraqiya
IRQ;49. al-Quwwat al-Jawwiya al-Iraqiya
IRQ;50. al-Quwwat al-Jawwiya al-Iraqiya
ISR;Heil HaAvir HaYisraeli 1
ISR;Heil HaAvir HaYisraeli 2
ISR;Heil HaAvir HaYisraeli 3
ISR;Heil HaAvir HaYisraeli 4
ISR;Heil HaAvir HaYisraeli 5
ISR;Heil HaAvir HaYisraeli 6
ISR;Heil HaAvir HaYisraeli 7
ISR;Heil HaAvir HaYisraeli 8
ISR;Heil HaAvir HaYisraeli 9
ISR;Heil HaAvir HaYisraeli 10
ISR;Heil HaAvir HaYisraeli 11
ISR;Heil HaAvir HaYisraeli 12
ISR;Heil HaAvir HaYisraeli 13
ISR;Heil HaAvir HaYisraeli 14
ISR;Heil HaAvir HaYisraeli 15
ISR;Heil HaAvir HaYisraeli 16
ISR;Heil HaAvir HaYisraeli 17
ISR;Heil HaAvir HaYisraeli 18
ISR;Heil HaAvir HaYisraeli 19
ISR;Heil HaAvir HaYisraeli 20
ISR;Heil HaAvir HaYisraeli 21
ISR;Heil HaAvir HaYisraeli 22
ISR;Heil HaAvir HaYisraeli 23
ISR;Heil HaAvir HaYisraeli 24
ISR;Heil HaAvir HaYisraeli 25
ISR;Heil HaAvir HaYisraeli 26
ISR;Heil HaAvir HaYisraeli 27
ISR;Heil HaAvir HaYisraeli 28
ISR;Heil HaAvir HaYisraeli 29
ISR;Heil HaAvir HaYisraeli 30
ISR;Heil HaAvir HaYisraeli 31
ISR;Heil HaAvir HaYisraeli 32
ISR;Heil HaAvir HaYisraeli 33
ISR;Heil HaAvir HaYisraeli 34
ISR;Heil HaAvir HaYisraeli 35
ISR;Heil HaAvir HaYisraeli 36
ISR;Heil HaAvir HaYisraeli 37
ISR;Heil HaAvir HaYisraeli 38
ISR;Heil HaAvir HaYisraeli 39
ISR;Heil HaAvir HaYisraeli 40
ISR;Heil HaAvir HaYisraeli 41
ISR;Heil HaAvir HaYisraeli 42
ISR;Heil HaAvir HaYisraeli 43
ISR;Heil HaAvir HaYisraeli 44
ISR;Heil HaAvir HaYisraeli 45
ISR;Heil HaAvir HaYisraeli 46
ISR;Heil HaAvir HaYisraeli 47
ISR;Heil HaAvir HaYisraeli 48
ISR;Heil HaAvir HaYisraeli 49
ISR;Heil HaAvir HaYisraeli 50
ITA;1a Squadra Aerea
ITA;2a Squadra Aerea
ITA;3a Squadra Aerea
ITA;4a Squadra Aerea
ITA;5a Squadra Aerea
ITA;6a Squadra Aerea
ITA;7a Squadra Aerea
ITA;8a Squadra Aerea
ITA;9a Squadra Aerea
ITA;10a Squadra Aerea
ITA;11a Squadra Aerea
ITA;12a Squadra Aerea
ITA;13a Squadra Aerea
ITA;14a Squadra Aerea
ITA;15a Squadra Aerea
ITA;16a Squadra Aerea
ITA;17a Squadra Aerea
ITA;18a Squadra Aerea
ITA;19a Squadra Aerea
ITA;20a Squadra Aerea
ITA;21a Squadra Aerea
ITA;22a Squadra Aerea
ITA;23a Squadra Aerea
ITA;24a Squadra Aerea
ITA;25a Squadra Aerea
ITA;26a Squadra Aerea
ITA;27a Squadra Aerea
ITA;28a Squadra Aerea
ITA;29a Squadra Aerea
ITA;30a Squadra Aerea
ITA;31a Squadra Aerea
ITA;32a Squadra Aerea
ITA;33a Squadra Aerea
ITA;34a Squadra Aerea
ITA;35a Squadra Aerea
ITA;36a Squadra Aerea
ITA;37a Squadra Aerea
ITA;38a Squadra Aerea
ITA;39a Squadra Aerea
ITA;40a Squadra Aerea
ITA;41a Squadra Aerea
ITA;42a Squadra Aerea
ITA;43a Squadra Aerea
ITA;44a Squadra Aerea
ITA;45a Squadra Aerea
ITA;46a Squadra Aerea
ITA;47a Squadra Aerea
ITA;48a Squadra Aerea
ITA;49a Squadra Aerea
ITA;50a Squadra Aerea
ITA;51a Squadra Aerea
ITA;52a Squadra Aerea
ITA;53a Squadra Aerea
ITA;54a Squadra Aerea
ITA;55a Squadra Aerea
ITA;56a Squadra Aerea
ITA;57a Squadra Aerea
ITA;58a Squadra Aerea
ITA;59a Squadra Aerea
ITA;60a Squadra Aerea
ITA;61a Squadra Aerea
ITA;62a Squadra Aerea
ITA;63a Squadra Aerea
ITA;64a Squadra Aerea
ITA;65a Squadra Aerea
ITA;66a Squadra Aerea
ITA;67a Squadra Aerea
ITA;68a Squadra Aerea
ITA;69a Squadra Aerea
ITA;70a Squadra Aerea
ITA;71a Squadra Aerea
ITA;72a Squadra Aerea
ITA;73a Squadra Aerea
ITA;74a Squadra Aerea
ITA;75a Squadra Aerea
ITA;76a Squadra Aerea
ITA;77a Squadra Aerea
ITA;78a Squadra Aerea
ITA;79a Squadra Aerea
ITA;80a Squadra Aerea
ITA;81a Squadra Aerea
ITA;82a Squadra Aerea
ITA;83a Squadra Aerea
ITA;84a Squadra Aerea
ITA;85a Squadra Aerea
ITA;86a Squadra Aerea
ITA;87a Squadra Aerea
ITA;88a Squadra Aerea
ITA;89a Squadra Aerea
ITA;90a Squadra Aerea
ITA;91a Squadra Aerea
ITA;92a Squadra Aerea
ITA;93a Squadra Aerea
ITA;94a Squadra Aerea
ITA;95a Squadra Aerea
ITA;96a Squadra Aerea
ITA;97a Squadra Aerea
ITA;98a Squadra Aerea
ITA;99a Squadra Aerea
ITA;100a Squadra Aerea
JAP;Dai 1 K?k? Gun
JAP;Dai 2 K?k? Gun
JAP;Dai 3 K?k? Gun
JAP;Dai 4 K?k? Gun
JAP;Dai 5 K?k? Gun
JAP;Dai 6 K?k? Gun
JAP;Dai 7 K?k? Gun
JAP;Dai 8 K?k? Gun
JAP;Dai 9 K?k? Gun
JAP;Dai 10 K?k? Gun
JAP;Dai 11 K?k? Gun
JAP;Dai 12 K?k? Gun
JAP;Dai 13 K?k? Gun
JAP;Dai 14 K?k? Gun
JAP;Dai 15 K?k? Gun
JAP;Dai 16 K?k? Gun
JAP;Dai 17 K?k? Gun
JAP;Dai 18 K?k? Gun
JAP;Dai 19 K?k? Gun
JAP;Dai 20 K?k? Gun
JAP;Dai 21 K?k? Gun
JAP;Dai 22 K?k? Gun
JAP;Dai 23 K?k? Gun
JAP;Dai 24 K?k? Gun
JAP;Dai 25 K?k? Gun
JAP;Dai 26 K?k? Gun
JAP;Dai 27 K?k? Gun
JAP;Dai 28 K?k? Gun
JAP;Dai 29 K?k? Gun
JAP;Dai 30 K?k? Gun
JAP;Dai 31 K?k? Gun
JAP;Dai 32 K?k? Gun
JAP;Dai 33 K?k? Gun
JAP;Dai 34 K?k? Gun
JAP;Dai 35 K?k? Gun
JAP;Dai 36 K?k? Gun
JAP;Dai 37 K?k? Gun
JAP;Dai 38 K?k? Gun
JAP;Dai 39 K?k? Gun
JAP;Dai 40 K?k? Gun
JAP;Dai 41 K?k? Gun
JAP;Dai 42 K?k? Gun
JAP;Dai 43 K?k? Gun
JAP;Dai 44 K?k? Gun
JAP;Dai 45 K?k? Gun
JAP;Dai 46 K?k? Gun
JAP;Dai 47 K?k? Gun
JAP;Dai 48 K?k? Gun
JAP;Dai 49 K?k? Gun
JAP;Dai 50 K?k? Gun
JAP;Dai 51 K?k? Gun
JAP;Dai 52 K?k? Gun
JAP;Dai 53 K?k? Gun
JAP;Dai 54 K?k? Gun
JAP;Dai 55 K?k? Gun
JAP;Dai 56 K?k? Gun
JAP;Dai 57 K?k? Gun
JAP;Dai 58 K?k? Gun
JAP;Dai 59 K?k? Gun
JAP;Dai 60 K?k? Gun
JAP;Dai 61 K?k? Gun
JAP;Dai 62 K?k? Gun
JAP;Dai 63 K?k? Gun
JAP;Dai 64 K?k? Gun
JAP;Dai 65 K?k? Gun
JAP;Dai 66 K?k? Gun
JAP;Dai 67 K?k? Gun
JAP;Dai 68 K?k? Gun
JAP;Dai 69 K?k? Gun
JAP;Dai 70 K?k? Gun
JAP;Dai 71 K?k? Gun
JAP;Dai 72 K?k? Gun
JAP;Dai 73 K?k? Gun
JAP;Dai 74 K?k? Gun
JAP;Dai 75 K?k? Gun
JAP;Dai 76 K?k? Gun
JAP;Dai 77 K?k? Gun
JAP;Dai 78 K?k? Gun
JAP;Dai 79 K?k? Gun
JAP;Dai 80 K?k? Gun
JAP;Dai 81 K?k? Gun
JAP;Dai 82 K?k? Gun
JAP;Dai 83 K?k? Gun
JAP;Dai 84 K?k? Gun
JAP;Dai 85 K?k? Gun
JAP;Dai 86 K?k? Gun
JAP;Dai 87 K?k? Gun
JAP;Dai 88 K?k? Gun
JAP;Dai 89 K?k? Gun
JAP;Dai 90 K?k? Gun
JAP;Dai 91 K?k? Gun
JAP;Dai 92 K?k? Gun
JAP;Dai 93 K?k? Gun
JAP;Dai 94 K?k? Gun
JAP;Dai 95 K?k? Gun
JAP;Dai 96 K?k? Gun
JAP;Dai 97 K?k? Gun
JAP;Dai 98 K?k? Gun
JAP;Dai 99 K?k? Gun
JAP;Dai 100 K?k? Gun
JOR;1. al-Quwwat al-Jawwiya al-Urduni
JOR;2. al-Quwwat al-Jawwiya al-Urduni
JOR;3. al-Quwwat al-Jawwiya al-Urduni
JOR;4. al-Quwwat al-Jawwiya al-Urduni
JOR;5. al-Quwwat al-Jawwiya al-Urduni
JOR;6. al-Quwwat al-Jawwiya al-Urduni
JOR;7. al-Quwwat al-Jawwiya al-Urduni
JOR;8. al-Quwwat al-Jawwiya al-Urduni
JOR;9. al-Quwwat al-Jawwiya al-Urduni
JOR;10. al-Quwwat al-Jawwiya al-Urduni
JOR;11. al-Quwwat al-Jawwiya al-Urduni
JOR;12. al-Quwwat al-Jawwiya al-Urduni
JOR;13. al-Quwwat al-Jawwiya al-Urduni
JOR;14. al-Quwwat al-Jawwiya al-Urduni
JOR;15. al-Quwwat al-Jawwiya al-Urduni
JOR;16. al-Quwwat al-Jawwiya al-Urduni
JOR;17. al-Quwwat al-Jawwiya al-Urduni
JOR;18. al-Quwwat al-Jawwiya al-Urduni
JOR;19. al-Quwwat al-Jawwiya al-Urduni
JOR;20. al-Quwwat al-Jawwiya al-Urduni
JOR;21. al-Quwwat al-Jawwiya al-Urduni
JOR;22. al-Quwwat al-Jawwiya al-Urduni
JOR;23. al-Quwwat al-Jawwiya al-Urduni
JOR;24. al-Quwwat al-Jawwiya al-Urduni
JOR;25. al-Quwwat al-Jawwiya al-Urduni
JOR;26. al-Quwwat al-Jawwiya al-Urduni
JOR;27. al-Quwwat al-Jawwiya al-Urduni
JOR;28. al-Quwwat al-Jawwiya al-Urduni
JOR;29. al-Quwwat al-Jawwiya al-Urduni
JOR;30. al-Quwwat al-Jawwiya al-Urduni
JOR;31. al-Quwwat al-Jawwiya al-Urduni
JOR;32. al-Quwwat al-Jawwiya al-Urduni
JOR;33. al-Quwwat al-Jawwiya al-Urduni
JOR;34. al-Quwwat al-Jawwiya al-Urduni
JOR;35. al-Quwwat al-Jawwiya al-Urduni
JOR;36. al-Quwwat al-Jawwiya al-Urduni
JOR;37. al-Quwwat al-Jawwiya al-Urduni
JOR;38. al-Quwwat al-Jawwiya al-Urduni
JOR;39. al-Quwwat al-Jawwiya al-Urduni
JOR;40. al-Quwwat al-Jawwiya al-Urduni
JOR;41. al-Quwwat al-Jawwiya al-Urduni
JOR;42. al-Quwwat al-Jawwiya al-Urduni
JOR;43. al-Quwwat al-Jawwiya al-Urduni
JOR;44. al-Quwwat al-Jawwiya al-Urduni
JOR;45. al-Quwwat al-Jawwiya al-Urduni
JOR;46. al-Quwwat al-Jawwiya al-Urduni
JOR;47. al-Quwwat al-Jawwiya al-Urduni
JOR;48. al-Quwwat al-Jawwiya al-Urduni
JOR;49. al-Quwwat al-Jawwiya al-Urduni
JOR;50. al-Quwwat al-Jawwiya al-Urduni
KAZ;1-y qazaqstannyn aviakorpus
KAZ;2-y qazaqstannyn aviakorpus
KAZ;3-y qazaqstannyn aviakorpus
KAZ;4-y qazaqstannyn aviakorpus
KAZ;5-y qazaqstannyn aviakorpus
KAZ;6-y qazaqstannyn aviakorpus
KAZ;7-y qazaqstannyn aviakorpus
KAZ;8-y qazaqstannyn aviakorpus
KAZ;9-y qazaqstannyn aviakorpus
KAZ;10-y qazaqstannyn aviakorpus
KAZ;11-y qazaqstannyn aviakorpus
KAZ;12-y qazaqstannyn aviakorpus
KAZ;13-y qazaqstannyn aviakorpus
KAZ;14-y qazaqstannyn aviakorpus
KAZ;15-y qazaqstannyn aviakorpus
KAZ;16-y qazaqstannyn aviakorpus
KAZ;17-y qazaqstannyn aviakorpus
KAZ;18-y qazaqstannyn aviakorpus
KAZ;19-y qazaqstannyn aviakorpus
KAZ;20-y qazaqstannyn aviakorpus
KAZ;21-y qazaqstannyn aviakorpus
KAZ;22-y qazaqstannyn aviakorpus
KAZ;23-y qazaqstannyn aviakorpus
KAZ;24-y qazaqstannyn aviakorpus
KAZ;25-y qazaqstannyn aviakorpus
KAZ;26-y qazaqstannyn aviakorpus
KAZ;27-y qazaqstannyn aviakorpus
KAZ;28-y qazaqstannyn aviakorpus
KAZ;29-y qazaqstannyn aviakorpus
KAZ;30-y qazaqstannyn aviakorpus
KAZ;31-y qazaqstannyn aviakorpus
KAZ;32-y qazaqstannyn aviakorpus
KAZ;33-y qazaqstannyn aviakorpus
KAZ;34-y qazaqstannyn aviakorpus
KAZ;35-y qazaqstannyn aviakorpus
KAZ;36-y qazaqstannyn aviakorpus
KAZ;37-y qazaqstannyn aviakorpus
KAZ;38-y qazaqstannyn aviakorpus
KAZ;39-y qazaqstannyn aviakorpus
KAZ;40-y qazaqstannyn aviakorpus
KAZ;41-y qazaqstannyn aviakorpus
KAZ;42-y qazaqstannyn aviakorpus
KAZ;43-y qazaqstannyn aviakorpus
KAZ;44-y qazaqstannyn aviakorpus
KAZ;45-y qazaqstannyn aviakorpus
KAZ;46-y qazaqstannyn aviakorpus
KAZ;47-y qazaqstannyn aviakorpus
KAZ;48-y qazaqstannyn aviakorpus
KAZ;49-y qazaqstannyn aviakorpus
KAZ;50-y qazaqstannyn aviakorpus
KOR;1st ROK Air Command
KOR;2nd ROK Air Command
KOR;3rd ROK Air Command
KOR;4th ROK Air Command
KOR;5th ROK Air Command
KOR;6th ROK Air Command
KOR;7th ROK Air Command
KOR;8th ROK Air Command
KOR;9th ROK Air Command
KOR;10th ROK Air Command
KOR;11th ROK Air Command
KOR;12th ROK Air Command
KOR;13th ROK Air Command
KOR;14th ROK Air Command
KOR;15th ROK Air Command
KOR;16th ROK Air Command
KOR;17th ROK Air Command
KOR;18th ROK Air Command
KOR;19th ROK Air Command
KOR;20th ROK Air Command
KOR;21st ROK Air Command
KOR;22nd ROK Air Command
KOR;23rd ROK Air Command
KOR;24th ROK Air Command
KOR;25th ROK Air Command
KOR;26th ROK Air Command
KOR;27th ROK Air Command
KOR;28th ROK Air Command
KOR;29th ROK Air Command
KOR;30th ROK Air Command
KOR;31st ROK Air Command
KOR;32nd ROK Air Command
KOR;33rd ROK Air Command
KOR;34th ROK Air Command
KOR;35th ROK Air Command
KOR;36th ROK Air Command
KOR;37th ROK Air Command
KOR;38th ROK Air Command
KOR;39th ROK Air Command
KOR;40th ROK Air Command
KOR;41st ROK Air Command
KOR;42nd ROK Air Command
KOR;43rd ROK Air Command
KOR;44th ROK Air Command
KOR;45th ROK Air Command
KOR;46th ROK Air Command
KOR;47th ROK Air Command
KOR;48th ROK Air Command
KOR;49th ROK Air Command
KOR;50th ROK Air Command
KUR;Kurd? 1. Hava Kuvveti Komutanligi
KUR;Kurd? 2. Hava Kuvveti Komutanligi
KUR;Kurd? 3. Hava Kuvveti Komutanligi
KUR;Kurd? 4. Hava Kuvveti Komutanligi
KUR;Kurd? 5. Hava Kuvveti Komutanligi
KUR;Kurd? 6. Hava Kuvveti Komutanligi
KUR;Kurd? 7. Hava Kuvveti Komutanligi
KUR;Kurd? 8. Hava Kuvveti Komutanligi
KUR;Kurd? 9. Hava Kuvveti Komutanligi
KUR;Kurd? 10. Hava Kuvveti Komutanligi
KUR;Kurd? 11. Hava Kuvveti Komutanligi
KUR;Kurd? 12. Hava Kuvveti Komutanligi
KUR;Kurd? 13. Hava Kuvveti Komutanligi
KUR;Kurd? 14. Hava Kuvveti Komutanligi
KUR;Kurd? 15. Hava Kuvveti Komutanligi
KUR;Kurd? 16. Hava Kuvveti Komutanligi
KUR;Kurd? 17. Hava Kuvveti Komutanligi
KUR;Kurd? 18. Hava Kuvveti Komutanligi
KUR;Kurd? 19. Hava Kuvveti Komutanligi
KUR;Kurd? 20. Hava Kuvveti Komutanligi
KUR;Kurd? 21. Hava Kuvveti Komutanligi
KUR;Kurd? 22. Hava Kuvveti Komutanligi
KUR;Kurd? 23. Hava Kuvveti Komutanligi
KUR;Kurd? 24. Hava Kuvveti Komutanligi
KUR;Kurd? 25. Hava Kuvveti Komutanligi
KUR;Kurd? 26. Hava Kuvveti Komutanligi
KUR;Kurd? 27. Hava Kuvveti Komutanligi
KUR;Kurd? 28. Hava Kuvveti Komutanligi
KUR;Kurd? 29. Hava Kuvveti Komutanligi
KUR;Kurd? 30. Hava Kuvveti Komutanligi
KUR;Kurd? 31. Hava Kuvveti Komutanligi
KUR;Kurd? 32. Hava Kuvveti Komutanligi
KUR;Kurd? 33. Hava Kuvveti Komutanligi
KUR;Kurd? 34. Hava Kuvveti Komutanligi
KUR;Kurd? 35. Hava Kuvveti Komutanligi
KUR;Kurd? 36. Hava Kuvveti Komutanligi
KUR;Kurd? 37. Hava Kuvveti Komutanligi
KUR;Kurd? 38. Hava Kuvveti Komutanligi
KUR;Kurd? 39. Hava Kuvveti Komutanligi
KUR;Kurd? 40. Hava Kuvveti Komutanligi
KUR;Kurd? 41. Hava Kuvveti Komutanligi
KUR;Kurd? 42. Hava Kuvveti Komutanligi
KUR;Kurd? 43. Hava Kuvveti Komutanligi
KUR;Kurd? 44. Hava Kuvveti Komutanligi
KUR;Kurd? 45. Hava Kuvveti Komutanligi
KUR;Kurd? 46. Hava Kuvveti Komutanligi
KUR;Kurd? 47. Hava Kuvveti Komutanligi
KUR;Kurd? 48. Hava Kuvveti Komutanligi
KUR;Kurd? 49. Hava Kuvveti Komutanligi
KUR;Kurd? 50. Hava Kuvveti Komutanligi
KYG;1-y kirgizskiy aviatsionniy korpus
KYG;2-y kirgizskiy aviatsionniy korpus
KYG;3-y kirgizskiy aviatsionniy korpus
KYG;4-y kirgizskiy aviatsionniy korpus
KYG;5-y kirgizskiy aviatsionniy korpus
KYG;6-y kirgizskiy aviatsionniy korpus
KYG;7-y kirgizskiy aviatsionniy korpus
KYG;8-y kirgizskiy aviatsionniy korpus
KYG;9-y kirgizskiy aviatsionniy korpus
KYG;10-y kirgizskiy aviatsionniy korpus
KYG;11-y kirgizskiy aviatsionniy korpus
KYG;12-y kirgizskiy aviatsionniy korpus
KYG;13-y kirgizskiy aviatsionniy korpus
KYG;14-y kirgizskiy aviatsionniy korpus
KYG;15-y kirgizskiy aviatsionniy korpus
KYG;16-y kirgizskiy aviatsionniy korpus
KYG;17-y kirgizskiy aviatsionniy korpus
KYG;18-y kirgizskiy aviatsionniy korpus
KYG;19-y kirgizskiy aviatsionniy korpus
KYG;20-y kirgizskiy aviatsionniy korpus
KYG;21-y kirgizskiy aviatsionniy korpus
KYG;22-y kirgizskiy aviatsionniy korpus
KYG;23-y kirgizskiy aviatsionniy korpus
KYG;24-y kirgizskiy aviatsionniy korpus
KYG;25-y kirgizskiy aviatsionniy korpus
KYG;26-y kirgizskiy aviatsionniy korpus
KYG;27-y kirgizskiy aviatsionniy korpus
KYG;28-y kirgizskiy aviatsionniy korpus
KYG;29-y kirgizskiy aviatsionniy korpus
KYG;30-y kirgizskiy aviatsionniy korpus
KYG;31-y kirgizskiy aviatsionniy korpus
KYG;32-y kirgizskiy aviatsionniy korpus
KYG;33-y kirgizskiy aviatsionniy korpus
KYG;34-y kirgizskiy aviatsionniy korpus
KYG;35-y kirgizskiy aviatsionniy korpus
KYG;36-y kirgizskiy aviatsionniy korpus
KYG;37-y kirgizskiy aviatsionniy korpus
KYG;38-y kirgizskiy aviatsionniy korpus
KYG;39-y kirgizskiy aviatsionniy korpus
KYG;40-y kirgizskiy aviatsionniy korpus
KYG;41-y kirgizskiy aviatsionniy korpus
KYG;42-y kirgizskiy aviatsionniy korpus
KYG;43-y kirgizskiy aviatsionniy korpus
KYG;44-y kirgizskiy aviatsionniy korpus
KYG;45-y kirgizskiy aviatsionniy korpus
KYG;46-y kirgizskiy aviatsionniy korpus
KYG;47-y kirgizskiy aviatsionniy korpus
KYG;48-y kirgizskiy aviatsionniy korpus
KYG;49-y kirgizskiy aviatsionniy korpus
KYG;50-y kirgizskiy aviatsionniy korpus
LAO;1re Division A?rienne de l'Aviation Laotienne
LAO;2e Division A?rienne de l'Aviation Laotienne
LAO;3e Division A?rienne de l'Aviation Laotienne
LAO;4e Division A?rienne de l'Aviation Laotienne
LAO;5e Division A?rienne de l'Aviation Laotienne
LAO;6e Division A?rienne de l'Aviation Laotienne
LAO;7e Division A?rienne de l'Aviation Laotienne
LAO;8e Division A?rienne de l'Aviation Laotienne
LAO;9e Division A?rienne de l'Aviation Laotienne
LAO;10e Division A?rienne de l'Aviation Laotienne
LAO;11e Division A?rienne de l'Aviation Laotienne
LAO;12e Division A?rienne de l'Aviation Laotienne
LAO;13e Division A?rienne de l'Aviation Laotienne
LAO;14e Division A?rienne de l'Aviation Laotienne
LAO;15e Division A?rienne de l'Aviation Laotienne
LAO;16e Division A?rienne de l'Aviation Laotienne
LAO;17e Division A?rienne de l'Aviation Laotienne
LAO;18e Division A?rienne de l'Aviation Laotienne
LAO;19e Division A?rienne de l'Aviation Laotienne
LAO;20e Division A?rienne de l'Aviation Laotienne
LAO;21e Division A?rienne de l'Aviation Laotienne
LAO;22e Division A?rienne de l'Aviation Laotienne
LAO;23e Division A?rienne de l'Aviation Laotienne
LAO;24e Division A?rienne de l'Aviation Laotienne
LAO;25e Division A?rienne de l'Aviation Laotienne
LAO;26e Division A?rienne de l'Aviation Laotienne
LAO;27e Division A?rienne de l'Aviation Laotienne
LAO;28e Division A?rienne de l'Aviation Laotienne
LAO;29e Division A?rienne de l'Aviation Laotienne
LAO;30e Division A?rienne de l'Aviation Laotienne
LAO;31e Division A?rienne de l'Aviation Laotienne
LAO;32e Division A?rienne de l'Aviation Laotienne
LAO;33e Division A?rienne de l'Aviation Laotienne
LAO;34e Division A?rienne de l'Aviation Laotienne
LAO;35e Division A?rienne de l'Aviation Laotienne
LAO;36e Division A?rienne de l'Aviation Laotienne
LAO;37e Division A?rienne de l'Aviation Laotienne
LAO;38e Division A?rienne de l'Aviation Laotienne
LAO;39e Division A?rienne de l'Aviation Laotienne
LAO;40e Division A?rienne de l'Aviation Laotienne
LAO;41e Division A?rienne de l'Aviation Laotienne
LAO;42e Division A?rienne de l'Aviation Laotienne
LAO;43e Division A?rienne de l'Aviation Laotienne
LAO;44e Division A?rienne de l'Aviation Laotienne
LAO;45e Division A?rienne de l'Aviation Laotienne
LAO;46e Division A?rienne de l'Aviation Laotienne
LAO;47e Division A?rienne de l'Aviation Laotienne
LAO;48e Division A?rienne de l'Aviation Laotienne
LAO;49e Division A?rienne de l'Aviation Laotienne
LAO;50e Division A?rienne de l'Aviation Laotienne
LAT;1. Latvijas Aviacijas Pulks
LAT;2. Latvijas Aviacijas Pulks
LAT;3. Latvijas Aviacijas Pulks
LAT;4. Latvijas Aviacijas Pulks
LAT;5. Latvijas Aviacijas Pulks
LAT;6. Latvijas Aviacijas Pulks
LAT;7. Latvijas Aviacijas Pulks
LAT;8. Latvijas Aviacijas Pulks
LAT;9. Latvijas Aviacijas Pulks
LAT;10. Latvijas Aviacijas Pulks
LAT;11. Latvijas Aviacijas Pulks
LAT;12. Latvijas Aviacijas Pulks
LAT;13. Latvijas Aviacijas Pulks
LAT;14. Latvijas Aviacijas Pulks
LAT;15. Latvijas Aviacijas Pulks
LAT;16. Latvijas Aviacijas Pulks
LAT;17. Latvijas Aviacijas Pulks
LAT;18. Latvijas Aviacijas Pulks
LAT;19. Latvijas Aviacijas Pulks
LAT;20. Latvijas Aviacijas Pulks
LAT;21. Latvijas Aviacijas Pulks
LAT;22. Latvijas Aviacijas Pulks
LAT;23. Latvijas Aviacijas Pulks
LAT;24. Latvijas Aviacijas Pulks
LAT;25. Latvijas Aviacijas Pulks
LAT;26. Latvijas Aviacijas Pulks
LAT;27. Latvijas Aviacijas Pulks
LAT;28. Latvijas Aviacijas Pulks
LAT;29. Latvijas Aviacijas Pulks
LAT;30. Latvijas Aviacijas Pulks
LAT;31. Latvijas Aviacijas Pulks
LAT;32. Latvijas Aviacijas Pulks
LAT;33. Latvijas Aviacijas Pulks
LAT;34. Latvijas Aviacijas Pulks
LAT;35. Latvijas Aviacijas Pulks
LAT;36. Latvijas Aviacijas Pulks
LAT;37. Latvijas Aviacijas Pulks
LAT;38. Latvijas Aviacijas Pulks
LAT;39. Latvijas Aviacijas Pulks
LAT;40. Latvijas Aviacijas Pulks
LAT;41. Latvijas Aviacijas Pulks
LAT;42. Latvijas Aviacijas Pulks
LAT;43. Latvijas Aviacijas Pulks
LAT;44. Latvijas Aviacijas Pulks
LAT;45. Latvijas Aviacijas Pulks
LAT;46. Latvijas Aviacijas Pulks
LAT;47. Latvijas Aviacijas Pulks
LAT;48. Latvijas Aviacijas Pulks
LAT;49. Latvijas Aviacijas Pulks
LAT;50. Latvijas Aviacijas Pulks
LBY;1. al-Quwwat al-Jawwiya al-Libiyya
LBY;2. al-Quwwat al-Jawwiya al-Libiyya
LBY;3. al-Quwwat al-Jawwiya al-Libiyya
LBY;4. al-Quwwat al-Jawwiya al-Libiyya
LBY;5. al-Quwwat al-Jawwiya al-Libiyya
LBY;6. al-Quwwat al-Jawwiya al-Libiyya
LBY;7. al-Quwwat al-Jawwiya al-Libiyya
LBY;8. al-Quwwat al-Jawwiya al-Libiyya
LBY;9. al-Quwwat al-Jawwiya al-Libiyya
LBY;10. al-Quwwat al-Jawwiya al-Libiyya
LBY;11. al-Quwwat al-Jawwiya al-Libiyya
LBY;12. al-Quwwat al-Jawwiya al-Libiyya
LBY;13. al-Quwwat al-Jawwiya al-Libiyya
LBY;14. al-Quwwat al-Jawwiya al-Libiyya
LBY;15. al-Quwwat al-Jawwiya al-Libiyya
LBY;16. al-Quwwat al-Jawwiya al-Libiyya
LBY;17. al-Quwwat al-Jawwiya al-Libiyya
LBY;18. al-Quwwat al-Jawwiya al-Libiyya
LBY;19. al-Quwwat al-Jawwiya al-Libiyya
LBY;20. al-Quwwat al-Jawwiya al-Libiyya
LBY;21. al-Quwwat al-Jawwiya al-Libiyya
LBY;22. al-Quwwat al-Jawwiya al-Libiyya
LBY;23. al-Quwwat al-Jawwiya al-Libiyya
LBY;24. al-Quwwat al-Jawwiya al-Libiyya
LBY;25. al-Quwwat al-Jawwiya al-Libiyya
LBY;26. al-Quwwat al-Jawwiya al-Libiyya
LBY;27. al-Quwwat al-Jawwiya al-Libiyya
LBY;28. al-Quwwat al-Jawwiya al-Libiyya
LBY;29. al-Quwwat al-Jawwiya al-Libiyya
LBY;30. al-Quwwat al-Jawwiya al-Libiyya
LBY;31. al-Quwwat al-Jawwiya al-Libiyya
LBY;32. al-Quwwat al-Jawwiya al-Libiyya
LBY;33. al-Quwwat al-Jawwiya al-Libiyya
LBY;34. al-Quwwat al-Jawwiya al-Libiyya
LBY;35. al-Quwwat al-Jawwiya al-Libiyya
LBY;36. al-Quwwat al-Jawwiya al-Libiyya
LBY;37. al-Quwwat al-Jawwiya al-Libiyya
LBY;38. al-Quwwat al-Jawwiya al-Libiyya
LBY;39. al-Quwwat al-Jawwiya al-Libiyya
LBY;40. al-Quwwat al-Jawwiya al-Libiyya
LBY;41. al-Quwwat al-Jawwiya al-Libiyya
LBY;42. al-Quwwat al-Jawwiya al-Libiyya
LBY;43. al-Quwwat al-Jawwiya al-Libiyya
LBY;44. al-Quwwat al-Jawwiya al-Libiyya
LBY;45. al-Quwwat al-Jawwiya al-Libiyya
LBY;46. al-Quwwat al-Jawwiya al-Libiyya
LBY;47. al-Quwwat al-Jawwiya al-Libiyya
LBY;48. al-Quwwat al-Jawwiya al-Libiyya
LBY;49. al-Quwwat al-Jawwiya al-Libiyya
LBY;50. al-Quwwat al-Jawwiya al-Libiyya
LEB;1. al-Quwwat al-Jawwiya al-Lubnaniyah
LEB;2. al-Quwwat al-Jawwiya al-Lubnaniyah
LEB;3. al-Quwwat al-Jawwiya al-Lubnaniyah
LEB;4. al-Quwwat al-Jawwiya al-Lubnaniyah
LEB;5. al-Quwwat al-Jawwiya al-Lubnaniyah
LEB;6. al-Quwwat al-Jawwiya al-Lubnaniyah
LEB;7. al-Quwwat al-Jawwiya al-Lubnaniyah
LEB;8. al-Quwwat al-Jawwiya al-Lubnaniyah
LEB;9. al-Quwwat al-Jawwiya al-Lubnaniyah
LEB;10. al-Quwwat al-Jawwiya al-Lubnaniyah
LEB;11. al-Quwwat al-Jawwiya al-Lubnaniyah
LEB;12. al-Quwwat al-Jawwiya al-Lubnaniyah
LEB;13. al-Quwwat al-Jawwiya al-Lubnaniyah
LEB;14. al-Quwwat al-Jawwiya al-Lubnaniyah
LEB;15. al-Quwwat al-Jawwiya al-Lubnaniyah
LEB;16. al-Quwwat al-Jawwiya al-Lubnaniyah
LEB;17. al-Quwwat al-Jawwiya al-Lubnaniyah
LEB;18. al-Quwwat al-Jawwiya al-Lubnaniyah
LEB;19. al-Quwwat al-Jawwiya al-Lubnaniyah
LEB;20. al-Quwwat al-Jawwiya al-Lubnaniyah
LEB;21. al-Quwwat al-Jawwiya al-Lubnaniyah
LEB;22. al-Quwwat al-Jawwiya al-Lubnaniyah
LEB;23. al-Quwwat al-Jawwiya al-Lubnaniyah
LEB;24. al-Quwwat al-Jawwiya al-Lubnaniyah
LEB;25. al-Quwwat al-Jawwiya al-Lubnaniyah
LEB;26. al-Quwwat al-Jawwiya al-Lubnaniyah
LEB;27. al-Quwwat al-Jawwiya al-Lubnaniyah
LEB;28. al-Quwwat al-Jawwiya al-Lubnaniyah
LEB;29. al-Quwwat al-Jawwiya al-Lubnaniyah
LEB;30. al-Quwwat al-Jawwiya al-Lubnaniyah
LEB;31. al-Quwwat al-Jawwiya al-Lubnaniyah
LEB;32. al-Quwwat al-Jawwiya al-Lubnaniyah
LEB;33. al-Quwwat al-Jawwiya al-Lubnaniyah
LEB;34. al-Quwwat al-Jawwiya al-Lubnaniyah
LEB;35. al-Quwwat al-Jawwiya al-Lubnaniyah
LEB;36. al-Quwwat al-Jawwiya al-Lubnaniyah
LEB;37. al-Quwwat al-Jawwiya al-Lubnaniyah
LEB;38. al-Quwwat al-Jawwiya al-Lubnaniyah
LEB;39. al-Quwwat al-Jawwiya al-Lubnaniyah
LEB;40. al-Quwwat al-Jawwiya al-Lubnaniyah
LEB;41. al-Quwwat al-Jawwiya al-Lubnaniyah
LEB;42. al-Quwwat al-Jawwiya al-Lubnaniyah
LEB;43. al-Quwwat al-Jawwiya al-Lubnaniyah
LEB;44. al-Quwwat al-Jawwiya al-Lubnaniyah
LEB;45. al-Quwwat al-Jawwiya al-Lubnaniyah
LEB;46. al-Quwwat al-Jawwiya al-Lubnaniyah
LEB;47. al-Quwwat al-Jawwiya al-Lubnaniyah
LEB;48. al-Quwwat al-Jawwiya al-Lubnaniyah
LEB;49. al-Quwwat al-Jawwiya al-Lubnaniyah
LEB;50. al-Quwwat al-Jawwiya al-Lubnaniyah
LIB;First Liberian Air Force
LIB;Second Liberian Air Force
LIB;Third Liberian Air Force
LIB;Fourth Liberian Air Force
LIB;Fifth Liberian Air Force
LIB;Sixth Liberian Air Force
LIB;Seventh Liberian Air Force
LIB;Eighth Liberian Air Force
LIB;Ninth Liberian Air Force
LIB;Tenth Liberian Air Force
LIB;Eleventh Liberian Air Force
LIB;Twelfth Liberian Air Force
LIB;Thirteenth Liberian Air Force
LIB;Fourteenth Liberian Air Force
LIB;Fifteenth Liberian Air Force
LIB;Sixteenth Liberian Air Force
LIB;Seventeenth Liberian Air Force
LIB;Eighteenth Liberian Air Force
LIB;Nineteenth Liberian Air Force
LIB;Twentieth Liberian Air Force
LIB;Twenty-First Liberian Air Force
LIB;Twenty-Second Liberian Air Force
LIB;Twenty-Third Liberian Air Force
LIB;Twenty-Fourth Liberian Air Force
LIB;Twenty-Fifth Liberian Air Force
LIB;Twenty-Sixth Liberian Air Force
LIB;Twenty-Seventh Liberian Air Force
LIB;Twenty-Eighth Liberian Air Force
LIB;Twenty-Ninth Liberian Air Force
LIB;Thirtieth Liberian Air Force
LIB;Thirty-First Liberian Air Force
LIB;Thirty-Second Liberian Air Force
LIB;Thirty-Third Liberian Air Force
LIB;Thirty-Fourth Liberian Air Force
LIB;Thirty-Fifth Liberian Air Force
LIB;Thirty-Sixth Liberian Air Force
LIB;Thirty-Seventh Liberian Air Force
LIB;Thirty-Eighth Liberian Air Force
LIB;Thirty-Ninth Liberian Air Force
LIB;Fortieth Liberian Air Force
LIB;Forty-First Liberian Air Force
LIB;Forty-Second Liberian Air Force
LIB;Forty-Third Liberian Air Force
LIB;Forty-Fourth Liberian Air Force
LIB;Forty-Fifth Liberian Air Force
LIB;Forty-Sixth Liberian Air Force
LIB;Forty-Seventh Liberian Air Force
LIB;Forty-Eighth Liberian Air Force
LIB;Forty-Ninth Liberian Air Force
LIB;Fiftieth Liberian Air Force
LIT;1. Lietuvos Aviacijos Korpusas
LIT;2. Lietuvos Aviacijos Korpusas
LIT;3. Lietuvos Aviacijos Korpusas
LIT;4. Lietuvos Aviacijos Korpusas
LIT;5. Lietuvos Aviacijos Korpusas
LIT;6. Lietuvos Aviacijos Korpusas
LIT;7. Lietuvos Aviacijos Korpusas
LIT;8. Lietuvos Aviacijos Korpusas
LIT;9. Lietuvos Aviacijos Korpusas
LIT;10. Lietuvos Aviacijos Korpusas
LIT;11. Lietuvos Aviacijos Korpusas
LIT;12. Lietuvos Aviacijos Korpusas
LIT;13. Lietuvos Aviacijos Korpusas
LIT;14. Lietuvos Aviacijos Korpusas
LIT;15. Lietuvos Aviacijos Korpusas
LIT;16. Lietuvos Aviacijos Korpusas
LIT;17. Lietuvos Aviacijos Korpusas
LIT;18. Lietuvos Aviacijos Korpusas
LIT;19. Lietuvos Aviacijos Korpusas
LIT;20. Lietuvos Aviacijos Korpusas
LIT;21. Lietuvos Aviacijos Korpusas
LIT;22. Lietuvos Aviacijos Korpusas
LIT;23. Lietuvos Aviacijos Korpusas
LIT;24. Lietuvos Aviacijos Korpusas
LIT;25. Lietuvos Aviacijos Korpusas
LIT;26. Lietuvos Aviacijos Korpusas
LIT;27. Lietuvos Aviacijos Korpusas
LIT;28. Lietuvos Aviacijos Korpusas
LIT;29. Lietuvos Aviacijos Korpusas
LIT;30. Lietuvos Aviacijos Korpusas
LIT;31. Lietuvos Aviacijos Korpusas
LIT;32. Lietuvos Aviacijos Korpusas
LIT;33. Lietuvos Aviacijos Korpusas
LIT;34. Lietuvos Aviacijos Korpusas
LIT;35. Lietuvos Aviacijos Korpusas
LIT;36. Lietuvos Aviacijos Korpusas
LIT;37. Lietuvos Aviacijos Korpusas
LIT;38. Lietuvos Aviacijos Korpusas
LIT;39. Lietuvos Aviacijos Korpusas
LIT;40. Lietuvos Aviacijos Korpusas
LIT;41. Lietuvos Aviacijos Korpusas
LIT;42. Lietuvos Aviacijos Korpusas
LIT;43. Lietuvos Aviacijos Korpusas
LIT;44. Lietuvos Aviacijos Korpusas
LIT;45. Lietuvos Aviacijos Korpusas
LIT;46. Lietuvos Aviacijos Korpusas
LIT;47. Lietuvos Aviacijos Korpusas
LIT;48. Lietuvos Aviacijos Korpusas
LIT;49. Lietuvos Aviacijos Korpusas
LIT;50. Lietuvos Aviacijos Korpusas
LUX;1re Division A?rienne luxembourgeoise
LUX;2e Division A?rienne luxembourgeoise
LUX;3e Division A?rienne luxembourgeoise
LUX;4e Division A?rienne luxembourgeoise
LUX;5e Division A?rienne luxembourgeoise
LUX;6e Division A?rienne luxembourgeoise
LUX;7e Division A?rienne luxembourgeoise
LUX;8e Division A?rienne luxembourgeoise
LUX;9e Division A?rienne luxembourgeoise
LUX;10e Division A?rienne luxembourgeoise
LUX;11e Division A?rienne luxembourgeoise
LUX;12e Division A?rienne luxembourgeoise
LUX;13e Division A?rienne luxembourgeoise
LUX;14e Division A?rienne luxembourgeoise
LUX;15e Division A?rienne luxembourgeoise
LUX;16e Division A?rienne luxembourgeoise
LUX;17e Division A?rienne luxembourgeoise
LUX;18e Division A?rienne luxembourgeoise
LUX;19e Division A?rienne luxembourgeoise
LUX;20e Division A?rienne luxembourgeoise
LUX;21e Division A?rienne luxembourgeoise
LUX;22e Division A?rienne luxembourgeoise
LUX;23e Division A?rienne luxembourgeoise
LUX;24e Division A?rienne luxembourgeoise
LUX;25e Division A?rienne luxembourgeoise
LUX;26e Division A?rienne luxembourgeoise
LUX;27e Division A?rienne luxembourgeoise
LUX;28e Division A?rienne luxembourgeoise
LUX;29e Division A?rienne luxembourgeoise
LUX;30e Division A?rienne luxembourgeoise
LUX;31e Division A?rienne luxembourgeoise
LUX;32e Division A?rienne luxembourgeoise
LUX;33e Division A?rienne luxembourgeoise
LUX;34e Division A?rienne luxembourgeoise
LUX;35e Division A?rienne luxembourgeoise
LUX;36e Division A?rienne luxembourgeoise
LUX;37e Division A?rienne luxembourgeoise
LUX;38e Division A?rienne luxembourgeoise
LUX;39e Division A?rienne luxembourgeoise
LUX;40e Division A?rienne luxembourgeoise
LUX;41e Division A?rienne luxembourgeoise
LUX;42e Division A?rienne luxembourgeoise
LUX;43e Division A?rienne luxembourgeoise
LUX;44e Division A?rienne luxembourgeoise
LUX;45e Division A?rienne luxembourgeoise
LUX;46e Division A?rienne luxembourgeoise
LUX;47e Division A?rienne luxembourgeoise
LUX;48e Division A?rienne luxembourgeoise
LUX;49e Division A?rienne luxembourgeoise
LUX;50e Division A?rienne luxembourgeoise
MAD;1re Division A?rienne malgache
MAD;2e Division A?rienne malgache
MAD;3e Division A?rienne malgache
MAD;4e Division A?rienne malgache
MAD;5e Division A?rienne malgache
MAD;6e Division A?rienne malgache
MAD;7e Division A?rienne malgache
MAD;8e Division A?rienne malgache
MAD;9e Division A?rienne malgache
MAD;10e Division A?rienne malgache
MAD;11e Division A?rienne malgache
MAD;12e Division A?rienne malgache
MAD;13e Division A?rienne malgache
MAD;14e Division A?rienne malgache
MAD;15e Division A?rienne malgache
MAD;16e Division A?rienne malgache
MAD;17e Division A?rienne malgache
MAD;18e Division A?rienne malgache
MAD;19e Division A?rienne malgache
MAD;20e Division A?rienne malgache
MAD;21e Division A?rienne malgache
MAD;22e Division A?rienne malgache
MAD;23e Division A?rienne malgache
MAD;24e Division A?rienne malgache
MAD;25e Division A?rienne malgache
MAD;26e Division A?rienne malgache
MAD;27e Division A?rienne malgache
MAD;28e Division A?rienne malgache
MAD;29e Division A?rienne malgache
MAD;30e Division A?rienne malgache
MAD;31e Division A?rienne malgache
MAD;32e Division A?rienne malgache
MAD;33e Division A?rienne malgache
MAD;34e Division A?rienne malgache
MAD;35e Division A?rienne malgache
MAD;36e Division A?rienne malgache
MAD;37e Division A?rienne malgache
MAD;38e Division A?rienne malgache
MAD;39e Division A?rienne malgache
MAD;40e Division A?rienne malgache
MAD;41e Division A?rienne malgache
MAD;42e Division A?rienne malgache
MAD;43e Division A?rienne malgache
MAD;44e Division A?rienne malgache
MAD;45e Division A?rienne malgache
MAD;46e Division A?rienne malgache
MAD;47e Division A?rienne malgache
MAD;48e Division A?rienne malgache
MAD;49e Division A?rienne malgache
MAD;50e Division A?rienne malgache
MAL;1re Division A?rienne malienne
MAL;2e Division A?rienne malienne
MAL;3e Division A?rienne malienne
MAL;4e Division A?rienne malienne
MAL;5e Division A?rienne malienne
MAL;6e Division A?rienne malienne
MAL;7e Division A?rienne malienne
MAL;8e Division A?rienne malienne
MAL;9e Division A?rienne malienne
MAL;10e Division A?rienne malienne
MAL;11e Division A?rienne malienne
MAL;12e Division A?rienne malienne
MAL;13e Division A?rienne malienne
MAL;14e Division A?rienne malienne
MAL;15e Division A?rienne malienne
MAL;16e Division A?rienne malienne
MAL;17e Division A?rienne malienne
MAL;18e Division A?rienne malienne
MAL;19e Division A?rienne malienne
MAL;20e Division A?rienne malienne
MAL;21e Division A?rienne malienne
MAL;22e Division A?rienne malienne
MAL;23e Division A?rienne malienne
MAL;24e Division A?rienne malienne
MAL;25e Division A?rienne malienne
MAL;26e Division A?rienne malienne
MAL;27e Division A?rienne malienne
MAL;28e Division A?rienne malienne
MAL;29e Division A?rienne malienne
MAL;30e Division A?rienne malienne
MAL;31e Division A?rienne malienne
MAL;32e Division A?rienne malienne
MAL;33e Division A?rienne malienne
MAL;34e Division A?rienne malienne
MAL;35e Division A?rienne malienne
MAL;36e Division A?rienne malienne
MAL;37e Division A?rienne malienne
MAL;38e Division A?rienne malienne
MAL;39e Division A?rienne malienne
MAL;40e Division A?rienne malienne
MAL;41e Division A?rienne malienne
MAL;42e Division A?rienne malienne
MAL;43e Division A?rienne malienne
MAL;44e Division A?rienne malienne
MAL;45e Division A?rienne malienne
MAL;46e Division A?rienne malienne
MAL;47e Division A?rienne malienne
MAL;48e Division A?rienne malienne
MAL;49e Division A?rienne malienne
MAL;50e Division A?rienne malienne
MAN;Di'1 Man'chu Kongjun
MAN;Di'2 Man'chu Kongjun
MAN;Di'3 Man'chu Kongjun
MAN;Di'4 Man'chu Kongjun
MAN;Di'5 Man'chu Kongjun
MAN;Di'6 Man'chu Kongjun
MAN;Di'7 Man'chu Kongjun
MAN;Di'8 Man'chu Kongjun
MAN;Di'9 Man'chu Kongjun
MAN;Di'10 Man'chu Kongjun
MAN;Di'11 Man'chu Kongjun
MAN;Di'12 Man'chu Kongjun
MAN;Di'13 Man'chu Kongjun
MAN;Di'14 Man'chu Kongjun
MAN;Di'15 Man'chu Kongjun
MAN;Di'16 Man'chu Kongjun
MAN;Di'17 Man'chu Kongjun
MAN;Di'18 Man'chu Kongjun
MAN;Di'19 Man'chu Kongjun
MAN;Di'20 Man'chu Kongjun
MAN;Di'21 Man'chu Kongjun
MAN;Di'22 Man'chu Kongjun
MAN;Di'23 Man'chu Kongjun
MAN;Di'24 Man'chu Kongjun
MAN;Di'25 Man'chu Kongjun
MAN;Di'26 Man'chu Kongjun
MAN;Di'27 Man'chu Kongjun
MAN;Di'28 Man'chu Kongjun
MAN;Di'29 Man'chu Kongjun
MAN;Di'30 Man'chu Kongjun
MAN;Di'31 Man'chu Kongjun
MAN;Di'32 Man'chu Kongjun
MAN;Di'33 Man'chu Kongjun
MAN;Di'34 Man'chu Kongjun
MAN;Di'35 Man'chu Kongjun
MAN;Di'36 Man'chu Kongjun
MAN;Di'37 Man'chu Kongjun
MAN;Di'38 Man'chu Kongjun
MAN;Di'39 Man'chu Kongjun
MAN;Di'40 Man'chu Kongjun
MAN;Di'41 Man'chu Kongjun
MAN;Di'42 Man'chu Kongjun
MAN;Di'43 Man'chu Kongjun
MAN;Di'44 Man'chu Kongjun
MAN;Di'45 Man'chu Kongjun
MAN;Di'46 Man'chu Kongjun
MAN;Di'47 Man'chu Kongjun
MAN;Di'48 Man'chu Kongjun
MAN;Di'49 Man'chu Kongjun
MAN;Di'50 Man'chu Kongjun
MEN;Di'1 Mengkukuo Kongjun
MEN;Di'2 Mengkukuo Kongjun
MEN;Di'3 Mengkukuo Kongjun
MEN;Di'4 Mengkukuo Kongjun
MEN;Di'5 Mengkukuo Kongjun
MEN;Di'6 Mengkukuo Kongjun
MEN;Di'7 Mengkukuo Kongjun
MEN;Di'8 Mengkukuo Kongjun
MEN;Di'9 Mengkukuo Kongjun
MEN;Di'10 Mengkukuo Kongjun
MEN;Di'11 Mengkukuo Kongjun
MEN;Di'12 Mengkukuo Kongjun
MEN;Di'13 Mengkukuo Kongjun
MEN;Di'14 Mengkukuo Kongjun
MEN;Di'15 Mengkukuo Kongjun
MEN;Di'16 Mengkukuo Kongjun
MEN;Di'17 Mengkukuo Kongjun
MEN;Di'18 Mengkukuo Kongjun
MEN;Di'19 Mengkukuo Kongjun
MEN;Di'20 Mengkukuo Kongjun
MEN;Di'21 Mengkukuo Kongjun
MEN;Di'22 Mengkukuo Kongjun
MEN;Di'23 Mengkukuo Kongjun
MEN;Di'24 Mengkukuo Kongjun
MEN;Di'25 Mengkukuo Kongjun
MEN;Di'26 Mengkukuo Kongjun
MEN;Di'27 Mengkukuo Kongjun
MEN;Di'28 Mengkukuo Kongjun
MEN;Di'29 Mengkukuo Kongjun
MEN;Di'30 Mengkukuo Kongjun
MEN;Di'31 Mengkukuo Kongjun
MEN;Di'32 Mengkukuo Kongjun
MEN;Di'33 Mengkukuo Kongjun
MEN;Di'34 Mengkukuo Kongjun
MEN;Di'35 Mengkukuo Kongjun
MEN;Di'36 Mengkukuo Kongjun
MEN;Di'37 Mengkukuo Kongjun
MEN;Di'38 Mengkukuo Kongjun
MEN;Di'39 Mengkukuo Kongjun
MEN;Di'40 Mengkukuo Kongjun
MEN;Di'41 Mengkukuo Kongjun
MEN;Di'42 Mengkukuo Kongjun
MEN;Di'43 Mengkukuo Kongjun
MEN;Di'44 Mengkukuo Kongjun
MEN;Di'45 Mengkukuo Kongjun
MEN;Di'46 Mengkukuo Kongjun
MEN;Di'47 Mengkukuo Kongjun
MEN;Di'48 Mengkukuo Kongjun
MEN;Di'49 Mengkukuo Kongjun
MEN;Di'50 Mengkukuo Kongjun
MEX;I Flotilla A?rea de M?xico
MEX;II Flotilla A?rea de M?xico
MEX;III Flotilla A?rea de M?xico
MEX;IV Flotilla A?rea de M?xico
MEX;V Flotilla A?rea de M?xico
MEX;VI Flotilla A?rea de M?xico
MEX;VII Flotilla A?rea de M?xico
MEX;VIII Flotilla A?rea de M?xico
MEX;IX Flotilla A?rea de M?xico
MEX;X Flotilla A?rea de M?xico
MEX;XI Flotilla A?rea de M?xico
MEX;XII Flotilla A?rea de M?xico
MEX;XIII Flotilla A?rea de M?xico
MEX;XIV Flotilla A?rea de M?xico
MEX;XV Flotilla A?rea de M?xico
MEX;XVI Flotilla A?rea de M?xico
MEX;XVII Flotilla A?rea de M?xico
MEX;XVIII Flotilla A?rea de M?xico
MEX;XIX Flotilla A?rea de M?xico
MEX;XX Flotilla A?rea de M?xico
MEX;XXI Flotilla A?rea de M?xico
MEX;XXII Flotilla A?rea de M?xico
MEX;XXIII Flotilla A?rea de M?xico
MEX;XXIV Flotilla A?rea de M?xico
MEX;XXV Flotilla A?rea de M?xico
MEX;XXVI Flotilla A?rea de M?xico
MEX;XXVII Flotilla A?rea de M?xico
MEX;XXVIII Flotilla A?rea de M?xico
MEX;XXIX Flotilla A?rea de M?xico
MEX;XXX Flotilla A?rea de M?xico
MEX;XXXI Flotilla A?rea de M?xico
MEX;XXXII Flotilla A?rea de M?xico
MEX;XXXIII Flotilla A?rea de M?xico
MEX;XXXIV Flotilla A?rea de M?xico
MEX;XXXV Flotilla A?rea de M?xico
MEX;XXXVI Flotilla A?rea de M?xico
MEX;XXXVII Flotilla A?rea de M?xico
MEX;XXXVIII Flotilla A?rea de M?xico
MEX;XXXIX Flotilla A?rea de M?xico
MEX;XL Flotilla A?rea de M?xico
MEX;XLI Flotilla A?rea de M?xico
MEX;XLII Flotilla A?rea de M?xico
MEX;XLIII Flotilla A?rea de M?xico
MEX;XLIV Flotilla A?rea de M?xico
MEX;XLV Flotilla A?rea de M?xico
MEX;XLVI Flotilla A?rea de M?xico
MEX;XLVII Flotilla A?rea de M?xico
MEX;XLVIII Flotilla A?rea de M?xico
MEX;XLIX Flotilla A?rea de M?xico
MEX;L Flotilla A?rea de M?xico
MLY;No.1 Royal Malaysian Air Command
MLY;No.2 Royal Malaysian Air Command
MLY;No.3 Royal Malaysian Air Command
MLY;No.4 Royal Malaysian Air Command
MLY;No.5 Royal Malaysian Air Command
MLY;No.6 Royal Malaysian Air Command
MLY;No.7 Royal Malaysian Air Command
MLY;No.8 Royal Malaysian Air Command
MLY;No.9 Royal Malaysian Air Command
MLY;No.10 Royal Malaysian Air Command
MLY;No.11 Royal Malaysian Air Command
MLY;No.12 Royal Malaysian Air Command
MLY;No.13 Royal Malaysian Air Command
MLY;No.14 Royal Malaysian Air Command
MLY;No.15 Royal Malaysian Air Command
MLY;No.16 Royal Malaysian Air Command
MLY;No.17 Royal Malaysian Air Command
MLY;No.18 Royal Malaysian Air Command
MLY;No.19 Royal Malaysian Air Command
MLY;No.20 Royal Malaysian Air Command
MLY;No.21 Royal Malaysian Air Command
MLY;No.22 Royal Malaysian Air Command
MLY;No.23 Royal Malaysian Air Command
MLY;No.24 Royal Malaysian Air Command
MLY;No.25 Royal Malaysian Air Command
MLY;No.26 Royal Malaysian Air Command
MLY;No.27 Royal Malaysian Air Command
MLY;No.28 Royal Malaysian Air Command
MLY;No.29 Royal Malaysian Air Command
MLY;No.30 Royal Malaysian Air Command
MLY;No.31 Royal Malaysian Air Command
MLY;No.32 Royal Malaysian Air Command
MLY;No.33 Royal Malaysian Air Command
MLY;No.34 Royal Malaysian Air Command
MLY;No.35 Royal Malaysian Air Command
MLY;No.36 Royal Malaysian Air Command
MLY;No.37 Royal Malaysian Air Command
MLY;No.38 Royal Malaysian Air Command
MLY;No.39 Royal Malaysian Air Command
MLY;No.40 Royal Malaysian Air Command
MLY;No.41 Royal Malaysian Air Command
MLY;No.42 Royal Malaysian Air Command
MLY;No.43 Royal Malaysian Air Command
MLY;No.44 Royal Malaysian Air Command
MLY;No.45 Royal Malaysian Air Command
MLY;No.46 Royal Malaysian Air Command
MLY;No.47 Royal Malaysian Air Command
MLY;No.48 Royal Malaysian Air Command
MLY;No.49 Royal Malaysian Air Command
MLY;No.50 Royal Malaysian Air Command
MON;1-y mongol'skiy aviatsionniy korpus
MON;2-y mongol'skiy aviatsionniy korpus
MON;3-y mongol'skiy aviatsionniy korpus
MON;4-y mongol'skiy aviatsionniy korpus
MON;5-y mongol'skiy aviatsionniy korpus
MON;6-y mongol'skiy aviatsionniy korpus
MON;7-y mongol'skiy aviatsionniy korpus
MON;8-y mongol'skiy aviatsionniy korpus
MON;9-y mongol'skiy aviatsionniy korpus
MON;10-y mongol'skiy aviatsionniy korpus
MON;11-y mongol'skiy aviatsionniy korpus
MON;12-y mongol'skiy aviatsionniy korpus
MON;13-y mongol'skiy aviatsionniy korpus
MON;14-y mongol'skiy aviatsionniy korpus
MON;15-y mongol'skiy aviatsionniy korpus
MON;16-y mongol'skiy aviatsionniy korpus
MON;17-y mongol'skiy aviatsionniy korpus
MON;18-y mongol'skiy aviatsionniy korpus
MON;19-y mongol'skiy aviatsionniy korpus
MON;20-y mongol'skiy aviatsionniy korpus
MON;21-y mongol'skiy aviatsionniy korpus
MON;22-y mongol'skiy aviatsionniy korpus
MON;23-y mongol'skiy aviatsionniy korpus
MON;24-y mongol'skiy aviatsionniy korpus
MON;25-y mongol'skiy aviatsionniy korpus
MON;26-y mongol'skiy aviatsionniy korpus
MON;27-y mongol'skiy aviatsionniy korpus
MON;28-y mongol'skiy aviatsionniy korpus
MON;29-y mongol'skiy aviatsionniy korpus
MON;30-y mongol'skiy aviatsionniy korpus
MON;31-y mongol'skiy aviatsionniy korpus
MON;32-y mongol'skiy aviatsionniy korpus
MON;33-y mongol'skiy aviatsionniy korpus
MON;34-y mongol'skiy aviatsionniy korpus
MON;35-y mongol'skiy aviatsionniy korpus
MON;36-y mongol'skiy aviatsionniy korpus
MON;37-y mongol'skiy aviatsionniy korpus
MON;38-y mongol'skiy aviatsionniy korpus
MON;39-y mongol'skiy aviatsionniy korpus
MON;40-y mongol'skiy aviatsionniy korpus
MON;41-y mongol'skiy aviatsionniy korpus
MON;42-y mongol'skiy aviatsionniy korpus
MON;43-y mongol'skiy aviatsionniy korpus
MON;44-y mongol'skiy aviatsionniy korpus
MON;45-y mongol'skiy aviatsionniy korpus
MON;46-y mongol'skiy aviatsionniy korpus
MON;47-y mongol'skiy aviatsionniy korpus
MON;48-y mongol'skiy aviatsionniy korpus
MON;49-y mongol'skiy aviatsionniy korpus
MON;50-y mongol'skiy aviatsionniy korpus
MOR;1. al-Quwwat al-Jawwiya al-Maghribiyah
MOR;2. al-Quwwat al-Jawwiya al-Maghribiyah
MOR;3. al-Quwwat al-Jawwiya al-Maghribiyah
MOR;4. al-Quwwat al-Jawwiya al-Maghribiyah
MOR;5. al-Quwwat al-Jawwiya al-Maghribiyah
MOR;6. al-Quwwat al-Jawwiya al-Maghribiyah
MOR;7. al-Quwwat al-Jawwiya al-Maghribiyah
MOR;8. al-Quwwat al-Jawwiya al-Maghribiyah
MOR;9. al-Quwwat al-Jawwiya al-Maghribiyah
MOR;10. al-Quwwat al-Jawwiya al-Maghribiyah
MOR;11. al-Quwwat al-Jawwiya al-Maghribiyah
MOR;12. al-Quwwat al-Jawwiya al-Maghribiyah
MOR;13. al-Quwwat al-Jawwiya al-Maghribiyah
MOR;14. al-Quwwat al-Jawwiya al-Maghribiyah
MOR;15. al-Quwwat al-Jawwiya al-Maghribiyah
MOR;16. al-Quwwat al-Jawwiya al-Maghribiyah
MOR;17. al-Quwwat al-Jawwiya al-Maghribiyah
MOR;18. al-Quwwat al-Jawwiya al-Maghribiyah
MOR;19. al-Quwwat al-Jawwiya al-Maghribiyah
MOR;20. al-Quwwat al-Jawwiya al-Maghribiyah
MOR;21. al-Quwwat al-Jawwiya al-Maghribiyah
MOR;22. al-Quwwat al-Jawwiya al-Maghribiyah
MOR;23. al-Quwwat al-Jawwiya al-Maghribiyah
MOR;24. al-Quwwat al-Jawwiya al-Maghribiyah
MOR;25. al-Quwwat al-Jawwiya al-Maghribiyah
MOR;26. al-Quwwat al-Jawwiya al-Maghribiyah
MOR;27. al-Quwwat al-Jawwiya al-Maghribiyah
MOR;28. al-Quwwat al-Jawwiya al-Maghribiyah
MOR;29. al-Quwwat al-Jawwiya al-Maghribiyah
MOR;30. al-Quwwat al-Jawwiya al-Maghribiyah
MOR;31. al-Quwwat al-Jawwiya al-Maghribiyah
MOR;32. al-Quwwat al-Jawwiya al-Maghribiyah
MOR;33. al-Quwwat al-Jawwiya al-Maghribiyah
MOR;34. al-Quwwat al-Jawwiya al-Maghribiyah
MOR;35. al-Quwwat al-Jawwiya al-Maghribiyah
MOR;36. al-Quwwat al-Jawwiya al-Maghribiyah
MOR;37. al-Quwwat al-Jawwiya al-Maghribiyah
MOR;38. al-Quwwat al-Jawwiya al-Maghribiyah
MOR;39. al-Quwwat al-Jawwiya al-Maghribiyah
MOR;40. al-Quwwat al-Jawwiya al-Maghribiyah
MOR;41. al-Quwwat al-Jawwiya al-Maghribiyah
MOR;42. al-Quwwat al-Jawwiya al-Maghribiyah
MOR;43. al-Quwwat al-Jawwiya al-Maghribiyah
MOR;44. al-Quwwat al-Jawwiya al-Maghribiyah
MOR;45. al-Quwwat al-Jawwiya al-Maghribiyah
MOR;46. al-Quwwat al-Jawwiya al-Maghribiyah
MOR;47. al-Quwwat al-Jawwiya al-Maghribiyah
MOR;48. al-Quwwat al-Jawwiya al-Maghribiyah
MOR;49. al-Quwwat al-Jawwiya al-Maghribiyah
MOR;50. al-Quwwat al-Jawwiya al-Maghribiyah
MOZ;1o Flotilha Avi?o do Mo?ambique
MOZ;2o Flotilha Avi?o do Mo?ambique
MOZ;3o Flotilha Avi?o do Mo?ambique
MOZ;4o Flotilha Avi?o do Mo?ambique
MOZ;5o Flotilha Avi?o do Mo?ambique
MOZ;6o Flotilha Avi?o do Mo?ambique
MOZ;7o Flotilha Avi?o do Mo?ambique
MOZ;8o Flotilha Avi?o do Mo?ambique
MOZ;9o Flotilha Avi?o do Mo?ambique
MOZ;10o Flotilha Avi?o do Mo?ambique
MOZ;11o Flotilha Avi?o do Mo?ambique
MOZ;12o Flotilha Avi?o do Mo?ambique
MOZ;13o Flotilha Avi?o do Mo?ambique
MOZ;14o Flotilha Avi?o do Mo?ambique
MOZ;15o Flotilha Avi?o do Mo?ambique
MOZ;16o Flotilha Avi?o do Mo?ambique
MOZ;17o Flotilha Avi?o do Mo?ambique
MOZ;18o Flotilha Avi?o do Mo?ambique
MOZ;19o Flotilha Avi?o do Mo?ambique
MOZ;20o Flotilha Avi?o do Mo?ambique
MOZ;21o Flotilha Avi?o do Mo?ambique
MOZ;22o Flotilha Avi?o do Mo?ambique
MOZ;23o Flotilha Avi?o do Mo?ambique
MOZ;24o Flotilha Avi?o do Mo?ambique
MOZ;25o Flotilha Avi?o do Mo?ambique
MOZ;26o Flotilha Avi?o do Mo?ambique
MOZ;27o Flotilha Avi?o do Mo?ambique
MOZ;28o Flotilha Avi?o do Mo?ambique
MOZ;29o Flotilha Avi?o do Mo?ambique
MOZ;30o Flotilha Avi?o do Mo?ambique
MOZ;31o Flotilha Avi?o do Mo?ambique
MOZ;32o Flotilha Avi?o do Mo?ambique
MOZ;33o Flotilha Avi?o do Mo?ambique
MOZ;34o Flotilha Avi?o do Mo?ambique
MOZ;35o Flotilha Avi?o do Mo?ambique
MOZ;36o Flotilha Avi?o do Mo?ambique
MOZ;37o Flotilha Avi?o do Mo?ambique
MOZ;38o Flotilha Avi?o do Mo?ambique
MOZ;39o Flotilha Avi?o do Mo?ambique
MOZ;40o Flotilha Avi?o do Mo?ambique
MOZ;41o Flotilha Avi?o do Mo?ambique
MOZ;42o Flotilha Avi?o do Mo?ambique
MOZ;43o Flotilha Avi?o do Mo?ambique
MOZ;44o Flotilha Avi?o do Mo?ambique
MOZ;45o Flotilha Avi?o do Mo?ambique
MOZ;46o Flotilha Avi?o do Mo?ambique
MOZ;47o Flotilha Avi?o do Mo?ambique
MOZ;48o Flotilha Avi?o do Mo?ambique
MOZ;49o Flotilha Avi?o do Mo?ambique
MOZ;50o Flotilha Avi?o do Mo?ambique
MTN;1. crna gora vazduhoplovni korpus
MTN;2. crna gora vazduhoplovni korpus
MTN;3. crna gora vazduhoplovni korpus
MTN;4. crna gora vazduhoplovni korpus
MTN;5. crna gora vazduhoplovni korpus
MTN;6. crna gora vazduhoplovni korpus
MTN;7. crna gora vazduhoplovni korpus
MTN;8. crna gora vazduhoplovni korpus
MTN;9. crna gora vazduhoplovni korpus
MTN;10. crna gora vazduhoplovni korpus
MTN;11. crna gora vazduhoplovni korpus
MTN;12. crna gora vazduhoplovni korpus
MTN;13. crna gora vazduhoplovni korpus
MTN;14. crna gora vazduhoplovni korpus
MTN;15. crna gora vazduhoplovni korpus
MTN;16. crna gora vazduhoplovni korpus
MTN;17. crna gora vazduhoplovni korpus
MTN;18. crna gora vazduhoplovni korpus
MTN;19. crna gora vazduhoplovni korpus
MTN;20. crna gora vazduhoplovni korpus
MTN;21. crna gora vazduhoplovni korpus
MTN;22. crna gora vazduhoplovni korpus
MTN;23. crna gora vazduhoplovni korpus
MTN;24. crna gora vazduhoplovni korpus
MTN;25. crna gora vazduhoplovni korpus
MTN;26. crna gora vazduhoplovni korpus
MTN;27. crna gora vazduhoplovni korpus
MTN;28. crna gora vazduhoplovni korpus
MTN;29. crna gora vazduhoplovni korpus
MTN;30. crna gora vazduhoplovni korpus
MTN;31. crna gora vazduhoplovni korpus
MTN;32. crna gora vazduhoplovni korpus
MTN;33. crna gora vazduhoplovni korpus
MTN;34. crna gora vazduhoplovni korpus
MTN;35. crna gora vazduhoplovni korpus
MTN;36. crna gora vazduhoplovni korpus
MTN;37. crna gora vazduhoplovni korpus
MTN;38. crna gora vazduhoplovni korpus
MTN;39. crna gora vazduhoplovni korpus
MTN;40. crna gora vazduhoplovni korpus
MTN;41. crna gora vazduhoplovni korpus
MTN;42. crna gora vazduhoplovni korpus
MTN;43. crna gora vazduhoplovni korpus
MTN;44. crna gora vazduhoplovni korpus
MTN;45. crna gora vazduhoplovni korpus
MTN;46. crna gora vazduhoplovni korpus
MTN;47. crna gora vazduhoplovni korpus
MTN;48. crna gora vazduhoplovni korpus
MTN;49. crna gora vazduhoplovni korpus
MTN;50. crna gora vazduhoplovni korpus
NAM;No.1 Namibian Air Command
NAM;No.2 Namibian Air Command
NAM;No.3 Namibian Air Command
NAM;No.4 Namibian Air Command
NAM;No.5 Namibian Air Command
NAM;No.6 Namibian Air Command
NAM;No.7 Namibian Air Command
NAM;No.8 Namibian Air Command
NAM;No.9 Namibian Air Command
NAM;No.10 Namibian Air Command
NAM;No.11 Namibian Air Command
NAM;No.12 Namibian Air Command
NAM;No.13 Namibian Air Command
NAM;No.14 Namibian Air Command
NAM;No.15 Namibian Air Command
NAM;No.16 Namibian Air Command
NAM;No.17 Namibian Air Command
NAM;No.18 Namibian Air Command
NAM;No.19 Namibian Air Command
NAM;No.20 Namibian Air Command
NAM;No.21 Namibian Air Command
NAM;No.22 Namibian Air Command
NAM;No.23 Namibian Air Command
NAM;No.24 Namibian Air Command
NAM;No.25 Namibian Air Command
NAM;No.26 Namibian Air Command
NAM;No.27 Namibian Air Command
NAM;No.28 Namibian Air Command
NAM;No.29 Namibian Air Command
NAM;No.30 Namibian Air Command
NAM;No.31 Namibian Air Command
NAM;No.32 Namibian Air Command
NAM;No.33 Namibian Air Command
NAM;No.34 Namibian Air Command
NAM;No.35 Namibian Air Command
NAM;No.36 Namibian Air Command
NAM;No.37 Namibian Air Command
NAM;No.38 Namibian Air Command
NAM;No.39 Namibian Air Command
NAM;No.40 Namibian Air Command
NAM;No.41 Namibian Air Command
NAM;No.42 Namibian Air Command
NAM;No.43 Namibian Air Command
NAM;No.44 Namibian Air Command
NAM;No.45 Namibian Air Command
NAM;No.46 Namibian Air Command
NAM;No.47 Namibian Air Command
NAM;No.48 Namibian Air Command
NAM;No.49 Namibian Air Command
NAM;No.50 Namibian Air Command
NEP;No.1 Nepalese Air Command
NEP;No.2 Nepalese Air Command
NEP;No.3 Nepalese Air Command
NEP;No.4 Nepalese Air Command
NEP;No.5 Nepalese Air Command
NEP;No.6 Nepalese Air Command
NEP;No.7 Nepalese Air Command
NEP;No.8 Nepalese Air Command
NEP;No.9 Nepalese Air Command
NEP;No.10 Nepalese Air Command
NEP;No.11 Nepalese Air Command
NEP;No.12 Nepalese Air Command
NEP;No.13 Nepalese Air Command
NEP;No.14 Nepalese Air Command
NEP;No.15 Nepalese Air Command
NEP;No.16 Nepalese Air Command
NEP;No.17 Nepalese Air Command
NEP;No.18 Nepalese Air Command
NEP;No.19 Nepalese Air Command
NEP;No.20 Nepalese Air Command
NEP;No.21 Nepalese Air Command
NEP;No.22 Nepalese Air Command
NEP;No.23 Nepalese Air Command
NEP;No.24 Nepalese Air Command
NEP;No.25 Nepalese Air Command
NEP;No.26 Nepalese Air Command
NEP;No.27 Nepalese Air Command
NEP;No.28 Nepalese Air Command
NEP;No.29 Nepalese Air Command
NEP;No.30 Nepalese Air Command
NEP;No.31 Nepalese Air Command
NEP;No.32 Nepalese Air Command
NEP;No.33 Nepalese Air Command
NEP;No.34 Nepalese Air Command
NEP;No.35 Nepalese Air Command
NEP;No.36 Nepalese Air Command
NEP;No.37 Nepalese Air Command
NEP;No.38 Nepalese Air Command
NEP;No.39 Nepalese Air Command
NEP;No.40 Nepalese Air Command
NEP;No.41 Nepalese Air Command
NEP;No.42 Nepalese Air Command
NEP;No.43 Nepalese Air Command
NEP;No.44 Nepalese Air Command
NEP;No.45 Nepalese Air Command
NEP;No.46 Nepalese Air Command
NEP;No.47 Nepalese Air Command
NEP;No.48 Nepalese Air Command
NEP;No.49 Nepalese Air Command
NEP;No.50 Nepalese Air Command
NIC;I Cuerpo de Aviaci?n nicarag?ense
NIC;II Cuerpo de Aviaci?n nicarag?ense
NIC;III Cuerpo de Aviaci?n nicarag?ense
NIC;IV Cuerpo de Aviaci?n nicarag?ense
NIC;V Cuerpo de Aviaci?n nicarag?ense
NIC;VI Cuerpo de Aviaci?n nicarag?ense
NIC;VII Cuerpo de Aviaci?n nicarag?ense
NIC;VIII Cuerpo de Aviaci?n nicarag?ense
NIC;IX Cuerpo de Aviaci?n nicarag?ense
NIC;X Cuerpo de Aviaci?n nicarag?ense
NIC;XI Cuerpo de Aviaci?n nicarag?ense
NIC;XII Cuerpo de Aviaci?n nicarag?ense
NIC;XIII Cuerpo de Aviaci?n nicarag?ense
NIC;XIV Cuerpo de Aviaci?n nicarag?ense
NIC;XV Cuerpo de Aviaci?n nicarag?ense
NIC;XVI Cuerpo de Aviaci?n nicarag?ense
NIC;XVII Cuerpo de Aviaci?n nicarag?ense
NIC;XVIII Cuerpo de Aviaci?n nicarag?ense
NIC;XIX Cuerpo de Aviaci?n nicarag?ense
NIC;XX Cuerpo de Aviaci?n nicarag?ense
NIC;XXI Cuerpo de Aviaci?n nicarag?ense
NIC;XXII Cuerpo de Aviaci?n nicarag?ense
NIC;XXIII Cuerpo de Aviaci?n nicarag?ense
NIC;XXIV Cuerpo de Aviaci?n nicarag?ense
NIC;XXV Cuerpo de Aviaci?n nicarag?ense
NIC;XXVI Cuerpo de Aviaci?n nicarag?ense
NIC;XXVII Cuerpo de Aviaci?n nicarag?ense
NIC;XXVIII Cuerpo de Aviaci?n nicarag?ense
NIC;XXIX Cuerpo de Aviaci?n nicarag?ense
NIC;XXX Cuerpo de Aviaci?n nicarag?ense
NIC;XXXI Cuerpo de Aviaci?n nicarag?ense
NIC;XXXII Cuerpo de Aviaci?n nicarag?ense
NIC;XXXIII Cuerpo de Aviaci?n nicarag?ense
NIC;XXXIV Cuerpo de Aviaci?n nicarag?ense
NIC;XXXV Cuerpo de Aviaci?n nicarag?ense
NIC;XXXVI Cuerpo de Aviaci?n nicarag?ense
NIC;XXXVII Cuerpo de Aviaci?n nicarag?ense
NIC;XXXVIII Cuerpo de Aviaci?n nicarag?ense
NIC;XXXIX Cuerpo de Aviaci?n nicarag?ense
NIC;XL Cuerpo de Aviaci?n nicarag?ense
NIC;XLI Cuerpo de Aviaci?n nicarag?ense
NIC;XLII Cuerpo de Aviaci?n nicarag?ense
NIC;XLIII Cuerpo de Aviaci?n nicarag?ense
NIC;XLIV Cuerpo de Aviaci?n nicarag?ense
NIC;XLV Cuerpo de Aviaci?n nicarag?ense
NIC;XLVI Cuerpo de Aviaci?n nicarag?ense
NIC;XLVII Cuerpo de Aviaci?n nicarag?ense
NIC;XLVIII Cuerpo de Aviaci?n nicarag?ense
NIC;XLIX Cuerpo de Aviaci?n nicarag?ense
NIC;L Cuerpo de Aviaci?n nicarag?ense
NIG;No.1 Nigerian Air Command
NIG;No.2 Nigerian Air Command
NIG;No.3 Nigerian Air Command
NIG;No.4 Nigerian Air Command
NIG;No.5 Nigerian Air Command
NIG;No.6 Nigerian Air Command
NIG;No.7 Nigerian Air Command
NIG;No.8 Nigerian Air Command
NIG;No.9 Nigerian Air Command
NIG;No.10 Nigerian Air Command
NIG;No.11 Nigerian Air Command
NIG;No.12 Nigerian Air Command
NIG;No.13 Nigerian Air Command
NIG;No.14 Nigerian Air Command
NIG;No.15 Nigerian Air Command
NIG;No.16 Nigerian Air Command
NIG;No.17 Nigerian Air Command
NIG;No.18 Nigerian Air Command
NIG;No.19 Nigerian Air Command
NIG;No.20 Nigerian Air Command
NIG;No.21 Nigerian Air Command
NIG;No.22 Nigerian Air Command
NIG;No.23 Nigerian Air Command
NIG;No.24 Nigerian Air Command
NIG;No.25 Nigerian Air Command
NIG;No.26 Nigerian Air Command
NIG;No.27 Nigerian Air Command
NIG;No.28 Nigerian Air Command
NIG;No.29 Nigerian Air Command
NIG;No.30 Nigerian Air Command
NIG;No.31 Nigerian Air Command
NIG;No.32 Nigerian Air Command
NIG;No.33 Nigerian Air Command
NIG;No.34 Nigerian Air Command
NIG;No.35 Nigerian Air Command
NIG;No.36 Nigerian Air Command
NIG;No.37 Nigerian Air Command
NIG;No.38 Nigerian Air Command
NIG;No.39 Nigerian Air Command
NIG;No.40 Nigerian Air Command
NIG;No.41 Nigerian Air Command
NIG;No.42 Nigerian Air Command
NIG;No.43 Nigerian Air Command
NIG;No.44 Nigerian Air Command
NIG;No.45 Nigerian Air Command
NIG;No.46 Nigerian Air Command
NIG;No.47 Nigerian Air Command
NIG;No.48 Nigerian Air Command
NIG;No.49 Nigerian Air Command
NIG;No.50 Nigerian Air Command
NOR;I Norske Flyverkorps
NOR;II Norske Flyverkorps
NOR;III Norske Flyverkorps
NOR;IV Norske Flyverkorps
NOR;V Norske Flyverkorps
NOR;VI Norske Flyverkorps
NOR;VII Norske Flyverkorps
NOR;VIII Norske Flyverkorps
NOR;IX Norske Flyverkorps
NOR;X Norske Flyverkorps
NOR;XI Norske Flyverkorps
NOR;XII Norske Flyverkorps
NOR;XIII Norske Flyverkorps
NOR;XIV Norske Flyverkorps
NOR;XV Norske Flyverkorps
NOR;XVI Norske Flyverkorps
NOR;XVII Norske Flyverkorps
NOR;XVIII Norske Flyverkorps
NOR;XIX Norske Flyverkorps
NOR;XX Norske Flyverkorps
NOR;XXI Norske Flyverkorps
NOR;XXII Norske Flyverkorps
NOR;XXIII Norske Flyverkorps
NOR;XXIV Norske Flyverkorps
NOR;XXV Norske Flyverkorps
NOR;XXVI Norske Flyverkorps
NOR;XXVII Norske Flyverkorps
NOR;XXVIII Norske Flyverkorps
NOR;XXIX Norske Flyverkorps
NOR;XXX Norske Flyverkorps
NOR;XXXI Norske Flyverkorps
NOR;XXXII Norske Flyverkorps
NOR;XXXIII Norske Flyverkorps
NOR;XXXIV Norske Flyverkorps
NOR;XXXV Norske Flyverkorps
NOR;XXXVI Norske Flyverkorps
NOR;XXXVII Norske Flyverkorps
NOR;XXXVIII Norske Flyverkorps
NOR;XXXIX Norske Flyverkorps
NOR;XL Norske Flyverkorps
NOR;XLI Norske Flyverkorps
NOR;XLII Norske Flyverkorps
NOR;XLIII Norske Flyverkorps
NOR;XLIV Norske Flyverkorps
NOR;XLV Norske Flyverkorps
NOR;XLVI Norske Flyverkorps
NOR;XLVII Norske Flyverkorps
NOR;XLVIII Norske Flyverkorps
NOR;XLIX Norske Flyverkorps
NOR;L Norske Flyverkorps
NZL;No.1 RNZAF Command
NZL;No.2 RNZAF Command
NZL;No.3 RNZAF Command
NZL;No.4 RNZAF Command
NZL;No.5 RNZAF Command
NZL;No.6 RNZAF Command
NZL;No.7 RNZAF Command
NZL;No.8 RNZAF Command
NZL;No.9 RNZAF Command
NZL;No.10 RNZAF Command
NZL;No.11 RNZAF Command
NZL;No.12 RNZAF Command
NZL;No.13 RNZAF Command
NZL;No.14 RNZAF Command
NZL;No.15 RNZAF Command
NZL;No.16 RNZAF Command
NZL;No.17 RNZAF Command
NZL;No.18 RNZAF Command
NZL;No.19 RNZAF Command
NZL;No.20 RNZAF Command
NZL;No.21 RNZAF Command
NZL;No.22 RNZAF Command
NZL;No.23 RNZAF Command
NZL;No.24 RNZAF Command
NZL;No.25 RNZAF Command
NZL;No.26 RNZAF Command
NZL;No.27 RNZAF Command
NZL;No.28 RNZAF Command
NZL;No.29 RNZAF Command
NZL;No.30 RNZAF Command
NZL;No.31 RNZAF Command
NZL;No.32 RNZAF Command
NZL;No.33 RNZAF Command
NZL;No.34 RNZAF Command
NZL;No.35 RNZAF Command
NZL;No.36 RNZAF Command
NZL;No.37 RNZAF Command
NZL;No.38 RNZAF Command
NZL;No.39 RNZAF Command
NZL;No.40 RNZAF Command
NZL;No.41 RNZAF Command
NZL;No.42 RNZAF Command
NZL;No.43 RNZAF Command
NZL;No.44 RNZAF Command
NZL;No.45 RNZAF Command
NZL;No.46 RNZAF Command
NZL;No.47 RNZAF Command
NZL;No.48 RNZAF Command
NZL;No.49 RNZAF Command
NZL;No.50 RNZAF Command
OMN;1. al-Quwwat al-Jawwiya al-'Umaniyya
OMN;2. al-Quwwat al-Jawwiya al-'Umaniyya
OMN;3. al-Quwwat al-Jawwiya al-'Umaniyya
OMN;4. al-Quwwat al-Jawwiya al-'Umaniyya
OMN;5. al-Quwwat al-Jawwiya al-'Umaniyya
OMN;6. al-Quwwat al-Jawwiya al-'Umaniyya
OMN;7. al-Quwwat al-Jawwiya al-'Umaniyya
OMN;8. al-Quwwat al-Jawwiya al-'Umaniyya
OMN;9. al-Quwwat al-Jawwiya al-'Umaniyya
OMN;10. al-Quwwat al-Jawwiya al-'Umaniyya
OMN;11. al-Quwwat al-Jawwiya al-'Umaniyya
OMN;12. al-Quwwat al-Jawwiya al-'Umaniyya
OMN;13. al-Quwwat al-Jawwiya al-'Umaniyya
OMN;14. al-Quwwat al-Jawwiya al-'Umaniyya
OMN;15. al-Quwwat al-Jawwiya al-'Umaniyya
OMN;16. al-Quwwat al-Jawwiya al-'Umaniyya
OMN;17. al-Quwwat al-Jawwiya al-'Umaniyya
OMN;18. al-Quwwat al-Jawwiya al-'Umaniyya
OMN;19. al-Quwwat al-Jawwiya al-'Umaniyya
OMN;20. al-Quwwat al-Jawwiya al-'Umaniyya
OMN;21. al-Quwwat al-Jawwiya al-'Umaniyya
OMN;22. al-Quwwat al-Jawwiya al-'Umaniyya
OMN;23. al-Quwwat al-Jawwiya al-'Umaniyya
OMN;24. al-Quwwat al-Jawwiya al-'Umaniyya
OMN;25. al-Quwwat al-Jawwiya al-'Umaniyya
OMN;26. al-Quwwat al-Jawwiya al-'Umaniyya
OMN;27. al-Quwwat al-Jawwiya al-'Umaniyya
OMN;28. al-Quwwat al-Jawwiya al-'Umaniyya
OMN;29. al-Quwwat al-Jawwiya al-'Umaniyya
OMN;30. al-Quwwat al-Jawwiya al-'Umaniyya
OMN;31. al-Quwwat al-Jawwiya al-'Umaniyya
OMN;32. al-Quwwat al-Jawwiya al-'Umaniyya
OMN;33. al-Quwwat al-Jawwiya al-'Umaniyya
OMN;34. al-Quwwat al-Jawwiya al-'Umaniyya
OMN;35. al-Quwwat al-Jawwiya al-'Umaniyya
OMN;36. al-Quwwat al-Jawwiya al-'Umaniyya
OMN;37. al-Quwwat al-Jawwiya al-'Umaniyya
OMN;38. al-Quwwat al-Jawwiya al-'Umaniyya
OMN;39. al-Quwwat al-Jawwiya al-'Umaniyya
OMN;40. al-Quwwat al-Jawwiya al-'Umaniyya
OMN;41. al-Quwwat al-Jawwiya al-'Umaniyya
OMN;42. al-Quwwat al-Jawwiya al-'Umaniyya
OMN;43. al-Quwwat al-Jawwiya al-'Umaniyya
OMN;44. al-Quwwat al-Jawwiya al-'Umaniyya
OMN;45. al-Quwwat al-Jawwiya al-'Umaniyya
OMN;46. al-Quwwat al-Jawwiya al-'Umaniyya
OMN;47. al-Quwwat al-Jawwiya al-'Umaniyya
OMN;48. al-Quwwat al-Jawwiya al-'Umaniyya
OMN;49. al-Quwwat al-Jawwiya al-'Umaniyya
OMN;50. al-Quwwat al-Jawwiya al-'Umaniyya
OTT;Osmanli 1. Filosu
OTT;Osmanli 2. Filosu
OTT;Osmanli 3. Filosu
OTT;Osmanli 4. Filosu
OTT;Osmanli 5. Filosu
OTT;Osmanli 6. Filosu
OTT;Osmanli 7. Filosu
OTT;Osmanli 8. Filosu
OTT;Osmanli 9. Filosu
OTT;Osmanli 10. Filosu
OTT;Osmanli 11. Filosu
OTT;Osmanli 12. Filosu
OTT;Osmanli 13. Filosu
OTT;Osmanli 14. Filosu
OTT;Osmanli 15. Filosu
OTT;Osmanli 16. Filosu
OTT;Osmanli 17. Filosu
OTT;Osmanli 18. Filosu
OTT;Osmanli 19. Filosu
OTT;Osmanli 20. Filosu
OTT;Osmanli 21. Filosu
OTT;Osmanli 22. Filosu
OTT;Osmanli 23. Filosu
OTT;Osmanli 24. Filosu
OTT;Osmanli 25. Filosu
OTT;Osmanli 26. Filosu
OTT;Osmanli 27. Filosu
OTT;Osmanli 28. Filosu
OTT;Osmanli 29. Filosu
OTT;Osmanli 30. Filosu
OTT;Osmanli 31. Filosu
OTT;Osmanli 32. Filosu
OTT;Osmanli 33. Filosu
OTT;Osmanli 34. Filosu
OTT;Osmanli 35. Filosu
OTT;Osmanli 36. Filosu
OTT;Osmanli 37. Filosu
OTT;Osmanli 38. Filosu
OTT;Osmanli 39. Filosu
OTT;Osmanli 40. Filosu
OTT;Osmanli 41. Filosu
OTT;Osmanli 42. Filosu
OTT;Osmanli 43. Filosu
OTT;Osmanli 44. Filosu
OTT;Osmanli 45. Filosu
OTT;Osmanli 46. Filosu
OTT;Osmanli 47. Filosu
OTT;Osmanli 48. Filosu
OTT;Osmanli 49. Filosu
OTT;Osmanli 50. Filosu
PAK;No.1 Pakistani Air Command
PAK;No.2 Pakistani Air Command
PAK;No.3 Pakistani Air Command
PAK;No.4 Pakistani Air Command
PAK;No.5 Pakistani Air Command
PAK;No.6 Pakistani Air Command
PAK;No.7 Pakistani Air Command
PAK;No.8 Pakistani Air Command
PAK;No.9 Pakistani Air Command
PAK;No.10 Pakistani Air Command
PAK;No.11 Pakistani Air Command
PAK;No.12 Pakistani Air Command
PAK;No.13 Pakistani Air Command
PAK;No.14 Pakistani Air Command
PAK;No.15 Pakistani Air Command
PAK;No.16 Pakistani Air Command
PAK;No.17 Pakistani Air Command
PAK;No.18 Pakistani Air Command
PAK;No.19 Pakistani Air Command
PAK;No.20 Pakistani Air Command
PAK;No.21 Pakistani Air Command
PAK;No.22 Pakistani Air Command
PAK;No.23 Pakistani Air Command
PAK;No.24 Pakistani Air Command
PAK;No.25 Pakistani Air Command
PAK;No.26 Pakistani Air Command
PAK;No.27 Pakistani Air Command
PAK;No.28 Pakistani Air Command
PAK;No.29 Pakistani Air Command
PAK;No.30 Pakistani Air Command
PAK;No.31 Pakistani Air Command
PAK;No.32 Pakistani Air Command
PAK;No.33 Pakistani Air Command
PAK;No.34 Pakistani Air Command
PAK;No.35 Pakistani Air Command
PAK;No.36 Pakistani Air Command
PAK;No.37 Pakistani Air Command
PAK;No.38 Pakistani Air Command
PAK;No.39 Pakistani Air Command
PAK;No.40 Pakistani Air Command
PAK;No.41 Pakistani Air Command
PAK;No.42 Pakistani Air Command
PAK;No.43 Pakistani Air Command
PAK;No.44 Pakistani Air Command
PAK;No.45 Pakistani Air Command
PAK;No.46 Pakistani Air Command
PAK;No.47 Pakistani Air Command
PAK;No.48 Pakistani Air Command
PAK;No.49 Pakistani Air Command
PAK;No.50 Pakistani Air Command
PAL;1. al-Quwwat al-Jawwiya al-Filastiniyyah
PAL;2. al-Quwwat al-Jawwiya al-Filastiniyyah
PAL;3. al-Quwwat al-Jawwiya al-Filastiniyyah
PAL;4. al-Quwwat al-Jawwiya al-Filastiniyyah
PAL;5. al-Quwwat al-Jawwiya al-Filastiniyyah
PAL;6. al-Quwwat al-Jawwiya al-Filastiniyyah
PAL;7. al-Quwwat al-Jawwiya al-Filastiniyyah
PAL;8. al-Quwwat al-Jawwiya al-Filastiniyyah
PAL;9. al-Quwwat al-Jawwiya al-Filastiniyyah
PAL;10. al-Quwwat al-Jawwiya al-Filastiniyyah
PAL;11. al-Quwwat al-Jawwiya al-Filastiniyyah
PAL;12. al-Quwwat al-Jawwiya al-Filastiniyyah
PAL;13. al-Quwwat al-Jawwiya al-Filastiniyyah
PAL;14. al-Quwwat al-Jawwiya al-Filastiniyyah
PAL;15. al-Quwwat al-Jawwiya al-Filastiniyyah
PAL;16. al-Quwwat al-Jawwiya al-Filastiniyyah
PAL;17. al-Quwwat al-Jawwiya al-Filastiniyyah
PAL;18. al-Quwwat al-Jawwiya al-Filastiniyyah
PAL;19. al-Quwwat al-Jawwiya al-Filastiniyyah
PAL;20. al-Quwwat al-Jawwiya al-Filastiniyyah
PAL;21. al-Quwwat al-Jawwiya al-Filastiniyyah
PAL;22. al-Quwwat al-Jawwiya al-Filastiniyyah
PAL;23. al-Quwwat al-Jawwiya al-Filastiniyyah
PAL;24. al-Quwwat al-Jawwiya al-Filastiniyyah
PAL;25. al-Quwwat al-Jawwiya al-Filastiniyyah
PAL;26. al-Quwwat al-Jawwiya al-Filastiniyyah
PAL;27. al-Quwwat al-Jawwiya al-Filastiniyyah
PAL;28. al-Quwwat al-Jawwiya al-Filastiniyyah
PAL;29. al-Quwwat al-Jawwiya al-Filastiniyyah
PAL;30. al-Quwwat al-Jawwiya al-Filastiniyyah
PAL;31. al-Quwwat al-Jawwiya al-Filastiniyyah
PAL;32. al-Quwwat al-Jawwiya al-Filastiniyyah
PAL;33. al-Quwwat al-Jawwiya al-Filastiniyyah
PAL;34. al-Quwwat al-Jawwiya al-Filastiniyyah
PAL;35. al-Quwwat al-Jawwiya al-Filastiniyyah
PAL;36. al-Quwwat al-Jawwiya al-Filastiniyyah
PAL;37. al-Quwwat al-Jawwiya al-Filastiniyyah
PAL;38. al-Quwwat al-Jawwiya al-Filastiniyyah
PAL;39. al-Quwwat al-Jawwiya al-Filastiniyyah
PAL;40. al-Quwwat al-Jawwiya al-Filastiniyyah
PAL;41. al-Quwwat al-Jawwiya al-Filastiniyyah
PAL;42. al-Quwwat al-Jawwiya al-Filastiniyyah
PAL;43. al-Quwwat al-Jawwiya al-Filastiniyyah
PAL;44. al-Quwwat al-Jawwiya al-Filastiniyyah
PAL;45. al-Quwwat al-Jawwiya al-Filastiniyyah
PAL;46. al-Quwwat al-Jawwiya al-Filastiniyyah
PAL;47. al-Quwwat al-Jawwiya al-Filastiniyyah
PAL;48. al-Quwwat al-Jawwiya al-Filastiniyyah
PAL;49. al-Quwwat al-Jawwiya al-Filastiniyyah
PAL;50. al-Quwwat al-Jawwiya al-Filastiniyyah
PAN;I Cuerpo de Aviaci?n paname?o
PAN;II Cuerpo de Aviaci?n paname?o
PAN;III Cuerpo de Aviaci?n paname?o
PAN;IV Cuerpo de Aviaci?n paname?o
PAN;V Cuerpo de Aviaci?n paname?o
PAN;VI Cuerpo de Aviaci?n paname?o
PAN;VII Cuerpo de Aviaci?n paname?o
PAN;VIII Cuerpo de Aviaci?n paname?o
PAN;IX Cuerpo de Aviaci?n paname?o
PAN;X Cuerpo de Aviaci?n paname?o
PAN;XI Cuerpo de Aviaci?n paname?o
PAN;XII Cuerpo de Aviaci?n paname?o
PAN;XIII Cuerpo de Aviaci?n paname?o
PAN;XIV Cuerpo de Aviaci?n paname?o
PAN;XV Cuerpo de Aviaci?n paname?o
PAN;XVI Cuerpo de Aviaci?n paname?o
PAN;XVII Cuerpo de Aviaci?n paname?o
PAN;XVIII Cuerpo de Aviaci?n paname?o
PAN;XIX Cuerpo de Aviaci?n paname?o
PAN;XX Cuerpo de Aviaci?n paname?o
PAN;XXI Cuerpo de Aviaci?n paname?o
PAN;XXII Cuerpo de Aviaci?n paname?o
PAN;XXIII Cuerpo de Aviaci?n paname?o
PAN;XXIV Cuerpo de Aviaci?n paname?o
PAN;XXV Cuerpo de Aviaci?n paname?o
PAN;XXVI Cuerpo de Aviaci?n paname?o
PAN;XXVII Cuerpo de Aviaci?n paname?o
PAN;XXVIII Cuerpo de Aviaci?n paname?o
PAN;XXIX Cuerpo de Aviaci?n paname?o
PAN;XXX Cuerpo de Aviaci?n paname?o
PAN;XXXI Cuerpo de Aviaci?n paname?o
PAN;XXXII Cuerpo de Aviaci?n paname?o
PAN;XXXIII Cuerpo de Aviaci?n paname?o
PAN;XXXIV Cuerpo de Aviaci?n paname?o
PAN;XXXV Cuerpo de Aviaci?n paname?o
PAN;XXXVI Cuerpo de Aviaci?n paname?o
PAN;XXXVII Cuerpo de Aviaci?n paname?o
PAN;XXXVIII Cuerpo de Aviaci?n paname?o
PAN;XXXIX Cuerpo de Aviaci?n paname?o
PAN;XL Cuerpo de Aviaci?n paname?o
PAN;XLI Cuerpo de Aviaci?n paname?o
PAN;XLII Cuerpo de Aviaci?n paname?o
PAN;XLIII Cuerpo de Aviaci?n paname?o
PAN;XLIV Cuerpo de Aviaci?n paname?o
PAN;XLV Cuerpo de Aviaci?n paname?o
PAN;XLVI Cuerpo de Aviaci?n paname?o
PAN;XLVII Cuerpo de Aviaci?n paname?o
PAN;XLVIII Cuerpo de Aviaci?n paname?o
PAN;XLIX Cuerpo de Aviaci?n paname?o
PAN;L Cuerpo de Aviaci?n paname?o
PAR;I Cuerpo de Aviaci?n paraguayo
PAR;II Cuerpo de Aviaci?n paraguayo
PAR;III Cuerpo de Aviaci?n paraguayo
PAR;IV Cuerpo de Aviaci?n paraguayo
PAR;V Cuerpo de Aviaci?n paraguayo
PAR;VI Cuerpo de Aviaci?n paraguayo
PAR;VII Cuerpo de Aviaci?n paraguayo
PAR;VIII Cuerpo de Aviaci?n paraguayo
PAR;IX Cuerpo de Aviaci?n paraguayo
PAR;X Cuerpo de Aviaci?n paraguayo
PAR;XI Cuerpo de Aviaci?n paraguayo
PAR;XII Cuerpo de Aviaci?n paraguayo
PAR;XIII Cuerpo de Aviaci?n paraguayo
PAR;XIV Cuerpo de Aviaci?n paraguayo
PAR;XV Cuerpo de Aviaci?n paraguayo
PAR;XVI Cuerpo de Aviaci?n paraguayo
PAR;XVII Cuerpo de Aviaci?n paraguayo
PAR;XVIII Cuerpo de Aviaci?n paraguayo
PAR;XIX Cuerpo de Aviaci?n paraguayo
PAR;XX Cuerpo de Aviaci?n paraguayo
PAR;XXI Cuerpo de Aviaci?n paraguayo
PAR;XXII Cuerpo de Aviaci?n paraguayo
PAR;XXIII Cuerpo de Aviaci?n paraguayo
PAR;XXIV Cuerpo de Aviaci?n paraguayo
PAR;XXV Cuerpo de Aviaci?n paraguayo
PAR;XXVI Cuerpo de Aviaci?n paraguayo
PAR;XXVII Cuerpo de Aviaci?n paraguayo
PAR;XXVIII Cuerpo de Aviaci?n paraguayo
PAR;XXIX Cuerpo de Aviaci?n paraguayo
PAR;XXX Cuerpo de Aviaci?n paraguayo
PAR;XXXI Cuerpo de Aviaci?n paraguayo
PAR;XXXII Cuerpo de Aviaci?n paraguayo
PAR;XXXIII Cuerpo de Aviaci?n paraguayo
PAR;XXXIV Cuerpo de Aviaci?n paraguayo
PAR;XXXV Cuerpo de Aviaci?n paraguayo
PAR;XXXVI Cuerpo de Aviaci?n paraguayo
PAR;XXXVII Cuerpo de Aviaci?n paraguayo
PAR;XXXVIII Cuerpo de Aviaci?n paraguayo
PAR;XXXIX Cuerpo de Aviaci?n paraguayo
PAR;XL Cuerpo de Aviaci?n paraguayo
PAR;XLI Cuerpo de Aviaci?n paraguayo
PAR;XLII Cuerpo de Aviaci?n paraguayo
PAR;XLIII Cuerpo de Aviaci?n paraguayo
PAR;XLIV Cuerpo de Aviaci?n paraguayo
PAR;XLV Cuerpo de Aviaci?n paraguayo
PAR;XLVI Cuerpo de Aviaci?n paraguayo
PAR;XLVII Cuerpo de Aviaci?n paraguayo
PAR;XLVIII Cuerpo de Aviaci?n paraguayo
PAR;XLIX Cuerpo de Aviaci?n paraguayo
PAR;L Cuerpo de Aviaci?n paraguayo
PER;1. Niruye Havayi Iran
PER;2. Niruye Havayi Iran
PER;3. Niruye Havayi Iran
PER;4. Niruye Havayi Iran
PER;5. Niruye Havayi Iran
PER;6. Niruye Havayi Iran
PER;7. Niruye Havayi Iran
PER;8. Niruye Havayi Iran
PER;9. Niruye Havayi Iran
PER;10. Niruye Havayi Iran
PER;11. Niruye Havayi Iran
PER;12. Niruye Havayi Iran
PER;13. Niruye Havayi Iran
PER;14. Niruye Havayi Iran
PER;15. Niruye Havayi Iran
PER;16. Niruye Havayi Iran
PER;17. Niruye Havayi Iran
PER;18. Niruye Havayi Iran
PER;19. Niruye Havayi Iran
PER;20. Niruye Havayi Iran
PER;21. Niruye Havayi Iran
PER;22. Niruye Havayi Iran
PER;23. Niruye Havayi Iran
PER;24. Niruye Havayi Iran
PER;25. Niruye Havayi Iran
PER;26. Niruye Havayi Iran
PER;27. Niruye Havayi Iran
PER;28. Niruye Havayi Iran
PER;29. Niruye Havayi Iran
PER;30. Niruye Havayi Iran
PER;31. Niruye Havayi Iran
PER;32. Niruye Havayi Iran
PER;33. Niruye Havayi Iran
PER;34. Niruye Havayi Iran
PER;35. Niruye Havayi Iran
PER;36. Niruye Havayi Iran
PER;37. Niruye Havayi Iran
PER;38. Niruye Havayi Iran
PER;39. Niruye Havayi Iran
PER;40. Niruye Havayi Iran
PER;41. Niruye Havayi Iran
PER;42. Niruye Havayi Iran
PER;43. Niruye Havayi Iran
PER;44. Niruye Havayi Iran
PER;45. Niruye Havayi Iran
PER;46. Niruye Havayi Iran
PER;47. Niruye Havayi Iran
PER;48. Niruye Havayi Iran
PER;49. Niruye Havayi Iran
PER;50. Niruye Havayi Iran
PHI;I Cuerpo de Aviaci?n filipino
PHI;II Cuerpo de Aviaci?n filipino
PHI;III Cuerpo de Aviaci?n filipino
PHI;IV Cuerpo de Aviaci?n filipino
PHI;V Cuerpo de Aviaci?n filipino
PHI;VI Cuerpo de Aviaci?n filipino
PHI;VII Cuerpo de Aviaci?n filipino
PHI;VIII Cuerpo de Aviaci?n filipino
PHI;IX Cuerpo de Aviaci?n filipino
PHI;X Cuerpo de Aviaci?n filipino
PHI;XI Cuerpo de Aviaci?n filipino
PHI;XII Cuerpo de Aviaci?n filipino
PHI;XIII Cuerpo de Aviaci?n filipino
PHI;XIV Cuerpo de Aviaci?n filipino
PHI;XV Cuerpo de Aviaci?n filipino
PHI;XVI Cuerpo de Aviaci?n filipino
PHI;XVII Cuerpo de Aviaci?n filipino
PHI;XVIII Cuerpo de Aviaci?n filipino
PHI;XIX Cuerpo de Aviaci?n filipino
PHI;XX Cuerpo de Aviaci?n filipino
PHI;XXI Cuerpo de Aviaci?n filipino
PHI;XXII Cuerpo de Aviaci?n filipino
PHI;XXIII Cuerpo de Aviaci?n filipino
PHI;XXIV Cuerpo de Aviaci?n filipino
PHI;XXV Cuerpo de Aviaci?n filipino
PHI;XXVI Cuerpo de Aviaci?n filipino
PHI;XXVII Cuerpo de Aviaci?n filipino
PHI;XXVIII Cuerpo de Aviaci?n filipino
PHI;XXIX Cuerpo de Aviaci?n filipino
PHI;XXX Cuerpo de Aviaci?n filipino
PHI;XXXI Cuerpo de Aviaci?n filipino
PHI;XXXII Cuerpo de Aviaci?n filipino
PHI;XXXIII Cuerpo de Aviaci?n filipino
PHI;XXXIV Cuerpo de Aviaci?n filipino
PHI;XXXV Cuerpo de Aviaci?n filipino
PHI;XXXVI Cuerpo de Aviaci?n filipino
PHI;XXXVII Cuerpo de Aviaci?n filipino
PHI;XXXVIII Cuerpo de Aviaci?n filipino
PHI;XXXIX Cuerpo de Aviaci?n filipino
PHI;XL Cuerpo de Aviaci?n filipino
PHI;XLI Cuerpo de Aviaci?n filipino
PHI;XLII Cuerpo de Aviaci?n filipino
PHI;XLIII Cuerpo de Aviaci?n filipino
PHI;XLIV Cuerpo de Aviaci?n filipino
PHI;XLV Cuerpo de Aviaci?n filipino
PHI;XLVI Cuerpo de Aviaci?n filipino
PHI;XLVII Cuerpo de Aviaci?n filipino
PHI;XLVIII Cuerpo de Aviaci?n filipino
PHI;XLIX Cuerpo de Aviaci?n filipino
PHI;L Cuerpo de Aviaci?n filipino
POL;1 Pulk Lotniczy
POL;2 Pulk Lotniczy
POL;3 Pulk Lotniczy
POL;4 Pulk Lotniczy
POL;5 Pulk Lotniczy
POL;6 Pulk Lotniczy
POL;7 Pulk Lotniczy
POL;8 Pulk Lotniczy
POL;9 Pulk Lotniczy
POL;10 Pulk Lotniczy
POL;11 Pulk Lotniczy
POL;12 Pulk Lotniczy
POL;13 Pulk Lotniczy
POL;14 Pulk Lotniczy
POL;15 Pulk Lotniczy
POL;16 Pulk Lotniczy
POL;17 Pulk Lotniczy
POL;18 Pulk Lotniczy
POL;19 Pulk Lotniczy
POL;20 Pulk Lotniczy
POL;21 Pulk Lotniczy
POL;22 Pulk Lotniczy
POL;23 Pulk Lotniczy
POL;24 Pulk Lotniczy
POL;25 Pulk Lotniczy
POL;26 Pulk Lotniczy
POL;27 Pulk Lotniczy
POL;28 Pulk Lotniczy
POL;29 Pulk Lotniczy
POL;30 Pulk Lotniczy
POL;31 Pulk Lotniczy
POL;32 Pulk Lotniczy
POL;33 Pulk Lotniczy
POL;34 Pulk Lotniczy
POL;35 Pulk Lotniczy
POL;36 Pulk Lotniczy
POL;37 Pulk Lotniczy
POL;38 Pulk Lotniczy
POL;39 Pulk Lotniczy
POL;40 Pulk Lotniczy
POL;41 Pulk Lotniczy
POL;42 Pulk Lotniczy
POL;43 Pulk Lotniczy
POL;44 Pulk Lotniczy
POL;45 Pulk Lotniczy
POL;46 Pulk Lotniczy
POL;47 Pulk Lotniczy
POL;48 Pulk Lotniczy
POL;49 Pulk Lotniczy
POL;50 Pulk Lotniczy
POR;1o Flotilha Avi?o do Portugal
POR;2o Flotilha Avi?o do Portugal
POR;3o Flotilha Avi?o do Portugal
POR;4o Flotilha Avi?o do Portugal
POR;5o Flotilha Avi?o do Portugal
POR;6o Flotilha Avi?o do Portugal
POR;7o Flotilha Avi?o do Portugal
POR;8o Flotilha Avi?o do Portugal
POR;9o Flotilha Avi?o do Portugal
POR;10o Flotilha Avi?o do Portugal
POR;11o Flotilha Avi?o do Portugal
POR;12o Flotilha Avi?o do Portugal
POR;13o Flotilha Avi?o do Portugal
POR;14o Flotilha Avi?o do Portugal
POR;15o Flotilha Avi?o do Portugal
POR;16o Flotilha Avi?o do Portugal
POR;17o Flotilha Avi?o do Portugal
POR;18o Flotilha Avi?o do Portugal
POR;19o Flotilha Avi?o do Portugal
POR;20o Flotilha Avi?o do Portugal
POR;21o Flotilha Avi?o do Portugal
POR;22o Flotilha Avi?o do Portugal
POR;23o Flotilha Avi?o do Portugal
POR;24o Flotilha Avi?o do Portugal
POR;25o Flotilha Avi?o do Portugal
POR;26o Flotilha Avi?o do Portugal
POR;27o Flotilha Avi?o do Portugal
POR;28o Flotilha Avi?o do Portugal
POR;29o Flotilha Avi?o do Portugal
POR;30o Flotilha Avi?o do Portugal
POR;31o Flotilha Avi?o do Portugal
POR;32o Flotilha Avi?o do Portugal
POR;33o Flotilha Avi?o do Portugal
POR;34o Flotilha Avi?o do Portugal
POR;35o Flotilha Avi?o do Portugal
POR;36o Flotilha Avi?o do Portugal
POR;37o Flotilha Avi?o do Portugal
POR;38o Flotilha Avi?o do Portugal
POR;39o Flotilha Avi?o do Portugal
POR;40o Flotilha Avi?o do Portugal
POR;41o Flotilha Avi?o do Portugal
POR;42o Flotilha Avi?o do Portugal
POR;43o Flotilha Avi?o do Portugal
POR;44o Flotilha Avi?o do Portugal
POR;45o Flotilha Avi?o do Portugal
POR;46o Flotilha Avi?o do Portugal
POR;47o Flotilha Avi?o do Portugal
POR;48o Flotilha Avi?o do Portugal
POR;49o Flotilha Avi?o do Portugal
POR;50o Flotilha Avi?o do Portugal
PRI;1-y primorskiy aviatsionniy korpus
PRI;2-y primorskiy aviatsionniy korpus
PRI;3-y primorskiy aviatsionniy korpus
PRI;4-y primorskiy aviatsionniy korpus
PRI;5-y primorskiy aviatsionniy korpus
PRI;6-y primorskiy aviatsionniy korpus
PRI;7-y primorskiy aviatsionniy korpus
PRI;8-y primorskiy aviatsionniy korpus
PRI;9-y primorskiy aviatsionniy korpus
PRI;10-y primorskiy aviatsionniy korpus
PRI;11-y primorskiy aviatsionniy korpus
PRI;12-y primorskiy aviatsionniy korpus
PRI;13-y primorskiy aviatsionniy korpus
PRI;14-y primorskiy aviatsionniy korpus
PRI;15-y primorskiy aviatsionniy korpus
PRI;16-y primorskiy aviatsionniy korpus
PRI;17-y primorskiy aviatsionniy korpus
PRI;18-y primorskiy aviatsionniy korpus
PRI;19-y primorskiy aviatsionniy korpus
PRI;20-y primorskiy aviatsionniy korpus
PRI;21-y primorskiy aviatsionniy korpus
PRI;22-y primorskiy aviatsionniy korpus
PRI;23-y primorskiy aviatsionniy korpus
PRI;24-y primorskiy aviatsionniy korpus
PRI;25-y primorskiy aviatsionniy korpus
PRI;26-y primorskiy aviatsionniy korpus
PRI;27-y primorskiy aviatsionniy korpus
PRI;28-y primorskiy aviatsionniy korpus
PRI;29-y primorskiy aviatsionniy korpus
PRI;30-y primorskiy aviatsionniy korpus
PRI;31-y primorskiy aviatsionniy korpus
PRI;32-y primorskiy aviatsionniy korpus
PRI;33-y primorskiy aviatsionniy korpus
PRI;34-y primorskiy aviatsionniy korpus
PRI;35-y primorskiy aviatsionniy korpus
PRI;36-y primorskiy aviatsionniy korpus
PRI;37-y primorskiy aviatsionniy korpus
PRI;38-y primorskiy aviatsionniy korpus
PRI;39-y primorskiy aviatsionniy korpus
PRI;40-y primorskiy aviatsionniy korpus
PRI;41-y primorskiy aviatsionniy korpus
PRI;42-y primorskiy aviatsionniy korpus
PRI;43-y primorskiy aviatsionniy korpus
PRI;44-y primorskiy aviatsionniy korpus
PRI;45-y primorskiy aviatsionniy korpus
PRI;46-y primorskiy aviatsionniy korpus
PRI;47-y primorskiy aviatsionniy korpus
PRI;48-y primorskiy aviatsionniy korpus
PRI;49-y primorskiy aviatsionniy korpus
PRI;50-y primorskiy aviatsionniy korpus
PRK;I DPRK Air Corps
PRK;II DPRK Air Corps
PRK;III DPRK Air Corps
PRK;IV DPRK Air Corps
PRK;V DPRK Air Corps
PRK;VI DPRK Air Corps
PRK;VII DPRK Air Corps
PRK;VIII DPRK Air Corps
PRK;IX DPRK Air Corps
PRK;X DPRK Air Corps
PRK;XI DPRK Air Corps
PRK;XII DPRK Air Corps
PRK;XIII DPRK Air Corps
PRK;XIV DPRK Air Corps
PRK;XV DPRK Air Corps
PRK;XVI DPRK Air Corps
PRK;XVII DPRK Air Corps
PRK;XVIII DPRK Air Corps
PRK;XIX DPRK Air Corps
PRK;XX DPRK Air Corps
PRK;XXI DPRK Air Corps
PRK;XXII DPRK Air Corps
PRK;XXIII DPRK Air Corps
PRK;XXIV DPRK Air Corps
PRK;XXV DPRK Air Corps
PRK;XXVI DPRK Air Corps
PRK;XXVII DPRK Air Corps
PRK;XXVIII DPRK Air Corps
PRK;XXIX DPRK Air Corps
PRK;XXX DPRK Air Corps
PRK;XXXI DPRK Air Corps
PRK;XXXII DPRK Air Corps
PRK;XXXIII DPRK Air Corps
PRK;XXXIV DPRK Air Corps
PRK;XXXV DPRK Air Corps
PRK;XXXVI DPRK Air Corps
PRK;XXXVII DPRK Air Corps
PRK;XXXVIII DPRK Air Corps
PRK;XXXIX DPRK Air Corps
PRK;XL DPRK Air Corps
PRK;XLI DPRK Air Corps
PRK;XLII DPRK Air Corps
PRK;XLIII DPRK Air Corps
PRK;XLIV DPRK Air Corps
PRK;XLV DPRK Air Corps
PRK;XLVI DPRK Air Corps
PRK;XLVII DPRK Air Corps
PRK;XLVIII DPRK Air Corps
PRK;XLIX DPRK Air Corps
PRK;L DPRK Air Corps
PRU;I Cuerpo de Aviaci?n del Per?
PRU;II Cuerpo de Aviaci?n del Per?
PRU;III Cuerpo de Aviaci?n del Per?
PRU;IV Cuerpo de Aviaci?n del Per?
PRU;V Cuerpo de Aviaci?n del Per?
PRU;VI Cuerpo de Aviaci?n del Per?
PRU;VII Cuerpo de Aviaci?n del Per?
PRU;VIII Cuerpo de Aviaci?n del Per?
PRU;IX Cuerpo de Aviaci?n del Per?
PRU;X Cuerpo de Aviaci?n del Per?
PRU;XI Cuerpo de Aviaci?n del Per?
PRU;XII Cuerpo de Aviaci?n del Per?
PRU;XIII Cuerpo de Aviaci?n del Per?
PRU;XIV Cuerpo de Aviaci?n del Per?
PRU;XV Cuerpo de Aviaci?n del Per?
PRU;XVI Cuerpo de Aviaci?n del Per?
PRU;XVII Cuerpo de Aviaci?n del Per?
PRU;XVIII Cuerpo de Aviaci?n del Per?
PRU;XIX Cuerpo de Aviaci?n del Per?
PRU;XX Cuerpo de Aviaci?n del Per?
PRU;XXI Cuerpo de Aviaci?n del Per?
PRU;XXII Cuerpo de Aviaci?n del Per?
PRU;XXIII Cuerpo de Aviaci?n del Per?
PRU;XXIV Cuerpo de Aviaci?n del Per?
PRU;XXV Cuerpo de Aviaci?n del Per?
PRU;XXVI Cuerpo de Aviaci?n del Per?
PRU;XXVII Cuerpo de Aviaci?n del Per?
PRU;XXVIII Cuerpo de Aviaci?n del Per?
PRU;XXIX Cuerpo de Aviaci?n del Per?
PRU;XXX Cuerpo de Aviaci?n del Per?
PRU;XXXI Cuerpo de Aviaci?n del Per?
PRU;XXXII Cuerpo de Aviaci?n del Per?
PRU;XXXIII Cuerpo de Aviaci?n del Per?
PRU;XXXIV Cuerpo de Aviaci?n del Per?
PRU;XXXV Cuerpo de Aviaci?n del Per?
PRU;XXXVI Cuerpo de Aviaci?n del Per?
PRU;XXXVII Cuerpo de Aviaci?n del Per?
PRU;XXXVIII Cuerpo de Aviaci?n del Per?
PRU;XXXIX Cuerpo de Aviaci?n del Per?
PRU;XL Cuerpo de Aviaci?n del Per?
PRU;XLI Cuerpo de Aviaci?n del Per?
PRU;XLII Cuerpo de Aviaci?n del Per?
PRU;XLIII Cuerpo de Aviaci?n del Per?
PRU;XLIV Cuerpo de Aviaci?n del Per?
PRU;XLV Cuerpo de Aviaci?n del Per?
PRU;XLVI Cuerpo de Aviaci?n del Per?
PRU;XLVII Cuerpo de Aviaci?n del Per?
PRU;XLVIII Cuerpo de Aviaci?n del Per?
PRU;XLIX Cuerpo de Aviaci?n del Per?
PRU;L Cuerpo de Aviaci?n del Per?
QUE;1re Division A?rienne qu?b?coise
QUE;2e Division A?rienne qu?b?coise
QUE;3e Division A?rienne qu?b?coise
QUE;4e Division A?rienne qu?b?coise
QUE;5e Division A?rienne qu?b?coise
QUE;6e Division A?rienne qu?b?coise
QUE;7e Division A?rienne qu?b?coise
QUE;8e Division A?rienne qu?b?coise
QUE;9e Division A?rienne qu?b?coise
QUE;10e Division A?rienne qu?b?coise
QUE;11e Division A?rienne qu?b?coise
QUE;12e Division A?rienne qu?b?coise
QUE;13e Division A?rienne qu?b?coise
QUE;14e Division A?rienne qu?b?coise
QUE;15e Division A?rienne qu?b?coise
QUE;16e Division A?rienne qu?b?coise
QUE;17e Division A?rienne qu?b?coise
QUE;18e Division A?rienne qu?b?coise
QUE;19e Division A?rienne qu?b?coise
QUE;20e Division A?rienne qu?b?coise
QUE;21e Division A?rienne qu?b?coise
QUE;22e Division A?rienne qu?b?coise
QUE;23e Division A?rienne qu?b?coise
QUE;24e Division A?rienne qu?b?coise
QUE;25e Division A?rienne qu?b?coise
QUE;26e Division A?rienne qu?b?coise
QUE;27e Division A?rienne qu?b?coise
QUE;28e Division A?rienne qu?b?coise
QUE;29e Division A?rienne qu?b?coise
QUE;30e Division A?rienne qu?b?coise
QUE;31e Division A?rienne qu?b?coise
QUE;32e Division A?rienne qu?b?coise
QUE;33e Division A?rienne qu?b?coise
QUE;34e Division A?rienne qu?b?coise
QUE;35e Division A?rienne qu?b?coise
QUE;36e Division A?rienne qu?b?coise
QUE;37e Division A?rienne qu?b?coise
QUE;38e Division A?rienne qu?b?coise
QUE;39e Division A?rienne qu?b?coise
QUE;40e Division A?rienne qu?b?coise
QUE;41e Division A?rienne qu?b?coise
QUE;42e Division A?rienne qu?b?coise
QUE;43e Division A?rienne qu?b?coise
QUE;44e Division A?rienne qu?b?coise
QUE;45e Division A?rienne qu?b?coise
QUE;46e Division A?rienne qu?b?coise
QUE;47e Division A?rienne qu?b?coise
QUE;48e Division A?rienne qu?b?coise
QUE;49e Division A?rienne qu?b?coise
QUE;50e Division A?rienne qu?b?coise
RHO;No.1 Rhodesian Air Command
RHO;No.2 Rhodesian Air Command
RHO;No.3 Rhodesian Air Command
RHO;No.4 Rhodesian Air Command
RHO;No.5 Rhodesian Air Command
RHO;No.6 Rhodesian Air Command
RHO;No.7 Rhodesian Air Command
RHO;No.8 Rhodesian Air Command
RHO;No.9 Rhodesian Air Command
RHO;No.10 Rhodesian Air Command
RHO;No.11 Rhodesian Air Command
RHO;No.12 Rhodesian Air Command
RHO;No.13 Rhodesian Air Command
RHO;No.14 Rhodesian Air Command
RHO;No.15 Rhodesian Air Command
RHO;No.16 Rhodesian Air Command
RHO;No.17 Rhodesian Air Command
RHO;No.18 Rhodesian Air Command
RHO;No.19 Rhodesian Air Command
RHO;No.20 Rhodesian Air Command
RHO;No.21 Rhodesian Air Command
RHO;No.22 Rhodesian Air Command
RHO;No.23 Rhodesian Air Command
RHO;No.24 Rhodesian Air Command
RHO;No.25 Rhodesian Air Command
RHO;No.26 Rhodesian Air Command
RHO;No.27 Rhodesian Air Command
RHO;No.28 Rhodesian Air Command
RHO;No.29 Rhodesian Air Command
RHO;No.30 Rhodesian Air Command
RHO;No.31 Rhodesian Air Command
RHO;No.32 Rhodesian Air Command
RHO;No.33 Rhodesian Air Command
RHO;No.34 Rhodesian Air Command
RHO;No.35 Rhodesian Air Command
RHO;No.36 Rhodesian Air Command
RHO;No.37 Rhodesian Air Command
RHO;No.38 Rhodesian Air Command
RHO;No.39 Rhodesian Air Command
RHO;No.40 Rhodesian Air Command
RHO;No.41 Rhodesian Air Command
RHO;No.42 Rhodesian Air Command
RHO;No.43 Rhodesian Air Command
RHO;No.44 Rhodesian Air Command
RHO;No.45 Rhodesian Air Command
RHO;No.46 Rhodesian Air Command
RHO;No.47 Rhodesian Air Command
RHO;No.48 Rhodesian Air Command
RHO;No.49 Rhodesian Air Command
RHO;No.50 Rhodesian Air Command
ROM;Corpul 1 Aerian
ROM;Corpul 2 Aerian
ROM;Corpul 3 Aerian
ROM;Corpul 4 Aerian
ROM;Corpul 5 Aerian
ROM;Corpul 6 Aerian
ROM;Corpul 7 Aerian
ROM;Corpul 8 Aerian
ROM;Corpul 9 Aerian
ROM;Corpul 10 Aerian
ROM;Corpul 11 Aerian
ROM;Corpul 12 Aerian
ROM;Corpul 13 Aerian
ROM;Corpul 14 Aerian
ROM;Corpul 15 Aerian
ROM;Corpul 16 Aerian
ROM;Corpul 17 Aerian
ROM;Corpul 18 Aerian
ROM;Corpul 19 Aerian
ROM;Corpul 20 Aerian
ROM;Corpul 21 Aerian
ROM;Corpul 22 Aerian
ROM;Corpul 23 Aerian
ROM;Corpul 24 Aerian
ROM;Corpul 25 Aerian
ROM;Corpul 26 Aerian
ROM;Corpul 27 Aerian
ROM;Corpul 28 Aerian
ROM;Corpul 29 Aerian
ROM;Corpul 30 Aerian
ROM;Corpul 31 Aerian
ROM;Corpul 32 Aerian
ROM;Corpul 33 Aerian
ROM;Corpul 34 Aerian
ROM;Corpul 35 Aerian
ROM;Corpul 36 Aerian
ROM;Corpul 37 Aerian
ROM;Corpul 38 Aerian
ROM;Corpul 39 Aerian
ROM;Corpul 40 Aerian
ROM;Corpul 41 Aerian
ROM;Corpul 42 Aerian
ROM;Corpul 43 Aerian
ROM;Corpul 44 Aerian
ROM;Corpul 45 Aerian
ROM;Corpul 46 Aerian
ROM;Corpul 47 Aerian
ROM;Corpul 48 Aerian
ROM;Corpul 49 Aerian
ROM;Corpul 50 Aerian
RSI;1a Squadra Aerea
RSI;2a Squadra Aerea
RSI;3a Squadra Aerea
RSI;4a Squadra Aerea
RSI;5a Squadra Aerea
RSI;6a Squadra Aerea
RSI;7a Squadra Aerea
RSI;8a Squadra Aerea
RSI;9a Squadra Aerea
RSI;10a Squadra Aerea
RSI;11a Squadra Aerea
RSI;12a Squadra Aerea
RSI;13a Squadra Aerea
RSI;14a Squadra Aerea
RSI;15a Squadra Aerea
RSI;16a Squadra Aerea
RSI;17a Squadra Aerea
RSI;18a Squadra Aerea
RSI;19a Squadra Aerea
RSI;20a Squadra Aerea
RSI;21a Squadra Aerea
RSI;22a Squadra Aerea
RSI;23a Squadra Aerea
RSI;24a Squadra Aerea
RSI;25a Squadra Aerea
RSI;26a Squadra Aerea
RSI;27a Squadra Aerea
RSI;28a Squadra Aerea
RSI;29a Squadra Aerea
RSI;30a Squadra Aerea
RSI;31a Squadra Aerea
RSI;32a Squadra Aerea
RSI;33a Squadra Aerea
RSI;34a Squadra Aerea
RSI;35a Squadra Aerea
RSI;36a Squadra Aerea
RSI;37a Squadra Aerea
RSI;38a Squadra Aerea
RSI;39a Squadra Aerea
RSI;40a Squadra Aerea
RSI;41a Squadra Aerea
RSI;42a Squadra Aerea
RSI;43a Squadra Aerea
RSI;44a Squadra Aerea
RSI;45a Squadra Aerea
RSI;46a Squadra Aerea
RSI;47a Squadra Aerea
RSI;48a Squadra Aerea
RSI;49a Squadra Aerea
RSI;50a Squadra Aerea
RSI;51a Squadra Aerea
RSI;52a Squadra Aerea
RSI;53a Squadra Aerea
RSI;54a Squadra Aerea
RSI;55a Squadra Aerea
RSI;56a Squadra Aerea
RSI;57a Squadra Aerea
RSI;58a Squadra Aerea
RSI;59a Squadra Aerea
RSI;60a Squadra Aerea
RSI;61a Squadra Aerea
RSI;62a Squadra Aerea
RSI;63a Squadra Aerea
RSI;64a Squadra Aerea
RSI;65a Squadra Aerea
RSI;66a Squadra Aerea
RSI;67a Squadra Aerea
RSI;68a Squadra Aerea
RSI;69a Squadra Aerea
RSI;70a Squadra Aerea
RSI;71a Squadra Aerea
RSI;72a Squadra Aerea
RSI;73a Squadra Aerea
RSI;74a Squadra Aerea
RSI;75a Squadra Aerea
RSI;76a Squadra Aerea
RSI;77a Squadra Aerea
RSI;78a Squadra Aerea
RSI;79a Squadra Aerea
RSI;80a Squadra Aerea
RSI;81a Squadra Aerea
RSI;82a Squadra Aerea
RSI;83a Squadra Aerea
RSI;84a Squadra Aerea
RSI;85a Squadra Aerea
RSI;86a Squadra Aerea
RSI;87a Squadra Aerea
RSI;88a Squadra Aerea
RSI;89a Squadra Aerea
RSI;90a Squadra Aerea
RSI;91a Squadra Aerea
RSI;92a Squadra Aerea
RSI;93a Squadra Aerea
RSI;94a Squadra Aerea
RSI;95a Squadra Aerea
RSI;96a Squadra Aerea
RSI;97a Squadra Aerea
RSI;98a Squadra Aerea
RSI;99a Squadra Aerea
RSI;100a Squadra Aerea
RUS;1-y aviatsionniy korpus
RUS;2-y aviatsionniy korpus
RUS;3-y aviatsionniy korpus
RUS;4-y aviatsionniy korpus
RUS;5-y aviatsionniy korpus
RUS;6-y aviatsionniy korpus
RUS;7-y aviatsionniy korpus
RUS;8-y aviatsionniy korpus
RUS;9-y aviatsionniy korpus
RUS;10-y aviatsionniy korpus
RUS;11-y aviatsionniy korpus
RUS;12-y aviatsionniy korpus
RUS;13-y aviatsionniy korpus
RUS;14-y aviatsionniy korpus
RUS;15-y aviatsionniy korpus
RUS;16-y aviatsionniy korpus
RUS;17-y aviatsionniy korpus
RUS;18-y aviatsionniy korpus
RUS;19-y aviatsionniy korpus
RUS;20-y aviatsionniy korpus
RUS;21-y aviatsionniy korpus
RUS;22-y aviatsionniy korpus
RUS;23-y aviatsionniy korpus
RUS;24-y aviatsionniy korpus
RUS;25-y aviatsionniy korpus
RUS;26-y aviatsionniy korpus
RUS;27-y aviatsionniy korpus
RUS;28-y aviatsionniy korpus
RUS;29-y aviatsionniy korpus
RUS;30-y aviatsionniy korpus
RUS;31-y aviatsionniy korpus
RUS;32-y aviatsionniy korpus
RUS;33-y aviatsionniy korpus
RUS;34-y aviatsionniy korpus
RUS;35-y aviatsionniy korpus
RUS;36-y aviatsionniy korpus
RUS;37-y aviatsionniy korpus
RUS;38-y aviatsionniy korpus
RUS;39-y aviatsionniy korpus
RUS;40-y aviatsionniy korpus
RUS;41-y aviatsionniy korpus
RUS;42-y aviatsionniy korpus
RUS;43-y aviatsionniy korpus
RUS;44-y aviatsionniy korpus
RUS;45-y aviatsionniy korpus
RUS;46-y aviatsionniy korpus
RUS;47-y aviatsionniy korpus
RUS;48-y aviatsionniy korpus
RUS;49-y aviatsionniy korpus
RUS;50-y aviatsionniy korpus
RUS;51-y aviatsionniy korpus
RUS;52-y aviatsionniy korpus
RUS;53-y aviatsionniy korpus
RUS;54-y aviatsionniy korpus
RUS;55-y aviatsionniy korpus
RUS;56-y aviatsionniy korpus
RUS;57-y aviatsionniy korpus
RUS;58-y aviatsionniy korpus
RUS;59-y aviatsionniy korpus
RUS;60-y aviatsionniy korpus
RUS;61-y aviatsionniy korpus
RUS;62-y aviatsionniy korpus
RUS;63-y aviatsionniy korpus
RUS;64-y aviatsionniy korpus
RUS;65-y aviatsionniy korpus
RUS;66-y aviatsionniy korpus
RUS;67-y aviatsionniy korpus
RUS;68-y aviatsionniy korpus
RUS;69-y aviatsionniy korpus
RUS;70-y aviatsionniy korpus
RUS;71-y aviatsionniy korpus
RUS;72-y aviatsionniy korpus
RUS;73-y aviatsionniy korpus
RUS;74-y aviatsionniy korpus
RUS;75-y aviatsionniy korpus
RUS;76-y aviatsionniy korpus
RUS;77-y aviatsionniy korpus
RUS;78-y aviatsionniy korpus
RUS;79-y aviatsionniy korpus
RUS;80-y aviatsionniy korpus
RUS;81-y aviatsionniy korpus
RUS;82-y aviatsionniy korpus
RUS;83-y aviatsionniy korpus
RUS;84-y aviatsionniy korpus
RUS;85-y aviatsionniy korpus
RUS;86-y aviatsionniy korpus
RUS;87-y aviatsionniy korpus
RUS;88-y aviatsionniy korpus
RUS;89-y aviatsionniy korpus
RUS;90-y aviatsionniy korpus
RUS;91-y aviatsionniy korpus
RUS;92-y aviatsionniy korpus
RUS;93-y aviatsionniy korpus
RUS;94-y aviatsionniy korpus
RUS;95-y aviatsionniy korpus
RUS;96-y aviatsionniy korpus
RUS;97-y aviatsionniy korpus
RUS;98-y aviatsionniy korpus
RUS;99-y aviatsionniy korpus
RUS;100-y aviatsionniy korpus
SAF;No.1 SAAF Command
SAF;No.2 SAAF Command
SAF;No.3 SAAF Command
SAF;No.4 SAAF Command
SAF;No.5 SAAF Command
SAF;No.6 SAAF Command
SAF;No.7 SAAF Command
SAF;No.8 SAAF Command
SAF;No.9 SAAF Command
SAF;No.10 SAAF Command
SAF;No.11 SAAF Command
SAF;No.12 SAAF Command
SAF;No.13 SAAF Command
SAF;No.14 SAAF Command
SAF;No.15 SAAF Command
SAF;No.16 SAAF Command
SAF;No.17 SAAF Command
SAF;No.18 SAAF Command
SAF;No.19 SAAF Command
SAF;No.20 SAAF Command
SAF;No.21 SAAF Command
SAF;No.22 SAAF Command
SAF;No.23 SAAF Command
SAF;No.24 SAAF Command
SAF;No.25 SAAF Command
SAF;No.26 SAAF Command
SAF;No.27 SAAF Command
SAF;No.28 SAAF Command
SAF;No.29 SAAF Command
SAF;No.30 SAAF Command
SAF;No.31 SAAF Command
SAF;No.32 SAAF Command
SAF;No.33 SAAF Command
SAF;No.34 SAAF Command
SAF;No.35 SAAF Command
SAF;No.36 SAAF Command
SAF;No.37 SAAF Command
SAF;No.38 SAAF Command
SAF;No.39 SAAF Command
SAF;No.40 SAAF Command
SAF;No.41 SAAF Command
SAF;No.42 SAAF Command
SAF;No.43 SAAF Command
SAF;No.44 SAAF Command
SAF;No.45 SAAF Command
SAF;No.46 SAAF Command
SAF;No.47 SAAF Command
SAF;No.48 SAAF Command
SAF;No.49 SAAF Command
SAF;No.50 SAAF Command
SAL;I Cuerpo de Aviaci?n salvadore?o
SAL;II Cuerpo de Aviaci?n salvadore?o
SAL;III Cuerpo de Aviaci?n salvadore?o
SAL;IV Cuerpo de Aviaci?n salvadore?o
SAL;V Cuerpo de Aviaci?n salvadore?o
SAL;VI Cuerpo de Aviaci?n salvadore?o
SAL;VII Cuerpo de Aviaci?n salvadore?o
SAL;VIII Cuerpo de Aviaci?n salvadore?o
SAL;IX Cuerpo de Aviaci?n salvadore?o
SAL;X Cuerpo de Aviaci?n salvadore?o
SAL;XI Cuerpo de Aviaci?n salvadore?o
SAL;XII Cuerpo de Aviaci?n salvadore?o
SAL;XIII Cuerpo de Aviaci?n salvadore?o
SAL;XIV Cuerpo de Aviaci?n salvadore?o
SAL;XV Cuerpo de Aviaci?n salvadore?o
SAL;XVI Cuerpo de Aviaci?n salvadore?o
SAL;XVII Cuerpo de Aviaci?n salvadore?o
SAL;XVIII Cuerpo de Aviaci?n salvadore?o
SAL;XIX Cuerpo de Aviaci?n salvadore?o
SAL;XX Cuerpo de Aviaci?n salvadore?o
SAL;XXI Cuerpo de Aviaci?n salvadore?o
SAL;XXII Cuerpo de Aviaci?n salvadore?o
SAL;XXIII Cuerpo de Aviaci?n salvadore?o
SAL;XXIV Cuerpo de Aviaci?n salvadore?o
SAL;XXV Cuerpo de Aviaci?n salvadore?o
SAL;XXVI Cuerpo de Aviaci?n salvadore?o
SAL;XXVII Cuerpo de Aviaci?n salvadore?o
SAL;XXVIII Cuerpo de Aviaci?n salvadore?o
SAL;XXIX Cuerpo de Aviaci?n salvadore?o
SAL;XXX Cuerpo de Aviaci?n salvadore?o
SAL;XXXI Cuerpo de Aviaci?n salvadore?o
SAL;XXXII Cuerpo de Aviaci?n salvadore?o
SAL;XXXIII Cuerpo de Aviaci?n salvadore?o
SAL;XXXIV Cuerpo de Aviaci?n salvadore?o
SAL;XXXV Cuerpo de Aviaci?n salvadore?o
SAL;XXXVI Cuerpo de Aviaci?n salvadore?o
SAL;XXXVII Cuerpo de Aviaci?n salvadore?o
SAL;XXXVIII Cuerpo de Aviaci?n salvadore?o
SAL;XXXIX Cuerpo de Aviaci?n salvadore?o
SAL;XL Cuerpo de Aviaci?n salvadore?o
SAL;XLI Cuerpo de Aviaci?n salvadore?o
SAL;XLII Cuerpo de Aviaci?n salvadore?o
SAL;XLIII Cuerpo de Aviaci?n salvadore?o
SAL;XLIV Cuerpo de Aviaci?n salvadore?o
SAL;XLV Cuerpo de Aviaci?n salvadore?o
SAL;XLVI Cuerpo de Aviaci?n salvadore?o
SAL;XLVII Cuerpo de Aviaci?n salvadore?o
SAL;XLVIII Cuerpo de Aviaci?n salvadore?o
SAL;XLIX Cuerpo de Aviaci?n salvadore?o
SAL;L Cuerpo de Aviaci?n salvadore?o
SAR;No.1 Sarawak Air Command
SAR;No.2 Sarawak Air Command
SAR;No.3 Sarawak Air Command
SAR;No.4 Sarawak Air Command
SAR;No.5 Sarawak Air Command
SAR;No.6 Sarawak Air Command
SAR;No.7 Sarawak Air Command
SAR;No.8 Sarawak Air Command
SAR;No.9 Sarawak Air Command
SAR;No.10 Sarawak Air Command
SAR;No.11 Sarawak Air Command
SAR;No.12 Sarawak Air Command
SAR;No.13 Sarawak Air Command
SAR;No.14 Sarawak Air Command
SAR;No.15 Sarawak Air Command
SAR;No.16 Sarawak Air Command
SAR;No.17 Sarawak Air Command
SAR;No.18 Sarawak Air Command
SAR;No.19 Sarawak Air Command
SAR;No.20 Sarawak Air Command
SAR;No.21 Sarawak Air Command
SAR;No.22 Sarawak Air Command
SAR;No.23 Sarawak Air Command
SAR;No.24 Sarawak Air Command
SAR;No.25 Sarawak Air Command
SAR;No.26 Sarawak Air Command
SAR;No.27 Sarawak Air Command
SAR;No.28 Sarawak Air Command
SAR;No.29 Sarawak Air Command
SAR;No.30 Sarawak Air Command
SAR;No.31 Sarawak Air Command
SAR;No.32 Sarawak Air Command
SAR;No.33 Sarawak Air Command
SAR;No.34 Sarawak Air Command
SAR;No.35 Sarawak Air Command
SAR;No.36 Sarawak Air Command
SAR;No.37 Sarawak Air Command
SAR;No.38 Sarawak Air Command
SAR;No.39 Sarawak Air Command
SAR;No.40 Sarawak Air Command
SAR;No.41 Sarawak Air Command
SAR;No.42 Sarawak Air Command
SAR;No.43 Sarawak Air Command
SAR;No.44 Sarawak Air Command
SAR;No.45 Sarawak Air Command
SAR;No.46 Sarawak Air Command
SAR;No.47 Sarawak Air Command
SAR;No.48 Sarawak Air Command
SAR;No.49 Sarawak Air Command
SAR;No.50 Sarawak Air Command
SAU;1. al-Quwwat al-Jawwiya al-‘Arabiyyah as-Su‘udiyyah
SAU;2. al-Quwwat al-Jawwiya al-‘Arabiyyah as-Su‘udiyyah
SAU;3. al-Quwwat al-Jawwiya al-‘Arabiyyah as-Su‘udiyyah
SAU;4. al-Quwwat al-Jawwiya al-‘Arabiyyah as-Su‘udiyyah
SAU;5. al-Quwwat al-Jawwiya al-‘Arabiyyah as-Su‘udiyyah
SAU;6. al-Quwwat al-Jawwiya al-‘Arabiyyah as-Su‘udiyyah
SAU;7. al-Quwwat al-Jawwiya al-‘Arabiyyah as-Su‘udiyyah
SAU;8. al-Quwwat al-Jawwiya al-‘Arabiyyah as-Su‘udiyyah
SAU;9. al-Quwwat al-Jawwiya al-‘Arabiyyah as-Su‘udiyyah
SAU;10. al-Quwwat al-Jawwiya al-‘Arabiyyah as-Su‘udiyyah
SAU;11. al-Quwwat al-Jawwiya al-‘Arabiyyah as-Su‘udiyyah
SAU;12. al-Quwwat al-Jawwiya al-‘Arabiyyah as-Su‘udiyyah
SAU;13. al-Quwwat al-Jawwiya al-‘Arabiyyah as-Su‘udiyyah
SAU;14. al-Quwwat al-Jawwiya al-‘Arabiyyah as-Su‘udiyyah
SAU;15. al-Quwwat al-Jawwiya al-‘Arabiyyah as-Su‘udiyyah
SAU;16. al-Quwwat al-Jawwiya al-‘Arabiyyah as-Su‘udiyyah
SAU;17. al-Quwwat al-Jawwiya al-‘Arabiyyah as-Su‘udiyyah
SAU;18. al-Quwwat al-Jawwiya al-‘Arabiyyah as-Su‘udiyyah
SAU;19. al-Quwwat al-Jawwiya al-‘Arabiyyah as-Su‘udiyyah
SAU;20. al-Quwwat al-Jawwiya al-‘Arabiyyah as-Su‘udiyyah
SAU;21. al-Quwwat al-Jawwiya al-‘Arabiyyah as-Su‘udiyyah
SAU;22. al-Quwwat al-Jawwiya al-‘Arabiyyah as-Su‘udiyyah
SAU;23. al-Quwwat al-Jawwiya al-‘Arabiyyah as-Su‘udiyyah
SAU;24. al-Quwwat al-Jawwiya al-‘Arabiyyah as-Su‘udiyyah
SAU;25. al-Quwwat al-Jawwiya al-‘Arabiyyah as-Su‘udiyyah
SAU;26. al-Quwwat al-Jawwiya al-‘Arabiyyah as-Su‘udiyyah
SAU;27. al-Quwwat al-Jawwiya al-‘Arabiyyah as-Su‘udiyyah
SAU;28. al-Quwwat al-Jawwiya al-‘Arabiyyah as-Su‘udiyyah
SAU;29. al-Quwwat al-Jawwiya al-‘Arabiyyah as-Su‘udiyyah
SAU;30. al-Quwwat al-Jawwiya al-‘Arabiyyah as-Su‘udiyyah
SAU;31. al-Quwwat al-Jawwiya al-‘Arabiyyah as-Su‘udiyyah
SAU;32. al-Quwwat al-Jawwiya al-‘Arabiyyah as-Su‘udiyyah
SAU;33. al-Quwwat al-Jawwiya al-‘Arabiyyah as-Su‘udiyyah
SAU;34. al-Quwwat al-Jawwiya al-‘Arabiyyah as-Su‘udiyyah
SAU;35. al-Quwwat al-Jawwiya al-‘Arabiyyah as-Su‘udiyyah
SAU;36. al-Quwwat al-Jawwiya al-‘Arabiyyah as-Su‘udiyyah
SAU;37. al-Quwwat al-Jawwiya al-‘Arabiyyah as-Su‘udiyyah
SAU;38. al-Quwwat al-Jawwiya al-‘Arabiyyah as-Su‘udiyyah
SAU;39. al-Quwwat al-Jawwiya al-‘Arabiyyah as-Su‘udiyyah
SAU;40. al-Quwwat al-Jawwiya al-‘Arabiyyah as-Su‘udiyyah
SAU;41. al-Quwwat al-Jawwiya al-‘Arabiyyah as-Su‘udiyyah
SAU;42. al-Quwwat al-Jawwiya al-‘Arabiyyah as-Su‘udiyyah
SAU;43. al-Quwwat al-Jawwiya al-‘Arabiyyah as-Su‘udiyyah
SAU;44. al-Quwwat al-Jawwiya al-‘Arabiyyah as-Su‘udiyyah
SAU;45. al-Quwwat al-Jawwiya al-‘Arabiyyah as-Su‘udiyyah
SAU;46. al-Quwwat al-Jawwiya al-‘Arabiyyah as-Su‘udiyyah
SAU;47. al-Quwwat al-Jawwiya al-‘Arabiyyah as-Su‘udiyyah
SAU;48. al-Quwwat al-Jawwiya al-‘Arabiyyah as-Su‘udiyyah
SAU;49. al-Quwwat al-Jawwiya al-‘Arabiyyah as-Su‘udiyyah
SAU;50. al-Quwwat al-Jawwiya al-‘Arabiyyah as-Su‘udiyyah
SCA;1:a Flygeskadern
SCA;2:a Flygeskadern
SCA;3:e Flygeskadern
SCA;4:e Flygeskadern
SCA;5:e Flygeskadern
SCA;6:e Flygeskadern
SCA;7:e Flygeskadern
SCA;8:e Flygeskadern
SCA;9:e Flygeskadern
SCA;10:e Flygeskadern
SCA;11:a Flygeskadern
SCA;12:a Flygeskadern
SCA;13:e Flygeskadern
SCA;14:e Flygeskadern
SCA;15:e Flygeskadern
SCA;16:e Flygeskadern
SCA;17:e Flygeskadern
SCA;18:e Flygeskadern
SCA;19:e Flygeskadern
SCA;20:e Flygeskadern
SCA;21:a Flygeskadern
SCA;22:a Flygeskadern
SCA;23:e Flygeskadern
SCA;24:e Flygeskadern
SCA;25:e Flygeskadern
SCA;26:e Flygeskadern
SCA;27:e Flygeskadern
SCA;28:e Flygeskadern
SCA;29:e Flygeskadern
SCA;30:e Flygeskadern
SCA;31:a Flygeskadern
SCA;32:a Flygeskadern
SCA;33:e Flygeskadern
SCA;34:e Flygeskadern
SCA;35:e Flygeskadern
SCA;36:e Flygeskadern
SCA;37:e Flygeskadern
SCA;38:e Flygeskadern
SCA;39:e Flygeskadern
SCA;40:e Flygeskadern
SCA;41:a Flygeskadern
SCA;42:a Flygeskadern
SCA;43:e Flygeskadern
SCA;44:e Flygeskadern
SCA;45:e Flygeskadern
SCA;46:e Flygeskadern
SCA;47:e Flygeskadern
SCA;48:e Flygeskadern
SCA;49:e Flygeskadern
SCA;50:e Flygeskadern
SCH;Luftwaffenabteilung 1
SCH;Luftwaffenabteilung 2
SCH;Luftwaffenabteilung 3
SCH;Luftwaffenabteilung 4
SCH;Luftwaffenabteilung 5
SCH;Luftwaffenabteilung 6
SCH;Luftwaffenabteilung 7
SCH;Luftwaffenabteilung 8
SCH;Luftwaffenabteilung 9
SCH;Luftwaffenabteilung 10
SCH;Luftwaffenabteilung 11
SCH;Luftwaffenabteilung 12
SCH;Luftwaffenabteilung 13
SCH;Luftwaffenabteilung 14
SCH;Luftwaffenabteilung 15
SCH;Luftwaffenabteilung 16
SCH;Luftwaffenabteilung 17
SCH;Luftwaffenabteilung 18
SCH;Luftwaffenabteilung 19
SCH;Luftwaffenabteilung 20
SCH;Luftwaffenabteilung 21
SCH;Luftwaffenabteilung 22
SCH;Luftwaffenabteilung 23
SCH;Luftwaffenabteilung 24
SCH;Luftwaffenabteilung 25
SCH;Luftwaffenabteilung 26
SCH;Luftwaffenabteilung 27
SCH;Luftwaffenabteilung 28
SCH;Luftwaffenabteilung 29
SCH;Luftwaffenabteilung 30
SCH;Luftwaffenabteilung 31
SCH;Luftwaffenabteilung 32
SCH;Luftwaffenabteilung 33
SCH;Luftwaffenabteilung 34
SCH;Luftwaffenabteilung 35
SCH;Luftwaffenabteilung 36
SCH;Luftwaffenabteilung 37
SCH;Luftwaffenabteilung 38
SCH;Luftwaffenabteilung 39
SCH;Luftwaffenabteilung 40
SCH;Luftwaffenabteilung 41
SCH;Luftwaffenabteilung 42
SCH;Luftwaffenabteilung 43
SCH;Luftwaffenabteilung 44
SCH;Luftwaffenabteilung 45
SCH;Luftwaffenabteilung 46
SCH;Luftwaffenabteilung 47
SCH;Luftwaffenabteilung 48
SCH;Luftwaffenabteilung 49
SCH;Luftwaffenabteilung 50
SCO;No.1 Scottish Air Command
SCO;No.2 Scottish Air Command
SCO;No.3 Scottish Air Command
SCO;No.4 Scottish Air Command
SCO;No.5 Scottish Air Command
SCO;No.6 Scottish Air Command
SCO;No.7 Scottish Air Command
SCO;No.8 Scottish Air Command
SCO;No.9 Scottish Air Command
SCO;No.10 Scottish Air Command
SCO;No.11 Scottish Air Command
SCO;No.12 Scottish Air Command
SCO;No.13 Scottish Air Command
SCO;No.14 Scottish Air Command
SCO;No.15 Scottish Air Command
SCO;No.16 Scottish Air Command
SCO;No.17 Scottish Air Command
SCO;No.18 Scottish Air Command
SCO;No.19 Scottish Air Command
SCO;No.20 Scottish Air Command
SCO;No.21 Scottish Air Command
SCO;No.22 Scottish Air Command
SCO;No.23 Scottish Air Command
SCO;No.24 Scottish Air Command
SCO;No.25 Scottish Air Command
SCO;No.26 Scottish Air Command
SCO;No.27 Scottish Air Command
SCO;No.28 Scottish Air Command
SCO;No.29 Scottish Air Command
SCO;No.30 Scottish Air Command
SCO;No.31 Scottish Air Command
SCO;No.32 Scottish Air Command
SCO;No.33 Scottish Air Command
SCO;No.34 Scottish Air Command
SCO;No.35 Scottish Air Command
SCO;No.36 Scottish Air Command
SCO;No.37 Scottish Air Command
SCO;No.38 Scottish Air Command
SCO;No.39 Scottish Air Command
SCO;No.40 Scottish Air Command
SCO;No.41 Scottish Air Command
SCO;No.42 Scottish Air Command
SCO;No.43 Scottish Air Command
SCO;No.44 Scottish Air Command
SCO;No.45 Scottish Air Command
SCO;No.46 Scottish Air Command
SCO;No.47 Scottish Air Command
SCO;No.48 Scottish Air Command
SCO;No.49 Scottish Air Command
SCO;No.50 Scottish Air Command
SER;1. srbija vazduhoplovni korpus
SER;2. srbija vazduhoplovni korpus
SER;3. srbija vazduhoplovni korpus
SER;4. srbija vazduhoplovni korpus
SER;5. srbija vazduhoplovni korpus
SER;6. srbija vazduhoplovni korpus
SER;7. srbija vazduhoplovni korpus
SER;8. srbija vazduhoplovni korpus
SER;9. srbija vazduhoplovni korpus
SER;10. srbija vazduhoplovni korpus
SER;11. srbija vazduhoplovni korpus
SER;12. srbija vazduhoplovni korpus
SER;13. srbija vazduhoplovni korpus
SER;14. srbija vazduhoplovni korpus
SER;15. srbija vazduhoplovni korpus
SER;16. srbija vazduhoplovni korpus
SER;17. srbija vazduhoplovni korpus
SER;18. srbija vazduhoplovni korpus
SER;19. srbija vazduhoplovni korpus
SER;20. srbija vazduhoplovni korpus
SER;21. srbija vazduhoplovni korpus
SER;22. srbija vazduhoplovni korpus
SER;23. srbija vazduhoplovni korpus
SER;24. srbija vazduhoplovni korpus
SER;25. srbija vazduhoplovni korpus
SER;26. srbija vazduhoplovni korpus
SER;27. srbija vazduhoplovni korpus
SER;28. srbija vazduhoplovni korpus
SER;29. srbija vazduhoplovni korpus
SER;30. srbija vazduhoplovni korpus
SER;31. srbija vazduhoplovni korpus
SER;32. srbija vazduhoplovni korpus
SER;33. srbija vazduhoplovni korpus
SER;34. srbija vazduhoplovni korpus
SER;35. srbija vazduhoplovni korpus
SER;36. srbija vazduhoplovni korpus
SER;37. srbija vazduhoplovni korpus
SER;38. srbija vazduhoplovni korpus
SER;39. srbija vazduhoplovni korpus
SER;40. srbija vazduhoplovni korpus
SER;41. srbija vazduhoplovni korpus
SER;42. srbija vazduhoplovni korpus
SER;43. srbija vazduhoplovni korpus
SER;44. srbija vazduhoplovni korpus
SER;45. srbija vazduhoplovni korpus
SER;46. srbija vazduhoplovni korpus
SER;47. srbija vazduhoplovni korpus
SER;48. srbija vazduhoplovni korpus
SER;49. srbija vazduhoplovni korpus
SER;50. srbija vazduhoplovni korpus
SIA;No.1 Royal Thai Air Command
SIA;No.2 Royal Thai Air Command
SIA;No.3 Royal Thai Air Command
SIA;No.4 Royal Thai Air Command
SIA;No.5 Royal Thai Air Command
SIA;No.6 Royal Thai Air Command
SIA;No.7 Royal Thai Air Command
SIA;No.8 Royal Thai Air Command
SIA;No.9 Royal Thai Air Command
SIA;No.10 Royal Thai Air Command
SIA;No.11 Royal Thai Air Command
SIA;No.12 Royal Thai Air Command
SIA;No.13 Royal Thai Air Command
SIA;No.14 Royal Thai Air Command
SIA;No.15 Royal Thai Air Command
SIA;No.16 Royal Thai Air Command
SIA;No.17 Royal Thai Air Command
SIA;No.18 Royal Thai Air Command
SIA;No.19 Royal Thai Air Command
SIA;No.20 Royal Thai Air Command
SIA;No.21 Royal Thai Air Command
SIA;No.22 Royal Thai Air Command
SIA;No.23 Royal Thai Air Command
SIA;No.24 Royal Thai Air Command
SIA;No.25 Royal Thai Air Command
SIA;No.26 Royal Thai Air Command
SIA;No.27 Royal Thai Air Command
SIA;No.28 Royal Thai Air Command
SIA;No.29 Royal Thai Air Command
SIA;No.30 Royal Thai Air Command
SIA;No.31 Royal Thai Air Command
SIA;No.32 Royal Thai Air Command
SIA;No.33 Royal Thai Air Command
SIA;No.34 Royal Thai Air Command
SIA;No.35 Royal Thai Air Command
SIA;No.36 Royal Thai Air Command
SIA;No.37 Royal Thai Air Command
SIA;No.38 Royal Thai Air Command
SIA;No.39 Royal Thai Air Command
SIA;No.40 Royal Thai Air Command
SIA;No.41 Royal Thai Air Command
SIA;No.42 Royal Thai Air Command
SIA;No.43 Royal Thai Air Command
SIA;No.44 Royal Thai Air Command
SIA;No.45 Royal Thai Air Command
SIA;No.46 Royal Thai Air Command
SIA;No.47 Royal Thai Air Command
SIA;No.48 Royal Thai Air Command
SIA;No.49 Royal Thai Air Command
SIA;No.50 Royal Thai Air Command
SIB;1-y sibyrskiy aviatsionniy korpus
SIB;2-y sibyrskiy aviatsionniy korpus
SIB;3-y sibyrskiy aviatsionniy korpus
SIB;4-y sibyrskiy aviatsionniy korpus
SIB;5-y sibyrskiy aviatsionniy korpus
SIB;6-y sibyrskiy aviatsionniy korpus
SIB;7-y sibyrskiy aviatsionniy korpus
SIB;8-y sibyrskiy aviatsionniy korpus
SIB;9-y sibyrskiy aviatsionniy korpus
SIB;10-y sibyrskiy aviatsionniy korpus
SIB;11-y sibyrskiy aviatsionniy korpus
SIB;12-y sibyrskiy aviatsionniy korpus
SIB;13-y sibyrskiy aviatsionniy korpus
SIB;14-y sibyrskiy aviatsionniy korpus
SIB;15-y sibyrskiy aviatsionniy korpus
SIB;16-y sibyrskiy aviatsionniy korpus
SIB;17-y sibyrskiy aviatsionniy korpus
SIB;18-y sibyrskiy aviatsionniy korpus
SIB;19-y sibyrskiy aviatsionniy korpus
SIB;20-y sibyrskiy aviatsionniy korpus
SIB;21-y sibyrskiy aviatsionniy korpus
SIB;22-y sibyrskiy aviatsionniy korpus
SIB;23-y sibyrskiy aviatsionniy korpus
SIB;24-y sibyrskiy aviatsionniy korpus
SIB;25-y sibyrskiy aviatsionniy korpus
SIB;26-y sibyrskiy aviatsionniy korpus
SIB;27-y sibyrskiy aviatsionniy korpus
SIB;28-y sibyrskiy aviatsionniy korpus
SIB;29-y sibyrskiy aviatsionniy korpus
SIB;30-y sibyrskiy aviatsionniy korpus
SIB;31-y sibyrskiy aviatsionniy korpus
SIB;32-y sibyrskiy aviatsionniy korpus
SIB;33-y sibyrskiy aviatsionniy korpus
SIB;34-y sibyrskiy aviatsionniy korpus
SIB;35-y sibyrskiy aviatsionniy korpus
SIB;36-y sibyrskiy aviatsionniy korpus
SIB;37-y sibyrskiy aviatsionniy korpus
SIB;38-y sibyrskiy aviatsionniy korpus
SIB;39-y sibyrskiy aviatsionniy korpus
SIB;40-y sibyrskiy aviatsionniy korpus
SIB;41-y sibyrskiy aviatsionniy korpus
SIB;42-y sibyrskiy aviatsionniy korpus
SIB;43-y sibyrskiy aviatsionniy korpus
SIB;44-y sibyrskiy aviatsionniy korpus
SIB;45-y sibyrskiy aviatsionniy korpus
SIB;46-y sibyrskiy aviatsionniy korpus
SIB;47-y sibyrskiy aviatsionniy korpus
SIB;48-y sibyrskiy aviatsionniy korpus
SIB;49-y sibyrskiy aviatsionniy korpus
SIB;50-y sibyrskiy aviatsionniy korpus
SIE;No.1 Sierra Leonese Air Command
SIE;No.2 Sierra Leonese Air Command
SIE;No.3 Sierra Leonese Air Command
SIE;No.4 Sierra Leonese Air Command
SIE;No.5 Sierra Leonese Air Command
SIE;No.6 Sierra Leonese Air Command
SIE;No.7 Sierra Leonese Air Command
SIE;No.8 Sierra Leonese Air Command
SIE;No.9 Sierra Leonese Air Command
SIE;No.10 Sierra Leonese Air Command
SIE;No.11 Sierra Leonese Air Command
SIE;No.12 Sierra Leonese Air Command
SIE;No.13 Sierra Leonese Air Command
SIE;No.14 Sierra Leonese Air Command
SIE;No.15 Sierra Leonese Air Command
SIE;No.16 Sierra Leonese Air Command
SIE;No.17 Sierra Leonese Air Command
SIE;No.18 Sierra Leonese Air Command
SIE;No.19 Sierra Leonese Air Command
SIE;No.20 Sierra Leonese Air Command
SIE;No.21 Sierra Leonese Air Command
SIE;No.22 Sierra Leonese Air Command
SIE;No.23 Sierra Leonese Air Command
SIE;No.24 Sierra Leonese Air Command
SIE;No.25 Sierra Leonese Air Command
SIE;No.26 Sierra Leonese Air Command
SIE;No.27 Sierra Leonese Air Command
SIE;No.28 Sierra Leonese Air Command
SIE;No.29 Sierra Leonese Air Command
SIE;No.30 Sierra Leonese Air Command
SIE;No.31 Sierra Leonese Air Command
SIE;No.32 Sierra Leonese Air Command
SIE;No.33 Sierra Leonese Air Command
SIE;No.34 Sierra Leonese Air Command
SIE;No.35 Sierra Leonese Air Command
SIE;No.36 Sierra Leonese Air Command
SIE;No.37 Sierra Leonese Air Command
SIE;No.38 Sierra Leonese Air Command
SIE;No.39 Sierra Leonese Air Command
SIE;No.40 Sierra Leonese Air Command
SIE;No.41 Sierra Leonese Air Command
SIE;No.42 Sierra Leonese Air Command
SIE;No.43 Sierra Leonese Air Command
SIE;No.44 Sierra Leonese Air Command
SIE;No.45 Sierra Leonese Air Command
SIE;No.46 Sierra Leonese Air Command
SIE;No.47 Sierra Leonese Air Command
SIE;No.48 Sierra Leonese Air Command
SIE;No.49 Sierra Leonese Air Command
SIE;No.50 Sierra Leonese Air Command
SIK;Di'1 Xin'jiang Kongjun
SIK;Di'2 Xin'jiang Kongjun
SIK;Di'3 Xin'jiang Kongjun
SIK;Di'4 Xin'jiang Kongjun
SIK;Di'5 Xin'jiang Kongjun
SIK;Di'6 Xin'jiang Kongjun
SIK;Di'7 Xin'jiang Kongjun
SIK;Di'8 Xin'jiang Kongjun
SIK;Di'9 Xin'jiang Kongjun
SIK;Di'10 Xin'jiang Kongjun
SIK;Di'11 Xin'jiang Kongjun
SIK;Di'12 Xin'jiang Kongjun
SIK;Di'13 Xin'jiang Kongjun
SIK;Di'14 Xin'jiang Kongjun
SIK;Di'15 Xin'jiang Kongjun
SIK;Di'16 Xin'jiang Kongjun
SIK;Di'17 Xin'jiang Kongjun
SIK;Di'18 Xin'jiang Kongjun
SIK;Di'19 Xin'jiang Kongjun
SIK;Di'20 Xin'jiang Kongjun
SIK;Di'21 Xin'jiang Kongjun
SIK;Di'22 Xin'jiang Kongjun
SIK;Di'23 Xin'jiang Kongjun
SIK;Di'24 Xin'jiang Kongjun
SIK;Di'25 Xin'jiang Kongjun
SIK;Di'26 Xin'jiang Kongjun
SIK;Di'27 Xin'jiang Kongjun
SIK;Di'28 Xin'jiang Kongjun
SIK;Di'29 Xin'jiang Kongjun
SIK;Di'30 Xin'jiang Kongjun
SIK;Di'31 Xin'jiang Kongjun
SIK;Di'32 Xin'jiang Kongjun
SIK;Di'33 Xin'jiang Kongjun
SIK;Di'34 Xin'jiang Kongjun
SIK;Di'35 Xin'jiang Kongjun
SIK;Di'36 Xin'jiang Kongjun
SIK;Di'37 Xin'jiang Kongjun
SIK;Di'38 Xin'jiang Kongjun
SIK;Di'39 Xin'jiang Kongjun
SIK;Di'40 Xin'jiang Kongjun
SIK;Di'41 Xin'jiang Kongjun
SIK;Di'42 Xin'jiang Kongjun
SIK;Di'43 Xin'jiang Kongjun
SIK;Di'44 Xin'jiang Kongjun
SIK;Di'45 Xin'jiang Kongjun
SIK;Di'46 Xin'jiang Kongjun
SIK;Di'47 Xin'jiang Kongjun
SIK;Di'48 Xin'jiang Kongjun
SIK;Di'49 Xin'jiang Kongjun
SIK;Di'50 Xin'jiang Kongjun
SLO;I. Slovensk? Vzdusn? S?ly Arm?dy
SLO;II. Slovensk? Vzdusn? S?ly Arm?dy
SLO;III. Slovensk? Vzdusn? S?ly Arm?dy
SLO;IV. Slovensk? Vzdusn? S?ly Arm?dy
SLO;V. Slovensk? Vzdusn? S?ly Arm?dy
SLO;VI. Slovensk? Vzdusn? S?ly Arm?dy
SLO;VII. Slovensk? Vzdusn? S?ly Arm?dy
SLO;VIII. Slovensk? Vzdusn? S?ly Arm?dy
SLO;IX. Slovensk? Vzdusn? S?ly Arm?dy
SLO;X. Slovensk? Vzdusn? S?ly Arm?dy
SLO;XI. Slovensk? Vzdusn? S?ly Arm?dy
SLO;XII. Slovensk? Vzdusn? S?ly Arm?dy
SLO;XIII. Slovensk? Vzdusn? S?ly Arm?dy
SLO;XIV. Slovensk? Vzdusn? S?ly Arm?dy
SLO;XV. Slovensk? Vzdusn? S?ly Arm?dy
SLO;XVI. Slovensk? Vzdusn? S?ly Arm?dy
SLO;XVII. Slovensk? Vzdusn? S?ly Arm?dy
SLO;XVIII. Slovensk? Vzdusn? S?ly Arm?dy
SLO;XIX. Slovensk? Vzdusn? S?ly Arm?dy
SLO;XX. Slovensk? Vzdusn? S?ly Arm?dy
SLO;XXI. Slovensk? Vzdusn? S?ly Arm?dy
SLO;XXII. Slovensk? Vzdusn? S?ly Arm?dy
SLO;XXIII. Slovensk? Vzdusn? S?ly Arm?dy
SLO;XXIV. Slovensk? Vzdusn? S?ly Arm?dy
SLO;XXV. Slovensk? Vzdusn? S?ly Arm?dy
SLO;XXVI. Slovensk? Vzdusn? S?ly Arm?dy
SLO;XXVII. Slovensk? Vzdusn? S?ly Arm?dy
SLO;XXVIII. Slovensk? Vzdusn? S?ly Arm?dy
SLO;XXIX. Slovensk? Vzdusn? S?ly Arm?dy
SLO;XXX. Slovensk? Vzdusn? S?ly Arm?dy
SLO;XXXI. Slovensk? Vzdusn? S?ly Arm?dy
SLO;XXXII. Slovensk? Vzdusn? S?ly Arm?dy
SLO;XXXIII. Slovensk? Vzdusn? S?ly Arm?dy
SLO;XXXIV. Slovensk? Vzdusn? S?ly Arm?dy
SLO;XXXV. Slovensk? Vzdusn? S?ly Arm?dy
SLO;XXXVI. Slovensk? Vzdusn? S?ly Arm?dy
SLO;XXXVII. Slovensk? Vzdusn? S?ly Arm?dy
SLO;XXXVIII. Slovensk? Vzdusn? S?ly Arm?dy
SLO;XXXIX. Slovensk? Vzdusn? S?ly Arm?dy
SLO;XL. Slovensk? Vzdusn? S?ly Arm?dy
SLO;XLI. Slovensk? Vzdusn? S?ly Arm?dy
SLO;XLII. Slovensk? Vzdusn? S?ly Arm?dy
SLO;XLIII. Slovensk? Vzdusn? S?ly Arm?dy
SLO;XLIV. Slovensk? Vzdusn? S?ly Arm?dy
SLO;XLV. Slovensk? Vzdusn? S?ly Arm?dy
SLO;XLVI. Slovensk? Vzdusn? S?ly Arm?dy
SLO;XLVII. Slovensk? Vzdusn? S?ly Arm?dy
SLO;XLVIII. Slovensk? Vzdusn? S?ly Arm?dy
SLO;XLIX. Slovensk? Vzdusn? S?ly Arm?dy
SLO;L. Slovensk? Vzdusn? S?ly Arm?dy
SLV;1. slovenska letalski korpus
SLV;2. slovenska letalski korpus
SLV;3. slovenska letalski korpus
SLV;4. slovenska letalski korpus
SLV;5. slovenska letalski korpus
SLV;6. slovenska letalski korpus
SLV;7. slovenska letalski korpus
SLV;8. slovenska letalski korpus
SLV;9. slovenska letalski korpus
SLV;10. slovenska letalski korpus
SLV;11. slovenska letalski korpus
SLV;12. slovenska letalski korpus
SLV;13. slovenska letalski korpus
SLV;14. slovenska letalski korpus
SLV;15. slovenska letalski korpus
SLV;16. slovenska letalski korpus
SLV;17. slovenska letalski korpus
SLV;18. slovenska letalski korpus
SLV;19. slovenska letalski korpus
SLV;20. slovenska letalski korpus
SLV;21. slovenska letalski korpus
SLV;22. slovenska letalski korpus
SLV;23. slovenska letalski korpus
SLV;24. slovenska letalski korpus
SLV;25. slovenska letalski korpus
SLV;26. slovenska letalski korpus
SLV;27. slovenska letalski korpus
SLV;28. slovenska letalski korpus
SLV;29. slovenska letalski korpus
SLV;30. slovenska letalski korpus
SLV;31. slovenska letalski korpus
SLV;32. slovenska letalski korpus
SLV;33. slovenska letalski korpus
SLV;34. slovenska letalski korpus
SLV;35. slovenska letalski korpus
SLV;36. slovenska letalski korpus
SLV;37. slovenska letalski korpus
SLV;38. slovenska letalski korpus
SLV;39. slovenska letalski korpus
SLV;40. slovenska letalski korpus
SLV;41. slovenska letalski korpus
SLV;42. slovenska letalski korpus
SLV;43. slovenska letalski korpus
SLV;44. slovenska letalski korpus
SLV;45. slovenska letalski korpus
SLV;46. slovenska letalski korpus
SLV;47. slovenska letalski korpus
SLV;48. slovenska letalski korpus
SLV;49. slovenska letalski korpus
SLV;50. slovenska letalski korpus
SOM;1. al-Quwwat al-Jawwiya as-Sumal
SOM;2. al-Quwwat al-Jawwiya as-Sumal
SOM;3. al-Quwwat al-Jawwiya as-Sumal
SOM;4. al-Quwwat al-Jawwiya as-Sumal
SOM;5. al-Quwwat al-Jawwiya as-Sumal
SOM;6. al-Quwwat al-Jawwiya as-Sumal
SOM;7. al-Quwwat al-Jawwiya as-Sumal
SOM;8. al-Quwwat al-Jawwiya as-Sumal
SOM;9. al-Quwwat al-Jawwiya as-Sumal
SOM;10. al-Quwwat al-Jawwiya as-Sumal
SOM;11. al-Quwwat al-Jawwiya as-Sumal
SOM;12. al-Quwwat al-Jawwiya as-Sumal
SOM;13. al-Quwwat al-Jawwiya as-Sumal
SOM;14. al-Quwwat al-Jawwiya as-Sumal
SOM;15. al-Quwwat al-Jawwiya as-Sumal
SOM;16. al-Quwwat al-Jawwiya as-Sumal
SOM;17. al-Quwwat al-Jawwiya as-Sumal
SOM;18. al-Quwwat al-Jawwiya as-Sumal
SOM;19. al-Quwwat al-Jawwiya as-Sumal
SOM;20. al-Quwwat al-Jawwiya as-Sumal
SOM;21. al-Quwwat al-Jawwiya as-Sumal
SOM;22. al-Quwwat al-Jawwiya as-Sumal
SOM;23. al-Quwwat al-Jawwiya as-Sumal
SOM;24. al-Quwwat al-Jawwiya as-Sumal
SOM;25. al-Quwwat al-Jawwiya as-Sumal
SOM;26. al-Quwwat al-Jawwiya as-Sumal
SOM;27. al-Quwwat al-Jawwiya as-Sumal
SOM;28. al-Quwwat al-Jawwiya as-Sumal
SOM;29. al-Quwwat al-Jawwiya as-Sumal
SOM;30. al-Quwwat al-Jawwiya as-Sumal
SOM;31. al-Quwwat al-Jawwiya as-Sumal
SOM;32. al-Quwwat al-Jawwiya as-Sumal
SOM;33. al-Quwwat al-Jawwiya as-Sumal
SOM;34. al-Quwwat al-Jawwiya as-Sumal
SOM;35. al-Quwwat al-Jawwiya as-Sumal
SOM;36. al-Quwwat al-Jawwiya as-Sumal
SOM;37. al-Quwwat al-Jawwiya as-Sumal
SOM;38. al-Quwwat al-Jawwiya as-Sumal
SOM;39. al-Quwwat al-Jawwiya as-Sumal
SOM;40. al-Quwwat al-Jawwiya as-Sumal
SOM;41. al-Quwwat al-Jawwiya as-Sumal
SOM;42. al-Quwwat al-Jawwiya as-Sumal
SOM;43. al-Quwwat al-Jawwiya as-Sumal
SOM;44. al-Quwwat al-Jawwiya as-Sumal
SOM;45. al-Quwwat al-Jawwiya as-Sumal
SOM;46. al-Quwwat al-Jawwiya as-Sumal
SOM;47. al-Quwwat al-Jawwiya as-Sumal
SOM;48. al-Quwwat al-Jawwiya as-Sumal
SOM;49. al-Quwwat al-Jawwiya as-Sumal
SOM;50. al-Quwwat al-Jawwiya as-Sumal
SOV;1-ya vozdushnaya armiya
SOV;2-ya vozdushnaya armiya
SOV;3-ya vozdushnaya armiya
SOV;4-ya vozdushnaya armiya
SOV;5-ya vozdushnaya armiya
SOV;6-ya vozdushnaya armiya
SOV;7-ya vozdushnaya armiya
SOV;8-ya vozdushnaya armiya
SOV;9-ya vozdushnaya armiya
SOV;10-ya vozdushnaya armiya
SOV;11-ya vozdushnaya armiya
SOV;12-ya vozdushnaya armiya
SOV;13-ya vozdushnaya armiya
SOV;14-ya vozdushnaya armiya
SOV;15-ya vozdushnaya armiya
SOV;16-ya vozdushnaya armiya
SOV;17-ya vozdushnaya armiya
SOV;18-ya vozdushnaya armiya
SOV;19-ya vozdushnaya armiya
SOV;20-ya vozdushnaya armiya
SOV;21-ya vozdushnaya armiya
SOV;22-ya vozdushnaya armiya
SOV;23-ya vozdushnaya armiya
SOV;24-ya vozdushnaya armiya
SOV;25-ya vozdushnaya armiya
SOV;26-ya vozdushnaya armiya
SOV;27-ya vozdushnaya armiya
SOV;28-ya vozdushnaya armiya
SOV;29-ya vozdushnaya armiya
SOV;30-ya vozdushnaya armiya
SOV;31-ya vozdushnaya armiya
SOV;32-ya vozdushnaya armiya
SOV;33-ya vozdushnaya armiya
SOV;34-ya vozdushnaya armiya
SOV;35-ya vozdushnaya armiya
SOV;36-ya vozdushnaya armiya
SOV;37-ya vozdushnaya armiya
SOV;38-ya vozdushnaya armiya
SOV;39-ya vozdushnaya armiya
SOV;40-ya vozdushnaya armiya
SOV;41-ya vozdushnaya armiya
SOV;42-ya vozdushnaya armiya
SOV;43-ya vozdushnaya armiya
SOV;44-ya vozdushnaya armiya
SOV;45-ya vozdushnaya armiya
SOV;46-ya vozdushnaya armiya
SOV;47-ya vozdushnaya armiya
SOV;48-ya vozdushnaya armiya
SOV;49-ya vozdushnaya armiya
SOV;50-ya vozdushnaya armiya
SOV;51-ya vozdushnaya armiya
SOV;52-ya vozdushnaya armiya
SOV;53-ya vozdushnaya armiya
SOV;54-ya vozdushnaya armiya
SOV;55-ya vozdushnaya armiya
SOV;56-ya vozdushnaya armiya
SOV;57-ya vozdushnaya armiya
SOV;58-ya vozdushnaya armiya
SOV;59-ya vozdushnaya armiya
SOV;60-ya vozdushnaya armiya
SOV;61-ya vozdushnaya armiya
SOV;62-ya vozdushnaya armiya
SOV;63-ya vozdushnaya armiya
SOV;64-ya vozdushnaya armiya
SOV;65-ya vozdushnaya armiya
SOV;66-ya vozdushnaya armiya
SOV;67-ya vozdushnaya armiya
SOV;68-ya vozdushnaya armiya
SOV;69-ya vozdushnaya armiya
SOV;70-ya vozdushnaya armiya
SOV;71-ya vozdushnaya armiya
SOV;72-ya vozdushnaya armiya
SOV;73-ya vozdushnaya armiya
SOV;74-ya vozdushnaya armiya
SOV;75-ya vozdushnaya armiya
SOV;76-ya vozdushnaya armiya
SOV;77-ya vozdushnaya armiya
SOV;78-ya vozdushnaya armiya
SOV;79-ya vozdushnaya armiya
SOV;80-ya vozdushnaya armiya
SOV;81-ya vozdushnaya armiya
SOV;82-ya vozdushnaya armiya
SOV;83-ya vozdushnaya armiya
SOV;84-ya vozdushnaya armiya
SOV;85-ya vozdushnaya armiya
SOV;86-ya vozdushnaya armiya
SOV;87-ya vozdushnaya armiya
SOV;88-ya vozdushnaya armiya
SOV;89-ya vozdushnaya armiya
SOV;90-ya vozdushnaya armiya
SOV;91-ya vozdushnaya armiya
SOV;92-ya vozdushnaya armiya
SOV;93-ya vozdushnaya armiya
SOV;94-ya vozdushnaya armiya
SOV;95-ya vozdushnaya armiya
SOV;96-ya vozdushnaya armiya
SOV;97-ya vozdushnaya armiya
SOV;98-ya vozdushnaya armiya
SOV;99-ya vozdushnaya armiya
SOV;100-ya vozdushnaya armiya
SPA;1a Regi?n A?rea del Ej?rcito del Aire
SPA;2a Regi?n A?rea del Ej?rcito del Aire
SPA;3a Regi?n A?rea del Ej?rcito del Aire
SPA;4a Regi?n A?rea del Ej?rcito del Aire
SPA;5a Regi?n A?rea del Ej?rcito del Aire
SPA;6a Regi?n A?rea del Ej?rcito del Aire
SPA;7a Regi?n A?rea del Ej?rcito del Aire
SPA;8a Regi?n A?rea del Ej?rcito del Aire
SPA;9a Regi?n A?rea del Ej?rcito del Aire
SPA;10a Regi?n A?rea del Ej?rcito del Aire
SPA;11a Regi?n A?rea del Ej?rcito del Aire
SPA;12a Regi?n A?rea del Ej?rcito del Aire
SPA;13a Regi?n A?rea del Ej?rcito del Aire
SPA;14a Regi?n A?rea del Ej?rcito del Aire
SPA;15a Regi?n A?rea del Ej?rcito del Aire
SPA;16a Regi?n A?rea del Ej?rcito del Aire
SPA;17a Regi?n A?rea del Ej?rcito del Aire
SPA;18a Regi?n A?rea del Ej?rcito del Aire
SPA;19a Regi?n A?rea del Ej?rcito del Aire
SPA;20a Regi?n A?rea del Ej?rcito del Aire
SPA;21a Regi?n A?rea del Ej?rcito del Aire
SPA;22a Regi?n A?rea del Ej?rcito del Aire
SPA;23a Regi?n A?rea del Ej?rcito del Aire
SPA;24a Regi?n A?rea del Ej?rcito del Aire
SPA;25a Regi?n A?rea del Ej?rcito del Aire
SPA;26a Regi?n A?rea del Ej?rcito del Aire
SPA;27a Regi?n A?rea del Ej?rcito del Aire
SPA;28a Regi?n A?rea del Ej?rcito del Aire
SPA;29a Regi?n A?rea del Ej?rcito del Aire
SPA;30a Regi?n A?rea del Ej?rcito del Aire
SPA;31a Regi?n A?rea del Ej?rcito del Aire
SPA;32a Regi?n A?rea del Ej?rcito del Aire
SPA;33a Regi?n A?rea del Ej?rcito del Aire
SPA;34a Regi?n A?rea del Ej?rcito del Aire
SPA;35a Regi?n A?rea del Ej?rcito del Aire
SPA;36a Regi?n A?rea del Ej?rcito del Aire
SPA;37a Regi?n A?rea del Ej?rcito del Aire
SPA;38a Regi?n A?rea del Ej?rcito del Aire
SPA;39a Regi?n A?rea del Ej?rcito del Aire
SPA;40a Regi?n A?rea del Ej?rcito del Aire
SPA;41a Regi?n A?rea del Ej?rcito del Aire
SPA;42a Regi?n A?rea del Ej?rcito del Aire
SPA;43a Regi?n A?rea del Ej?rcito del Aire
SPA;44a Regi?n A?rea del Ej?rcito del Aire
SPA;45a Regi?n A?rea del Ej?rcito del Aire
SPA;46a Regi?n A?rea del Ej?rcito del Aire
SPA;47a Regi?n A?rea del Ej?rcito del Aire
SPA;48a Regi?n A?rea del Ej?rcito del Aire
SPA;49a Regi?n A?rea del Ej?rcito del Aire
SPA;50a Regi?n A?rea del Ej?rcito del Aire
SPR;1a Regi?n A?rea del Ej?rcito del Aire
SPR;2a Regi?n A?rea del Ej?rcito del Aire
SPR;3a Regi?n A?rea del Ej?rcito del Aire
SPR;4a Regi?n A?rea del Ej?rcito del Aire
SPR;5a Regi?n A?rea del Ej?rcito del Aire
SPR;6a Regi?n A?rea del Ej?rcito del Aire
SPR;7a Regi?n A?rea del Ej?rcito del Aire
SPR;8a Regi?n A?rea del Ej?rcito del Aire
SPR;9a Regi?n A?rea del Ej?rcito del Aire
SPR;10a Regi?n A?rea del Ej?rcito del Aire
SPR;11a Regi?n A?rea del Ej?rcito del Aire
SPR;12a Regi?n A?rea del Ej?rcito del Aire
SPR;13a Regi?n A?rea del Ej?rcito del Aire
SPR;14a Regi?n A?rea del Ej?rcito del Aire
SPR;15a Regi?n A?rea del Ej?rcito del Aire
SPR;16a Regi?n A?rea del Ej?rcito del Aire
SPR;17a Regi?n A?rea del Ej?rcito del Aire
SPR;18a Regi?n A?rea del Ej?rcito del Aire
SPR;19a Regi?n A?rea del Ej?rcito del Aire
SPR;20a Regi?n A?rea del Ej?rcito del Aire
SPR;21a Regi?n A?rea del Ej?rcito del Aire
SPR;22a Regi?n A?rea del Ej?rcito del Aire
SPR;23a Regi?n A?rea del Ej?rcito del Aire
SPR;24a Regi?n A?rea del Ej?rcito del Aire
SPR;25a Regi?n A?rea del Ej?rcito del Aire
SPR;26a Regi?n A?rea del Ej?rcito del Aire
SPR;27a Regi?n A?rea del Ej?rcito del Aire
SPR;28a Regi?n A?rea del Ej?rcito del Aire
SPR;29a Regi?n A?rea del Ej?rcito del Aire
SPR;30a Regi?n A?rea del Ej?rcito del Aire
SPR;31a Regi?n A?rea del Ej?rcito del Aire
SPR;32a Regi?n A?rea del Ej?rcito del Aire
SPR;33a Regi?n A?rea del Ej?rcito del Aire
SPR;34a Regi?n A?rea del Ej?rcito del Aire
SPR;35a Regi?n A?rea del Ej?rcito del Aire
SPR;36a Regi?n A?rea del Ej?rcito del Aire
SPR;37a Regi?n A?rea del Ej?rcito del Aire
SPR;38a Regi?n A?rea del Ej?rcito del Aire
SPR;39a Regi?n A?rea del Ej?rcito del Aire
SPR;40a Regi?n A?rea del Ej?rcito del Aire
SPR;41a Regi?n A?rea del Ej?rcito del Aire
SPR;42a Regi?n A?rea del Ej?rcito del Aire
SPR;43a Regi?n A?rea del Ej?rcito del Aire
SPR;44a Regi?n A?rea del Ej?rcito del Aire
SPR;45a Regi?n A?rea del Ej?rcito del Aire
SPR;46a Regi?n A?rea del Ej?rcito del Aire
SPR;47a Regi?n A?rea del Ej?rcito del Aire
SPR;48a Regi?n A?rea del Ej?rcito del Aire
SPR;49a Regi?n A?rea del Ej?rcito del Aire
SPR;50a Regi?n A?rea del Ej?rcito del Aire
SUD;1. al-Quwwat al-Jawwiya as-Sudaniya
SUD;2. al-Quwwat al-Jawwiya as-Sudaniya
SUD;3. al-Quwwat al-Jawwiya as-Sudaniya
SUD;4. al-Quwwat al-Jawwiya as-Sudaniya
SUD;5. al-Quwwat al-Jawwiya as-Sudaniya
SUD;6. al-Quwwat al-Jawwiya as-Sudaniya
SUD;7. al-Quwwat al-Jawwiya as-Sudaniya
SUD;8. al-Quwwat al-Jawwiya as-Sudaniya
SUD;9. al-Quwwat al-Jawwiya as-Sudaniya
SUD;10. al-Quwwat al-Jawwiya as-Sudaniya
SUD;11. al-Quwwat al-Jawwiya as-Sudaniya
SUD;12. al-Quwwat al-Jawwiya as-Sudaniya
SUD;13. al-Quwwat al-Jawwiya as-Sudaniya
SUD;14. al-Quwwat al-Jawwiya as-Sudaniya
SUD;15. al-Quwwat al-Jawwiya as-Sudaniya
SUD;16. al-Quwwat al-Jawwiya as-Sudaniya
SUD;17. al-Quwwat al-Jawwiya as-Sudaniya
SUD;18. al-Quwwat al-Jawwiya as-Sudaniya
SUD;19. al-Quwwat al-Jawwiya as-Sudaniya
SUD;20. al-Quwwat al-Jawwiya as-Sudaniya
SUD;21. al-Quwwat al-Jawwiya as-Sudaniya
SUD;22. al-Quwwat al-Jawwiya as-Sudaniya
SUD;23. al-Quwwat al-Jawwiya as-Sudaniya
SUD;24. al-Quwwat al-Jawwiya as-Sudaniya
SUD;25. al-Quwwat al-Jawwiya as-Sudaniya
SUD;26. al-Quwwat al-Jawwiya as-Sudaniya
SUD;27. al-Quwwat al-Jawwiya as-Sudaniya
SUD;28. al-Quwwat al-Jawwiya as-Sudaniya
SUD;29. al-Quwwat al-Jawwiya as-Sudaniya
SUD;30. al-Quwwat al-Jawwiya as-Sudaniya
SUD;31. al-Quwwat al-Jawwiya as-Sudaniya
SUD;32. al-Quwwat al-Jawwiya as-Sudaniya
SUD;33. al-Quwwat al-Jawwiya as-Sudaniya
SUD;34. al-Quwwat al-Jawwiya as-Sudaniya
SUD;35. al-Quwwat al-Jawwiya as-Sudaniya
SUD;36. al-Quwwat al-Jawwiya as-Sudaniya
SUD;37. al-Quwwat al-Jawwiya as-Sudaniya
SUD;38. al-Quwwat al-Jawwiya as-Sudaniya
SUD;39. al-Quwwat al-Jawwiya as-Sudaniya
SUD;40. al-Quwwat al-Jawwiya as-Sudaniya
SUD;41. al-Quwwat al-Jawwiya as-Sudaniya
SUD;42. al-Quwwat al-Jawwiya as-Sudaniya
SUD;43. al-Quwwat al-Jawwiya as-Sudaniya
SUD;44. al-Quwwat al-Jawwiya as-Sudaniya
SUD;45. al-Quwwat al-Jawwiya as-Sudaniya
SUD;46. al-Quwwat al-Jawwiya as-Sudaniya
SUD;47. al-Quwwat al-Jawwiya as-Sudaniya
SUD;48. al-Quwwat al-Jawwiya as-Sudaniya
SUD;49. al-Quwwat al-Jawwiya as-Sudaniya
SUD;50. al-Quwwat al-Jawwiya as-Sudaniya
SWE;1:a Svenska Flygeskadern
SWE;2:a Svenska Flygeskadern
SWE;3:e Svenska Flygeskadern
SWE;4:e Svenska Flygeskadern
SWE;5:e Svenska Flygeskadern
SWE;6:e Svenska Flygeskadern
SWE;7:e Svenska Flygeskadern
SWE;8:e Svenska Flygeskadern
SWE;9:e Svenska Flygeskadern
SWE;10:e Svenska Flygeskadern
SWE;11:a Svenska Flygeskadern
SWE;12:a Svenska Flygeskadern
SWE;13:e Svenska Flygeskadern
SWE;14:e Svenska Flygeskadern
SWE;15:e Svenska Flygeskadern
SWE;16:e Svenska Flygeskadern
SWE;17:e Svenska Flygeskadern
SWE;18:e Svenska Flygeskadern
SWE;19:e Svenska Flygeskadern
SWE;20:e Svenska Flygeskadern
SWE;21:a Svenska Flygeskadern
SWE;22:a Svenska Flygeskadern
SWE;23:e Svenska Flygeskadern
SWE;24:e Svenska Flygeskadern
SWE;25:e Svenska Flygeskadern
SWE;26:e Svenska Flygeskadern
SWE;27:e Svenska Flygeskadern
SWE;28:e Svenska Flygeskadern
SWE;29:e Svenska Flygeskadern
SWE;30:e Svenska Flygeskadern
SWE;31:a Svenska Flygeskadern
SWE;32:a Svenska Flygeskadern
SWE;33:e Svenska Flygeskadern
SWE;34:e Svenska Flygeskadern
SWE;35:e Svenska Flygeskadern
SWE;36:e Svenska Flygeskadern
SWE;37:e Svenska Flygeskadern
SWE;38:e Svenska Flygeskadern
SWE;39:e Svenska Flygeskadern
SWE;40:e Svenska Flygeskadern
SWE;41:a Svenska Flygeskadern
SWE;42:a Svenska Flygeskadern
SWE;43:e Svenska Flygeskadern
SWE;44:e Svenska Flygeskadern
SWE;45:e Svenska Flygeskadern
SWE;46:e Svenska Flygeskadern
SWE;47:e Svenska Flygeskadern
SWE;48:e Svenska Flygeskadern
SWE;49:e Svenska Flygeskadern
SWE;50:e Svenska Flygeskadern
SYR;1. al-Quwwat al-Jawwiya al-‘Arabiyyah as-Suriyyah
SYR;2. al-Quwwat al-Jawwiya al-‘Arabiyyah as-Suriyyah
SYR;3. al-Quwwat al-Jawwiya al-‘Arabiyyah as-Suriyyah
SYR;4. al-Quwwat al-Jawwiya al-‘Arabiyyah as-Suriyyah
SYR;5. al-Quwwat al-Jawwiya al-‘Arabiyyah as-Suriyyah
SYR;6. al-Quwwat al-Jawwiya al-‘Arabiyyah as-Suriyyah
SYR;7. al-Quwwat al-Jawwiya al-‘Arabiyyah as-Suriyyah
SYR;8. al-Quwwat al-Jawwiya al-‘Arabiyyah as-Suriyyah
SYR;9. al-Quwwat al-Jawwiya al-‘Arabiyyah as-Suriyyah
SYR;10. al-Quwwat al-Jawwiya al-‘Arabiyyah as-Suriyyah
SYR;11. al-Quwwat al-Jawwiya al-‘Arabiyyah as-Suriyyah
SYR;12. al-Quwwat al-Jawwiya al-‘Arabiyyah as-Suriyyah
SYR;13. al-Quwwat al-Jawwiya al-‘Arabiyyah as-Suriyyah
SYR;14. al-Quwwat al-Jawwiya al-‘Arabiyyah as-Suriyyah
SYR;15. al-Quwwat al-Jawwiya al-‘Arabiyyah as-Suriyyah
SYR;16. al-Quwwat al-Jawwiya al-‘Arabiyyah as-Suriyyah
SYR;17. al-Quwwat al-Jawwiya al-‘Arabiyyah as-Suriyyah
SYR;18. al-Quwwat al-Jawwiya al-‘Arabiyyah as-Suriyyah
SYR;19. al-Quwwat al-Jawwiya al-‘Arabiyyah as-Suriyyah
SYR;20. al-Quwwat al-Jawwiya al-‘Arabiyyah as-Suriyyah
SYR;21. al-Quwwat al-Jawwiya al-‘Arabiyyah as-Suriyyah
SYR;22. al-Quwwat al-Jawwiya al-‘Arabiyyah as-Suriyyah
SYR;23. al-Quwwat al-Jawwiya al-‘Arabiyyah as-Suriyyah
SYR;24. al-Quwwat al-Jawwiya al-‘Arabiyyah as-Suriyyah
SYR;25. al-Quwwat al-Jawwiya al-‘Arabiyyah as-Suriyyah
SYR;26. al-Quwwat al-Jawwiya al-‘Arabiyyah as-Suriyyah
SYR;27. al-Quwwat al-Jawwiya al-‘Arabiyyah as-Suriyyah
SYR;28. al-Quwwat al-Jawwiya al-‘Arabiyyah as-Suriyyah
SYR;29. al-Quwwat al-Jawwiya al-‘Arabiyyah as-Suriyyah
SYR;30. al-Quwwat al-Jawwiya al-‘Arabiyyah as-Suriyyah
SYR;31. al-Quwwat al-Jawwiya al-‘Arabiyyah as-Suriyyah
SYR;32. al-Quwwat al-Jawwiya al-‘Arabiyyah as-Suriyyah
SYR;33. al-Quwwat al-Jawwiya al-‘Arabiyyah as-Suriyyah
SYR;34. al-Quwwat al-Jawwiya al-‘Arabiyyah as-Suriyyah
SYR;35. al-Quwwat al-Jawwiya al-‘Arabiyyah as-Suriyyah
SYR;36. al-Quwwat al-Jawwiya al-‘Arabiyyah as-Suriyyah
SYR;37. al-Quwwat al-Jawwiya al-‘Arabiyyah as-Suriyyah
SYR;38. al-Quwwat al-Jawwiya al-‘Arabiyyah as-Suriyyah
SYR;39. al-Quwwat al-Jawwiya al-‘Arabiyyah as-Suriyyah
SYR;40. al-Quwwat al-Jawwiya al-‘Arabiyyah as-Suriyyah
SYR;41. al-Quwwat al-Jawwiya al-‘Arabiyyah as-Suriyyah
SYR;42. al-Quwwat al-Jawwiya al-‘Arabiyyah as-Suriyyah
SYR;43. al-Quwwat al-Jawwiya al-‘Arabiyyah as-Suriyyah
SYR;44. al-Quwwat al-Jawwiya al-‘Arabiyyah as-Suriyyah
SYR;45. al-Quwwat al-Jawwiya al-‘Arabiyyah as-Suriyyah
SYR;46. al-Quwwat al-Jawwiya al-‘Arabiyyah as-Suriyyah
SYR;47. al-Quwwat al-Jawwiya al-‘Arabiyyah as-Suriyyah
SYR;48. al-Quwwat al-Jawwiya al-‘Arabiyyah as-Suriyyah
SYR;49. al-Quwwat al-Jawwiya al-‘Arabiyyah as-Suriyyah
SYR;50. al-Quwwat al-Jawwiya al-‘Arabiyyah as-Suriyyah
TAJ;1-y tadzhikskiy aviatsionniy korpus
TAJ;2-y tadzhikskiy aviatsionniy korpus
TAJ;3-y tadzhikskiy aviatsionniy korpus
TAJ;4-y tadzhikskiy aviatsionniy korpus
TAJ;5-y tadzhikskiy aviatsionniy korpus
TAJ;6-y tadzhikskiy aviatsionniy korpus
TAJ;7-y tadzhikskiy aviatsionniy korpus
TAJ;8-y tadzhikskiy aviatsionniy korpus
TAJ;9-y tadzhikskiy aviatsionniy korpus
TAJ;10-y tadzhikskiy aviatsionniy korpus
TAJ;11-y tadzhikskiy aviatsionniy korpus
TAJ;12-y tadzhikskiy aviatsionniy korpus
TAJ;13-y tadzhikskiy aviatsionniy korpus
TAJ;14-y tadzhikskiy aviatsionniy korpus
TAJ;15-y tadzhikskiy aviatsionniy korpus
TAJ;16-y tadzhikskiy aviatsionniy korpus
TAJ;17-y tadzhikskiy aviatsionniy korpus
TAJ;18-y tadzhikskiy aviatsionniy korpus
TAJ;19-y tadzhikskiy aviatsionniy korpus
TAJ;20-y tadzhikskiy aviatsionniy korpus
TAJ;21-y tadzhikskiy aviatsionniy korpus
TAJ;22-y tadzhikskiy aviatsionniy korpus
TAJ;23-y tadzhikskiy aviatsionniy korpus
TAJ;24-y tadzhikskiy aviatsionniy korpus
TAJ;25-y tadzhikskiy aviatsionniy korpus
TAJ;26-y tadzhikskiy aviatsionniy korpus
TAJ;27-y tadzhikskiy aviatsionniy korpus
TAJ;28-y tadzhikskiy aviatsionniy korpus
TAJ;29-y tadzhikskiy aviatsionniy korpus
TAJ;30-y tadzhikskiy aviatsionniy korpus
TAJ;31-y tadzhikskiy aviatsionniy korpus
TAJ;32-y tadzhikskiy aviatsionniy korpus
TAJ;33-y tadzhikskiy aviatsionniy korpus
TAJ;34-y tadzhikskiy aviatsionniy korpus
TAJ;35-y tadzhikskiy aviatsionniy korpus
TAJ;36-y tadzhikskiy aviatsionniy korpus
TAJ;37-y tadzhikskiy aviatsionniy korpus
TAJ;38-y tadzhikskiy aviatsionniy korpus
TAJ;39-y tadzhikskiy aviatsionniy korpus
TAJ;40-y tadzhikskiy aviatsionniy korpus
TAJ;41-y tadzhikskiy aviatsionniy korpus
TAJ;42-y tadzhikskiy aviatsionniy korpus
TAJ;43-y tadzhikskiy aviatsionniy korpus
TAJ;44-y tadzhikskiy aviatsionniy korpus
TAJ;45-y tadzhikskiy aviatsionniy korpus
TAJ;46-y tadzhikskiy aviatsionniy korpus
TAJ;47-y tadzhikskiy aviatsionniy korpus
TAJ;48-y tadzhikskiy aviatsionniy korpus
TAJ;49-y tadzhikskiy aviatsionniy korpus
TAJ;50-y tadzhikskiy aviatsionniy korpus
TAN;1-y tuvinskiy aviatsionniy korpus
TAN;2-y tuvinskiy aviatsionniy korpus
TAN;3-y tuvinskiy aviatsionniy korpus
TAN;4-y tuvinskiy aviatsionniy korpus
TAN;5-y tuvinskiy aviatsionniy korpus
TAN;6-y tuvinskiy aviatsionniy korpus
TAN;7-y tuvinskiy aviatsionniy korpus
TAN;8-y tuvinskiy aviatsionniy korpus
TAN;9-y tuvinskiy aviatsionniy korpus
TAN;10-y tuvinskiy aviatsionniy korpus
TAN;11-y tuvinskiy aviatsionniy korpus
TAN;12-y tuvinskiy aviatsionniy korpus
TAN;13-y tuvinskiy aviatsionniy korpus
TAN;14-y tuvinskiy aviatsionniy korpus
TAN;15-y tuvinskiy aviatsionniy korpus
TAN;16-y tuvinskiy aviatsionniy korpus
TAN;17-y tuvinskiy aviatsionniy korpus
TAN;18-y tuvinskiy aviatsionniy korpus
TAN;19-y tuvinskiy aviatsionniy korpus
TAN;20-y tuvinskiy aviatsionniy korpus
TAN;21-y tuvinskiy aviatsionniy korpus
TAN;22-y tuvinskiy aviatsionniy korpus
TAN;23-y tuvinskiy aviatsionniy korpus
TAN;24-y tuvinskiy aviatsionniy korpus
TAN;25-y tuvinskiy aviatsionniy korpus
TAN;26-y tuvinskiy aviatsionniy korpus
TAN;27-y tuvinskiy aviatsionniy korpus
TAN;28-y tuvinskiy aviatsionniy korpus
TAN;29-y tuvinskiy aviatsionniy korpus
TAN;30-y tuvinskiy aviatsionniy korpus
TAN;31-y tuvinskiy aviatsionniy korpus
TAN;32-y tuvinskiy aviatsionniy korpus
TAN;33-y tuvinskiy aviatsionniy korpus
TAN;34-y tuvinskiy aviatsionniy korpus
TAN;35-y tuvinskiy aviatsionniy korpus
TAN;36-y tuvinskiy aviatsionniy korpus
TAN;37-y tuvinskiy aviatsionniy korpus
TAN;38-y tuvinskiy aviatsionniy korpus
TAN;39-y tuvinskiy aviatsionniy korpus
TAN;40-y tuvinskiy aviatsionniy korpus
TAN;41-y tuvinskiy aviatsionniy korpus
TAN;42-y tuvinskiy aviatsionniy korpus
TAN;43-y tuvinskiy aviatsionniy korpus
TAN;44-y tuvinskiy aviatsionniy korpus
TAN;45-y tuvinskiy aviatsionniy korpus
TAN;46-y tuvinskiy aviatsionniy korpus
TAN;47-y tuvinskiy aviatsionniy korpus
TAN;48-y tuvinskiy aviatsionniy korpus
TAN;49-y tuvinskiy aviatsionniy korpus
TAN;50-y tuvinskiy aviatsionniy korpus
TEX;First Texan Air Force
TEX;Second Texan Air Force
TEX;Third Texan Air Force
TEX;Fourth Texan Air Force
TEX;Fifth Texan Air Force
TEX;Sixth Texan Air Force
TEX;Seventh Texan Air Force
TEX;Eighth Texan Air Force
TEX;Ninth Texan Air Force
TEX;Tenth Texan Air Force
TEX;Eleventh Texan Air Force
TEX;Twelfth Texan Air Force
TEX;Thirteenth Texan Air Force
TEX;Fourteenth Texan Air Force
TEX;Fifteenth Texan Air Force
TEX;Sixteenth Texan Air Force
TEX;Seventeenth Texan Air Force
TEX;Eighteenth Texan Air Force
TEX;Nineteenth Texan Air Force
TEX;Twentieth Texan Air Force
TEX;Twenty-First Texan Air Force
TEX;Twenty-Second Texan Air Force
TEX;Twenty-Third Texan Air Force
TEX;Twenty-Fourth Texan Air Force
TEX;Twenty-Fifth Texan Air Force
TEX;Twenty-Sixth Texan Air Force
TEX;Twenty-Seventh Texan Air Force
TEX;Twenty-Eighth Texan Air Force
TEX;Twenty-Ninth Texan Air Force
TEX;Thirtieth Texan Air Force
TEX;Thirty-First Texan Air Force
TEX;Thirty-Second Texan Air Force
TEX;Thirty-Third Texan Air Force
TEX;Thirty-Fourth Texan Air Force
TEX;Thirty-Fifth Texan Air Force
TEX;Thirty-Sixth Texan Air Force
TEX;Thirty-Seventh Texan Air Force
TEX;Thirty-Eighth Texan Air Force
TEX;Thirty-Ninth Texan Air Force
TEX;Fortieth Texan Air Force
TEX;Forty-First Texan Air Force
TEX;Forty-Second Texan Air Force
TEX;Forty-Third Texan Air Force
TEX;Forty-Fourth Texan Air Force
TEX;Forty-Fifth Texan Air Force
TEX;Forty-Sixth Texan Air Force
TEX;Forty-Seventh Texan Air Force
TEX;Forty-Eighth Texan Air Force
TEX;Forty-Ninth Texan Air Force
TEX;Fiftieth Texan Air Force
TIB;Di'1 Kongjun
TIB;Di'2 Kongjun
TIB;Di'3 Kongjun
TIB;Di'4 Kongjun
TIB;Di'5 Kongjun
TIB;Di'6 Kongjun
TIB;Di'7 Kongjun
TIB;Di'8 Kongjun
TIB;Di'9 Kongjun
TIB;Di'10 Kongjun
TIB;Di'11 Kongjun
TIB;Di'12 Kongjun
TIB;Di'13 Kongjun
TIB;Di'14 Kongjun
TIB;Di'15 Kongjun
TIB;Di'16 Kongjun
TIB;Di'17 Kongjun
TIB;Di'18 Kongjun
TIB;Di'19 Kongjun
TIB;Di'20 Kongjun
TIB;Di'21 Kongjun
TIB;Di'22 Kongjun
TIB;Di'23 Kongjun
TIB;Di'24 Kongjun
TIB;Di'25 Kongjun
TIB;Di'26 Kongjun
TIB;Di'27 Kongjun
TIB;Di'28 Kongjun
TIB;Di'29 Kongjun
TIB;Di'30 Kongjun
TIB;Di'31 Kongjun
TIB;Di'32 Kongjun
TIB;Di'33 Kongjun
TIB;Di'34 Kongjun
TIB;Di'35 Kongjun
TIB;Di'36 Kongjun
TIB;Di'37 Kongjun
TIB;Di'38 Kongjun
TIB;Di'39 Kongjun
TIB;Di'40 Kongjun
TIB;Di'41 Kongjun
TIB;Di'42 Kongjun
TIB;Di'43 Kongjun
TIB;Di'44 Kongjun
TIB;Di'45 Kongjun
TIB;Di'46 Kongjun
TIB;Di'47 Kongjun
TIB;Di'48 Kongjun
TIB;Di'49 Kongjun
TIB;Di'50 Kongjun
TRA;1-y uralskiy aviatsionniy korpus
TRA;2-y uralskiy aviatsionniy korpus
TRA;3-y uralskiy aviatsionniy korpus
TRA;4-y uralskiy aviatsionniy korpus
TRA;5-y uralskiy aviatsionniy korpus
TRA;6-y uralskiy aviatsionniy korpus
TRA;7-y uralskiy aviatsionniy korpus
TRA;8-y uralskiy aviatsionniy korpus
TRA;9-y uralskiy aviatsionniy korpus
TRA;10-y uralskiy aviatsionniy korpus
TRA;11-y uralskiy aviatsionniy korpus
TRA;12-y uralskiy aviatsionniy korpus
TRA;13-y uralskiy aviatsionniy korpus
TRA;14-y uralskiy aviatsionniy korpus
TRA;15-y uralskiy aviatsionniy korpus
TRA;16-y uralskiy aviatsionniy korpus
TRA;17-y uralskiy aviatsionniy korpus
TRA;18-y uralskiy aviatsionniy korpus
TRA;19-y uralskiy aviatsionniy korpus
TRA;20-y uralskiy aviatsionniy korpus
TRA;21-y uralskiy aviatsionniy korpus
TRA;22-y uralskiy aviatsionniy korpus
TRA;23-y uralskiy aviatsionniy korpus
TRA;24-y uralskiy aviatsionniy korpus
TRA;25-y uralskiy aviatsionniy korpus
TRA;26-y uralskiy aviatsionniy korpus
TRA;27-y uralskiy aviatsionniy korpus
TRA;28-y uralskiy aviatsionniy korpus
TRA;29-y uralskiy aviatsionniy korpus
TRA;30-y uralskiy aviatsionniy korpus
TRA;31-y uralskiy aviatsionniy korpus
TRA;32-y uralskiy aviatsionniy korpus
TRA;33-y uralskiy aviatsionniy korpus
TRA;34-y uralskiy aviatsionniy korpus
TRA;35-y uralskiy aviatsionniy korpus
TRA;36-y uralskiy aviatsionniy korpus
TRA;37-y uralskiy aviatsionniy korpus
TRA;38-y uralskiy aviatsionniy korpus
TRA;39-y uralskiy aviatsionniy korpus
TRA;40-y uralskiy aviatsionniy korpus
TRA;41-y uralskiy aviatsionniy korpus
TRA;42-y uralskiy aviatsionniy korpus
TRA;43-y uralskiy aviatsionniy korpus
TRA;44-y uralskiy aviatsionniy korpus
TRA;45-y uralskiy aviatsionniy korpus
TRA;46-y uralskiy aviatsionniy korpus
TRA;47-y uralskiy aviatsionniy korpus
TRA;48-y uralskiy aviatsionniy korpus
TRA;49-y uralskiy aviatsionniy korpus
TRA;50-y uralskiy aviatsionniy korpus
TRK;T?rkmen 1. Hava Kuvveti Kolordu
TRK;T?rkmen 2. Hava Kuvveti Kolordu
TRK;T?rkmen 3. Hava Kuvveti Kolordu
TRK;T?rkmen 4. Hava Kuvveti Kolordu
TRK;T?rkmen 5. Hava Kuvveti Kolordu
TRK;T?rkmen 6. Hava Kuvveti Kolordu
TRK;T?rkmen 7. Hava Kuvveti Kolordu
TRK;T?rkmen 8. Hava Kuvveti Kolordu
TRK;T?rkmen 9. Hava Kuvveti Kolordu
TRK;T?rkmen 10. Hava Kuvveti Kolordu
TRK;T?rkmen 11. Hava Kuvveti Kolordu
TRK;T?rkmen 12. Hava Kuvveti Kolordu
TRK;T?rkmen 13. Hava Kuvveti Kolordu
TRK;T?rkmen 14. Hava Kuvveti Kolordu
TRK;T?rkmen 15. Hava Kuvveti Kolordu
TRK;T?rkmen 16. Hava Kuvveti Kolordu
TRK;T?rkmen 17. Hava Kuvveti Kolordu
TRK;T?rkmen 18. Hava Kuvveti Kolordu
TRK;T?rkmen 19. Hava Kuvveti Kolordu
TRK;T?rkmen 20. Hava Kuvveti Kolordu
TRK;T?rkmen 21. Hava Kuvveti Kolordu
TRK;T?rkmen 22. Hava Kuvveti Kolordu
TRK;T?rkmen 23. Hava Kuvveti Kolordu
TRK;T?rkmen 24. Hava Kuvveti Kolordu
TRK;T?rkmen 25. Hava Kuvveti Kolordu
TRK;T?rkmen 26. Hava Kuvveti Kolordu
TRK;T?rkmen 27. Hava Kuvveti Kolordu
TRK;T?rkmen 28. Hava Kuvveti Kolordu
TRK;T?rkmen 29. Hava Kuvveti Kolordu
TRK;T?rkmen 30. Hava Kuvveti Kolordu
TRK;T?rkmen 31. Hava Kuvveti Kolordu
TRK;T?rkmen 32. Hava Kuvveti Kolordu
TRK;T?rkmen 33. Hava Kuvveti Kolordu
TRK;T?rkmen 34. Hava Kuvveti Kolordu
TRK;T?rkmen 35. Hava Kuvveti Kolordu
TRK;T?rkmen 36. Hava Kuvveti Kolordu
TRK;T?rkmen 37. Hava Kuvveti Kolordu
TRK;T?rkmen 38. Hava Kuvveti Kolordu
TRK;T?rkmen 39. Hava Kuvveti Kolordu
TRK;T?rkmen 40. Hava Kuvveti Kolordu
TRK;T?rkmen 41. Hava Kuvveti Kolordu
TRK;T?rkmen 42. Hava Kuvveti Kolordu
TRK;T?rkmen 43. Hava Kuvveti Kolordu
TRK;T?rkmen 44. Hava Kuvveti Kolordu
TRK;T?rkmen 45. Hava Kuvveti Kolordu
TRK;T?rkmen 46. Hava Kuvveti Kolordu
TRK;T?rkmen 47. Hava Kuvveti Kolordu
TRK;T?rkmen 48. Hava Kuvveti Kolordu
TRK;T?rkmen 49. Hava Kuvveti Kolordu
TRK;T?rkmen 50. Hava Kuvveti Kolordu
TUN;1. al-Quwwat al-Jawwiya at-Tunisiyyah
TUN;2. al-Quwwat al-Jawwiya at-Tunisiyyah
TUN;3. al-Quwwat al-Jawwiya at-Tunisiyyah
TUN;4. al-Quwwat al-Jawwiya at-Tunisiyyah
TUN;5. al-Quwwat al-Jawwiya at-Tunisiyyah
TUN;6. al-Quwwat al-Jawwiya at-Tunisiyyah
TUN;7. al-Quwwat al-Jawwiya at-Tunisiyyah
TUN;8. al-Quwwat al-Jawwiya at-Tunisiyyah
TUN;9. al-Quwwat al-Jawwiya at-Tunisiyyah
TUN;10. al-Quwwat al-Jawwiya at-Tunisiyyah
TUN;11. al-Quwwat al-Jawwiya at-Tunisiyyah
TUN;12. al-Quwwat al-Jawwiya at-Tunisiyyah
TUN;13. al-Quwwat al-Jawwiya at-Tunisiyyah
TUN;14. al-Quwwat al-Jawwiya at-Tunisiyyah
TUN;15. al-Quwwat al-Jawwiya at-Tunisiyyah
TUN;16. al-Quwwat al-Jawwiya at-Tunisiyyah
TUN;17. al-Quwwat al-Jawwiya at-Tunisiyyah
TUN;18. al-Quwwat al-Jawwiya at-Tunisiyyah
TUN;19. al-Quwwat al-Jawwiya at-Tunisiyyah
TUN;20. al-Quwwat al-Jawwiya at-Tunisiyyah
TUN;21. al-Quwwat al-Jawwiya at-Tunisiyyah
TUN;22. al-Quwwat al-Jawwiya at-Tunisiyyah
TUN;23. al-Quwwat al-Jawwiya at-Tunisiyyah
TUN;24. al-Quwwat al-Jawwiya at-Tunisiyyah
TUN;25. al-Quwwat al-Jawwiya at-Tunisiyyah
TUN;26. al-Quwwat al-Jawwiya at-Tunisiyyah
TUN;27. al-Quwwat al-Jawwiya at-Tunisiyyah
TUN;28. al-Quwwat al-Jawwiya at-Tunisiyyah
TUN;29. al-Quwwat al-Jawwiya at-Tunisiyyah
TUN;30. al-Quwwat al-Jawwiya at-Tunisiyyah
TUN;31. al-Quwwat al-Jawwiya at-Tunisiyyah
TUN;32. al-Quwwat al-Jawwiya at-Tunisiyyah
TUN;33. al-Quwwat al-Jawwiya at-Tunisiyyah
TUN;34. al-Quwwat al-Jawwiya at-Tunisiyyah
TUN;35. al-Quwwat al-Jawwiya at-Tunisiyyah
TUN;36. al-Quwwat al-Jawwiya at-Tunisiyyah
TUN;37. al-Quwwat al-Jawwiya at-Tunisiyyah
TUN;38. al-Quwwat al-Jawwiya at-Tunisiyyah
TUN;39. al-Quwwat al-Jawwiya at-Tunisiyyah
TUN;40. al-Quwwat al-Jawwiya at-Tunisiyyah
TUN;41. al-Quwwat al-Jawwiya at-Tunisiyyah
TUN;42. al-Quwwat al-Jawwiya at-Tunisiyyah
TUN;43. al-Quwwat al-Jawwiya at-Tunisiyyah
TUN;44. al-Quwwat al-Jawwiya at-Tunisiyyah
TUN;45. al-Quwwat al-Jawwiya at-Tunisiyyah
TUN;46. al-Quwwat al-Jawwiya at-Tunisiyyah
TUN;47. al-Quwwat al-Jawwiya at-Tunisiyyah
TUN;48. al-Quwwat al-Jawwiya at-Tunisiyyah
TUN;49. al-Quwwat al-Jawwiya at-Tunisiyyah
TUN;50. al-Quwwat al-Jawwiya at-Tunisiyyah
TUR;1. Hava Kuvvetleri Komutanligi
TUR;2. Hava Kuvvetleri Komutanligi
TUR;3. Hava Kuvvetleri Komutanligi
TUR;4. Hava Kuvvetleri Komutanligi
TUR;5. Hava Kuvvetleri Komutanligi
TUR;6. Hava Kuvvetleri Komutanligi
TUR;7. Hava Kuvvetleri Komutanligi
TUR;8. Hava Kuvvetleri Komutanligi
TUR;9. Hava Kuvvetleri Komutanligi
TUR;10. Hava Kuvvetleri Komutanligi
TUR;11. Hava Kuvvetleri Komutanligi
TUR;12. Hava Kuvvetleri Komutanligi
TUR;13. Hava Kuvvetleri Komutanligi
TUR;14. Hava Kuvvetleri Komutanligi
TUR;15. Hava Kuvvetleri Komutanligi
TUR;16. Hava Kuvvetleri Komutanligi
TUR;17. Hava Kuvvetleri Komutanligi
TUR;18. Hava Kuvvetleri Komutanligi
TUR;19. Hava Kuvvetleri Komutanligi
TUR;20. Hava Kuvvetleri Komutanligi
TUR;21. Hava Kuvvetleri Komutanligi
TUR;22. Hava Kuvvetleri Komutanligi
TUR;23. Hava Kuvvetleri Komutanligi
TUR;24. Hava Kuvvetleri Komutanligi
TUR;25. Hava Kuvvetleri Komutanligi
TUR;26. Hava Kuvvetleri Komutanligi
TUR;27. Hava Kuvvetleri Komutanligi
TUR;28. Hava Kuvvetleri Komutanligi
TUR;29. Hava Kuvvetleri Komutanligi
TUR;30. Hava Kuvvetleri Komutanligi
TUR;31. Hava Kuvvetleri Komutanligi
TUR;32. Hava Kuvvetleri Komutanligi
TUR;33. Hava Kuvvetleri Komutanligi
TUR;34. Hava Kuvvetleri Komutanligi
TUR;35. Hava Kuvvetleri Komutanligi
TUR;36. Hava Kuvvetleri Komutanligi
TUR;37. Hava Kuvvetleri Komutanligi
TUR;38. Hava Kuvvetleri Komutanligi
TUR;39. Hava Kuvvetleri Komutanligi
TUR;40. Hava Kuvvetleri Komutanligi
TUR;41. Hava Kuvvetleri Komutanligi
TUR;42. Hava Kuvvetleri Komutanligi
TUR;43. Hava Kuvvetleri Komutanligi
TUR;44. Hava Kuvvetleri Komutanligi
TUR;45. Hava Kuvvetleri Komutanligi
TUR;46. Hava Kuvvetleri Komutanligi
TUR;47. Hava Kuvvetleri Komutanligi
TUR;48. Hava Kuvvetleri Komutanligi
TUR;49. Hava Kuvvetleri Komutanligi
TUR;50. Hava Kuvvetleri Komutanligi
UKR;1-ya ukrayinya povitryane komanduvannya
UKR;2-ya ukrayinya povitryane komanduvannya
UKR;3-ya ukrayinya povitryane komanduvannya
UKR;4-ya ukrayinya povitryane komanduvannya
UKR;5-ya ukrayinya povitryane komanduvannya
UKR;6-ya ukrayinya povitryane komanduvannya
UKR;7-ya ukrayinya povitryane komanduvannya
UKR;8-ya ukrayinya povitryane komanduvannya
UKR;9-ya ukrayinya povitryane komanduvannya
UKR;10-ya ukrayinya povitryane komanduvannya
UKR;11-ya ukrayinya povitryane komanduvannya
UKR;12-ya ukrayinya povitryane komanduvannya
UKR;13-ya ukrayinya povitryane komanduvannya
UKR;14-ya ukrayinya povitryane komanduvannya
UKR;15-ya ukrayinya povitryane komanduvannya
UKR;16-ya ukrayinya povitryane komanduvannya
UKR;17-ya ukrayinya povitryane komanduvannya
UKR;18-ya ukrayinya povitryane komanduvannya
UKR;19-ya ukrayinya povitryane komanduvannya
UKR;20-ya ukrayinya povitryane komanduvannya
UKR;21-ya ukrayinya povitryane komanduvannya
UKR;22-ya ukrayinya povitryane komanduvannya
UKR;23-ya ukrayinya povitryane komanduvannya
UKR;24-ya ukrayinya povitryane komanduvannya
UKR;25-ya ukrayinya povitryane komanduvannya
UKR;26-ya ukrayinya povitryane komanduvannya
UKR;27-ya ukrayinya povitryane komanduvannya
UKR;28-ya ukrayinya povitryane komanduvannya
UKR;29-ya ukrayinya povitryane komanduvannya
UKR;30-ya ukrayinya povitryane komanduvannya
UKR;31-ya ukrayinya povitryane komanduvannya
UKR;32-ya ukrayinya povitryane komanduvannya
UKR;33-ya ukrayinya povitryane komanduvannya
UKR;34-ya ukrayinya povitryane komanduvannya
UKR;35-ya ukrayinya povitryane komanduvannya
UKR;36-ya ukrayinya povitryane komanduvannya
UKR;37-ya ukrayinya povitryane komanduvannya
UKR;38-ya ukrayinya povitryane komanduvannya
UKR;39-ya ukrayinya povitryane komanduvannya
UKR;40-ya ukrayinya povitryane komanduvannya
UKR;41-ya ukrayinya povitryane komanduvannya
UKR;42-ya ukrayinya povitryane komanduvannya
UKR;43-ya ukrayinya povitryane komanduvannya
UKR;44-ya ukrayinya povitryane komanduvannya
UKR;45-ya ukrayinya povitryane komanduvannya
UKR;46-ya ukrayinya povitryane komanduvannya
UKR;47-ya ukrayinya povitryane komanduvannya
UKR;48-ya ukrayinya povitryane komanduvannya
UKR;49-ya ukrayinya povitryane komanduvannya
UKR;50-ya ukrayinya povitryane komanduvannya
URU;I Cuerpo de Aviaci?n uruguayo
URU;II Cuerpo de Aviaci?n uruguayo
URU;III Cuerpo de Aviaci?n uruguayo
URU;IV Cuerpo de Aviaci?n uruguayo
URU;V Cuerpo de Aviaci?n uruguayo
URU;VI Cuerpo de Aviaci?n uruguayo
URU;VII Cuerpo de Aviaci?n uruguayo
URU;VIII Cuerpo de Aviaci?n uruguayo
URU;IX Cuerpo de Aviaci?n uruguayo
URU;X Cuerpo de Aviaci?n uruguayo
URU;XI Cuerpo de Aviaci?n uruguayo
URU;XII Cuerpo de Aviaci?n uruguayo
URU;XIII Cuerpo de Aviaci?n uruguayo
URU;XIV Cuerpo de Aviaci?n uruguayo
URU;XV Cuerpo de Aviaci?n uruguayo
URU;XVI Cuerpo de Aviaci?n uruguayo
URU;XVII Cuerpo de Aviaci?n uruguayo
URU;XVIII Cuerpo de Aviaci?n uruguayo
URU;XIX Cuerpo de Aviaci?n uruguayo
URU;XX Cuerpo de Aviaci?n uruguayo
URU;XXI Cuerpo de Aviaci?n uruguayo
URU;XXII Cuerpo de Aviaci?n uruguayo
URU;XXIII Cuerpo de Aviaci?n uruguayo
URU;XXIV Cuerpo de Aviaci?n uruguayo
URU;XXV Cuerpo de Aviaci?n uruguayo
URU;XXVI Cuerpo de Aviaci?n uruguayo
URU;XXVII Cuerpo de Aviaci?n uruguayo
URU;XXVIII Cuerpo de Aviaci?n uruguayo
URU;XXIX Cuerpo de Aviaci?n uruguayo
URU;XXX Cuerpo de Aviaci?n uruguayo
URU;XXXI Cuerpo de Aviaci?n uruguayo
URU;XXXII Cuerpo de Aviaci?n uruguayo
URU;XXXIII Cuerpo de Aviaci?n uruguayo
URU;XXXIV Cuerpo de Aviaci?n uruguayo
URU;XXXV Cuerpo de Aviaci?n uruguayo
URU;XXXVI Cuerpo de Aviaci?n uruguayo
URU;XXXVII Cuerpo de Aviaci?n uruguayo
URU;XXXVIII Cuerpo de Aviaci?n uruguayo
URU;XXXIX Cuerpo de Aviaci?n uruguayo
URU;XL Cuerpo de Aviaci?n uruguayo
URU;XLI Cuerpo de Aviaci?n uruguayo
URU;XLII Cuerpo de Aviaci?n uruguayo
URU;XLIII Cuerpo de Aviaci?n uruguayo
URU;XLIV Cuerpo de Aviaci?n uruguayo
URU;XLV Cuerpo de Aviaci?n uruguayo
URU;XLVI Cuerpo de Aviaci?n uruguayo
URU;XLVII Cuerpo de Aviaci?n uruguayo
URU;XLVIII Cuerpo de Aviaci?n uruguayo
URU;XLIX Cuerpo de Aviaci?n uruguayo
URU;L Cuerpo de Aviaci?n uruguayo
USA;First US Air Force
USA;Second US Air Force
USA;Third US Air Force
USA;Fourth US Air Force
USA;Fifth US Air Force
USA;Sixth US Air Force
USA;Seventh US Air Force
USA;Eighth US Air Force
USA;Ninth US Air Force
USA;Tenth US Air Force
USA;Eleventh US Air Force
USA;Twelfth US Air Force
USA;Thirteenth US Air Force
USA;Fourteenth US Air Force
USA;Fifteenth US Air Force
USA;Sixteenth US Air Force
USA;Seventeenth US Air Force
USA;Eighteenth US Air Force
USA;Nineteenth US Air Force
USA;Twentieth US Air Force
USA;Twenty-First US Air Force
USA;Twenty-Second US Air Force
USA;Twenty-Third US Air Force
USA;Twenty-Fourth US Air Force
USA;Twenty-Fifth US Air Force
USA;Twenty-Sixth US Air Force
USA;Twenty-Seventh US Air Force
USA;Twenty-Eighth US Air Force
USA;Twenty-Ninth US Air Force
USA;Thirtieth US Air Force
USA;Thirty-First US Air Force
USA;Thirty-Second US Air Force
USA;Thirty-Third US Air Force
USA;Thirty-Fourth US Air Force
USA;Thirty-Fifth US Air Force
USA;Thirty-Sixth US Air Force
USA;Thirty-Seventh US Air Force
USA;Thirty-Eighth US Air Force
USA;Thirty-Ninth US Air Force
USA;Fortieth US Air Force
USA;Forty-First US Air Force
USA;Forty-Second US Air Force
USA;Forty-Third US Air Force
USA;Forty-Fourth US Air Force
USA;Forty-Fifth US Air Force
USA;Forty-Sixth US Air Force
USA;Forty-Seventh US Air Force
USA;Forty-Eighth US Air Force
USA;Forty-Ninth US Air Force
USA;Fiftieth US Air Force
USA;Fifty-First US Air Force
USA;Fifty-Second US Air Force
USA;Fifty-Third US Air Force
USA;Fifty-Fourth US Air Force
USA;Fifty-Fifth US Air Force
USA;Fifty-Sixth US Air Force
USA;Fifty-Seventh US Air Force
USA;Fifty-Eighth US Air Force
USA;Fifty-Ninth US Air Force
USA;Sixtieth US Air Force
USA;Sixty-First US Air Force
USA;Sixty-Second US Air Force
USA;Sixty-Third US Air Force
USA;Sixty-Fourth US Air Force
USA;Sixty-Fifth US Air Force
USA;Sixty-Sixth US Air Force
USA;Sixty-Seventh US Air Force
USA;Sixty-Eighth US Air Force
USA;Sixty-Ninth US Air Force
USA;Seventieth US Air Force
USA;Seventy-First US Air Force
USA;Seventy-Second US Air Force
USA;Seventy-Third US Air Force
USA;Seventy-Fourth US Air Force
USA;Seventy-Fifth US Air Force
USA;Seventy-Sixth US Air Force
USA;Seventy-Seventh US Air Force
USA;Seventy-Eighth US Air Force
USA;Seventy-Ninth US Air Force
USA;Eightieth US Air Force
USA;Eighty-First US Air Force
USA;Eighty-Second US Air Force
USA;Eighty-Third US Air Force
USA;Eighty-Fourth US Air Force
USA;Eighty-Fifth US Air Force
USA;Eighty-Sixth US Air Force
USA;Eighty-Seventh US Air Force
USA;Eighty-Eighth US Air Force
USA;Eighty-Ninth US Air Force
USA;Ninetieth US Air Force
USA;Ninety-First US Air Force
USA;Ninety-Second US Air Force
USA;Ninety-Third US Air Force
USA;Ninety-Fourth US Air Force
USA;Ninety-Fifth US Air Force
USA;Ninety-Sixth US Air Force
USA;Ninety-Seventh US Air Force
USA;Ninety-Eighth US Air Force
USA;Ninety-Ninth US Air Force
USA;One Hundredth US Air Force
UZB;1-y uzbekskiy aviatsionniy korpus
UZB;2-y uzbekskiy aviatsionniy korpus
UZB;3-y uzbekskiy aviatsionniy korpus
UZB;4-y uzbekskiy aviatsionniy korpus
UZB;5-y uzbekskiy aviatsionniy korpus
UZB;6-y uzbekskiy aviatsionniy korpus
UZB;7-y uzbekskiy aviatsionniy korpus
UZB;8-y uzbekskiy aviatsionniy korpus
UZB;9-y uzbekskiy aviatsionniy korpus
UZB;10-y uzbekskiy aviatsionniy korpus
UZB;11-y uzbekskiy aviatsionniy korpus
UZB;12-y uzbekskiy aviatsionniy korpus
UZB;13-y uzbekskiy aviatsionniy korpus
UZB;14-y uzbekskiy aviatsionniy korpus
UZB;15-y uzbekskiy aviatsionniy korpus
UZB;16-y uzbekskiy aviatsionniy korpus
UZB;17-y uzbekskiy aviatsionniy korpus
UZB;18-y uzbekskiy aviatsionniy korpus
UZB;19-y uzbekskiy aviatsionniy korpus
UZB;20-y uzbekskiy aviatsionniy korpus
UZB;21-y uzbekskiy aviatsionniy korpus
UZB;22-y uzbekskiy aviatsionniy korpus
UZB;23-y uzbekskiy aviatsionniy korpus
UZB;24-y uzbekskiy aviatsionniy korpus
UZB;25-y uzbekskiy aviatsionniy korpus
UZB;26-y uzbekskiy aviatsionniy korpus
UZB;27-y uzbekskiy aviatsionniy korpus
UZB;28-y uzbekskiy aviatsionniy korpus
UZB;29-y uzbekskiy aviatsionniy korpus
UZB;30-y uzbekskiy aviatsionniy korpus
UZB;31-y uzbekskiy aviatsionniy korpus
UZB;32-y uzbekskiy aviatsionniy korpus
UZB;33-y uzbekskiy aviatsionniy korpus
UZB;34-y uzbekskiy aviatsionniy korpus
UZB;35-y uzbekskiy aviatsionniy korpus
UZB;36-y uzbekskiy aviatsionniy korpus
UZB;37-y uzbekskiy aviatsionniy korpus
UZB;38-y uzbekskiy aviatsionniy korpus
UZB;39-y uzbekskiy aviatsionniy korpus
UZB;40-y uzbekskiy aviatsionniy korpus
UZB;41-y uzbekskiy aviatsionniy korpus
UZB;42-y uzbekskiy aviatsionniy korpus
UZB;43-y uzbekskiy aviatsionniy korpus
UZB;44-y uzbekskiy aviatsionniy korpus
UZB;45-y uzbekskiy aviatsionniy korpus
UZB;46-y uzbekskiy aviatsionniy korpus
UZB;47-y uzbekskiy aviatsionniy korpus
UZB;48-y uzbekskiy aviatsionniy korpus
UZB;49-y uzbekskiy aviatsionniy korpus
UZB;50-y uzbekskiy aviatsionniy korpus
VEN;I Cuerpo de Aviaci?n venezuelano
VEN;II Cuerpo de Aviaci?n venezuelano
VEN;III Cuerpo de Aviaci?n venezuelano
VEN;IV Cuerpo de Aviaci?n venezuelano
VEN;V Cuerpo de Aviaci?n venezuelano
VEN;VI Cuerpo de Aviaci?n venezuelano
VEN;VII Cuerpo de Aviaci?n venezuelano
VEN;VIII Cuerpo de Aviaci?n venezuelano
VEN;IX Cuerpo de Aviaci?n venezuelano
VEN;X Cuerpo de Aviaci?n venezuelano
VEN;XI Cuerpo de Aviaci?n venezuelano
VEN;XII Cuerpo de Aviaci?n venezuelano
VEN;XIII Cuerpo de Aviaci?n venezuelano
VEN;XIV Cuerpo de Aviaci?n venezuelano
VEN;XV Cuerpo de Aviaci?n venezuelano
VEN;XVI Cuerpo de Aviaci?n venezuelano
VEN;XVII Cuerpo de Aviaci?n venezuelano
VEN;XVIII Cuerpo de Aviaci?n venezuelano
VEN;XIX Cuerpo de Aviaci?n venezuelano
VEN;XX Cuerpo de Aviaci?n venezuelano
VEN;XXI Cuerpo de Aviaci?n venezuelano
VEN;XXII Cuerpo de Aviaci?n venezuelano
VEN;XXIII Cuerpo de Aviaci?n venezuelano
VEN;XXIV Cuerpo de Aviaci?n venezuelano
VEN;XXV Cuerpo de Aviaci?n venezuelano
VEN;XXVI Cuerpo de Aviaci?n venezuelano
VEN;XXVII Cuerpo de Aviaci?n venezuelano
VEN;XXVIII Cuerpo de Aviaci?n venezuelano
VEN;XXIX Cuerpo de Aviaci?n venezuelano
VEN;XXX Cuerpo de Aviaci?n venezuelano
VEN;XXXI Cuerpo de Aviaci?n venezuelano
VEN;XXXII Cuerpo de Aviaci?n venezuelano
VEN;XXXIII Cuerpo de Aviaci?n venezuelano
VEN;XXXIV Cuerpo de Aviaci?n venezuelano
VEN;XXXV Cuerpo de Aviaci?n venezuelano
VEN;XXXVI Cuerpo de Aviaci?n venezuelano
VEN;XXXVII Cuerpo de Aviaci?n venezuelano
VEN;XXXVIII Cuerpo de Aviaci?n venezuelano
VEN;XXXIX Cuerpo de Aviaci?n venezuelano
VEN;XL Cuerpo de Aviaci?n venezuelano
VEN;XLI Cuerpo de Aviaci?n venezuelano
VEN;XLII Cuerpo de Aviaci?n venezuelano
VEN;XLIII Cuerpo de Aviaci?n venezuelano
VEN;XLIV Cuerpo de Aviaci?n venezuelano
VEN;XLV Cuerpo de Aviaci?n venezuelano
VEN;XLVI Cuerpo de Aviaci?n venezuelano
VEN;XLVII Cuerpo de Aviaci?n venezuelano
VEN;XLVIII Cuerpo de Aviaci?n venezuelano
VEN;XLIX Cuerpo de Aviaci?n venezuelano
VEN;L Cuerpo de Aviaci?n venezuelano
VIC;1re Division A?rienne de l'Arm?e de l'Air
VIC;2e Division A?rienne de l'Arm?e de l'Air
VIC;3e Division A?rienne de l'Arm?e de l'Air
VIC;4e Division A?rienne de l'Arm?e de l'Air
VIC;5e Division A?rienne de l'Arm?e de l'Air
VIC;6e Division A?rienne de l'Arm?e de l'Air
VIC;7e Division A?rienne de l'Arm?e de l'Air
VIC;8e Division A?rienne de l'Arm?e de l'Air
VIC;9e Division A?rienne de l'Arm?e de l'Air
VIC;10e Division A?rienne de l'Arm?e de l'Air
VIC;11e Division A?rienne de l'Arm?e de l'Air
VIC;12e Division A?rienne de l'Arm?e de l'Air
VIC;13e Division A?rienne de l'Arm?e de l'Air
VIC;14e Division A?rienne de l'Arm?e de l'Air
VIC;15e Division A?rienne de l'Arm?e de l'Air
VIC;16e Division A?rienne de l'Arm?e de l'Air
VIC;17e Division A?rienne de l'Arm?e de l'Air
VIC;18e Division A?rienne de l'Arm?e de l'Air
VIC;19e Division A?rienne de l'Arm?e de l'Air
VIC;20e Division A?rienne de l'Arm?e de l'Air
VIC;21e Division A?rienne de l'Arm?e de l'Air
VIC;22e Division A?rienne de l'Arm?e de l'Air
VIC;23e Division A?rienne de l'Arm?e de l'Air
VIC;24e Division A?rienne de l'Arm?e de l'Air
VIC;25e Division A?rienne de l'Arm?e de l'Air
VIC;26e Division A?rienne de l'Arm?e de l'Air
VIC;27e Division A?rienne de l'Arm?e de l'Air
VIC;28e Division A?rienne de l'Arm?e de l'Air
VIC;29e Division A?rienne de l'Arm?e de l'Air
VIC;30e Division A?rienne de l'Arm?e de l'Air
VIC;31e Division A?rienne de l'Arm?e de l'Air
VIC;32e Division A?rienne de l'Arm?e de l'Air
VIC;33e Division A?rienne de l'Arm?e de l'Air
VIC;34e Division A?rienne de l'Arm?e de l'Air
VIC;35e Division A?rienne de l'Arm?e de l'Air
VIC;36e Division A?rienne de l'Arm?e de l'Air
VIC;37e Division A?rienne de l'Arm?e de l'Air
VIC;38e Division A?rienne de l'Arm?e de l'Air
VIC;39e Division A?rienne de l'Arm?e de l'Air
VIC;40e Division A?rienne de l'Arm?e de l'Air
VIC;41e Division A?rienne de l'Arm?e de l'Air
VIC;42e Division A?rienne de l'Arm?e de l'Air
VIC;43e Division A?rienne de l'Arm?e de l'Air
VIC;44e Division A?rienne de l'Arm?e de l'Air
VIC;45e Division A?rienne de l'Arm?e de l'Air
VIC;46e Division A?rienne de l'Arm?e de l'Air
VIC;47e Division A?rienne de l'Arm?e de l'Air
VIC;48e Division A?rienne de l'Arm?e de l'Air
VIC;49e Division A?rienne de l'Arm?e de l'Air
VIC;50e Division A?rienne de l'Arm?e de l'Air
VIC;51e Division A?rienne de l'Arm?e de l'Air
VIC;52e Division A?rienne de l'Arm?e de l'Air
VIC;53e Division A?rienne de l'Arm?e de l'Air
VIC;54e Division A?rienne de l'Arm?e de l'Air
VIC;55e Division A?rienne de l'Arm?e de l'Air
VIC;56e Division A?rienne de l'Arm?e de l'Air
VIC;57e Division A?rienne de l'Arm?e de l'Air
VIC;58e Division A?rienne de l'Arm?e de l'Air
VIC;59e Division A?rienne de l'Arm?e de l'Air
VIC;60e Division A?rienne de l'Arm?e de l'Air
VIC;61e Division A?rienne de l'Arm?e de l'Air
VIC;62e Division A?rienne de l'Arm?e de l'Air
VIC;63e Division A?rienne de l'Arm?e de l'Air
VIC;64e Division A?rienne de l'Arm?e de l'Air
VIC;65e Division A?rienne de l'Arm?e de l'Air
VIC;66e Division A?rienne de l'Arm?e de l'Air
VIC;67e Division A?rienne de l'Arm?e de l'Air
VIC;68e Division A?rienne de l'Arm?e de l'Air
VIC;69e Division A?rienne de l'Arm?e de l'Air
VIC;70e Division A?rienne de l'Arm?e de l'Air
VIC;71e Division A?rienne de l'Arm?e de l'Air
VIC;72e Division A?rienne de l'Arm?e de l'Air
VIC;73e Division A?rienne de l'Arm?e de l'Air
VIC;74e Division A?rienne de l'Arm?e de l'Air
VIC;75e Division A?rienne de l'Arm?e de l'Air
VIC;76e Division A?rienne de l'Arm?e de l'Air
VIC;77e Division A?rienne de l'Arm?e de l'Air
VIC;78e Division A?rienne de l'Arm?e de l'Air
VIC;79e Division A?rienne de l'Arm?e de l'Air
VIC;80e Division A?rienne de l'Arm?e de l'Air
VIC;81e Division A?rienne de l'Arm?e de l'Air
VIC;82e Division A?rienne de l'Arm?e de l'Air
VIC;83e Division A?rienne de l'Arm?e de l'Air
VIC;84e Division A?rienne de l'Arm?e de l'Air
VIC;85e Division A?rienne de l'Arm?e de l'Air
VIC;86e Division A?rienne de l'Arm?e de l'Air
VIC;87e Division A?rienne de l'Arm?e de l'Air
VIC;88e Division A?rienne de l'Arm?e de l'Air
VIC;89e Division A?rienne de l'Arm?e de l'Air
VIC;90e Division A?rienne de l'Arm?e de l'Air
VIC;91e Division A?rienne de l'Arm?e de l'Air
VIC;92e Division A?rienne de l'Arm?e de l'Air
VIC;93e Division A?rienne de l'Arm?e de l'Air
VIC;94e Division A?rienne de l'Arm?e de l'Air
VIC;95e Division A?rienne de l'Arm?e de l'Air
VIC;96e Division A?rienne de l'Arm?e de l'Air
VIC;97e Division A?rienne de l'Arm?e de l'Air
VIC;98e Division A?rienne de l'Arm?e de l'Air
VIC;99e Division A?rienne de l'Arm?e de l'Air
VIC;100e Division A?rienne de l'Arm?e de l'Air
VIE;Su do?n 1 Kh?ng qu?n Vi?t Nam C?ng h?a
VIE;Su do?n 2 Kh?ng qu?n Vi?t Nam C?ng h?a
VIE;Su do?n 3 Kh?ng qu?n Vi?t Nam C?ng h?a
VIE;Su do?n 4 Kh?ng qu?n Vi?t Nam C?ng h?a
VIE;Su do?n 5 Kh?ng qu?n Vi?t Nam C?ng h?a
VIE;Su do?n 6 Kh?ng qu?n Vi?t Nam C?ng h?a
VIE;Su do?n 7 Kh?ng qu?n Vi?t Nam C?ng h?a
VIE;Su do?n 8 Kh?ng qu?n Vi?t Nam C?ng h?a
VIE;Su do?n 9 Kh?ng qu?n Vi?t Nam C?ng h?a
VIE;Su do?n 10 Kh?ng qu?n Vi?t Nam C?ng h?a
VIE;Su do?n 11 Kh?ng qu?n Vi?t Nam C?ng h?a
VIE;Su do?n 12 Kh?ng qu?n Vi?t Nam C?ng h?a
VIE;Su do?n 13 Kh?ng qu?n Vi?t Nam C?ng h?a
VIE;Su do?n 14 Kh?ng qu?n Vi?t Nam C?ng h?a
VIE;Su do?n 15 Kh?ng qu?n Vi?t Nam C?ng h?a
VIE;Su do?n 16 Kh?ng qu?n Vi?t Nam C?ng h?a
VIE;Su do?n 17 Kh?ng qu?n Vi?t Nam C?ng h?a
VIE;Su do?n 18 Kh?ng qu?n Vi?t Nam C?ng h?a
VIE;Su do?n 19 Kh?ng qu?n Vi?t Nam C?ng h?a
VIE;Su do?n 20 Kh?ng qu?n Vi?t Nam C?ng h?a
VIE;Su do?n 21 Kh?ng qu?n Vi?t Nam C?ng h?a
VIE;Su do?n 22 Kh?ng qu?n Vi?t Nam C?ng h?a
VIE;Su do?n 23 Kh?ng qu?n Vi?t Nam C?ng h?a
VIE;Su do?n 24 Kh?ng qu?n Vi?t Nam C?ng h?a
VIE;Su do?n 25 Kh?ng qu?n Vi?t Nam C?ng h?a
VIE;Su do?n 26 Kh?ng qu?n Vi?t Nam C?ng h?a
VIE;Su do?n 27 Kh?ng qu?n Vi?t Nam C?ng h?a
VIE;Su do?n 28 Kh?ng qu?n Vi?t Nam C?ng h?a
VIE;Su do?n 29 Kh?ng qu?n Vi?t Nam C?ng h?a
VIE;Su do?n 30 Kh?ng qu?n Vi?t Nam C?ng h?a
VIE;Su do?n 31 Kh?ng qu?n Vi?t Nam C?ng h?a
VIE;Su do?n 32 Kh?ng qu?n Vi?t Nam C?ng h?a
VIE;Su do?n 33 Kh?ng qu?n Vi?t Nam C?ng h?a
VIE;Su do?n 34 Kh?ng qu?n Vi?t Nam C?ng h?a
VIE;Su do?n 35 Kh?ng qu?n Vi?t Nam C?ng h?a
VIE;Su do?n 36 Kh?ng qu?n Vi?t Nam C?ng h?a
VIE;Su do?n 37 Kh?ng qu?n Vi?t Nam C?ng h?a
VIE;Su do?n 38 Kh?ng qu?n Vi?t Nam C?ng h?a
VIE;Su do?n 39 Kh?ng qu?n Vi?t Nam C?ng h?a
VIE;Su do?n 40 Kh?ng qu?n Vi?t Nam C?ng h?a
VIE;Su do?n 41 Kh?ng qu?n Vi?t Nam C?ng h?a
VIE;Su do?n 42 Kh?ng qu?n Vi?t Nam C?ng h?a
VIE;Su do?n 43 Kh?ng qu?n Vi?t Nam C?ng h?a
VIE;Su do?n 44 Kh?ng qu?n Vi?t Nam C?ng h?a
VIE;Su do?n 45 Kh?ng qu?n Vi?t Nam C?ng h?a
VIE;Su do?n 46 Kh?ng qu?n Vi?t Nam C?ng h?a
VIE;Su do?n 47 Kh?ng qu?n Vi?t Nam C?ng h?a
VIE;Su do?n 48 Kh?ng qu?n Vi?t Nam C?ng h?a
VIE;Su do?n 49 Kh?ng qu?n Vi?t Nam C?ng h?a
VIE;Su do?n 50 Kh?ng qu?n Vi?t Nam C?ng h?a
WLL;1re Division A?rienne wallonienne
WLL;2e Division A?rienne wallonienne
WLL;3e Division A?rienne wallonienne
WLL;4e Division A?rienne wallonienne
WLL;5e Division A?rienne wallonienne
WLL;6e Division A?rienne wallonienne
WLL;7e Division A?rienne wallonienne
WLL;8e Division A?rienne wallonienne
WLL;9e Division A?rienne wallonienne
WLL;10e Division A?rienne wallonienne
WLL;11e Division A?rienne wallonienne
WLL;12e Division A?rienne wallonienne
WLL;13e Division A?rienne wallonienne
WLL;14e Division A?rienne wallonienne
WLL;15e Division A?rienne wallonienne
WLL;16e Division A?rienne wallonienne
WLL;17e Division A?rienne wallonienne
WLL;18e Division A?rienne wallonienne
WLL;19e Division A?rienne wallonienne
WLL;20e Division A?rienne wallonienne
WLL;21e Division A?rienne wallonienne
WLL;22e Division A?rienne wallonienne
WLL;23e Division A?rienne wallonienne
WLL;24e Division A?rienne wallonienne
WLL;25e Division A?rienne wallonienne
WLL;26e Division A?rienne wallonienne
WLL;27e Division A?rienne wallonienne
WLL;28e Division A?rienne wallonienne
WLL;29e Division A?rienne wallonienne
WLL;30e Division A?rienne wallonienne
WLL;31e Division A?rienne wallonienne
WLL;32e Division A?rienne wallonienne
WLL;33e Division A?rienne wallonienne
WLL;34e Division A?rienne wallonienne
WLL;35e Division A?rienne wallonienne
WLL;36e Division A?rienne wallonienne
WLL;37e Division A?rienne wallonienne
WLL;38e Division A?rienne wallonienne
WLL;39e Division A?rienne wallonienne
WLL;40e Division A?rienne wallonienne
WLL;41e Division A?rienne wallonienne
WLL;42e Division A?rienne wallonienne
WLL;43e Division A?rienne wallonienne
WLL;44e Division A?rienne wallonienne
WLL;45e Division A?rienne wallonienne
WLL;46e Division A?rienne wallonienne
WLL;47e Division A?rienne wallonienne
WLL;48e Division A?rienne wallonienne
WLL;49e Division A?rienne wallonienne
WLL;50e Division A?rienne wallonienne
YEM;1. al-Quwwat al-Jawwiya al-Yamaniyah
YEM;2. al-Quwwat al-Jawwiya al-Yamaniyah
YEM;3. al-Quwwat al-Jawwiya al-Yamaniyah
YEM;4. al-Quwwat al-Jawwiya al-Yamaniyah
YEM;5. al-Quwwat al-Jawwiya al-Yamaniyah
YEM;6. al-Quwwat al-Jawwiya al-Yamaniyah
YEM;7. al-Quwwat al-Jawwiya al-Yamaniyah
YEM;8. al-Quwwat al-Jawwiya al-Yamaniyah
YEM;9. al-Quwwat al-Jawwiya al-Yamaniyah
YEM;10. al-Quwwat al-Jawwiya al-Yamaniyah
YEM;11. al-Quwwat al-Jawwiya al-Yamaniyah
YEM;12. al-Quwwat al-Jawwiya al-Yamaniyah
YEM;13. al-Quwwat al-Jawwiya al-Yamaniyah
YEM;14. al-Quwwat al-Jawwiya al-Yamaniyah
YEM;15. al-Quwwat al-Jawwiya al-Yamaniyah
YEM;16. al-Quwwat al-Jawwiya al-Yamaniyah
YEM;17. al-Quwwat al-Jawwiya al-Yamaniyah
YEM;18. al-Quwwat al-Jawwiya al-Yamaniyah
YEM;19. al-Quwwat al-Jawwiya al-Yamaniyah
YEM;20. al-Quwwat al-Jawwiya al-Yamaniyah
YEM;21. al-Quwwat al-Jawwiya al-Yamaniyah
YEM;22. al-Quwwat al-Jawwiya al-Yamaniyah
YEM;23. al-Quwwat al-Jawwiya al-Yamaniyah
YEM;24. al-Quwwat al-Jawwiya al-Yamaniyah
YEM;25. al-Quwwat al-Jawwiya al-Yamaniyah
YEM;26. al-Quwwat al-Jawwiya al-Yamaniyah
YEM;27. al-Quwwat al-Jawwiya al-Yamaniyah
YEM;28. al-Quwwat al-Jawwiya al-Yamaniyah
YEM;29. al-Quwwat al-Jawwiya al-Yamaniyah
YEM;30. al-Quwwat al-Jawwiya al-Yamaniyah
YEM;31. al-Quwwat al-Jawwiya al-Yamaniyah
YEM;32. al-Quwwat al-Jawwiya al-Yamaniyah
YEM;33. al-Quwwat al-Jawwiya al-Yamaniyah
YEM;34. al-Quwwat al-Jawwiya al-Yamaniyah
YEM;35. al-Quwwat al-Jawwiya al-Yamaniyah
YEM;36. al-Quwwat al-Jawwiya al-Yamaniyah
YEM;37. al-Quwwat al-Jawwiya al-Yamaniyah
YEM;38. al-Quwwat al-Jawwiya al-Yamaniyah
YEM;39. al-Quwwat al-Jawwiya al-Yamaniyah
YEM;40. al-Quwwat al-Jawwiya al-Yamaniyah
YEM;41. al-Quwwat al-Jawwiya al-Yamaniyah
YEM;42. al-Quwwat al-Jawwiya al-Yamaniyah
YEM;43. al-Quwwat al-Jawwiya al-Yamaniyah
YEM;44. al-Quwwat al-Jawwiya al-Yamaniyah
YEM;45. al-Quwwat al-Jawwiya al-Yamaniyah
YEM;46. al-Quwwat al-Jawwiya al-Yamaniyah
YEM;47. al-Quwwat al-Jawwiya al-Yamaniyah
YEM;48. al-Quwwat al-Jawwiya al-Yamaniyah
YEM;49. al-Quwwat al-Jawwiya al-Yamaniyah
YEM;50. al-Quwwat al-Jawwiya al-Yamaniyah
YUG;1. jugoslovenska vazduhoplovni korpus
YUG;2. jugoslovenska vazduhoplovni korpus
YUG;3. jugoslovenska vazduhoplovni korpus
YUG;4. jugoslovenska vazduhoplovni korpus
YUG;5. jugoslovenska vazduhoplovni korpus
YUG;6. jugoslovenska vazduhoplovni korpus
YUG;7. jugoslovenska vazduhoplovni korpus
YUG;8. jugoslovenska vazduhoplovni korpus
YUG;9. jugoslovenska vazduhoplovni korpus
YUG;10. jugoslovenska vazduhoplovni korpus
YUG;11. jugoslovenska vazduhoplovni korpus
YUG;12. jugoslovenska vazduhoplovni korpus
YUG;13. jugoslovenska vazduhoplovni korpus
YUG;14. jugoslovenska vazduhoplovni korpus
YUG;15. jugoslovenska vazduhoplovni korpus
YUG;16. jugoslovenska vazduhoplovni korpus
YUG;17. jugoslovenska vazduhoplovni korpus
YUG;18. jugoslovenska vazduhoplovni korpus
YUG;19. jugoslovenska vazduhoplovni korpus
YUG;20. jugoslovenska vazduhoplovni korpus
YUG;21. jugoslovenska vazduhoplovni korpus
YUG;22. jugoslovenska vazduhoplovni korpus
YUG;23. jugoslovenska vazduhoplovni korpus
YUG;24. jugoslovenska vazduhoplovni korpus
YUG;25. jugoslovenska vazduhoplovni korpus
YUG;26. jugoslovenska vazduhoplovni korpus
YUG;27. jugoslovenska vazduhoplovni korpus
YUG;28. jugoslovenska vazduhoplovni korpus
YUG;29. jugoslovenska vazduhoplovni korpus
YUG;30. jugoslovenska vazduhoplovni korpus
YUG;31. jugoslovenska vazduhoplovni korpus
YUG;32. jugoslovenska vazduhoplovni korpus
YUG;33. jugoslovenska vazduhoplovni korpus
YUG;34. jugoslovenska vazduhoplovni korpus
YUG;35. jugoslovenska vazduhoplovni korpus
YUG;36. jugoslovenska vazduhoplovni korpus
YUG;37. jugoslovenska vazduhoplovni korpus
YUG;38. jugoslovenska vazduhoplovni korpus
YUG;39. jugoslovenska vazduhoplovni korpus
YUG;40. jugoslovenska vazduhoplovni korpus
YUG;41. jugoslovenska vazduhoplovni korpus
YUG;42. jugoslovenska vazduhoplovni korpus
YUG;43. jugoslovenska vazduhoplovni korpus
YUG;44. jugoslovenska vazduhoplovni korpus
YUG;45. jugoslovenska vazduhoplovni korpus
YUG;46. jugoslovenska vazduhoplovni korpus
YUG;47. jugoslovenska vazduhoplovni korpus
YUG;48. jugoslovenska vazduhoplovni korpus
YUG;49. jugoslovenska vazduhoplovni korpus
YUG;50. jugoslovenska vazduhoplovni korpus
U01;1re Division A?rienne de l'Arm?e de l'Air
U01;2e Division A?rienne de l'Arm?e de l'Air
U01;3e Division A?rienne de l'Arm?e de l'Air
U01;4e Division A?rienne de l'Arm?e de l'Air
U01;5e Division A?rienne de l'Arm?e de l'Air
U01;6e Division A?rienne de l'Arm?e de l'Air
U01;7e Division A?rienne de l'Arm?e de l'Air
U01;8e Division A?rienne de l'Arm?e de l'Air
U01;9e Division A?rienne de l'Arm?e de l'Air
U01;10e Division A?rienne de l'Arm?e de l'Air
U01;11e Division A?rienne de l'Arm?e de l'Air
U01;12e Division A?rienne de l'Arm?e de l'Air
U01;13e Division A?rienne de l'Arm?e de l'Air
U01;14e Division A?rienne de l'Arm?e de l'Air
U01;15e Division A?rienne de l'Arm?e de l'Air
U01;16e Division A?rienne de l'Arm?e de l'Air
U01;17e Division A?rienne de l'Arm?e de l'Air
U01;18e Division A?rienne de l'Arm?e de l'Air
U01;19e Division A?rienne de l'Arm?e de l'Air
U01;20e Division A?rienne de l'Arm?e de l'Air
U01;21e Division A?rienne de l'Arm?e de l'Air
U01;22e Division A?rienne de l'Arm?e de l'Air
U01;23e Division A?rienne de l'Arm?e de l'Air
U01;24e Division A?rienne de l'Arm?e de l'Air
U01;25e Division A?rienne de l'Arm?e de l'Air
U01;26e Division A?rienne de l'Arm?e de l'Air
U01;27e Division A?rienne de l'Arm?e de l'Air
U01;28e Division A?rienne de l'Arm?e de l'Air
U01;29e Division A?rienne de l'Arm?e de l'Air
U01;30e Division A?rienne de l'Arm?e de l'Air
U01;31e Division A?rienne de l'Arm?e de l'Air
U01;32e Division A?rienne de l'Arm?e de l'Air
U01;33e Division A?rienne de l'Arm?e de l'Air
U01;34e Division A?rienne de l'Arm?e de l'Air
U01;35e Division A?rienne de l'Arm?e de l'Air
U01;36e Division A?rienne de l'Arm?e de l'Air
U01;37e Division A?rienne de l'Arm?e de l'Air
U01;38e Division A?rienne de l'Arm?e de l'Air
U01;39e Division A?rienne de l'Arm?e de l'Air
U01;40e Division A?rienne de l'Arm?e de l'Air
U01;41e Division A?rienne de l'Arm?e de l'Air
U01;42e Division A?rienne de l'Arm?e de l'Air
U01;43e Division A?rienne de l'Arm?e de l'Air
U01;44e Division A?rienne de l'Arm?e de l'Air
U01;45e Division A?rienne de l'Arm?e de l'Air
U01;46e Division A?rienne de l'Arm?e de l'Air
U01;47e Division A?rienne de l'Arm?e de l'Air
U01;48e Division A?rienne de l'Arm?e de l'Air
U01;49e Division A?rienne de l'Arm?e de l'Air
U01;50e Division A?rienne de l'Arm?e de l'Air
U01;51e Division A?rienne de l'Arm?e de l'Air
U01;52e Division A?rienne de l'Arm?e de l'Air
U01;53e Division A?rienne de l'Arm?e de l'Air
U01;54e Division A?rienne de l'Arm?e de l'Air
U01;55e Division A?rienne de l'Arm?e de l'Air
U01;56e Division A?rienne de l'Arm?e de l'Air
U01;57e Division A?rienne de l'Arm?e de l'Air
U01;58e Division A?rienne de l'Arm?e de l'Air
U01;59e Division A?rienne de l'Arm?e de l'Air
U01;60e Division A?rienne de l'Arm?e de l'Air
U01;61e Division A?rienne de l'Arm?e de l'Air
U01;62e Division A?rienne de l'Arm?e de l'Air
U01;63e Division A?rienne de l'Arm?e de l'Air
U01;64e Division A?rienne de l'Arm?e de l'Air
U01;65e Division A?rienne de l'Arm?e de l'Air
U01;66e Division A?rienne de l'Arm?e de l'Air
U01;67e Division A?rienne de l'Arm?e de l'Air
U01;68e Division A?rienne de l'Arm?e de l'Air
U01;69e Division A?rienne de l'Arm?e de l'Air
U01;70e Division A?rienne de l'Arm?e de l'Air
U01;71e Division A?rienne de l'Arm?e de l'Air
U01;72e Division A?rienne de l'Arm?e de l'Air
U01;73e Division A?rienne de l'Arm?e de l'Air
U01;74e Division A?rienne de l'Arm?e de l'Air
U01;75e Division A?rienne de l'Arm?e de l'Air
U01;76e Division A?rienne de l'Arm?e de l'Air
U01;77e Division A?rienne de l'Arm?e de l'Air
U01;78e Division A?rienne de l'Arm?e de l'Air
U01;79e Division A?rienne de l'Arm?e de l'Air
U01;80e Division A?rienne de l'Arm?e de l'Air
U01;81e Division A?rienne de l'Arm?e de l'Air
U01;82e Division A?rienne de l'Arm?e de l'Air
U01;83e Division A?rienne de l'Arm?e de l'Air
U01;84e Division A?rienne de l'Arm?e de l'Air
U01;85e Division A?rienne de l'Arm?e de l'Air
U01;86e Division A?rienne de l'Arm?e de l'Air
U01;87e Division A?rienne de l'Arm?e de l'Air
U01;88e Division A?rienne de l'Arm?e de l'Air
U01;89e Division A?rienne de l'Arm?e de l'Air
U01;90e Division A?rienne de l'Arm?e de l'Air
U01;91e Division A?rienne de l'Arm?e de l'Air
U01;92e Division A?rienne de l'Arm?e de l'Air
U01;93e Division A?rienne de l'Arm?e de l'Air
U01;94e Division A?rienne de l'Arm?e de l'Air
U01;95e Division A?rienne de l'Arm?e de l'Air
U01;96e Division A?rienne de l'Arm?e de l'Air
U01;97e Division A?rienne de l'Arm?e de l'Air
U01;98e Division A?rienne de l'Arm?e de l'Air
U01;99e Division A?rienne de l'Arm?e de l'Air
U01;100e Division A?rienne de l'Arm?e de l'Air
U02;No.1 Indian Air Command
U02;No.2 Indian Air Command
U02;No.3 Indian Air Command
U02;No.4 Indian Air Command
U02;No.5 Indian Air Command
U02;No.6 Indian Air Command
U02;No.7 Indian Air Command
U02;No.8 Indian Air Command
U02;No.9 Indian Air Command
U02;No.10 Indian Air Command
U02;No.11 Indian Air Command
U02;No.12 Indian Air Command
U02;No.13 Indian Air Command
U02;No.14 Indian Air Command
U02;No.15 Indian Air Command
U02;No.16 Indian Air Command
U02;No.17 Indian Air Command
U02;No.18 Indian Air Command
U02;No.19 Indian Air Command
U02;No.20 Indian Air Command
U02;No.21 Indian Air Command
U02;No.22 Indian Air Command
U02;No.23 Indian Air Command
U02;No.24 Indian Air Command
U02;No.25 Indian Air Command
U02;No.26 Indian Air Command
U02;No.27 Indian Air Command
U02;No.28 Indian Air Command
U02;No.29 Indian Air Command
U02;No.30 Indian Air Command
U02;No.31 Indian Air Command
U02;No.32 Indian Air Command
U02;No.33 Indian Air Command
U02;No.34 Indian Air Command
U02;No.35 Indian Air Command
U02;No.36 Indian Air Command
U02;No.37 Indian Air Command
U02;No.38 Indian Air Command
U02;No.39 Indian Air Command
U02;No.40 Indian Air Command
U02;No.41 Indian Air Command
U02;No.42 Indian Air Command
U02;No.43 Indian Air Command
U02;No.44 Indian Air Command
U02;No.45 Indian Air Command
U02;No.46 Indian Air Command
U02;No.47 Indian Air Command
U02;No.48 Indian Air Command
U02;No.49 Indian Air Command
U02;No.50 Indian Air Command
U02;No.51 Indian Air Command
U02;No.52 Indian Air Command
U02;No.53 Indian Air Command
U02;No.54 Indian Air Command
U02;No.55 Indian Air Command
U02;No.56 Indian Air Command
U02;No.57 Indian Air Command
U02;No.58 Indian Air Command
U02;No.59 Indian Air Command
U02;No.60 Indian Air Command
U02;No.61 Indian Air Command
U02;No.62 Indian Air Command
U02;No.63 Indian Air Command
U02;No.64 Indian Air Command
U02;No.65 Indian Air Command
U02;No.66 Indian Air Command
U02;No.67 Indian Air Command
U02;No.68 Indian Air Command
U02;No.69 Indian Air Command
U02;No.70 Indian Air Command
U02;No.71 Indian Air Command
U02;No.72 Indian Air Command
U02;No.73 Indian Air Command
U02;No.74 Indian Air Command
U02;No.75 Indian Air Command
U02;No.76 Indian Air Command
U02;No.77 Indian Air Command
U02;No.78 Indian Air Command
U02;No.79 Indian Air Command
U02;No.80 Indian Air Command
U02;No.81 Indian Air Command
U02;No.82 Indian Air Command
U02;No.83 Indian Air Command
U02;No.84 Indian Air Command
U02;No.85 Indian Air Command
U02;No.86 Indian Air Command
U02;No.87 Indian Air Command
U02;No.88 Indian Air Command
U02;No.89 Indian Air Command
U02;No.90 Indian Air Command
U02;No.91 Indian Air Command
U02;No.92 Indian Air Command
U02;No.93 Indian Air Command
U02;No.94 Indian Air Command
U02;No.95 Indian Air Command
U02;No.96 Indian Air Command
U02;No.97 Indian Air Command
U02;No.98 Indian Air Command
U02;No.99 Indian Air Command
U02;No.100 Indian Air Command
U03;1re Division A?rienne indochinoise
U03;2e Division A?rienne indochinoise
U03;3e Division A?rienne indochinoise
U03;4e Division A?rienne indochinoise
U03;5e Division A?rienne indochinoise
U03;6e Division A?rienne indochinoise
U03;7e Division A?rienne indochinoise
U03;8e Division A?rienne indochinoise
U03;9e Division A?rienne indochinoise
U03;10e Division A?rienne indochinoise
U03;11e Division A?rienne indochinoise
U03;12e Division A?rienne indochinoise
U03;13e Division A?rienne indochinoise
U03;14e Division A?rienne indochinoise
U03;15e Division A?rienne indochinoise
U03;16e Division A?rienne indochinoise
U03;17e Division A?rienne indochinoise
U03;18e Division A?rienne indochinoise
U03;19e Division A?rienne indochinoise
U03;20e Division A?rienne indochinoise
U03;21e Division A?rienne indochinoise
U03;22e Division A?rienne indochinoise
U03;23e Division A?rienne indochinoise
U03;24e Division A?rienne indochinoise
U03;25e Division A?rienne indochinoise
U03;26e Division A?rienne indochinoise
U03;27e Division A?rienne indochinoise
U03;28e Division A?rienne indochinoise
U03;29e Division A?rienne indochinoise
U03;30e Division A?rienne indochinoise
U03;31e Division A?rienne indochinoise
U03;32e Division A?rienne indochinoise
U03;33e Division A?rienne indochinoise
U03;34e Division A?rienne indochinoise
U03;35e Division A?rienne indochinoise
U03;36e Division A?rienne indochinoise
U03;37e Division A?rienne indochinoise
U03;38e Division A?rienne indochinoise
U03;39e Division A?rienne indochinoise
U03;40e Division A?rienne indochinoise
U03;41e Division A?rienne indochinoise
U03;42e Division A?rienne indochinoise
U03;43e Division A?rienne indochinoise
U03;44e Division A?rienne indochinoise
U03;45e Division A?rienne indochinoise
U03;46e Division A?rienne indochinoise
U03;47e Division A?rienne indochinoise
U03;48e Division A?rienne indochinoise
U03;49e Division A?rienne indochinoise
U03;50e Division A?rienne indochinoise
U05;1e Luchtvloot
U05;2e Luchtvloot
U05;3e Luchtvloot
U05;4e Luchtvloot
U05;5e Luchtvloot
U05;6e Luchtvloot
U05;7e Luchtvloot
U05;8e Luchtvloot
U05;9e Luchtvloot
U05;10e Luchtvloot
U05;11e Luchtvloot
U05;12e Luchtvloot
U05;13e Luchtvloot
U05;14e Luchtvloot
U05;15e Luchtvloot
U05;16e Luchtvloot
U05;17e Luchtvloot
U05;18e Luchtvloot
U05;19e Luchtvloot
U05;20e Luchtvloot
U05;21e Luchtvloot
U05;22e Luchtvloot
U05;23e Luchtvloot
U05;24e Luchtvloot
U05;25e Luchtvloot
U05;26e Luchtvloot
U05;27e Luchtvloot
U05;28e Luchtvloot
U05;29e Luchtvloot
U05;30e Luchtvloot
U05;31e Luchtvloot
U05;32e Luchtvloot
U05;33e Luchtvloot
U05;34e Luchtvloot
U05;35e Luchtvloot
U05;36e Luchtvloot
U05;37e Luchtvloot
U05;38e Luchtvloot
U05;39e Luchtvloot
U05;40e Luchtvloot
U05;41e Luchtvloot
U05;42e Luchtvloot
U05;43e Luchtvloot
U05;44e Luchtvloot
U05;45e Luchtvloot
U05;46e Luchtvloot
U05;47e Luchtvloot
U05;48e Luchtvloot
U05;49e Luchtvloot
U05;50e Luchtvloot
U08;Jagdgeschwader I
U08;Jagdgeschwader II
U08;Jagdgeschwader III
U08;Jagdgeschwader IV
U08;Jagdgeschwader V
U08;Jagdgeschwader VI
U08;Jagdgeschwader VII
U08;Jagdgeschwader VIII
U08;Jagdgeschwader IX
U08;Jagdgeschwader X
U08;Jagdgeschwader XI
U08;Jagdgeschwader XII
U08;Jagdgeschwader XIII
U08;Jagdgeschwader XIV
U08;Jagdgeschwader XV
U08;Jagdgeschwader XVI
U08;Jagdgeschwader XVII
U08;Jagdgeschwader XVIII
U08;Jagdgeschwader XIX
U08;Jagdgeschwader XX
U08;Jagdgeschwader XXI
U08;Jagdgeschwader XXII
U08;Jagdgeschwader XXIII
U08;Jagdgeschwader XXIV
U08;Jagdgeschwader XXV
U08;Jagdgeschwader XXVI
U08;Jagdgeschwader XXVII
U08;Jagdgeschwader XXVIII
U08;Jagdgeschwader XXIX
U08;Jagdgeschwader XXX
U08;Jagdgeschwader XXXI
U08;Jagdgeschwader XXXII
U08;Jagdgeschwader XXXIII
U08;Jagdgeschwader XXXIV
U08;Jagdgeschwader XXXV
U08;Jagdgeschwader XXXVI
U08;Jagdgeschwader XXXVII
U08;Jagdgeschwader XXXVIII
U08;Jagdgeschwader XXXIX
U08;Jagdgeschwader XL
U08;Jagdgeschwader XLI
U08;Jagdgeschwader XLII
U08;Jagdgeschwader XLIII
U08;Jagdgeschwader XLIV
U08;Jagdgeschwader XLV
U08;Jagdgeschwader XLVI
U08;Jagdgeschwader XLVII
U08;Jagdgeschwader XLVIII
U08;Jagdgeschwader XLIX
U08;Jagdgeschwader L
U08;Jagdgeschwader LI
U08;Jagdgeschwader LII
U08;Jagdgeschwader LIII
U08;Jagdgeschwader LIV
U08;Jagdgeschwader LV
U08;Jagdgeschwader LVI
U08;Jagdgeschwader LVII
U08;Jagdgeschwader LVIII
U08;Jagdgeschwader LIX
U08;Jagdgeschwader LX
U08;Jagdgeschwader LXI
U08;Jagdgeschwader LXII
U08;Jagdgeschwader LXIII
U08;Jagdgeschwader LXIV
U08;Jagdgeschwader LXV
U08;Jagdgeschwader LXVI
U08;Jagdgeschwader LXVII
U08;Jagdgeschwader LXVIII
U08;Jagdgeschwader LXIX
U08;Jagdgeschwader LXX
U08;Jagdgeschwader LXXI
U08;Jagdgeschwader LXXII
U08;Jagdgeschwader LXXIII
U08;Jagdgeschwader LXXIV
U08;Jagdgeschwader LXXV
U08;Jagdgeschwader LXXVI
U08;Jagdgeschwader LXXVII
U08;Jagdgeschwader LXXVIII
U08;Jagdgeschwader LXXIX
U08;Jagdgeschwader LXXX
U08;Jagdgeschwader LXXXI
U08;Jagdgeschwader LXXXII
U08;Jagdgeschwader LXXXIII
U08;Jagdgeschwader LXXXIV
U08;Jagdgeschwader LXXXV
U08;Jagdgeschwader LXXXVI
U08;Jagdgeschwader LXXXVII
U08;Jagdgeschwader LXXXVIII
U08;Jagdgeschwader LXXXIX
U08;Jagdgeschwader XC
U08;Jagdgeschwader XCI
U08;Jagdgeschwader XCII
U08;Jagdgeschwader XCIII
U08;Jagdgeschwader XCIV
U08;Jagdgeschwader XCV
U08;Jagdgeschwader XCVI
U08;Jagdgeschwader XCVII
U08;Jagdgeschwader XCVIII
U08;Jagdgeschwader XCIX
U08;Jagdgeschwader C
U09;Jagdfliegercompanie I
U09;Jagdfliegercompanie II
U09;Jagdfliegercompanie III
U09;Jagdfliegercompanie IV
U09;Jagdfliegercompanie V
U09;Jagdfliegercompanie VI
U09;Jagdfliegercompanie VII
U09;Jagdfliegercompanie VIII
U09;Jagdfliegercompanie IX
U09;Jagdfliegercompanie X
U09;Jagdfliegercompanie XI
U09;Jagdfliegercompanie XII
U09;Jagdfliegercompanie XIII
U09;Jagdfliegercompanie XIV
U09;Jagdfliegercompanie XV
U09;Jagdfliegercompanie XVI
U09;Jagdfliegercompanie XVII
U09;Jagdfliegercompanie XVIII
U09;Jagdfliegercompanie XIX
U09;Jagdfliegercompanie XX
U09;Jagdfliegercompanie XXI
U09;Jagdfliegercompanie XXII
U09;Jagdfliegercompanie XXIII
U09;Jagdfliegercompanie XXIV
U09;Jagdfliegercompanie XXV
U09;Jagdfliegercompanie XXVI
U09;Jagdfliegercompanie XXVII
U09;Jagdfliegercompanie XXVIII
U09;Jagdfliegercompanie XXIX
U09;Jagdfliegercompanie XXX
U09;Jagdfliegercompanie XXXI
U09;Jagdfliegercompanie XXXII
U09;Jagdfliegercompanie XXXIII
U09;Jagdfliegercompanie XXXIV
U09;Jagdfliegercompanie XXXV
U09;Jagdfliegercompanie XXXVI
U09;Jagdfliegercompanie XXXVII
U09;Jagdfliegercompanie XXXVIII
U09;Jagdfliegercompanie XXXIX
U09;Jagdfliegercompanie XL
U09;Jagdfliegercompanie XLI
U09;Jagdfliegercompanie XLII
U09;Jagdfliegercompanie XLIII
U09;Jagdfliegercompanie XLIV
U09;Jagdfliegercompanie XLV
U09;Jagdfliegercompanie XLVI
U09;Jagdfliegercompanie XLVII
U09;Jagdfliegercompanie XLVIII
U09;Jagdfliegercompanie XLIX
U09;Jagdfliegercompanie L
U09;Jagdfliegercompanie LI
U09;Jagdfliegercompanie LII
U09;Jagdfliegercompanie LIII
U09;Jagdfliegercompanie LIV
U09;Jagdfliegercompanie LV
U09;Jagdfliegercompanie LVI
U09;Jagdfliegercompanie LVII
U09;Jagdfliegercompanie LVIII
U09;Jagdfliegercompanie LIX
U09;Jagdfliegercompanie LX
U09;Jagdfliegercompanie LXI
U09;Jagdfliegercompanie LXII
U09;Jagdfliegercompanie LXIII
U09;Jagdfliegercompanie LXIV
U09;Jagdfliegercompanie LXV
U09;Jagdfliegercompanie LXVI
U09;Jagdfliegercompanie LXVII
U09;Jagdfliegercompanie LXVIII
U09;Jagdfliegercompanie LXIX
U09;Jagdfliegercompanie LXX
U09;Jagdfliegercompanie LXXI
U09;Jagdfliegercompanie LXXII
U09;Jagdfliegercompanie LXXIII
U09;Jagdfliegercompanie LXXIV
U09;Jagdfliegercompanie LXXV
U09;Jagdfliegercompanie LXXVI
U09;Jagdfliegercompanie LXXVII
U09;Jagdfliegercompanie LXXVIII
U09;Jagdfliegercompanie LXXIX
U09;Jagdfliegercompanie LXXX
U09;Jagdfliegercompanie LXXXI
U09;Jagdfliegercompanie LXXXII
U09;Jagdfliegercompanie LXXXIII
U09;Jagdfliegercompanie LXXXIV
U09;Jagdfliegercompanie LXXXV
U09;Jagdfliegercompanie LXXXVI
U09;Jagdfliegercompanie LXXXVII
U09;Jagdfliegercompanie LXXXVIII
U09;Jagdfliegercompanie LXXXIX
U09;Jagdfliegercompanie XC
U09;Jagdfliegercompanie XCI
U09;Jagdfliegercompanie XCII
U09;Jagdfliegercompanie XCIII
U09;Jagdfliegercompanie XCIV
U09;Jagdfliegercompanie XCV
U09;Jagdfliegercompanie XCVI
U09;Jagdfliegercompanie XCVII
U09;Jagdfliegercompanie XCVIII
U09;Jagdfliegercompanie XCIX
U09;Jagdfliegercompanie C
U10;1e Luchtvloot
U10;2e Luchtvloot
U10;3e Luchtvloot
U10;4e Luchtvloot
U10;5e Luchtvloot
U10;6e Luchtvloot
U10;7e Luchtvloot
U10;8e Luchtvloot
U10;9e Luchtvloot
U10;10e Luchtvloot
U10;11e Luchtvloot
U10;12e Luchtvloot
U10;13e Luchtvloot
U10;14e Luchtvloot
U10;15e Luchtvloot
U10;16e Luchtvloot
U10;17e Luchtvloot
U10;18e Luchtvloot
U10;19e Luchtvloot
U10;20e Luchtvloot
U10;21e Luchtvloot
U10;22e Luchtvloot
U10;23e Luchtvloot
U10;24e Luchtvloot
U10;25e Luchtvloot
U10;26e Luchtvloot
U10;27e Luchtvloot
U10;28e Luchtvloot
U10;29e Luchtvloot
U10;30e Luchtvloot
U10;31e Luchtvloot
U10;32e Luchtvloot
U10;33e Luchtvloot
U10;34e Luchtvloot
U10;35e Luchtvloot
U10;36e Luchtvloot
U10;37e Luchtvloot
U10;38e Luchtvloot
U10;39e Luchtvloot
U10;40e Luchtvloot
U10;41e Luchtvloot
U10;42e Luchtvloot
U10;43e Luchtvloot
U10;44e Luchtvloot
U10;45e Luchtvloot
U10;46e Luchtvloot
U10;47e Luchtvloot
U10;48e Luchtvloot
U10;49e Luchtvloot
U10;50e Luchtvloot
U11;1re Division A?rienne de l'Arm?e de l'Air
U11;2e Division A?rienne de l'Arm?e de l'Air
U11;3e Division A?rienne de l'Arm?e de l'Air
U11;4e Division A?rienne de l'Arm?e de l'Air
U11;5e Division A?rienne de l'Arm?e de l'Air
U11;6e Division A?rienne de l'Arm?e de l'Air
U11;7e Division A?rienne de l'Arm?e de l'Air
U11;8e Division A?rienne de l'Arm?e de l'Air
U11;9e Division A?rienne de l'Arm?e de l'Air
U11;10e Division A?rienne de l'Arm?e de l'Air
U11;11e Division A?rienne de l'Arm?e de l'Air
U11;12e Division A?rienne de l'Arm?e de l'Air
U11;13e Division A?rienne de l'Arm?e de l'Air
U11;14e Division A?rienne de l'Arm?e de l'Air
U11;15e Division A?rienne de l'Arm?e de l'Air
U11;16e Division A?rienne de l'Arm?e de l'Air
U11;17e Division A?rienne de l'Arm?e de l'Air
U11;18e Division A?rienne de l'Arm?e de l'Air
U11;19e Division A?rienne de l'Arm?e de l'Air
U11;20e Division A?rienne de l'Arm?e de l'Air
U11;21e Division A?rienne de l'Arm?e de l'Air
U11;22e Division A?rienne de l'Arm?e de l'Air
U11;23e Division A?rienne de l'Arm?e de l'Air
U11;24e Division A?rienne de l'Arm?e de l'Air
U11;25e Division A?rienne de l'Arm?e de l'Air
U11;26e Division A?rienne de l'Arm?e de l'Air
U11;27e Division A?rienne de l'Arm?e de l'Air
U11;28e Division A?rienne de l'Arm?e de l'Air
U11;29e Division A?rienne de l'Arm?e de l'Air
U11;30e Division A?rienne de l'Arm?e de l'Air
U11;31e Division A?rienne de l'Arm?e de l'Air
U11;32e Division A?rienne de l'Arm?e de l'Air
U11;33e Division A?rienne de l'Arm?e de l'Air
U11;34e Division A?rienne de l'Arm?e de l'Air
U11;35e Division A?rienne de l'Arm?e de l'Air
U11;36e Division A?rienne de l'Arm?e de l'Air
U11;37e Division A?rienne de l'Arm?e de l'Air
U11;38e Division A?rienne de l'Arm?e de l'Air
U11;39e Division A?rienne de l'Arm?e de l'Air
U11;40e Division A?rienne de l'Arm?e de l'Air
U11;41e Division A?rienne de l'Arm?e de l'Air
U11;42e Division A?rienne de l'Arm?e de l'Air
U11;43e Division A?rienne de l'Arm?e de l'Air
U11;44e Division A?rienne de l'Arm?e de l'Air
U11;45e Division A?rienne de l'Arm?e de l'Air
U11;46e Division A?rienne de l'Arm?e de l'Air
U11;47e Division A?rienne de l'Arm?e de l'Air
U11;48e Division A?rienne de l'Arm?e de l'Air
U11;49e Division A?rienne de l'Arm?e de l'Air
U11;50e Division A?rienne de l'Arm?e de l'Air
U11;51e Division A?rienne de l'Arm?e de l'Air
U11;52e Division A?rienne de l'Arm?e de l'Air
U11;53e Division A?rienne de l'Arm?e de l'Air
U11;54e Division A?rienne de l'Arm?e de l'Air
U11;55e Division A?rienne de l'Arm?e de l'Air
U11;56e Division A?rienne de l'Arm?e de l'Air
U11;57e Division A?rienne de l'Arm?e de l'Air
U11;58e Division A?rienne de l'Arm?e de l'Air
U11;59e Division A?rienne de l'Arm?e de l'Air
U11;60e Division A?rienne de l'Arm?e de l'Air
U11;61e Division A?rienne de l'Arm?e de l'Air
U11;62e Division A?rienne de l'Arm?e de l'Air
U11;63e Division A?rienne de l'Arm?e de l'Air
U11;64e Division A?rienne de l'Arm?e de l'Air
U11;65e Division A?rienne de l'Arm?e de l'Air
U11;66e Division A?rienne de l'Arm?e de l'Air
U11;67e Division A?rienne de l'Arm?e de l'Air
U11;68e Division A?rienne de l'Arm?e de l'Air
U11;69e Division A?rienne de l'Arm?e de l'Air
U11;70e Division A?rienne de l'Arm?e de l'Air
U11;71e Division A?rienne de l'Arm?e de l'Air
U11;72e Division A?rienne de l'Arm?e de l'Air
U11;73e Division A?rienne de l'Arm?e de l'Air
U11;74e Division A?rienne de l'Arm?e de l'Air
U11;75e Division A?rienne de l'Arm?e de l'Air
U11;76e Division A?rienne de l'Arm?e de l'Air
U11;77e Division A?rienne de l'Arm?e de l'Air
U11;78e Division A?rienne de l'Arm?e de l'Air
U11;79e Division A?rienne de l'Arm?e de l'Air
U11;80e Division A?rienne de l'Arm?e de l'Air
U11;81e Division A?rienne de l'Arm?e de l'Air
U11;82e Division A?rienne de l'Arm?e de l'Air
U11;83e Division A?rienne de l'Arm?e de l'Air
U11;84e Division A?rienne de l'Arm?e de l'Air
U11;85e Division A?rienne de l'Arm?e de l'Air
U11;86e Division A?rienne de l'Arm?e de l'Air
U11;87e Division A?rienne de l'Arm?e de l'Air
U11;88e Division A?rienne de l'Arm?e de l'Air
U11;89e Division A?rienne de l'Arm?e de l'Air
U11;90e Division A?rienne de l'Arm?e de l'Air
U11;91e Division A?rienne de l'Arm?e de l'Air
U11;92e Division A?rienne de l'Arm?e de l'Air
U11;93e Division A?rienne de l'Arm?e de l'Air
U11;94e Division A?rienne de l'Arm?e de l'Air
U11;95e Division A?rienne de l'Arm?e de l'Air
U11;96e Division A?rienne de l'Arm?e de l'Air
U11;97e Division A?rienne de l'Arm?e de l'Air
U11;98e Division A?rienne de l'Arm?e de l'Air
U11;99e Division A?rienne de l'Arm?e de l'Air
U11;100e Division A?rienne de l'Arm?e de l'Air
U12;1st Air Command
U12;2nd Air Command
U12;3rd Air Command
U12;4th Air Command
U12;5th Air Command
U12;6th Air Command
U12;7th Air Command
U12;8th Air Command
U12;9th Air Command
U12;10th Air Command
U12;11th Air Command
U12;12th Air Command
U12;13th Air Command
U12;14th Air Command
U12;15th Air Command
U12;16th Air Command
U12;17th Air Command
U12;18th Air Command
U12;19th Air Command
U12;20th Air Command
U12;21st Air Command
U12;22nd Air Command
U12;23rd Air Command
U12;24th Air Command
U12;25th Air Command
U12;26th Air Command
U12;27th Air Command
U12;28th Air Command
U12;29th Air Command
U12;30th Air Command
U12;31st Air Command
U12;32nd Air Command
U12;33rd Air Command
U12;34th Air Command
U12;35th Air Command
U12;36th Air Command
U12;37th Air Command
U12;38th Air Command
U12;39th Air Command
U12;40th Air Command
U12;41st Air Command
U12;42nd Air Command
U12;43rd Air Command
U12;44th Air Command
U12;45th Air Command
U12;46th Air Command
U12;47th Air Command
U12;48th Air Command
U12;49th Air Command
U12;50th Air Command
U12;51st Air Command
U12;52nd Air Command
U12;53rd Air Command
U12;54th Air Command
U12;55th Air Command
U12;56th Air Command
U12;57th Air Command
U12;58th Air Command
U12;59th Air Command
U12;60th Air Command
U12;61st Air Command
U12;62nd Air Command
U12;63rd Air Command
U12;64th Air Command
U12;65th Air Command
U12;66th Air Command
U12;67th Air Command
U12;68th Air Command
U12;69th Air Command
U12;70th Air Command
U12;71st Air Command
U12;72nd Air Command
U12;73rd Air Command
U12;74th Air Command
U12;75th Air Command
U12;76th Air Command
U12;77th Air Command
U12;78th Air Command
U12;79th Air Command
U12;80th Air Command
U12;81st Air Command
U12;82nd Air Command
U12;83rd Air Command
U12;84th Air Command
U12;85th Air Command
U12;86th Air Command
U12;87th Air Command
U12;88th Air Command
U12;89th Air Command
U12;90th Air Command
U12;91st Air Command
U12;92nd Air Command
U12;93rd Air Command
U12;94th Air Command
U12;95th Air Command
U12;96th Air Command
U12;97th Air Command
U12;98th Air Command
U12;99th Air Command
U12;100th Air Command
U13;1. magyar l?g? hadoszt?ly
U13;2. magyar l?g? hadoszt?ly
U13;3. magyar l?g? hadoszt?ly
U13;4. magyar l?g? hadoszt?ly
U13;5. magyar l?g? hadoszt?ly
U13;6. magyar l?g? hadoszt?ly
U13;7. magyar l?g? hadoszt?ly
U13;8. magyar l?g? hadoszt?ly
U13;9. magyar l?g? hadoszt?ly
U13;10. magyar l?g? hadoszt?ly
U13;11. magyar l?g? hadoszt?ly
U13;12. magyar l?g? hadoszt?ly
U13;13. magyar l?g? hadoszt?ly
U13;14. magyar l?g? hadoszt?ly
U13;15. magyar l?g? hadoszt?ly
U13;16. magyar l?g? hadoszt?ly
U13;17. magyar l?g? hadoszt?ly
U13;18. magyar l?g? hadoszt?ly
U13;19. magyar l?g? hadoszt?ly
U13;20. magyar l?g? hadoszt?ly
U13;21. magyar l?g? hadoszt?ly
U13;22. magyar l?g? hadoszt?ly
U13;23. magyar l?g? hadoszt?ly
U13;24. magyar l?g? hadoszt?ly
U13;25. magyar l?g? hadoszt?ly
U13;26. magyar l?g? hadoszt?ly
U13;27. magyar l?g? hadoszt?ly
U13;28. magyar l?g? hadoszt?ly
U13;29. magyar l?g? hadoszt?ly
U13;30. magyar l?g? hadoszt?ly
U13;31. magyar l?g? hadoszt?ly
U13;32. magyar l?g? hadoszt?ly
U13;33. magyar l?g? hadoszt?ly
U13;34. magyar l?g? hadoszt?ly
U13;35. magyar l?g? hadoszt?ly
U13;36. magyar l?g? hadoszt?ly
U13;37. magyar l?g? hadoszt?ly
U13;38. magyar l?g? hadoszt?ly
U13;39. magyar l?g? hadoszt?ly
U13;40. magyar l?g? hadoszt?ly
U13;41. magyar l?g? hadoszt?ly
U13;42. magyar l?g? hadoszt?ly
U13;43. magyar l?g? hadoszt?ly
U13;44. magyar l?g? hadoszt?ly
U13;45. magyar l?g? hadoszt?ly
U13;46. magyar l?g? hadoszt?ly
U13;47. magyar l?g? hadoszt?ly
U13;48. magyar l?g? hadoszt?ly
U13;49. magyar l?g? hadoszt?ly
U13;50. magyar l?g? hadoszt?ly
U14;1a Squadra Aerea
U14;2a Squadra Aerea
U14;3a Squadra Aerea
U14;4a Squadra Aerea
U14;5a Squadra Aerea
U14;6a Squadra Aerea
U14;7a Squadra Aerea
U14;8a Squadra Aerea
U14;9a Squadra Aerea
U14;10a Squadra Aerea
U14;11a Squadra Aerea
U14;12a Squadra Aerea
U14;13a Squadra Aerea
U14;14a Squadra Aerea
U14;15a Squadra Aerea
U14;16a Squadra Aerea
U14;17a Squadra Aerea
U14;18a Squadra Aerea
U14;19a Squadra Aerea
U14;20a Squadra Aerea
U14;21a Squadra Aerea
U14;22a Squadra Aerea
U14;23a Squadra Aerea
U14;24a Squadra Aerea
U14;25a Squadra Aerea
U14;26a Squadra Aerea
U14;27a Squadra Aerea
U14;28a Squadra Aerea
U14;29a Squadra Aerea
U14;30a Squadra Aerea
U14;31a Squadra Aerea
U14;32a Squadra Aerea
U14;33a Squadra Aerea
U14;34a Squadra Aerea
U14;35a Squadra Aerea
U14;36a Squadra Aerea
U14;37a Squadra Aerea
U14;38a Squadra Aerea
U14;39a Squadra Aerea
U14;40a Squadra Aerea
U14;41a Squadra Aerea
U14;42a Squadra Aerea
U14;43a Squadra Aerea
U14;44a Squadra Aerea
U14;45a Squadra Aerea
U14;46a Squadra Aerea
U14;47a Squadra Aerea
U14;48a Squadra Aerea
U14;49a Squadra Aerea
U14;50a Squadra Aerea
U14;51a Squadra Aerea
U14;52a Squadra Aerea
U14;53a Squadra Aerea
U14;54a Squadra Aerea
U14;55a Squadra Aerea
U14;56a Squadra Aerea
U14;57a Squadra Aerea
U14;58a Squadra Aerea
U14;59a Squadra Aerea
U14;60a Squadra Aerea
U14;61a Squadra Aerea
U14;62a Squadra Aerea
U14;63a Squadra Aerea
U14;64a Squadra Aerea
U14;65a Squadra Aerea
U14;66a Squadra Aerea
U14;67a Squadra Aerea
U14;68a Squadra Aerea
U14;69a Squadra Aerea
U14;70a Squadra Aerea
U14;71a Squadra Aerea
U14;72a Squadra Aerea
U14;73a Squadra Aerea
U14;74a Squadra Aerea
U14;75a Squadra Aerea
U14;76a Squadra Aerea
U14;77a Squadra Aerea
U14;78a Squadra Aerea
U14;79a Squadra Aerea
U14;80a Squadra Aerea
U14;81a Squadra Aerea
U14;82a Squadra Aerea
U14;83a Squadra Aerea
U14;84a Squadra Aerea
U14;85a Squadra Aerea
U14;86a Squadra Aerea
U14;87a Squadra Aerea
U14;88a Squadra Aerea
U14;89a Squadra Aerea
U14;90a Squadra Aerea
U14;91a Squadra Aerea
U14;92a Squadra Aerea
U14;93a Squadra Aerea
U14;94a Squadra Aerea
U14;95a Squadra Aerea
U14;96a Squadra Aerea
U14;97a Squadra Aerea
U14;98a Squadra Aerea
U14;99a Squadra Aerea
U14;100a Squadra Aerea
U15;1o Flotilha Avi?o do Portugal
U15;2o Flotilha Avi?o do Portugal
U15;3o Flotilha Avi?o do Portugal
U15;4o Flotilha Avi?o do Portugal
U15;5o Flotilha Avi?o do Portugal
U15;6o Flotilha Avi?o do Portugal
U15;7o Flotilha Avi?o do Portugal
U15;8o Flotilha Avi?o do Portugal
U15;9o Flotilha Avi?o do Portugal
U15;10o Flotilha Avi?o do Portugal
U15;11o Flotilha Avi?o do Portugal
U15;12o Flotilha Avi?o do Portugal
U15;13o Flotilha Avi?o do Portugal
U15;14o Flotilha Avi?o do Portugal
U15;15o Flotilha Avi?o do Portugal
U15;16o Flotilha Avi?o do Portugal
U15;17o Flotilha Avi?o do Portugal
U15;18o Flotilha Avi?o do Portugal
U15;19o Flotilha Avi?o do Portugal
U15;20o Flotilha Avi?o do Portugal
U15;21o Flotilha Avi?o do Portugal
U15;22o Flotilha Avi?o do Portugal
U15;23o Flotilha Avi?o do Portugal
U15;24o Flotilha Avi?o do Portugal
U15;25o Flotilha Avi?o do Portugal
U15;26o Flotilha Avi?o do Portugal
U15;27o Flotilha Avi?o do Portugal
U15;28o Flotilha Avi?o do Portugal
U15;29o Flotilha Avi?o do Portugal
U15;30o Flotilha Avi?o do Portugal
U15;31o Flotilha Avi?o do Portugal
U15;32o Flotilha Avi?o do Portugal
U15;33o Flotilha Avi?o do Portugal
U15;34o Flotilha Avi?o do Portugal
U15;35o Flotilha Avi?o do Portugal
U15;36o Flotilha Avi?o do Portugal
U15;37o Flotilha Avi?o do Portugal
U15;38o Flotilha Avi?o do Portugal
U15;39o Flotilha Avi?o do Portugal
U15;40o Flotilha Avi?o do Portugal
U15;41o Flotilha Avi?o do Portugal
U15;42o Flotilha Avi?o do Portugal
U15;43o Flotilha Avi?o do Portugal
U15;44o Flotilha Avi?o do Portugal
U15;45o Flotilha Avi?o do Portugal
U15;46o Flotilha Avi?o do Portugal
U15;47o Flotilha Avi?o do Portugal
U15;48o Flotilha Avi?o do Portugal
U15;49o Flotilha Avi?o do Portugal
U15;50o Flotilha Avi?o do Portugal
U16;Fliegerregiment Nr. 1
U16;Fliegerregiment Nr. 2
U16;Fliegerregiment Nr. 3
U16;Fliegerregiment Nr. 4
U16;Fliegerregiment Nr. 5
U16;Fliegerregiment Nr. 6
U16;Fliegerregiment Nr. 7
U16;Fliegerregiment Nr. 8
U16;Fliegerregiment Nr. 9
U16;Fliegerregiment Nr. 10
U16;Fliegerregiment Nr. 11
U16;Fliegerregiment Nr. 12
U16;Fliegerregiment Nr. 13
U16;Fliegerregiment Nr. 14
U16;Fliegerregiment Nr. 15
U16;Fliegerregiment Nr. 16
U16;Fliegerregiment Nr. 17
U16;Fliegerregiment Nr. 18
U16;Fliegerregiment Nr. 19
U16;Fliegerregiment Nr. 20
U16;Fliegerregiment Nr. 21
U16;Fliegerregiment Nr. 22
U16;Fliegerregiment Nr. 23
U16;Fliegerregiment Nr. 24
U16;Fliegerregiment Nr. 25
U16;Fliegerregiment Nr. 26
U16;Fliegerregiment Nr. 27
U16;Fliegerregiment Nr. 28
U16;Fliegerregiment Nr. 29
U16;Fliegerregiment Nr. 30
U16;Fliegerregiment Nr. 31
U16;Fliegerregiment Nr. 32
U16;Fliegerregiment Nr. 33
U16;Fliegerregiment Nr. 34
U16;Fliegerregiment Nr. 35
U16;Fliegerregiment Nr. 36
U16;Fliegerregiment Nr. 37
U16;Fliegerregiment Nr. 38
U16;Fliegerregiment Nr. 39
U16;Fliegerregiment Nr. 40
U16;Fliegerregiment Nr. 41
U16;Fliegerregiment Nr. 42
U16;Fliegerregiment Nr. 43
U16;Fliegerregiment Nr. 44
U16;Fliegerregiment Nr. 45
U16;Fliegerregiment Nr. 46
U16;Fliegerregiment Nr. 47
U16;Fliegerregiment Nr. 48
U16;Fliegerregiment Nr. 49
U16;Fliegerregiment Nr. 50
U17;1re Division A?rienne de la Belgique
U17;2e Division A?rienne de la Belgique
U17;3e Division A?rienne de la Belgique
U17;4e Division A?rienne de la Belgique
U17;5e Division A?rienne de la Belgique
U17;6e Division A?rienne de la Belgique
U17;7e Division A?rienne de la Belgique
U17;8e Division A?rienne de la Belgique
U17;9e Division A?rienne de la Belgique
U17;10e Division A?rienne de la Belgique
U17;11e Division A?rienne de la Belgique
U17;12e Division A?rienne de la Belgique
U17;13e Division A?rienne de la Belgique
U17;14e Division A?rienne de la Belgique
U17;15e Division A?rienne de la Belgique
U17;16e Division A?rienne de la Belgique
U17;17e Division A?rienne de la Belgique
U17;18e Division A?rienne de la Belgique
U17;19e Division A?rienne de la Belgique
U17;20e Division A?rienne de la Belgique
U17;21e Division A?rienne de la Belgique
U17;22e Division A?rienne de la Belgique
U17;23e Division A?rienne de la Belgique
U17;24e Division A?rienne de la Belgique
U17;25e Division A?rienne de la Belgique
U17;26e Division A?rienne de la Belgique
U17;27e Division A?rienne de la Belgique
U17;28e Division A?rienne de la Belgique
U17;29e Division A?rienne de la Belgique
U17;30e Division A?rienne de la Belgique
U17;31e Division A?rienne de la Belgique
U17;32e Division A?rienne de la Belgique
U17;33e Division A?rienne de la Belgique
U17;34e Division A?rienne de la Belgique
U17;35e Division A?rienne de la Belgique
U17;36e Division A?rienne de la Belgique
U17;37e Division A?rienne de la Belgique
U17;38e Division A?rienne de la Belgique
U17;39e Division A?rienne de la Belgique
U17;40e Division A?rienne de la Belgique
U17;41e Division A?rienne de la Belgique
U17;42e Division A?rienne de la Belgique
U17;43e Division A?rienne de la Belgique
U17;44e Division A?rienne de la Belgique
U17;45e Division A?rienne de la Belgique
U17;46e Division A?rienne de la Belgique
U17;47e Division A?rienne de la Belgique
U17;48e Division A?rienne de la Belgique
U17;49e Division A?rienne de la Belgique
U17;50e Division A?rienne de la Belgique
U18;1re Division A?rienne luxembourgeoise
U18;2e Division A?rienne luxembourgeoise
U18;3e Division A?rienne luxembourgeoise
U18;4e Division A?rienne luxembourgeoise
U18;5e Division A?rienne luxembourgeoise
U18;6e Division A?rienne luxembourgeoise
U18;7e Division A?rienne luxembourgeoise
U18;8e Division A?rienne luxembourgeoise
U18;9e Division A?rienne luxembourgeoise
U18;10e Division A?rienne luxembourgeoise
U18;11e Division A?rienne luxembourgeoise
U18;12e Division A?rienne luxembourgeoise
U18;13e Division A?rienne luxembourgeoise
U18;14e Division A?rienne luxembourgeoise
U18;15e Division A?rienne luxembourgeoise
U18;16e Division A?rienne luxembourgeoise
U18;17e Division A?rienne luxembourgeoise
U18;18e Division A?rienne luxembourgeoise
U18;19e Division A?rienne luxembourgeoise
U18;20e Division A?rienne luxembourgeoise
U18;21e Division A?rienne luxembourgeoise
U18;22e Division A?rienne luxembourgeoise
U18;23e Division A?rienne luxembourgeoise
U18;24e Division A?rienne luxembourgeoise
U18;25e Division A?rienne luxembourgeoise
U18;26e Division A?rienne luxembourgeoise
U18;27e Division A?rienne luxembourgeoise
U18;28e Division A?rienne luxembourgeoise
U18;29e Division A?rienne luxembourgeoise
U18;30e Division A?rienne luxembourgeoise
U18;31e Division A?rienne luxembourgeoise
U18;32e Division A?rienne luxembourgeoise
U18;33e Division A?rienne luxembourgeoise
U18;34e Division A?rienne luxembourgeoise
U18;35e Division A?rienne luxembourgeoise
U18;36e Division A?rienne luxembourgeoise
U18;37e Division A?rienne luxembourgeoise
U18;38e Division A?rienne luxembourgeoise
U18;39e Division A?rienne luxembourgeoise
U18;40e Division A?rienne luxembourgeoise
U18;41e Division A?rienne luxembourgeoise
U18;42e Division A?rienne luxembourgeoise
U18;43e Division A?rienne luxembourgeoise
U18;44e Division A?rienne luxembourgeoise
U18;45e Division A?rienne luxembourgeoise
U18;46e Division A?rienne luxembourgeoise
U18;47e Division A?rienne luxembourgeoise
U18;48e Division A?rienne luxembourgeoise
U18;49e Division A?rienne luxembourgeoise
U18;50e Division A?rienne luxembourgeoise
U19;I Norske Flyverkorps
U19;II Norske Flyverkorps
U19;III Norske Flyverkorps
U19;IV Norske Flyverkorps
U19;V Norske Flyverkorps
U19;VI Norske Flyverkorps
U19;VII Norske Flyverkorps
U19;VIII Norske Flyverkorps
U19;IX Norske Flyverkorps
U19;X Norske Flyverkorps
U19;XI Norske Flyverkorps
U19;XII Norske Flyverkorps
U19;XIII Norske Flyverkorps
U19;XIV Norske Flyverkorps
U19;XV Norske Flyverkorps
U19;XVI Norske Flyverkorps
U19;XVII Norske Flyverkorps
U19;XVIII Norske Flyverkorps
U19;XIX Norske Flyverkorps
U19;XX Norske Flyverkorps
U19;XXI Norske Flyverkorps
U19;XXII Norske Flyverkorps
U19;XXIII Norske Flyverkorps
U19;XXIV Norske Flyverkorps
U19;XXV Norske Flyverkorps
U19;XXVI Norske Flyverkorps
U19;XXVII Norske Flyverkorps
U19;XXVIII Norske Flyverkorps
U19;XXIX Norske Flyverkorps
U19;XXX Norske Flyverkorps
U19;XXXI Norske Flyverkorps
U19;XXXII Norske Flyverkorps
U19;XXXIII Norske Flyverkorps
U19;XXXIV Norske Flyverkorps
U19;XXXV Norske Flyverkorps
U19;XXXVI Norske Flyverkorps
U19;XXXVII Norske Flyverkorps
U19;XXXVIII Norske Flyverkorps
U19;XXXIX Norske Flyverkorps
U19;XL Norske Flyverkorps
U19;XLI Norske Flyverkorps
U19;XLII Norske Flyverkorps
U19;XLIII Norske Flyverkorps
U19;XLIV Norske Flyverkorps
U19;XLV Norske Flyverkorps
U19;XLVI Norske Flyverkorps
U19;XLVII Norske Flyverkorps
U19;XLVIII Norske Flyverkorps
U19;XLIX Norske Flyverkorps
U19;L Norske Flyverkorps
U20;I Lennosto
U20;II Lennosto
U20;III Lennosto
U20;IV Lennosto
U20;V Lennosto
U20;VI Lennosto
U20;VII Lennosto
U20;VIII Lennosto
U20;IX Lennosto
U20;X Lennosto
U20;XI Lennosto
U20;XII Lennosto
U20;XIII Lennosto
U20;XIV Lennosto
U20;XV Lennosto
U20;XVI Lennosto
U20;XVII Lennosto
U20;XVIII Lennosto
U20;XIX Lennosto
U20;XX Lennosto
U20;XXI Lennosto
U20;XXII Lennosto
U20;XXIII Lennosto
U20;XXIV Lennosto
U20;XXV Lennosto
U20;XXVI Lennosto
U20;XXVII Lennosto
U20;XXVIII Lennosto
U20;XXIX Lennosto
U20;XXX Lennosto
U20;XXXI Lennosto
U20;XXXII Lennosto
U20;XXXIII Lennosto
U20;XXXIV Lennosto
U20;XXXV Lennosto
U20;XXXVI Lennosto
U20;XXXVII Lennosto
U20;XXXVIII Lennosto
U20;XXXIX Lennosto
U20;XL Lennosto
U20;XLI Lennosto
U20;XLII Lennosto
U20;XLIII Lennosto
U20;XLIV Lennosto
U20;XLV Lennosto
U20;XLVI Lennosto
U20;XLVII Lennosto
U20;XLVIII Lennosto
U20;XLIX Lennosto
U20;L Lennosto
U21;1:a Svenska Flygeskadern
U21;2:a Svenska Flygeskadern
U21;3:e Svenska Flygeskadern
U21;4:e Svenska Flygeskadern
U21;5:e Svenska Flygeskadern
U21;6:e Svenska Flygeskadern
U21;7:e Svenska Flygeskadern
U21;8:e Svenska Flygeskadern
U21;9:e Svenska Flygeskadern
U21;10:e Svenska Flygeskadern
U21;11:a Svenska Flygeskadern
U21;12:a Svenska Flygeskadern
U21;13:e Svenska Flygeskadern
U21;14:e Svenska Flygeskadern
U21;15:e Svenska Flygeskadern
U21;16:e Svenska Flygeskadern
U21;17:e Svenska Flygeskadern
U21;18:e Svenska Flygeskadern
U21;19:e Svenska Flygeskadern
U21;20:e Svenska Flygeskadern
U21;21:a Svenska Flygeskadern
U21;22:a Svenska Flygeskadern
U21;23:e Svenska Flygeskadern
U21;24:e Svenska Flygeskadern
U21;25:e Svenska Flygeskadern
U21;26:e Svenska Flygeskadern
U21;27:e Svenska Flygeskadern
U21;28:e Svenska Flygeskadern
U21;29:e Svenska Flygeskadern
U21;30:e Svenska Flygeskadern
U21;31:a Svenska Flygeskadern
U21;32:a Svenska Flygeskadern
U21;33:e Svenska Flygeskadern
U21;34:e Svenska Flygeskadern
U21;35:e Svenska Flygeskadern
U21;36:e Svenska Flygeskadern
U21;37:e Svenska Flygeskadern
U21;38:e Svenska Flygeskadern
U21;39:e Svenska Flygeskadern
U21;40:e Svenska Flygeskadern
U21;41:a Svenska Flygeskadern
U21;42:a Svenska Flygeskadern
U21;43:e Svenska Flygeskadern
U21;44:e Svenska Flygeskadern
U21;45:e Svenska Flygeskadern
U21;46:e Svenska Flygeskadern
U21;47:e Svenska Flygeskadern
U21;48:e Svenska Flygeskadern
U21;49:e Svenska Flygeskadern
U21;50:e Svenska Flygeskadern
U22;I Danske Flyverkorps
U22;II Danske Flyverkorps
U22;III Danske Flyverkorps
U22;IV Danske Flyverkorps
U22;V Danske Flyverkorps
U22;VI Danske Flyverkorps
U22;VII Danske Flyverkorps
U22;VIII Danske Flyverkorps
U22;IX Danske Flyverkorps
U22;X Danske Flyverkorps
U22;XI Danske Flyverkorps
U22;XII Danske Flyverkorps
U22;XIII Danske Flyverkorps
U22;XIV Danske Flyverkorps
U22;XV Danske Flyverkorps
U22;XVI Danske Flyverkorps
U22;XVII Danske Flyverkorps
U22;XVIII Danske Flyverkorps
U22;XIX Danske Flyverkorps
U22;XX Danske Flyverkorps
U22;XXI Danske Flyverkorps
U22;XXII Danske Flyverkorps
U22;XXIII Danske Flyverkorps
U22;XXIV Danske Flyverkorps
U22;XXV Danske Flyverkorps
U22;XXVI Danske Flyverkorps
U22;XXVII Danske Flyverkorps
U22;XXVIII Danske Flyverkorps
U22;XXIX Danske Flyverkorps
U22;XXX Danske Flyverkorps
U22;XXXI Danske Flyverkorps
U22;XXXII Danske Flyverkorps
U22;XXXIII Danske Flyverkorps
U22;XXXIV Danske Flyverkorps
U22;XXXV Danske Flyverkorps
U22;XXXVI Danske Flyverkorps
U22;XXXVII Danske Flyverkorps
U22;XXXVIII Danske Flyverkorps
U22;XXXIX Danske Flyverkorps
U22;XL Danske Flyverkorps
U22;XLI Danske Flyverkorps
U22;XLII Danske Flyverkorps
U22;XLIII Danske Flyverkorps
U22;XLIV Danske Flyverkorps
U22;XLV Danske Flyverkorps
U22;XLVI Danske Flyverkorps
U22;XLVII Danske Flyverkorps
U22;XLVIII Danske Flyverkorps
U22;XLIX Danske Flyverkorps
U22;L Danske Flyverkorps
U26;Luftwaffenabteilung 1
U26;Luftwaffenabteilung 2
U26;Luftwaffenabteilung 3
U26;Luftwaffenabteilung 4
U26;Luftwaffenabteilung 5
U26;Luftwaffenabteilung 6
U26;Luftwaffenabteilung 7
U26;Luftwaffenabteilung 8
U26;Luftwaffenabteilung 9
U26;Luftwaffenabteilung 10
U26;Luftwaffenabteilung 11
U26;Luftwaffenabteilung 12
U26;Luftwaffenabteilung 13
U26;Luftwaffenabteilung 14
U26;Luftwaffenabteilung 15
U26;Luftwaffenabteilung 16
U26;Luftwaffenabteilung 17
U26;Luftwaffenabteilung 18
U26;Luftwaffenabteilung 19
U26;Luftwaffenabteilung 20
U26;Luftwaffenabteilung 21
U26;Luftwaffenabteilung 22
U26;Luftwaffenabteilung 23
U26;Luftwaffenabteilung 24
U26;Luftwaffenabteilung 25
U26;Luftwaffenabteilung 26
U26;Luftwaffenabteilung 27
U26;Luftwaffenabteilung 28
U26;Luftwaffenabteilung 29
U26;Luftwaffenabteilung 30
U26;Luftwaffenabteilung 31
U26;Luftwaffenabteilung 32
U26;Luftwaffenabteilung 33
U26;Luftwaffenabteilung 34
U26;Luftwaffenabteilung 35
U26;Luftwaffenabteilung 36
U26;Luftwaffenabteilung 37
U26;Luftwaffenabteilung 38
U26;Luftwaffenabteilung 39
U26;Luftwaffenabteilung 40
U26;Luftwaffenabteilung 41
U26;Luftwaffenabteilung 42
U26;Luftwaffenabteilung 43
U26;Luftwaffenabteilung 44
U26;Luftwaffenabteilung 45
U26;Luftwaffenabteilung 46
U26;Luftwaffenabteilung 47
U26;Luftwaffenabteilung 48
U26;Luftwaffenabteilung 49
U26;Luftwaffenabteilung 50
U27;1. jugoslovenska vazduhoplovni korpus
U27;2. jugoslovenska vazduhoplovni korpus
U27;3. jugoslovenska vazduhoplovni korpus
U27;4. jugoslovenska vazduhoplovni korpus
U27;5. jugoslovenska vazduhoplovni korpus
U27;6. jugoslovenska vazduhoplovni korpus
U27;7. jugoslovenska vazduhoplovni korpus
U27;8. jugoslovenska vazduhoplovni korpus
U27;9. jugoslovenska vazduhoplovni korpus
U27;10. jugoslovenska vazduhoplovni korpus
U27;11. jugoslovenska vazduhoplovni korpus
U27;12. jugoslovenska vazduhoplovni korpus
U27;13. jugoslovenska vazduhoplovni korpus
U27;14. jugoslovenska vazduhoplovni korpus
U27;15. jugoslovenska vazduhoplovni korpus
U27;16. jugoslovenska vazduhoplovni korpus
U27;17. jugoslovenska vazduhoplovni korpus
U27;18. jugoslovenska vazduhoplovni korpus
U27;19. jugoslovenska vazduhoplovni korpus
U27;20. jugoslovenska vazduhoplovni korpus
U27;21. jugoslovenska vazduhoplovni korpus
U27;22. jugoslovenska vazduhoplovni korpus
U27;23. jugoslovenska vazduhoplovni korpus
U27;24. jugoslovenska vazduhoplovni korpus
U27;25. jugoslovenska vazduhoplovni korpus
U27;26. jugoslovenska vazduhoplovni korpus
U27;27. jugoslovenska vazduhoplovni korpus
U27;28. jugoslovenska vazduhoplovni korpus
U27;29. jugoslovenska vazduhoplovni korpus
U27;30. jugoslovenska vazduhoplovni korpus
U27;31. jugoslovenska vazduhoplovni korpus
U27;32. jugoslovenska vazduhoplovni korpus
U27;33. jugoslovenska vazduhoplovni korpus
U27;34. jugoslovenska vazduhoplovni korpus
U27;35. jugoslovenska vazduhoplovni korpus
U27;36. jugoslovenska vazduhoplovni korpus
U27;37. jugoslovenska vazduhoplovni korpus
U27;38. jugoslovenska vazduhoplovni korpus
U27;39. jugoslovenska vazduhoplovni korpus
U27;40. jugoslovenska vazduhoplovni korpus
U27;41. jugoslovenska vazduhoplovni korpus
U27;42. jugoslovenska vazduhoplovni korpus
U27;43. jugoslovenska vazduhoplovni korpus
U27;44. jugoslovenska vazduhoplovni korpus
U27;45. jugoslovenska vazduhoplovni korpus
U27;46. jugoslovenska vazduhoplovni korpus
U27;47. jugoslovenska vazduhoplovni korpus
U27;48. jugoslovenska vazduhoplovni korpus
U27;49. jugoslovenska vazduhoplovni korpus
U27;50. jugoslovenska vazduhoplovni korpus
U28;1. Flota Ajrore Shqip?tare
U28;2. Flota Ajrore Shqip?tare
U28;3. Flota Ajrore Shqip?tare
U28;4. Flota Ajrore Shqip?tare
U28;5. Flota Ajrore Shqip?tare
U28;6. Flota Ajrore Shqip?tare
U28;7. Flota Ajrore Shqip?tare
U28;8. Flota Ajrore Shqip?tare
U28;9. Flota Ajrore Shqip?tare
U28;10. Flota Ajrore Shqip?tare
U28;11. Flota Ajrore Shqip?tare
U28;12. Flota Ajrore Shqip?tare
U28;13. Flota Ajrore Shqip?tare
U28;14. Flota Ajrore Shqip?tare
U28;15. Flota Ajrore Shqip?tare
U28;16. Flota Ajrore Shqip?tare
U28;17. Flota Ajrore Shqip?tare
U28;18. Flota Ajrore Shqip?tare
U28;19. Flota Ajrore Shqip?tare
U28;20. Flota Ajrore Shqip?tare
U28;21. Flota Ajrore Shqip?tare
U28;22. Flota Ajrore Shqip?tare
U28;23. Flota Ajrore Shqip?tare
U28;24. Flota Ajrore Shqip?tare
U28;25. Flota Ajrore Shqip?tare
U28;26. Flota Ajrore Shqip?tare
U28;27. Flota Ajrore Shqip?tare
U28;28. Flota Ajrore Shqip?tare
U28;29. Flota Ajrore Shqip?tare
U28;30. Flota Ajrore Shqip?tare
U28;31. Flota Ajrore Shqip?tare
U28;32. Flota Ajrore Shqip?tare
U28;33. Flota Ajrore Shqip?tare
U28;34. Flota Ajrore Shqip?tare
U28;35. Flota Ajrore Shqip?tare
U28;36. Flota Ajrore Shqip?tare
U28;37. Flota Ajrore Shqip?tare
U28;38. Flota Ajrore Shqip?tare
U28;39. Flota Ajrore Shqip?tare
U28;40. Flota Ajrore Shqip?tare
U28;41. Flota Ajrore Shqip?tare
U28;42. Flota Ajrore Shqip?tare
U28;43. Flota Ajrore Shqip?tare
U28;44. Flota Ajrore Shqip?tare
U28;45. Flota Ajrore Shqip?tare
U28;46. Flota Ajrore Shqip?tare
U28;47. Flota Ajrore Shqip?tare
U28;48. Flota Ajrore Shqip?tare
U28;49. Flota Ajrore Shqip?tare
U28;50. Flota Ajrore Shqip?tare
U29;1-va aviodiviziya
U29;2-ra aviodiviziya
U29;3-ta aviodiviziya
U29;4-ta aviodiviziya
U29;5-a aviodiviziya
U29;6-a aviodiviziya
U29;7-a aviodiviziya
U29;8-a aviodiviziya
U29;9-a aviodiviziya
U29;10-a aviodiviziya
U29;11-a aviodiviziya
U29;12-a aviodiviziya
U29;13-a aviodiviziya
U29;14-a aviodiviziya
U29;15-a aviodiviziya
U29;16-a aviodiviziya
U29;17-a aviodiviziya
U29;18-a aviodiviziya
U29;19-a aviodiviziya
U29;20-a aviodiviziya
U29;21-va aviodiviziya
U29;22-ra aviodiviziya
U29;23-ta aviodiviziya
U29;24-ta aviodiviziya
U29;25-a aviodiviziya
U29;26-a aviodiviziya
U29;27-a aviodiviziya
U29;28-a aviodiviziya
U29;29-a aviodiviziya
U29;30-a aviodiviziya
U29;31-va aviodiviziya
U29;32-ra aviodiviziya
U29;33-ta aviodiviziya
U29;34-ta aviodiviziya
U29;35-a aviodiviziya
U29;36-a aviodiviziya
U29;37-a aviodiviziya
U29;38-a aviodiviziya
U29;39-a aviodiviziya
U29;40-a aviodiviziya
U29;40-va aviodiviziya
U29;42-ra aviodiviziya
U29;43-ta aviodiviziya
U29;44-ta aviodiviziya
U29;45-a aviodiviziya
U29;46-a aviodiviziya
U29;47-a aviodiviziya
U29;48-a aviodiviziya
U29;49-a aviodiviziya
U29;50-a aviodiviziya
U30;Corpul 1 Aerian
U30;Corpul 2 Aerian
U30;Corpul 3 Aerian
U30;Corpul 4 Aerian
U30;Corpul 5 Aerian
U30;Corpul 6 Aerian
U30;Corpul 7 Aerian
U30;Corpul 8 Aerian
U30;Corpul 9 Aerian
U30;Corpul 10 Aerian
U30;Corpul 11 Aerian
U30;Corpul 12 Aerian
U30;Corpul 13 Aerian
U30;Corpul 14 Aerian
U30;Corpul 15 Aerian
U30;Corpul 16 Aerian
U30;Corpul 17 Aerian
U30;Corpul 18 Aerian
U30;Corpul 19 Aerian
U30;Corpul 20 Aerian
U30;Corpul 21 Aerian
U30;Corpul 22 Aerian
U30;Corpul 23 Aerian
U30;Corpul 24 Aerian
U30;Corpul 25 Aerian
U30;Corpul 26 Aerian
U30;Corpul 27 Aerian
U30;Corpul 28 Aerian
U30;Corpul 29 Aerian
U30;Corpul 30 Aerian
U30;Corpul 31 Aerian
U30;Corpul 32 Aerian
U30;Corpul 33 Aerian
U30;Corpul 34 Aerian
U30;Corpul 35 Aerian
U30;Corpul 36 Aerian
U30;Corpul 37 Aerian
U30;Corpul 38 Aerian
U30;Corpul 39 Aerian
U30;Corpul 40 Aerian
U30;Corpul 41 Aerian
U30;Corpul 42 Aerian
U30;Corpul 43 Aerian
U30;Corpul 44 Aerian
U30;Corpul 45 Aerian
U30;Corpul 46 Aerian
U30;Corpul 47 Aerian
U30;Corpul 48 Aerian
U30;Corpul 49 Aerian
U30;Corpul 50 Aerian
U31;I. Cechoslov?k Vzdusn? S?ly Arm?dy
U31;II. Cechoslov?k Vzdusn? S?ly Arm?dy
U31;III. Cechoslov?k Vzdusn? S?ly Arm?dy
U31;IV. Cechoslov?k Vzdusn? S?ly Arm?dy
U31;V. Cechoslov?k Vzdusn? S?ly Arm?dy
U31;VI. Cechoslov?k Vzdusn? S?ly Arm?dy
U31;VII. Cechoslov?k Vzdusn? S?ly Arm?dy
U31;VIII. Cechoslov?k Vzdusn? S?ly Arm?dy
U31;IX. Cechoslov?k Vzdusn? S?ly Arm?dy
U31;X. Cechoslov?k Vzdusn? S?ly Arm?dy
U31;XI. Cechoslov?k Vzdusn? S?ly Arm?dy
U31;XII. Cechoslov?k Vzdusn? S?ly Arm?dy
U31;XIII. Cechoslov?k Vzdusn? S?ly Arm?dy
U31;XIV. Cechoslov?k Vzdusn? S?ly Arm?dy
U31;XV. Cechoslov?k Vzdusn? S?ly Arm?dy
U31;XVI. Cechoslov?k Vzdusn? S?ly Arm?dy
U31;XVII. Cechoslov?k Vzdusn? S?ly Arm?dy
U31;XVIII. Cechoslov?k Vzdusn? S?ly Arm?dy
U31;XIX. Cechoslov?k Vzdusn? S?ly Arm?dy
U31;XX. Cechoslov?k Vzdusn? S?ly Arm?dy
U31;XXI. Cechoslov?k Vzdusn? S?ly Arm?dy
U31;XXII. Cechoslov?k Vzdusn? S?ly Arm?dy
U31;XXIII. Cechoslov?k Vzdusn? S?ly Arm?dy
U31;XXIV. Cechoslov?k Vzdusn? S?ly Arm?dy
U31;XXV. Cechoslov?k Vzdusn? S?ly Arm?dy
U31;XXVI. Cechoslov?k Vzdusn? S?ly Arm?dy
U31;XXVII. Cechoslov?k Vzdusn? S?ly Arm?dy
U31;XXVIII. Cechoslov?k Vzdusn? S?ly Arm?dy
U31;XXIX. Cechoslov?k Vzdusn? S?ly Arm?dy
U31;XXX. Cechoslov?k Vzdusn? S?ly Arm?dy
U31;XXXI. Cechoslov?k Vzdusn? S?ly Arm?dy
U31;XXXII. Cechoslov?k Vzdusn? S?ly Arm?dy
U31;XXXIII. Cechoslov?k Vzdusn? S?ly Arm?dy
U31;XXXIV. Cechoslov?k Vzdusn? S?ly Arm?dy
U31;XXXV. Cechoslov?k Vzdusn? S?ly Arm?dy
U31;XXXVI. Cechoslov?k Vzdusn? S?ly Arm?dy
U31;XXXVII. Cechoslov?k Vzdusn? S?ly Arm?dy
U31;XXXVIII. Cechoslov?k Vzdusn? S?ly Arm?dy
U31;XXXIX. Cechoslov?k Vzdusn? S?ly Arm?dy
U31;XL. Cechoslov?k Vzdusn? S?ly Arm?dy
U31;XLI. Cechoslov?k Vzdusn? S?ly Arm?dy
U31;XLII. Cechoslov?k Vzdusn? S?ly Arm?dy
U31;XLIII. Cechoslov?k Vzdusn? S?ly Arm?dy
U31;XLIV. Cechoslov?k Vzdusn? S?ly Arm?dy
U31;XLV. Cechoslov?k Vzdusn? S?ly Arm?dy
U31;XLVI. Cechoslov?k Vzdusn? S?ly Arm?dy
U31;XLVII. Cechoslov?k Vzdusn? S?ly Arm?dy
U31;XLVIII. Cechoslov?k Vzdusn? S?ly Arm?dy
U31;XLIX. Cechoslov?k Vzdusn? S?ly Arm?dy
U31;L. Cechoslov?k Vzdusn? S?ly Arm?dy
U32;1 Pulk Lotniczy
U32;2 Pulk Lotniczy
U32;3 Pulk Lotniczy
U32;4 Pulk Lotniczy
U32;5 Pulk Lotniczy
U32;6 Pulk Lotniczy
U32;7 Pulk Lotniczy
U32;8 Pulk Lotniczy
U32;9 Pulk Lotniczy
U32;10 Pulk Lotniczy
U32;11 Pulk Lotniczy
U32;12 Pulk Lotniczy
U32;13 Pulk Lotniczy
U32;14 Pulk Lotniczy
U32;15 Pulk Lotniczy
U32;16 Pulk Lotniczy
U32;17 Pulk Lotniczy
U32;18 Pulk Lotniczy
U32;19 Pulk Lotniczy
U32;20 Pulk Lotniczy
U32;21 Pulk Lotniczy
U32;22 Pulk Lotniczy
U32;23 Pulk Lotniczy
U32;24 Pulk Lotniczy
U32;25 Pulk Lotniczy
U32;26 Pulk Lotniczy
U32;27 Pulk Lotniczy
U32;28 Pulk Lotniczy
U32;29 Pulk Lotniczy
U32;30 Pulk Lotniczy
U32;31 Pulk Lotniczy
U32;32 Pulk Lotniczy
U32;33 Pulk Lotniczy
U32;34 Pulk Lotniczy
U32;35 Pulk Lotniczy
U32;36 Pulk Lotniczy
U32;37 Pulk Lotniczy
U32;38 Pulk Lotniczy
U32;39 Pulk Lotniczy
U32;40 Pulk Lotniczy
U32;41 Pulk Lotniczy
U32;42 Pulk Lotniczy
U32;43 Pulk Lotniczy
U32;44 Pulk Lotniczy
U32;45 Pulk Lotniczy
U32;46 Pulk Lotniczy
U32;47 Pulk Lotniczy
U32;48 Pulk Lotniczy
U32;49 Pulk Lotniczy
U32;50 Pulk Lotniczy
U33;I Elliniki Polemiki Aeroporia
U33;II Elliniki Polemiki Aeroporia
U33;III Elliniki Polemiki Aeroporia
U33;IV Elliniki Polemiki Aeroporia
U33;V Elliniki Polemiki Aeroporia
U33;VI Elliniki Polemiki Aeroporia
U33;VII Elliniki Polemiki Aeroporia
U33;VIII Elliniki Polemiki Aeroporia
U33;IX Elliniki Polemiki Aeroporia
U33;X Elliniki Polemiki Aeroporia
U33;XI Elliniki Polemiki Aeroporia
U33;XII Elliniki Polemiki Aeroporia
U33;XIII Elliniki Polemiki Aeroporia
U33;XIV Elliniki Polemiki Aeroporia
U33;XV Elliniki Polemiki Aeroporia
U33;XVI Elliniki Polemiki Aeroporia
U33;XVII Elliniki Polemiki Aeroporia
U33;XVIII Elliniki Polemiki Aeroporia
U33;XIX Elliniki Polemiki Aeroporia
U33;XX Elliniki Polemiki Aeroporia
U33;XXI Elliniki Polemiki Aeroporia
U33;XXII Elliniki Polemiki Aeroporia
U33;XXIII Elliniki Polemiki Aeroporia
U33;XXIV Elliniki Polemiki Aeroporia
U33;XXV Elliniki Polemiki Aeroporia
U33;XXVI Elliniki Polemiki Aeroporia
U33;XXVII Elliniki Polemiki Aeroporia
U33;XXVIII Elliniki Polemiki Aeroporia
U33;XXIX Elliniki Polemiki Aeroporia
U33;XXX Elliniki Polemiki Aeroporia
U33;XXXI Elliniki Polemiki Aeroporia
U33;XXXII Elliniki Polemiki Aeroporia
U33;XXXIII Elliniki Polemiki Aeroporia
U33;XXXIV Elliniki Polemiki Aeroporia
U33;XXXV Elliniki Polemiki Aeroporia
U33;XXXVI Elliniki Polemiki Aeroporia
U33;XXXVII Elliniki Polemiki Aeroporia
U33;XXXVIII Elliniki Polemiki Aeroporia
U33;XXXIX Elliniki Polemiki Aeroporia
U33;XL Elliniki Polemiki Aeroporia
U33;XLI Elliniki Polemiki Aeroporia
U33;XLII Elliniki Polemiki Aeroporia
U33;XLIII Elliniki Polemiki Aeroporia
U33;XLIV Elliniki Polemiki Aeroporia
U33;XLV Elliniki Polemiki Aeroporia
U33;XLVI Elliniki Polemiki Aeroporia
U33;XLVII Elliniki Polemiki Aeroporia
U33;XLVIII Elliniki Polemiki Aeroporia
U33;XLIX Elliniki Polemiki Aeroporia
U33;L Elliniki Polemiki Aeroporia
U34;1. Hava Kuvvetleri Komutanligi
U34;2. Hava Kuvvetleri Komutanligi
U34;3. Hava Kuvvetleri Komutanligi
U34;4. Hava Kuvvetleri Komutanligi
U34;5. Hava Kuvvetleri Komutanligi
U34;6. Hava Kuvvetleri Komutanligi
U34;7. Hava Kuvvetleri Komutanligi
U34;8. Hava Kuvvetleri Komutanligi
U34;9. Hava Kuvvetleri Komutanligi
U34;10. Hava Kuvvetleri Komutanligi
U34;11. Hava Kuvvetleri Komutanligi
U34;12. Hava Kuvvetleri Komutanligi
U34;13. Hava Kuvvetleri Komutanligi
U34;14. Hava Kuvvetleri Komutanligi
U34;15. Hava Kuvvetleri Komutanligi
U34;16. Hava Kuvvetleri Komutanligi
U34;17. Hava Kuvvetleri Komutanligi
U34;18. Hava Kuvvetleri Komutanligi
U34;19. Hava Kuvvetleri Komutanligi
U34;20. Hava Kuvvetleri Komutanligi
U34;21. Hava Kuvvetleri Komutanligi
U34;22. Hava Kuvvetleri Komutanligi
U34;23. Hava Kuvvetleri Komutanligi
U34;24. Hava Kuvvetleri Komutanligi
U34;25. Hava Kuvvetleri Komutanligi
U34;26. Hava Kuvvetleri Komutanligi
U34;27. Hava Kuvvetleri Komutanligi
U34;28. Hava Kuvvetleri Komutanligi
U34;29. Hava Kuvvetleri Komutanligi
U34;30. Hava Kuvvetleri Komutanligi
U34;31. Hava Kuvvetleri Komutanligi
U34;32. Hava Kuvvetleri Komutanligi
U34;33. Hava Kuvvetleri Komutanligi
U34;34. Hava Kuvvetleri Komutanligi
U34;35. Hava Kuvvetleri Komutanligi
U34;36. Hava Kuvvetleri Komutanligi
U34;37. Hava Kuvvetleri Komutanligi
U34;38. Hava Kuvvetleri Komutanligi
U34;39. Hava Kuvvetleri Komutanligi
U34;40. Hava Kuvvetleri Komutanligi
U34;41. Hava Kuvvetleri Komutanligi
U34;42. Hava Kuvvetleri Komutanligi
U34;43. Hava Kuvvetleri Komutanligi
U34;44. Hava Kuvvetleri Komutanligi
U34;45. Hava Kuvvetleri Komutanligi
U34;46. Hava Kuvvetleri Komutanligi
U34;47. Hava Kuvvetleri Komutanligi
U34;48. Hava Kuvvetleri Komutanligi
U34;49. Hava Kuvvetleri Komutanligi
U34;50. Hava Kuvvetleri Komutanligi
U35;1a Regi?n A?rea del Ej?rcito del Aire
U35;2a Regi?n A?rea del Ej?rcito del Aire
U35;3a Regi?n A?rea del Ej?rcito del Aire
U35;4a Regi?n A?rea del Ej?rcito del Aire
U35;5a Regi?n A?rea del Ej?rcito del Aire
U35;6a Regi?n A?rea del Ej?rcito del Aire
U35;7a Regi?n A?rea del Ej?rcito del Aire
U35;8a Regi?n A?rea del Ej?rcito del Aire
U35;9a Regi?n A?rea del Ej?rcito del Aire
U35;10a Regi?n A?rea del Ej?rcito del Aire
U35;11a Regi?n A?rea del Ej?rcito del Aire
U35;12a Regi?n A?rea del Ej?rcito del Aire
U35;13a Regi?n A?rea del Ej?rcito del Aire
U35;14a Regi?n A?rea del Ej?rcito del Aire
U35;15a Regi?n A?rea del Ej?rcito del Aire
U35;16a Regi?n A?rea del Ej?rcito del Aire
U35;17a Regi?n A?rea del Ej?rcito del Aire
U35;18a Regi?n A?rea del Ej?rcito del Aire
U35;19a Regi?n A?rea del Ej?rcito del Aire
U35;20a Regi?n A?rea del Ej?rcito del Aire
U35;21a Regi?n A?rea del Ej?rcito del Aire
U35;22a Regi?n A?rea del Ej?rcito del Aire
U35;23a Regi?n A?rea del Ej?rcito del Aire
U35;24a Regi?n A?rea del Ej?rcito del Aire
U35;25a Regi?n A?rea del Ej?rcito del Aire
U35;26a Regi?n A?rea del Ej?rcito del Aire
U35;27a Regi?n A?rea del Ej?rcito del Aire
U35;28a Regi?n A?rea del Ej?rcito del Aire
U35;29a Regi?n A?rea del Ej?rcito del Aire
U35;30a Regi?n A?rea del Ej?rcito del Aire
U35;31a Regi?n A?rea del Ej?rcito del Aire
U35;32a Regi?n A?rea del Ej?rcito del Aire
U35;33a Regi?n A?rea del Ej?rcito del Aire
U35;34a Regi?n A?rea del Ej?rcito del Aire
U35;35a Regi?n A?rea del Ej?rcito del Aire
U35;36a Regi?n A?rea del Ej?rcito del Aire
U35;37a Regi?n A?rea del Ej?rcito del Aire
U35;38a Regi?n A?rea del Ej?rcito del Aire
U35;39a Regi?n A?rea del Ej?rcito del Aire
U35;40a Regi?n A?rea del Ej?rcito del Aire
U35;41a Regi?n A?rea del Ej?rcito del Aire
U35;42a Regi?n A?rea del Ej?rcito del Aire
U35;43a Regi?n A?rea del Ej?rcito del Aire
U35;44a Regi?n A?rea del Ej?rcito del Aire
U35;45a Regi?n A?rea del Ej?rcito del Aire
U35;46a Regi?n A?rea del Ej?rcito del Aire
U35;47a Regi?n A?rea del Ej?rcito del Aire
U35;48a Regi?n A?rea del Ej?rcito del Aire
U35;49a Regi?n A?rea del Ej?rcito del Aire
U35;50a Regi?n A?rea del Ej?rcito del Aire
U36;Di'1 Kongjun
U36;Di'2 Kongjun
U36;Di'3 Kongjun
U36;Di'4 Kongjun
U36;Di'5 Kongjun
U36;Di'6 Kongjun
U36;Di'7 Kongjun
U36;Di'8 Kongjun
U36;Di'9 Kongjun
U36;Di'10 Kongjun
U36;Di'11 Kongjun
U36;Di'12 Kongjun
U36;Di'13 Kongjun
U36;Di'14 Kongjun
U36;Di'15 Kongjun
U36;Di'16 Kongjun
U36;Di'17 Kongjun
U36;Di'18 Kongjun
U36;Di'19 Kongjun
U36;Di'20 Kongjun
U36;Di'21 Kongjun
U36;Di'22 Kongjun
U36;Di'23 Kongjun
U36;Di'24 Kongjun
U36;Di'25 Kongjun
U36;Di'26 Kongjun
U36;Di'27 Kongjun
U36;Di'28 Kongjun
U36;Di'29 Kongjun
U36;Di'30 Kongjun
U36;Di'31 Kongjun
U36;Di'32 Kongjun
U36;Di'33 Kongjun
U36;Di'34 Kongjun
U36;Di'35 Kongjun
U36;Di'36 Kongjun
U36;Di'37 Kongjun
U36;Di'38 Kongjun
U36;Di'39 Kongjun
U36;Di'40 Kongjun
U36;Di'41 Kongjun
U36;Di'42 Kongjun
U36;Di'43 Kongjun
U36;Di'44 Kongjun
U36;Di'45 Kongjun
U36;Di'46 Kongjun
U36;Di'47 Kongjun
U36;Di'48 Kongjun
U36;Di'49 Kongjun
U36;Di'50 Kongjun
U39;1. Hava Kuvvetleri Komutanligi
U39;2. Hava Kuvvetleri Komutanligi
U39;3. Hava Kuvvetleri Komutanligi
U39;4. Hava Kuvvetleri Komutanligi
U39;5. Hava Kuvvetleri Komutanligi
U39;6. Hava Kuvvetleri Komutanligi
U39;7. Hava Kuvvetleri Komutanligi
U39;8. Hava Kuvvetleri Komutanligi
U39;9. Hava Kuvvetleri Komutanligi
U39;10. Hava Kuvvetleri Komutanligi
U39;11. Hava Kuvvetleri Komutanligi
U39;12. Hava Kuvvetleri Komutanligi
U39;13. Hava Kuvvetleri Komutanligi
U39;14. Hava Kuvvetleri Komutanligi
U39;15. Hava Kuvvetleri Komutanligi
U39;16. Hava Kuvvetleri Komutanligi
U39;17. Hava Kuvvetleri Komutanligi
U39;18. Hava Kuvvetleri Komutanligi
U39;19. Hava Kuvvetleri Komutanligi
U39;20. Hava Kuvvetleri Komutanligi
U39;21. Hava Kuvvetleri Komutanligi
U39;22. Hava Kuvvetleri Komutanligi
U39;23. Hava Kuvvetleri Komutanligi
U39;24. Hava Kuvvetleri Komutanligi
U39;25. Hava Kuvvetleri Komutanligi
U39;26. Hava Kuvvetleri Komutanligi
U39;27. Hava Kuvvetleri Komutanligi
U39;28. Hava Kuvvetleri Komutanligi
U39;29. Hava Kuvvetleri Komutanligi
U39;30. Hava Kuvvetleri Komutanligi
U39;31. Hava Kuvvetleri Komutanligi
U39;32. Hava Kuvvetleri Komutanligi
U39;33. Hava Kuvvetleri Komutanligi
U39;34. Hava Kuvvetleri Komutanligi
U39;35. Hava Kuvvetleri Komutanligi
U39;36. Hava Kuvvetleri Komutanligi
U39;37. Hava Kuvvetleri Komutanligi
U39;38. Hava Kuvvetleri Komutanligi
U39;39. Hava Kuvvetleri Komutanligi
U39;40. Hava Kuvvetleri Komutanligi
U39;41. Hava Kuvvetleri Komutanligi
U39;42. Hava Kuvvetleri Komutanligi
U39;43. Hava Kuvvetleri Komutanligi
U39;44. Hava Kuvvetleri Komutanligi
U39;45. Hava Kuvvetleri Komutanligi
U39;46. Hava Kuvvetleri Komutanligi
U39;47. Hava Kuvvetleri Komutanligi
U39;48. Hava Kuvvetleri Komutanligi
U39;49. Hava Kuvvetleri Komutanligi
U39;50. Hava Kuvvetleri Komutanligi
U49;1a Squadra Aerea Africana
U49;2a Squadra Aerea Africana
U49;3a Squadra Aerea Africana
U49;4a Squadra Aerea Africana
U49;5a Squadra Aerea Africana
U49;6a Squadra Aerea Africana
U49;7a Squadra Aerea Africana
U49;8a Squadra Aerea Africana
U49;9a Squadra Aerea Africana
U49;10a Squadra Aerea Africana
U49;11a Squadra Aerea Africana
U49;12a Squadra Aerea Africana
U49;13a Squadra Aerea Africana
U49;14a Squadra Aerea Africana
U49;15a Squadra Aerea Africana
U49;16a Squadra Aerea Africana
U49;17a Squadra Aerea Africana
U49;18a Squadra Aerea Africana
U49;19a Squadra Aerea Africana
U49;20a Squadra Aerea Africana
U49;21a Squadra Aerea Africana
U49;22a Squadra Aerea Africana
U49;23a Squadra Aerea Africana
U49;24a Squadra Aerea Africana
U49;25a Squadra Aerea Africana
U49;26a Squadra Aerea Africana
U49;27a Squadra Aerea Africana
U49;28a Squadra Aerea Africana
U49;29a Squadra Aerea Africana
U49;30a Squadra Aerea Africana
U49;31a Squadra Aerea Africana
U49;32a Squadra Aerea Africana
U49;33a Squadra Aerea Africana
U49;34a Squadra Aerea Africana
U49;35a Squadra Aerea Africana
U49;36a Squadra Aerea Africana
U49;37a Squadra Aerea Africana
U49;38a Squadra Aerea Africana
U49;39a Squadra Aerea Africana
U49;40a Squadra Aerea Africana
U49;41a Squadra Aerea Africana
U49;42a Squadra Aerea Africana
U49;43a Squadra Aerea Africana
U49;44a Squadra Aerea Africana
U49;45a Squadra Aerea Africana
U49;46a Squadra Aerea Africana
U49;47a Squadra Aerea Africana
U49;48a Squadra Aerea Africana
U49;49a Squadra Aerea Africana
U49;50a Squadra Aerea Africana
U57;I Flotilla A?rea
U57;II Flotilla A?rea
U57;III Flotilla A?rea
U57;IV Flotilla A?rea
U57;V Flotilla A?rea
U57;VI Flotilla A?rea
U57;VII Flotilla A?rea
U57;VIII Flotilla A?rea
U57;IX Flotilla A?rea
U57;X Flotilla A?rea
U57;XI Flotilla A?rea
U57;XII Flotilla A?rea
U57;XIII Flotilla A?rea
U57;XIV Flotilla A?rea
U57;XV Flotilla A?rea
U57;XVI Flotilla A?rea
U57;XVII Flotilla A?rea
U57;XVIII Flotilla A?rea
U57;XIX Flotilla A?rea
U57;XX Flotilla A?rea
U57;XXI Flotilla A?rea
U57;XXII Flotilla A?rea
U57;XXIII Flotilla A?rea
U57;XXIV Flotilla A?rea
U57;XXV Flotilla A?rea
U57;XXVI Flotilla A?rea
U57;XXVII Flotilla A?rea
U57;XXVIII Flotilla A?rea
U57;XXIX Flotilla A?rea
U57;XXX Flotilla A?rea
U57;XXXI Flotilla A?rea
U57;XXXII Flotilla A?rea
U57;XXXIII Flotilla A?rea
U57;XXXIV Flotilla A?rea
U57;XXXV Flotilla A?rea
U57;XXXVI Flotilla A?rea
U57;XXXVII Flotilla A?rea
U57;XXXVIII Flotilla A?rea
U57;XXXIX Flotilla A?rea
U57;XL Flotilla A?rea
U57;XLI Flotilla A?rea
U57;XLII Flotilla A?rea
U57;XLIII Flotilla A?rea
U57;XLIV Flotilla A?rea
U57;XLV Flotilla A?rea
U57;XLVI Flotilla A?rea
U57;XLVII Flotilla A?rea
U57;XLVIII Flotilla A?rea
U57;XLIX Flotilla A?rea
U57;L Flotilla A?rea
U58;I Flotilla A?rea
U58;II Flotilla A?rea
U58;III Flotilla A?rea
U58;IV Flotilla A?rea
U58;V Flotilla A?rea
U58;VI Flotilla A?rea
U58;VII Flotilla A?rea
U58;VIII Flotilla A?rea
U58;IX Flotilla A?rea
U58;X Flotilla A?rea
U58;XI Flotilla A?rea
U58;XII Flotilla A?rea
U58;XIII Flotilla A?rea
U58;XIV Flotilla A?rea
U58;XV Flotilla A?rea
U58;XVI Flotilla A?rea
U58;XVII Flotilla A?rea
U58;XVIII Flotilla A?rea
U58;XIX Flotilla A?rea
U58;XX Flotilla A?rea
U58;XXI Flotilla A?rea
U58;XXII Flotilla A?rea
U58;XXIII Flotilla A?rea
U58;XXIV Flotilla A?rea
U58;XXV Flotilla A?rea
U58;XXVI Flotilla A?rea
U58;XXVII Flotilla A?rea
U58;XXVIII Flotilla A?rea
U58;XXIX Flotilla A?rea
U58;XXX Flotilla A?rea
U58;XXXI Flotilla A?rea
U58;XXXII Flotilla A?rea
U58;XXXIII Flotilla A?rea
U58;XXXIV Flotilla A?rea
U58;XXXV Flotilla A?rea
U58;XXXVI Flotilla A?rea
U58;XXXVII Flotilla A?rea
U58;XXXVIII Flotilla A?rea
U58;XXXIX Flotilla A?rea
U58;XL Flotilla A?rea
U58;XLI Flotilla A?rea
U58;XLII Flotilla A?rea
U58;XLIII Flotilla A?rea
U58;XLIV Flotilla A?rea
U58;XLV Flotilla A?rea
U58;XLVI Flotilla A?rea
U58;XLVII Flotilla A?rea
U58;XLVIII Flotilla A?rea
U58;XLIX Flotilla A?rea
U58;L Flotilla A?rea
U59;I Flotilla A?rea
U59;II Flotilla A?rea
U59;III Flotilla A?rea
U59;IV Flotilla A?rea
U59;V Flotilla A?rea
U59;VI Flotilla A?rea
U59;VII Flotilla A?rea
U59;VIII Flotilla A?rea
U59;IX Flotilla A?rea
U59;X Flotilla A?rea
U59;XI Flotilla A?rea
U59;XII Flotilla A?rea
U59;XIII Flotilla A?rea
U59;XIV Flotilla A?rea
U59;XV Flotilla A?rea
U59;XVI Flotilla A?rea
U59;XVII Flotilla A?rea
U59;XVIII Flotilla A?rea
U59;XIX Flotilla A?rea
U59;XX Flotilla A?rea
U59;XXI Flotilla A?rea
U59;XXII Flotilla A?rea
U59;XXIII Flotilla A?rea
U59;XXIV Flotilla A?rea
U59;XXV Flotilla A?rea
U59;XXVI Flotilla A?rea
U59;XXVII Flotilla A?rea
U59;XXVIII Flotilla A?rea
U59;XXIX Flotilla A?rea
U59;XXX Flotilla A?rea
U59;XXXI Flotilla A?rea
U59;XXXII Flotilla A?rea
U59;XXXIII Flotilla A?rea
U59;XXXIV Flotilla A?rea
U59;XXXV Flotilla A?rea
U59;XXXVI Flotilla A?rea
U59;XXXVII Flotilla A?rea
U59;XXXVIII Flotilla A?rea
U59;XXXIX Flotilla A?rea
U59;XL Flotilla A?rea
U59;XLI Flotilla A?rea
U59;XLII Flotilla A?rea
U59;XLIII Flotilla A?rea
U59;XLIV Flotilla A?rea
U59;XLV Flotilla A?rea
U59;XLVI Flotilla A?rea
U59;XLVII Flotilla A?rea
U59;XLVIII Flotilla A?rea
U59;XLIX Flotilla A?rea
U59;L Flotilla A?rea
U60;No.1 RNAF Command
U60;No.2 RNAF Command
U60;No.3 RNAF Command
U60;No.4 RNAF Command
U60;No.5 RNAF Command
U60;No.6 RNAF Command
U60;No.7 RNAF Command
U60;No.8 RNAF Command
U60;No.9 RNAF Command
U60;No.10 RNAF Command
U60;No.11 RNAF Command
U60;No.12 RNAF Command
U60;No.13 RNAF Command
U60;No.14 RNAF Command
U60;No.15 RNAF Command
U60;No.16 RNAF Command
U60;No.17 RNAF Command
U60;No.18 RNAF Command
U60;No.19 RNAF Command
U60;No.20 RNAF Command
U60;No.21 RNAF Command
U60;No.22 RNAF Command
U60;No.23 RNAF Command
U60;No.24 RNAF Command
U60;No.25 RNAF Command
U60;No.26 RNAF Command
U60;No.27 RNAF Command
U60;No.28 RNAF Command
U60;No.29 RNAF Command
U60;No.30 RNAF Command
U60;No.31 RNAF Command
U60;No.32 RNAF Command
U60;No.33 RNAF Command
U60;No.34 RNAF Command
U60;No.35 RNAF Command
U60;No.36 RNAF Command
U60;No.37 RNAF Command
U60;No.38 RNAF Command
U60;No.39 RNAF Command
U60;No.40 RNAF Command
U60;No.41 RNAF Command
U60;No.42 RNAF Command
U60;No.43 RNAF Command
U60;No.44 RNAF Command
U60;No.45 RNAF Command
U60;No.46 RNAF Command
U60;No.47 RNAF Command
U60;No.48 RNAF Command
U60;No.49 RNAF Command
U60;No.50 RNAF Command
U67;Di'1 Kongjun
U67;Di'2 Kongjun
U67;Di'3 Kongjun
U67;Di'4 Kongjun
U67;Di'5 Kongjun
U67;Di'6 Kongjun
U67;Di'7 Kongjun
U67;Di'8 Kongjun
U67;Di'9 Kongjun
U67;Di'10 Kongjun
U67;Di'11 Kongjun
U67;Di'12 Kongjun
U67;Di'13 Kongjun
U67;Di'14 Kongjun
U67;Di'15 Kongjun
U67;Di'16 Kongjun
U67;Di'17 Kongjun
U67;Di'18 Kongjun
U67;Di'19 Kongjun
U67;Di'20 Kongjun
U67;Di'21 Kongjun
U67;Di'22 Kongjun
U67;Di'23 Kongjun
U67;Di'24 Kongjun
U67;Di'25 Kongjun
U67;Di'26 Kongjun
U67;Di'27 Kongjun
U67;Di'28 Kongjun
U67;Di'29 Kongjun
U67;Di'30 Kongjun
U67;Di'31 Kongjun
U67;Di'32 Kongjun
U67;Di'33 Kongjun
U67;Di'34 Kongjun
U67;Di'35 Kongjun
U67;Di'36 Kongjun
U67;Di'37 Kongjun
U67;Di'38 Kongjun
U67;Di'39 Kongjun
U67;Di'40 Kongjun
U67;Di'41 Kongjun
U67;Di'42 Kongjun
U67;Di'43 Kongjun
U67;Di'44 Kongjun
U67;Di'45 Kongjun
U67;Di'46 Kongjun
U67;Di'47 Kongjun
U67;Di'48 Kongjun
U67;Di'49 Kongjun
U67;Di'50 Kongjun
U70;No.1 Ugandan Air Command
U70;No.2 Ugandan Air Command
U70;No.3 Ugandan Air Command
U70;No.4 Ugandan Air Command
U70;No.5 Ugandan Air Command
U70;No.6 Ugandan Air Command
U70;No.7 Ugandan Air Command
U70;No.8 Ugandan Air Command
U70;No.9 Ugandan Air Command
U70;No.10 Ugandan Air Command
U70;No.11 Ugandan Air Command
U70;No.12 Ugandan Air Command
U70;No.13 Ugandan Air Command
U70;No.14 Ugandan Air Command
U70;No.15 Ugandan Air Command
U70;No.16 Ugandan Air Command
U70;No.17 Ugandan Air Command
U70;No.18 Ugandan Air Command
U70;No.19 Ugandan Air Command
U70;No.20 Ugandan Air Command
U70;No.21 Ugandan Air Command
U70;No.22 Ugandan Air Command
U70;No.23 Ugandan Air Command
U70;No.24 Ugandan Air Command
U70;No.25 Ugandan Air Command
U70;No.26 Ugandan Air Command
U70;No.27 Ugandan Air Command
U70;No.28 Ugandan Air Command
U70;No.29 Ugandan Air Command
U70;No.30 Ugandan Air Command
U70;No.31 Ugandan Air Command
U70;No.32 Ugandan Air Command
U70;No.33 Ugandan Air Command
U70;No.34 Ugandan Air Command
U70;No.35 Ugandan Air Command
U70;No.36 Ugandan Air Command
U70;No.37 Ugandan Air Command
U70;No.38 Ugandan Air Command
U70;No.39 Ugandan Air Command
U70;No.40 Ugandan Air Command
U70;No.41 Ugandan Air Command
U70;No.42 Ugandan Air Command
U70;No.43 Ugandan Air Command
U70;No.44 Ugandan Air Command
U70;No.45 Ugandan Air Command
U70;No.46 Ugandan Air Command
U70;No.47 Ugandan Air Command
U70;No.48 Ugandan Air Command
U70;No.49 Ugandan Air Command
U70;No.50 Ugandan Air Command
U71;No.1 Ulster Air Command
U71;No.2 Ulster Air Command
U71;No.3 Ulster Air Command
U71;No.4 Ulster Air Command
U71;No.5 Ulster Air Command
U71;No.6 Ulster Air Command
U71;No.7 Ulster Air Command
U71;No.8 Ulster Air Command
U71;No.9 Ulster Air Command
U71;No.10 Ulster Air Command
U71;No.11 Ulster Air Command
U71;No.12 Ulster Air Command
U71;No.13 Ulster Air Command
U71;No.14 Ulster Air Command
U71;No.15 Ulster Air Command
U71;No.16 Ulster Air Command
U71;No.17 Ulster Air Command
U71;No.18 Ulster Air Command
U71;No.19 Ulster Air Command
U71;No.20 Ulster Air Command
U71;No.21 Ulster Air Command
U71;No.22 Ulster Air Command
U71;No.23 Ulster Air Command
U71;No.24 Ulster Air Command
U71;No.25 Ulster Air Command
U71;No.26 Ulster Air Command
U71;No.27 Ulster Air Command
U71;No.28 Ulster Air Command
U71;No.29 Ulster Air Command
U71;No.30 Ulster Air Command
U71;No.31 Ulster Air Command
U71;No.32 Ulster Air Command
U71;No.33 Ulster Air Command
U71;No.34 Ulster Air Command
U71;No.35 Ulster Air Command
U71;No.36 Ulster Air Command
U71;No.37 Ulster Air Command
U71;No.38 Ulster Air Command
U71;No.39 Ulster Air Command
U71;No.40 Ulster Air Command
U71;No.41 Ulster Air Command
U71;No.42 Ulster Air Command
U71;No.43 Ulster Air Command
U71;No.44 Ulster Air Command
U71;No.45 Ulster Air Command
U71;No.46 Ulster Air Command
U71;No.47 Ulster Air Command
U71;No.48 Ulster Air Command
U71;No.49 Ulster Air Command
U71;No.50 Ulster Air Command
U72;Su do?n 1 Kh?ng qu?n Nh?n d?n Vi?t Nam
U72;Su do?n 2 Kh?ng qu?n Nh?n d?n Vi?t Nam
U72;Su do?n 3 Kh?ng qu?n Nh?n d?n Vi?t Nam
U72;Su do?n 4 Kh?ng qu?n Nh?n d?n Vi?t Nam
U72;Su do?n 5 Kh?ng qu?n Nh?n d?n Vi?t Nam
U72;Su do?n 6 Kh?ng qu?n Nh?n d?n Vi?t Nam
U72;Su do?n 7 Kh?ng qu?n Nh?n d?n Vi?t Nam
U72;Su do?n 8 Kh?ng qu?n Nh?n d?n Vi?t Nam
U72;Su do?n 9 Kh?ng qu?n Nh?n d?n Vi?t Nam
U72;Su do?n 10 Kh?ng qu?n Nh?n d?n Vi?t Nam
U72;Su do?n 11 Kh?ng qu?n Nh?n d?n Vi?t Nam
U72;Su do?n 12 Kh?ng qu?n Nh?n d?n Vi?t Nam
U72;Su do?n 13 Kh?ng qu?n Nh?n d?n Vi?t Nam
U72;Su do?n 14 Kh?ng qu?n Nh?n d?n Vi?t Nam
U72;Su do?n 15 Kh?ng qu?n Nh?n d?n Vi?t Nam
U72;Su do?n 16 Kh?ng qu?n Nh?n d?n Vi?t Nam
U72;Su do?n 17 Kh?ng qu?n Nh?n d?n Vi?t Nam
U72;Su do?n 18 Kh?ng qu?n Nh?n d?n Vi?t Nam
U72;Su do?n 19 Kh?ng qu?n Nh?n d?n Vi?t Nam
U72;Su do?n 20 Kh?ng qu?n Nh?n d?n Vi?t Nam
U72;Su do?n 21 Kh?ng qu?n Nh?n d?n Vi?t Nam
U72;Su do?n 22 Kh?ng qu?n Nh?n d?n Vi?t Nam
U72;Su do?n 23 Kh?ng qu?n Nh?n d?n Vi?t Nam
U72;Su do?n 24 Kh?ng qu?n Nh?n d?n Vi?t Nam
U72;Su do?n 25 Kh?ng qu?n Nh?n d?n Vi?t Nam
U72;Su do?n 26 Kh?ng qu?n Nh?n d?n Vi?t Nam
U72;Su do?n 27 Kh?ng qu?n Nh?n d?n Vi?t Nam
U72;Su do?n 28 Kh?ng qu?n Nh?n d?n Vi?t Nam
U72;Su do?n 29 Kh?ng qu?n Nh?n d?n Vi?t Nam
U72;Su do?n 30 Kh?ng qu?n Nh?n d?n Vi?t Nam
U72;Su do?n 31 Kh?ng qu?n Nh?n d?n Vi?t Nam
U72;Su do?n 32 Kh?ng qu?n Nh?n d?n Vi?t Nam
U72;Su do?n 33 Kh?ng qu?n Nh?n d?n Vi?t Nam
U72;Su do?n 34 Kh?ng qu?n Nh?n d?n Vi?t Nam
U72;Su do?n 35 Kh?ng qu?n Nh?n d?n Vi?t Nam
U72;Su do?n 36 Kh?ng qu?n Nh?n d?n Vi?t Nam
U72;Su do?n 37 Kh?ng qu?n Nh?n d?n Vi?t Nam
U72;Su do?n 38 Kh?ng qu?n Nh?n d?n Vi?t Nam
U72;Su do?n 39 Kh?ng qu?n Nh?n d?n Vi?t Nam
U72;Su do?n 40 Kh?ng qu?n Nh?n d?n Vi?t Nam
U72;Su do?n 41 Kh?ng qu?n Nh?n d?n Vi?t Nam
U72;Su do?n 42 Kh?ng qu?n Nh?n d?n Vi?t Nam
U72;Su do?n 43 Kh?ng qu?n Nh?n d?n Vi?t Nam
U72;Su do?n 44 Kh?ng qu?n Nh?n d?n Vi?t Nam
U72;Su do?n 45 Kh?ng qu?n Nh?n d?n Vi?t Nam
U72;Su do?n 46 Kh?ng qu?n Nh?n d?n Vi?t Nam
U72;Su do?n 47 Kh?ng qu?n Nh?n d?n Vi?t Nam
U72;Su do?n 48 Kh?ng qu?n Nh?n d?n Vi?t Nam
U72;Su do?n 49 Kh?ng qu?n Nh?n d?n Vi?t Nam
U72;Su do?n 50 Kh?ng qu?n Nh?n d?n Vi?t Nam
U73;No.1 English Air Command
U73;No.2 English Air Command
U73;No.3 English Air Command
U73;No.4 English Air Command
U73;No.5 English Air Command
U73;No.6 English Air Command
U73;No.7 English Air Command
U73;No.8 English Air Command
U73;No.9 English Air Command
U73;No.10 English Air Command
U73;No.11 English Air Command
U73;No.12 English Air Command
U73;No.13 English Air Command
U73;No.14 English Air Command
U73;No.15 English Air Command
U73;No.16 English Air Command
U73;No.17 English Air Command
U73;No.18 English Air Command
U73;No.19 English Air Command
U73;No.20 English Air Command
U73;No.21 English Air Command
U73;No.22 English Air Command
U73;No.23 English Air Command
U73;No.24 English Air Command
U73;No.25 English Air Command
U73;No.26 English Air Command
U73;No.27 English Air Command
U73;No.28 English Air Command
U73;No.29 English Air Command
U73;No.30 English Air Command
U73;No.31 English Air Command
U73;No.32 English Air Command
U73;No.33 English Air Command
U73;No.34 English Air Command
U73;No.35 English Air Command
U73;No.36 English Air Command
U73;No.37 English Air Command
U73;No.38 English Air Command
U73;No.39 English Air Command
U73;No.40 English Air Command
U73;No.41 English Air Command
U73;No.42 English Air Command
U73;No.43 English Air Command
U73;No.44 English Air Command
U73;No.45 English Air Command
U73;No.46 English Air Command
U73;No.47 English Air Command
U73;No.48 English Air Command
U73;No.49 English Air Command
U73;No.50 English Air Command
U73;No.51 English Air Command
U73;No.52 English Air Command
U73;No.53 English Air Command
U73;No.54 English Air Command
U73;No.55 English Air Command
U73;No.56 English Air Command
U73;No.57 English Air Command
U73;No.58 English Air Command
U73;No.59 English Air Command
U73;No.60 English Air Command
U73;No.61 English Air Command
U73;No.62 English Air Command
U73;No.63 English Air Command
U73;No.64 English Air Command
U73;No.65 English Air Command
U73;No.66 English Air Command
U73;No.67 English Air Command
U73;No.68 English Air Command
U73;No.69 English Air Command
U73;No.70 English Air Command
U73;No.71 English Air Command
U73;No.72 English Air Command
U73;No.73 English Air Command
U73;No.74 English Air Command
U73;No.75 English Air Command
U73;No.76 English Air Command
U73;No.77 English Air Command
U73;No.78 English Air Command
U73;No.79 English Air Command
U73;No.80 English Air Command
U73;No.81 English Air Command
U73;No.82 English Air Command
U73;No.83 English Air Command
U73;No.84 English Air Command
U73;No.85 English Air Command
U73;No.86 English Air Command
U73;No.87 English Air Command
U73;No.88 English Air Command
U73;No.89 English Air Command
U73;No.90 English Air Command
U73;No.91 English Air Command
U73;No.92 English Air Command
U73;No.93 English Air Command
U73;No.94 English Air Command
U73;No.95 English Air Command
U73;No.96 English Air Command
U73;No.97 English Air Command
U73;No.98 English Air Command
U73;No.99 English Air Command
U73;No.100 English Air Command
U74;Di'1 Kongjun
U74;Di'2 Kongjun
U74;Di'3 Kongjun
U74;Di'4 Kongjun
U74;Di'5 Kongjun
U74;Di'6 Kongjun
U74;Di'7 Kongjun
U74;Di'8 Kongjun
U74;Di'9 Kongjun
U74;Di'10 Kongjun
U74;Di'11 Kongjun
U74;Di'12 Kongjun
U74;Di'13 Kongjun
U74;Di'14 Kongjun
U74;Di'15 Kongjun
U74;Di'16 Kongjun
U74;Di'17 Kongjun
U74;Di'18 Kongjun
U74;Di'19 Kongjun
U74;Di'20 Kongjun
U74;Di'21 Kongjun
U74;Di'22 Kongjun
U74;Di'23 Kongjun
U74;Di'24 Kongjun
U74;Di'25 Kongjun
U74;Di'26 Kongjun
U74;Di'27 Kongjun
U74;Di'28 Kongjun
U74;Di'29 Kongjun
U74;Di'30 Kongjun
U74;Di'31 Kongjun
U74;Di'32 Kongjun
U74;Di'33 Kongjun
U74;Di'34 Kongjun
U74;Di'35 Kongjun
U74;Di'36 Kongjun
U74;Di'37 Kongjun
U74;Di'38 Kongjun
U74;Di'39 Kongjun
U74;Di'40 Kongjun
U74;Di'41 Kongjun
U74;Di'42 Kongjun
U74;Di'43 Kongjun
U74;Di'44 Kongjun
U74;Di'45 Kongjun
U74;Di'46 Kongjun
U74;Di'47 Kongjun
U74;Di'48 Kongjun
U74;Di'49 Kongjun
U74;Di'50 Kongjun
U74;Di'51 Kongjun
U74;Di'52 Kongjun
U74;Di'53 Kongjun
U74;Di'54 Kongjun
U74;Di'55 Kongjun
U74;Di'56 Kongjun
U74;Di'57 Kongjun
U74;Di'58 Kongjun
U74;Di'59 Kongjun
U74;Di'60 Kongjun
U74;Di'61 Kongjun
U74;Di'62 Kongjun
U74;Di'63 Kongjun
U74;Di'64 Kongjun
U74;Di'65 Kongjun
U74;Di'66 Kongjun
U74;Di'67 Kongjun
U74;Di'68 Kongjun
U74;Di'69 Kongjun
U74;Di'70 Kongjun
U74;Di'71 Kongjun
U74;Di'72 Kongjun
U74;Di'73 Kongjun
U74;Di'74 Kongjun
U74;Di'75 Kongjun
U74;Di'76 Kongjun
U74;Di'77 Kongjun
U74;Di'78 Kongjun
U74;Di'79 Kongjun
U74;Di'80 Kongjun
U74;Di'81 Kongjun
U74;Di'82 Kongjun
U74;Di'83 Kongjun
U74;Di'84 Kongjun
U74;Di'85 Kongjun
U74;Di'86 Kongjun
U74;Di'87 Kongjun
U74;Di'88 Kongjun
U74;Di'89 Kongjun
U74;Di'90 Kongjun
U74;Di'91 Kongjun
U74;Di'92 Kongjun
U74;Di'93 Kongjun
U74;Di'94 Kongjun
U74;Di'95 Kongjun
U74;Di'96 Kongjun
U74;Di'97 Kongjun
U74;Di'98 Kongjun
U74;Di'99 Kongjun
U74;Di'100 Kongjun
U75;No.1 Singaporean Air Command
U75;No.2 Singaporean Air Command
U75;No.3 Singaporean Air Command
U75;No.4 Singaporean Air Command
U75;No.5 Singaporean Air Command
U75;No.6 Singaporean Air Command
U75;No.7 Singaporean Air Command
U75;No.8 Singaporean Air Command
U75;No.9 Singaporean Air Command
U75;No.10 Singaporean Air Command
U75;No.11 Singaporean Air Command
U75;No.12 Singaporean Air Command
U75;No.13 Singaporean Air Command
U75;No.14 Singaporean Air Command
U75;No.15 Singaporean Air Command
U75;No.16 Singaporean Air Command
U75;No.17 Singaporean Air Command
U75;No.18 Singaporean Air Command
U75;No.19 Singaporean Air Command
U75;No.20 Singaporean Air Command
U75;No.21 Singaporean Air Command
U75;No.22 Singaporean Air Command
U75;No.23 Singaporean Air Command
U75;No.24 Singaporean Air Command
U75;No.25 Singaporean Air Command
U75;No.26 Singaporean Air Command
U75;No.27 Singaporean Air Command
U75;No.28 Singaporean Air Command
U75;No.29 Singaporean Air Command
U75;No.30 Singaporean Air Command
U75;No.31 Singaporean Air Command
U75;No.32 Singaporean Air Command
U75;No.33 Singaporean Air Command
U75;No.34 Singaporean Air Command
U75;No.35 Singaporean Air Command
U75;No.36 Singaporean Air Command
U75;No.37 Singaporean Air Command
U75;No.38 Singaporean Air Command
U75;No.39 Singaporean Air Command
U75;No.40 Singaporean Air Command
U75;No.41 Singaporean Air Command
U75;No.42 Singaporean Air Command
U75;No.43 Singaporean Air Command
U75;No.44 Singaporean Air Command
U75;No.45 Singaporean Air Command
U75;No.46 Singaporean Air Command
U75;No.47 Singaporean Air Command
U75;No.48 Singaporean Air Command
U75;No.49 Singaporean Air Command
U75;No.50 Singaporean Air Command
U76;No.1 Welsh Air Command
U76;No.2 Welsh Air Command
U76;No.3 Welsh Air Command
U76;No.4 Welsh Air Command
U76;No.5 Welsh Air Command
U76;No.6 Welsh Air Command
U76;No.7 Welsh Air Command
U76;No.8 Welsh Air Command
U76;No.9 Welsh Air Command
U76;No.10 Welsh Air Command
U76;No.11 Welsh Air Command
U76;No.12 Welsh Air Command
U76;No.13 Welsh Air Command
U76;No.14 Welsh Air Command
U76;No.15 Welsh Air Command
U76;No.16 Welsh Air Command
U76;No.17 Welsh Air Command
U76;No.18 Welsh Air Command
U76;No.19 Welsh Air Command
U76;No.20 Welsh Air Command
U76;No.21 Welsh Air Command
U76;No.22 Welsh Air Command
U76;No.23 Welsh Air Command
U76;No.24 Welsh Air Command
U76;No.25 Welsh Air Command
U76;No.26 Welsh Air Command
U76;No.27 Welsh Air Command
U76;No.28 Welsh Air Command
U76;No.29 Welsh Air Command
U76;No.30 Welsh Air Command
U76;No.31 Welsh Air Command
U76;No.32 Welsh Air Command
U76;No.33 Welsh Air Command
U76;No.34 Welsh Air Command
U76;No.35 Welsh Air Command
U76;No.36 Welsh Air Command
U76;No.37 Welsh Air Command
U76;No.38 Welsh Air Command
U76;No.39 Welsh Air Command
U76;No.40 Welsh Air Command
U76;No.41 Welsh Air Command
U76;No.42 Welsh Air Command
U76;No.43 Welsh Air Command
U76;No.44 Welsh Air Command
U76;No.45 Welsh Air Command
U76;No.46 Welsh Air Command
U76;No.47 Welsh Air Command
U76;No.48 Welsh Air Command
U76;No.49 Welsh Air Command
U76;No.50 Welsh Air Command
U77;I Cuerpo de Aviaci?n gran colombiano
U77;II Cuerpo de Aviaci?n gran colombiano
U77;III Cuerpo de Aviaci?n gran colombiano
U77;IV Cuerpo de Aviaci?n gran colombiano
U77;V Cuerpo de Aviaci?n gran colombiano
U77;VI Cuerpo de Aviaci?n gran colombiano
U77;VII Cuerpo de Aviaci?n gran colombiano
U77;VIII Cuerpo de Aviaci?n gran colombiano
U77;IX Cuerpo de Aviaci?n gran colombiano
U77;X Cuerpo de Aviaci?n gran colombiano
U77;XI Cuerpo de Aviaci?n gran colombiano
U77;XII Cuerpo de Aviaci?n gran colombiano
U77;XIII Cuerpo de Aviaci?n gran colombiano
U77;XIV Cuerpo de Aviaci?n gran colombiano
U77;XV Cuerpo de Aviaci?n gran colombiano
U77;XVI Cuerpo de Aviaci?n gran colombiano
U77;XVII Cuerpo de Aviaci?n gran colombiano
U77;XVIII Cuerpo de Aviaci?n gran colombiano
U77;XIX Cuerpo de Aviaci?n gran colombiano
U77;XX Cuerpo de Aviaci?n gran colombiano
U77;XXI Cuerpo de Aviaci?n gran colombiano
U77;XXII Cuerpo de Aviaci?n gran colombiano
U77;XXIII Cuerpo de Aviaci?n gran colombiano
U77;XXIV Cuerpo de Aviaci?n gran colombiano
U77;XXV Cuerpo de Aviaci?n gran colombiano
U77;XXVI Cuerpo de Aviaci?n gran colombiano
U77;XXVII Cuerpo de Aviaci?n gran colombiano
U77;XXVIII Cuerpo de Aviaci?n gran colombiano
U77;XXIX Cuerpo de Aviaci?n gran colombiano
U77;XXX Cuerpo de Aviaci?n gran colombiano
U77;XXXI Cuerpo de Aviaci?n gran colombiano
U77;XXXII Cuerpo de Aviaci?n gran colombiano
U77;XXXIII Cuerpo de Aviaci?n gran colombiano
U77;XXXIV Cuerpo de Aviaci?n gran colombiano
U77;XXXV Cuerpo de Aviaci?n gran colombiano
U77;XXXVI Cuerpo de Aviaci?n gran colombiano
U77;XXXVII Cuerpo de Aviaci?n gran colombiano
U77;XXXVIII Cuerpo de Aviaci?n gran colombiano
U77;XXXIX Cuerpo de Aviaci?n gran colombiano
U77;XL Cuerpo de Aviaci?n gran colombiano
U77;XLI Cuerpo de Aviaci?n gran colombiano
U77;XLII Cuerpo de Aviaci?n gran colombiano
U77;XLIII Cuerpo de Aviaci?n gran colombiano
U77;XLIV Cuerpo de Aviaci?n gran colombiano
U77;XLV Cuerpo de Aviaci?n gran colombiano
U77;XLVI Cuerpo de Aviaci?n gran colombiano
U77;XLVII Cuerpo de Aviaci?n gran colombiano
U77;XLVIII Cuerpo de Aviaci?n gran colombiano
U77;XLIX Cuerpo de Aviaci?n gran colombiano
U77;L Cuerpo de Aviaci?n gran colombiano
U78;I Cuerpo de Aviaci?n centroamericano
U78;II Cuerpo de Aviaci?n centroamericano
U78;III Cuerpo de Aviaci?n centroamericano
U78;IV Cuerpo de Aviaci?n centroamericano
U78;V Cuerpo de Aviaci?n centroamericano
U78;VI Cuerpo de Aviaci?n centroamericano
U78;VII Cuerpo de Aviaci?n centroamericano
U78;VIII Cuerpo de Aviaci?n centroamericano
U78;IX Cuerpo de Aviaci?n centroamericano
U78;X Cuerpo de Aviaci?n centroamericano
U78;XI Cuerpo de Aviaci?n centroamericano
U78;XII Cuerpo de Aviaci?n centroamericano
U78;XIII Cuerpo de Aviaci?n centroamericano
U78;XIV Cuerpo de Aviaci?n centroamericano
U78;XV Cuerpo de Aviaci?n centroamericano
U78;XVI Cuerpo de Aviaci?n centroamericano
U78;XVII Cuerpo de Aviaci?n centroamericano
U78;XVIII Cuerpo de Aviaci?n centroamericano
U78;XIX Cuerpo de Aviaci?n centroamericano
U78;XX Cuerpo de Aviaci?n centroamericano
U78;XXI Cuerpo de Aviaci?n centroamericano
U78;XXII Cuerpo de Aviaci?n centroamericano
U78;XXIII Cuerpo de Aviaci?n centroamericano
U78;XXIV Cuerpo de Aviaci?n centroamericano
U78;XXV Cuerpo de Aviaci?n centroamericano
U78;XXVI Cuerpo de Aviaci?n centroamericano
U78;XXVII Cuerpo de Aviaci?n centroamericano
U78;XXVIII Cuerpo de Aviaci?n centroamericano
U78;XXIX Cuerpo de Aviaci?n centroamericano
U78;XXX Cuerpo de Aviaci?n centroamericano
U78;XXXI Cuerpo de Aviaci?n centroamericano
U78;XXXII Cuerpo de Aviaci?n centroamericano
U78;XXXIII Cuerpo de Aviaci?n centroamericano
U78;XXXIV Cuerpo de Aviaci?n centroamericano
U78;XXXV Cuerpo de Aviaci?n centroamericano
U78;XXXVI Cuerpo de Aviaci?n centroamericano
U78;XXXVII Cuerpo de Aviaci?n centroamericano
U78;XXXVIII Cuerpo de Aviaci?n centroamericano
U78;XXXIX Cuerpo de Aviaci?n centroamericano
U78;XL Cuerpo de Aviaci?n centroamericano
U78;XLI Cuerpo de Aviaci?n centroamericano
U78;XLII Cuerpo de Aviaci?n centroamericano
U78;XLIII Cuerpo de Aviaci?n centroamericano
U78;XLIV Cuerpo de Aviaci?n centroamericano
U78;XLV Cuerpo de Aviaci?n centroamericano
U78;XLVI Cuerpo de Aviaci?n centroamericano
U78;XLVII Cuerpo de Aviaci?n centroamericano
U78;XLVIII Cuerpo de Aviaci?n centroamericano
U78;XLIX Cuerpo de Aviaci?n centroamericano
U78;L Cuerpo de Aviaci?n centroamericano
U79;No.1 West Indian Air Command
U79;No.2 West Indian Air Command
U79;No.3 West Indian Air Command
U79;No.4 West Indian Air Command
U79;No.5 West Indian Air Command
U79;No.6 West Indian Air Command
U79;No.7 West Indian Air Command
U79;No.8 West Indian Air Command
U79;No.9 West Indian Air Command
U79;No.10 West Indian Air Command
U79;No.11 West Indian Air Command
U79;No.12 West Indian Air Command
U79;No.13 West Indian Air Command
U79;No.14 West Indian Air Command
U79;No.15 West Indian Air Command
U79;No.16 West Indian Air Command
U79;No.17 West Indian Air Command
U79;No.18 West Indian Air Command
U79;No.19 West Indian Air Command
U79;No.20 West Indian Air Command
U79;No.21 West Indian Air Command
U79;No.22 West Indian Air Command
U79;No.23 West Indian Air Command
U79;No.24 West Indian Air Command
U79;No.25 West Indian Air Command
U79;No.26 West Indian Air Command
U79;No.27 West Indian Air Command
U79;No.28 West Indian Air Command
U79;No.29 West Indian Air Command
U79;No.30 West Indian Air Command
U79;No.31 West Indian Air Command
U79;No.32 West Indian Air Command
U79;No.33 West Indian Air Command
U79;No.34 West Indian Air Command
U79;No.35 West Indian Air Command
U79;No.36 West Indian Air Command
U79;No.37 West Indian Air Command
U79;No.38 West Indian Air Command
U79;No.39 West Indian Air Command
U79;No.40 West Indian Air Command
U79;No.41 West Indian Air Command
U79;No.42 West Indian Air Command
U79;No.43 West Indian Air Command
U79;No.44 West Indian Air Command
U79;No.45 West Indian Air Command
U79;No.46 West Indian Air Command
U79;No.47 West Indian Air Command
U79;No.48 West Indian Air Command
U79;No.49 West Indian Air Command
U79;No.50 West Indian Air Command
U80;No.1 Kashmiri Air Command
U80;No.2 Kashmiri Air Command
U80;No.3 Kashmiri Air Command
U80;No.4 Kashmiri Air Command
U80;No.5 Kashmiri Air Command
U80;No.6 Kashmiri Air Command
U80;No.7 Kashmiri Air Command
U80;No.8 Kashmiri Air Command
U80;No.9 Kashmiri Air Command
U80;No.10 Kashmiri Air Command
U80;No.11 Kashmiri Air Command
U80;No.12 Kashmiri Air Command
U80;No.13 Kashmiri Air Command
U80;No.14 Kashmiri Air Command
U80;No.15 Kashmiri Air Command
U80;No.16 Kashmiri Air Command
U80;No.17 Kashmiri Air Command
U80;No.18 Kashmiri Air Command
U80;No.19 Kashmiri Air Command
U80;No.20 Kashmiri Air Command
U80;No.21 Kashmiri Air Command
U80;No.22 Kashmiri Air Command
U80;No.23 Kashmiri Air Command
U80;No.24 Kashmiri Air Command
U80;No.25 Kashmiri Air Command
U80;No.26 Kashmiri Air Command
U80;No.27 Kashmiri Air Command
U80;No.28 Kashmiri Air Command
U80;No.29 Kashmiri Air Command
U80;No.30 Kashmiri Air Command
U80;No.31 Kashmiri Air Command
U80;No.32 Kashmiri Air Command
U80;No.33 Kashmiri Air Command
U80;No.34 Kashmiri Air Command
U80;No.35 Kashmiri Air Command
U80;No.36 Kashmiri Air Command
U80;No.37 Kashmiri Air Command
U80;No.38 Kashmiri Air Command
U80;No.39 Kashmiri Air Command
U80;No.40 Kashmiri Air Command
U80;No.41 Kashmiri Air Command
U80;No.42 Kashmiri Air Command
U80;No.43 Kashmiri Air Command
U80;No.44 Kashmiri Air Command
U80;No.45 Kashmiri Air Command
U80;No.46 Kashmiri Air Command
U80;No.47 Kashmiri Air Command
U80;No.48 Kashmiri Air Command
U80;No.49 Kashmiri Air Command
U80;No.50 Kashmiri Air Command
U81;1re Division A?rienne volta?que
U81;2e Division A?rienne volta?que
U81;3e Division A?rienne volta?que
U81;4e Division A?rienne volta?que
U81;5e Division A?rienne volta?que
U81;6e Division A?rienne volta?que
U81;7e Division A?rienne volta?que
U81;8e Division A?rienne volta?que
U81;9e Division A?rienne volta?que
U81;10e Division A?rienne volta?que
U81;11e Division A?rienne volta?que
U81;12e Division A?rienne volta?que
U81;13e Division A?rienne volta?que
U81;14e Division A?rienne volta?que
U81;15e Division A?rienne volta?que
U81;16e Division A?rienne volta?que
U81;17e Division A?rienne volta?que
U81;18e Division A?rienne volta?que
U81;19e Division A?rienne volta?que
U81;20e Division A?rienne volta?que
U81;21e Division A?rienne volta?que
U81;22e Division A?rienne volta?que
U81;23e Division A?rienne volta?que
U81;24e Division A?rienne volta?que
U81;25e Division A?rienne volta?que
U81;26e Division A?rienne volta?que
U81;27e Division A?rienne volta?que
U81;28e Division A?rienne volta?que
U81;29e Division A?rienne volta?que
U81;30e Division A?rienne volta?que
U81;31e Division A?rienne volta?que
U81;32e Division A?rienne volta?que
U81;33e Division A?rienne volta?que
U81;34e Division A?rienne volta?que
U81;35e Division A?rienne volta?que
U81;36e Division A?rienne volta?que
U81;37e Division A?rienne volta?que
U81;38e Division A?rienne volta?que
U81;39e Division A?rienne volta?que
U81;40e Division A?rienne volta?que
U81;41e Division A?rienne volta?que
U81;42e Division A?rienne volta?que
U81;43e Division A?rienne volta?que
U81;44e Division A?rienne volta?que
U81;45e Division A?rienne volta?que
U81;46e Division A?rienne volta?que
U81;47e Division A?rienne volta?que
U81;48e Division A?rienne volta?que
U81;49e Division A?rienne volta?que
U81;50e Division A?rienne volta?que
U82;1re Division A?rienne centrafricaine
U82;2e Division A?rienne centrafricaine
U82;3e Division A?rienne centrafricaine
U82;4e Division A?rienne centrafricaine
U82;5e Division A?rienne centrafricaine
U82;6e Division A?rienne centrafricaine
U82;7e Division A?rienne centrafricaine
U82;8e Division A?rienne centrafricaine
U82;9e Division A?rienne centrafricaine
U82;10e Division A?rienne centrafricaine
U82;11e Division A?rienne centrafricaine
U82;12e Division A?rienne centrafricaine
U82;13e Division A?rienne centrafricaine
U82;14e Division A?rienne centrafricaine
U82;15e Division A?rienne centrafricaine
U82;16e Division A?rienne centrafricaine
U82;17e Division A?rienne centrafricaine
U82;18e Division A?rienne centrafricaine
U82;19e Division A?rienne centrafricaine
U82;20e Division A?rienne centrafricaine
U82;21e Division A?rienne centrafricaine
U82;22e Division A?rienne centrafricaine
U82;23e Division A?rienne centrafricaine
U82;24e Division A?rienne centrafricaine
U82;25e Division A?rienne centrafricaine
U82;26e Division A?rienne centrafricaine
U82;27e Division A?rienne centrafricaine
U82;28e Division A?rienne centrafricaine
U82;29e Division A?rienne centrafricaine
U82;30e Division A?rienne centrafricaine
U82;31e Division A?rienne centrafricaine
U82;32e Division A?rienne centrafricaine
U82;33e Division A?rienne centrafricaine
U82;34e Division A?rienne centrafricaine
U82;35e Division A?rienne centrafricaine
U82;36e Division A?rienne centrafricaine
U82;37e Division A?rienne centrafricaine
U82;38e Division A?rienne centrafricaine
U82;39e Division A?rienne centrafricaine
U82;40e Division A?rienne centrafricaine
U82;41e Division A?rienne centrafricaine
U82;42e Division A?rienne centrafricaine
U82;43e Division A?rienne centrafricaine
U82;44e Division A?rienne centrafricaine
U82;45e Division A?rienne centrafricaine
U82;46e Division A?rienne centrafricaine
U82;47e Division A?rienne centrafricaine
U82;48e Division A?rienne centrafricaine
U82;49e Division A?rienne centrafricaine
U82;50e Division A?rienne centrafricaine
U83;No.1 Sri Lankan Air Command
U83;No.2 Sri Lankan Air Command
U83;No.3 Sri Lankan Air Command
U83;No.4 Sri Lankan Air Command
U83;No.5 Sri Lankan Air Command
U83;No.6 Sri Lankan Air Command
U83;No.7 Sri Lankan Air Command
U83;No.8 Sri Lankan Air Command
U83;No.9 Sri Lankan Air Command
U83;No.10 Sri Lankan Air Command
U83;No.11 Sri Lankan Air Command
U83;No.12 Sri Lankan Air Command
U83;No.13 Sri Lankan Air Command
U83;No.14 Sri Lankan Air Command
U83;No.15 Sri Lankan Air Command
U83;No.16 Sri Lankan Air Command
U83;No.17 Sri Lankan Air Command
U83;No.18 Sri Lankan Air Command
U83;No.19 Sri Lankan Air Command
U83;No.20 Sri Lankan Air Command
U83;No.21 Sri Lankan Air Command
U83;No.22 Sri Lankan Air Command
U83;No.23 Sri Lankan Air Command
U83;No.24 Sri Lankan Air Command
U83;No.25 Sri Lankan Air Command
U83;No.26 Sri Lankan Air Command
U83;No.27 Sri Lankan Air Command
U83;No.28 Sri Lankan Air Command
U83;No.29 Sri Lankan Air Command
U83;No.30 Sri Lankan Air Command
U83;No.31 Sri Lankan Air Command
U83;No.32 Sri Lankan Air Command
U83;No.33 Sri Lankan Air Command
U83;No.34 Sri Lankan Air Command
U83;No.35 Sri Lankan Air Command
U83;No.36 Sri Lankan Air Command
U83;No.37 Sri Lankan Air Command
U83;No.38 Sri Lankan Air Command
U83;No.39 Sri Lankan Air Command
U83;No.40 Sri Lankan Air Command
U83;No.41 Sri Lankan Air Command
U83;No.42 Sri Lankan Air Command
U83;No.43 Sri Lankan Air Command
U83;No.44 Sri Lankan Air Command
U83;No.45 Sri Lankan Air Command
U83;No.46 Sri Lankan Air Command
U83;No.47 Sri Lankan Air Command
U83;No.48 Sri Lankan Air Command
U83;No.49 Sri Lankan Air Command
U83;No.50 Sri Lankan Air Command
U84;1re Division A?rienne tchadienne
U84;2e Division A?rienne tchadienne
U84;3e Division A?rienne tchadienne
U84;4e Division A?rienne tchadienne
U84;5e Division A?rienne tchadienne
U84;6e Division A?rienne tchadienne
U84;7e Division A?rienne tchadienne
U84;8e Division A?rienne tchadienne
U84;9e Division A?rienne tchadienne
U84;10e Division A?rienne tchadienne
U84;11e Division A?rienne tchadienne
U84;12e Division A?rienne tchadienne
U84;13e Division A?rienne tchadienne
U84;14e Division A?rienne tchadienne
U84;15e Division A?rienne tchadienne
U84;16e Division A?rienne tchadienne
U84;17e Division A?rienne tchadienne
U84;18e Division A?rienne tchadienne
U84;19e Division A?rienne tchadienne
U84;20e Division A?rienne tchadienne
U84;21e Division A?rienne tchadienne
U84;22e Division A?rienne tchadienne
U84;23e Division A?rienne tchadienne
U84;24e Division A?rienne tchadienne
U84;25e Division A?rienne tchadienne
U84;26e Division A?rienne tchadienne
U84;27e Division A?rienne tchadienne
U84;28e Division A?rienne tchadienne
U84;29e Division A?rienne tchadienne
U84;30e Division A?rienne tchadienne
U84;31e Division A?rienne tchadienne
U84;32e Division A?rienne tchadienne
U84;33e Division A?rienne tchadienne
U84;34e Division A?rienne tchadienne
U84;35e Division A?rienne tchadienne
U84;36e Division A?rienne tchadienne
U84;37e Division A?rienne tchadienne
U84;38e Division A?rienne tchadienne
U84;39e Division A?rienne tchadienne
U84;40e Division A?rienne tchadienne
U84;41e Division A?rienne tchadienne
U84;42e Division A?rienne tchadienne
U84;43e Division A?rienne tchadienne
U84;44e Division A?rienne tchadienne
U84;45e Division A?rienne tchadienne
U84;46e Division A?rienne tchadienne
U84;47e Division A?rienne tchadienne
U84;48e Division A?rienne tchadienne
U84;49e Division A?rienne tchadienne
U84;50e Division A?rienne tchadienne
U85;1re Division A?rienne congolaise
U85;2e Division A?rienne congolaise
U85;3e Division A?rienne congolaise
U85;4e Division A?rienne congolaise
U85;5e Division A?rienne congolaise
U85;6e Division A?rienne congolaise
U85;7e Division A?rienne congolaise
U85;8e Division A?rienne congolaise
U85;9e Division A?rienne congolaise
U85;10e Division A?rienne congolaise
U85;11e Division A?rienne congolaise
U85;12e Division A?rienne congolaise
U85;13e Division A?rienne congolaise
U85;14e Division A?rienne congolaise
U85;15e Division A?rienne congolaise
U85;16e Division A?rienne congolaise
U85;17e Division A?rienne congolaise
U85;18e Division A?rienne congolaise
U85;19e Division A?rienne congolaise
U85;20e Division A?rienne congolaise
U85;21e Division A?rienne congolaise
U85;22e Division A?rienne congolaise
U85;23e Division A?rienne congolaise
U85;24e Division A?rienne congolaise
U85;25e Division A?rienne congolaise
U85;26e Division A?rienne congolaise
U85;27e Division A?rienne congolaise
U85;28e Division A?rienne congolaise
U85;29e Division A?rienne congolaise
U85;30e Division A?rienne congolaise
U85;31e Division A?rienne congolaise
U85;32e Division A?rienne congolaise
U85;33e Division A?rienne congolaise
U85;34e Division A?rienne congolaise
U85;35e Division A?rienne congolaise
U85;36e Division A?rienne congolaise
U85;37e Division A?rienne congolaise
U85;38e Division A?rienne congolaise
U85;39e Division A?rienne congolaise
U85;40e Division A?rienne congolaise
U85;41e Division A?rienne congolaise
U85;42e Division A?rienne congolaise
U85;43e Division A?rienne congolaise
U85;44e Division A?rienne congolaise
U85;45e Division A?rienne congolaise
U85;46e Division A?rienne congolaise
U85;47e Division A?rienne congolaise
U85;48e Division A?rienne congolaise
U85;49e Division A?rienne congolaise
U85;50e Division A?rienne congolaise
U86;No.1 Gambian Air Command
U86;No.2 Gambian Air Command
U86;No.3 Gambian Air Command
U86;No.4 Gambian Air Command
U86;No.5 Gambian Air Command
U86;No.6 Gambian Air Command
U86;No.7 Gambian Air Command
U86;No.8 Gambian Air Command
U86;No.9 Gambian Air Command
U86;No.10 Gambian Air Command
U86;No.11 Gambian Air Command
U86;No.12 Gambian Air Command
U86;No.13 Gambian Air Command
U86;No.14 Gambian Air Command
U86;No.15 Gambian Air Command
U86;No.16 Gambian Air Command
U86;No.17 Gambian Air Command
U86;No.18 Gambian Air Command
U86;No.19 Gambian Air Command
U86;No.20 Gambian Air Command
U86;No.21 Gambian Air Command
U86;No.22 Gambian Air Command
U86;No.23 Gambian Air Command
U86;No.24 Gambian Air Command
U86;No.25 Gambian Air Command
U86;No.26 Gambian Air Command
U86;No.27 Gambian Air Command
U86;No.28 Gambian Air Command
U86;No.29 Gambian Air Command
U86;No.30 Gambian Air Command
U86;No.31 Gambian Air Command
U86;No.32 Gambian Air Command
U86;No.33 Gambian Air Command
U86;No.34 Gambian Air Command
U86;No.35 Gambian Air Command
U86;No.36 Gambian Air Command
U86;No.37 Gambian Air Command
U86;No.38 Gambian Air Command
U86;No.39 Gambian Air Command
U86;No.40 Gambian Air Command
U86;No.41 Gambian Air Command
U86;No.42 Gambian Air Command
U86;No.43 Gambian Air Command
U86;No.44 Gambian Air Command
U86;No.45 Gambian Air Command
U86;No.46 Gambian Air Command
U86;No.47 Gambian Air Command
U86;No.48 Gambian Air Command
U86;No.49 Gambian Air Command
U86;No.50 Gambian Air Command
U87;Di'1 Kongjun
U87;Di'2 Kongjun
U87;Di'3 Kongjun
U87;Di'4 Kongjun
U87;Di'5 Kongjun
U87;Di'6 Kongjun
U87;Di'7 Kongjun
U87;Di'8 Kongjun
U87;Di'9 Kongjun
U87;Di'10 Kongjun
U87;Di'11 Kongjun
U87;Di'12 Kongjun
U87;Di'13 Kongjun
U87;Di'14 Kongjun
U87;Di'15 Kongjun
U87;Di'16 Kongjun
U87;Di'17 Kongjun
U87;Di'18 Kongjun
U87;Di'19 Kongjun
U87;Di'20 Kongjun
U87;Di'21 Kongjun
U87;Di'22 Kongjun
U87;Di'23 Kongjun
U87;Di'24 Kongjun
U87;Di'25 Kongjun
U87;Di'26 Kongjun
U87;Di'27 Kongjun
U87;Di'28 Kongjun
U87;Di'29 Kongjun
U87;Di'30 Kongjun
U87;Di'31 Kongjun
U87;Di'32 Kongjun
U87;Di'33 Kongjun
U87;Di'34 Kongjun
U87;Di'35 Kongjun
U87;Di'36 Kongjun
U87;Di'37 Kongjun
U87;Di'38 Kongjun
U87;Di'39 Kongjun
U87;Di'40 Kongjun
U87;Di'41 Kongjun
U87;Di'42 Kongjun
U87;Di'43 Kongjun
U87;Di'44 Kongjun
U87;Di'45 Kongjun
U87;Di'46 Kongjun
U87;Di'47 Kongjun
U87;Di'48 Kongjun
U87;Di'49 Kongjun
U87;Di'50 Kongjun
U87;Di'51 Kongjun
U87;Di'52 Kongjun
U87;Di'53 Kongjun
U87;Di'54 Kongjun
U87;Di'55 Kongjun
U87;Di'56 Kongjun
U87;Di'57 Kongjun
U87;Di'58 Kongjun
U87;Di'59 Kongjun
U87;Di'60 Kongjun
U87;Di'61 Kongjun
U87;Di'62 Kongjun
U87;Di'63 Kongjun
U87;Di'64 Kongjun
U87;Di'65 Kongjun
U87;Di'66 Kongjun
U87;Di'67 Kongjun
U87;Di'68 Kongjun
U87;Di'69 Kongjun
U87;Di'70 Kongjun
U87;Di'71 Kongjun
U87;Di'72 Kongjun
U87;Di'73 Kongjun
U87;Di'74 Kongjun
U87;Di'75 Kongjun
U87;Di'76 Kongjun
U87;Di'77 Kongjun
U87;Di'78 Kongjun
U87;Di'79 Kongjun
U87;Di'80 Kongjun
U87;Di'81 Kongjun
U87;Di'82 Kongjun
U87;Di'83 Kongjun
U87;Di'84 Kongjun
U87;Di'85 Kongjun
U87;Di'86 Kongjun
U87;Di'87 Kongjun
U87;Di'88 Kongjun
U87;Di'89 Kongjun
U87;Di'90 Kongjun
U87;Di'91 Kongjun
U87;Di'92 Kongjun
U87;Di'93 Kongjun
U87;Di'94 Kongjun
U87;Di'95 Kongjun
U87;Di'96 Kongjun
U87;Di'97 Kongjun
U87;Di'98 Kongjun
U87;Di'99 Kongjun
U87;Di'100 Kongjun
U88;1re Division A?rienne ivoirienne
U88;2e Division A?rienne ivoirienne
U88;3e Division A?rienne ivoirienne
U88;4e Division A?rienne ivoirienne
U88;5e Division A?rienne ivoirienne
U88;6e Division A?rienne ivoirienne
U88;7e Division A?rienne ivoirienne
U88;8e Division A?rienne ivoirienne
U88;9e Division A?rienne ivoirienne
U88;10e Division A?rienne ivoirienne
U88;11e Division A?rienne ivoirienne
U88;12e Division A?rienne ivoirienne
U88;13e Division A?rienne ivoirienne
U88;14e Division A?rienne ivoirienne
U88;15e Division A?rienne ivoirienne
U88;16e Division A?rienne ivoirienne
U88;17e Division A?rienne ivoirienne
U88;18e Division A?rienne ivoirienne
U88;19e Division A?rienne ivoirienne
U88;20e Division A?rienne ivoirienne
U88;21e Division A?rienne ivoirienne
U88;22e Division A?rienne ivoirienne
U88;23e Division A?rienne ivoirienne
U88;24e Division A?rienne ivoirienne
U88;25e Division A?rienne ivoirienne
U88;26e Division A?rienne ivoirienne
U88;27e Division A?rienne ivoirienne
U88;28e Division A?rienne ivoirienne
U88;29e Division A?rienne ivoirienne
U88;30e Division A?rienne ivoirienne
U88;31e Division A?rienne ivoirienne
U88;32e Division A?rienne ivoirienne
U88;33e Division A?rienne ivoirienne
U88;34e Division A?rienne ivoirienne
U88;35e Division A?rienne ivoirienne
U88;36e Division A?rienne ivoirienne
U88;37e Division A?rienne ivoirienne
U88;38e Division A?rienne ivoirienne
U88;39e Division A?rienne ivoirienne
U88;40e Division A?rienne ivoirienne
U88;41e Division A?rienne ivoirienne
U88;42e Division A?rienne ivoirienne
U88;43e Division A?rienne ivoirienne
U88;44e Division A?rienne ivoirienne
U88;45e Division A?rienne ivoirienne
U88;46e Division A?rienne ivoirienne
U88;47e Division A?rienne ivoirienne
U88;48e Division A?rienne ivoirienne
U88;49e Division A?rienne ivoirienne
U88;50e Division A?rienne ivoirienne
U89;No.1 Jamaican Air Command
U89;No.2 Jamaican Air Command
U89;No.3 Jamaican Air Command
U89;No.4 Jamaican Air Command
U89;No.5 Jamaican Air Command
U89;No.6 Jamaican Air Command
U89;No.7 Jamaican Air Command
U89;No.8 Jamaican Air Command
U89;No.9 Jamaican Air Command
U89;No.10 Jamaican Air Command
U89;No.11 Jamaican Air Command
U89;No.12 Jamaican Air Command
U89;No.13 Jamaican Air Command
U89;No.14 Jamaican Air Command
U89;No.15 Jamaican Air Command
U89;No.16 Jamaican Air Command
U89;No.17 Jamaican Air Command
U89;No.18 Jamaican Air Command
U89;No.19 Jamaican Air Command
U89;No.20 Jamaican Air Command
U89;No.21 Jamaican Air Command
U89;No.22 Jamaican Air Command
U89;No.23 Jamaican Air Command
U89;No.24 Jamaican Air Command
U89;No.25 Jamaican Air Command
U89;No.26 Jamaican Air Command
U89;No.27 Jamaican Air Command
U89;No.28 Jamaican Air Command
U89;No.29 Jamaican Air Command
U89;No.30 Jamaican Air Command
U89;No.31 Jamaican Air Command
U89;No.32 Jamaican Air Command
U89;No.33 Jamaican Air Command
U89;No.34 Jamaican Air Command
U89;No.35 Jamaican Air Command
U89;No.36 Jamaican Air Command
U89;No.37 Jamaican Air Command
U89;No.38 Jamaican Air Command
U89;No.39 Jamaican Air Command
U89;No.40 Jamaican Air Command
U89;No.41 Jamaican Air Command
U89;No.42 Jamaican Air Command
U89;No.43 Jamaican Air Command
U89;No.44 Jamaican Air Command
U89;No.45 Jamaican Air Command
U89;No.46 Jamaican Air Command
U89;No.47 Jamaican Air Command
U89;No.48 Jamaican Air Command
U89;No.49 Jamaican Air Command
U89;No.50 Jamaican Air Command
U90;No.1 Kenyan Air Command
U90;No.2 Kenyan Air Command
U90;No.3 Kenyan Air Command
U90;No.4 Kenyan Air Command
U90;No.5 Kenyan Air Command
U90;No.6 Kenyan Air Command
U90;No.7 Kenyan Air Command
U90;No.8 Kenyan Air Command
U90;No.9 Kenyan Air Command
U90;No.10 Kenyan Air Command
U90;No.11 Kenyan Air Command
U90;No.12 Kenyan Air Command
U90;No.13 Kenyan Air Command
U90;No.14 Kenyan Air Command
U90;No.15 Kenyan Air Command
U90;No.16 Kenyan Air Command
U90;No.17 Kenyan Air Command
U90;No.18 Kenyan Air Command
U90;No.19 Kenyan Air Command
U90;No.20 Kenyan Air Command
U90;No.21 Kenyan Air Command
U90;No.22 Kenyan Air Command
U90;No.23 Kenyan Air Command
U90;No.24 Kenyan Air Command
U90;No.25 Kenyan Air Command
U90;No.26 Kenyan Air Command
U90;No.27 Kenyan Air Command
U90;No.28 Kenyan Air Command
U90;No.29 Kenyan Air Command
U90;No.30 Kenyan Air Command
U90;No.31 Kenyan Air Command
U90;No.32 Kenyan Air Command
U90;No.33 Kenyan Air Command
U90;No.34 Kenyan Air Command
U90;No.35 Kenyan Air Command
U90;No.36 Kenyan Air Command
U90;No.37 Kenyan Air Command
U90;No.38 Kenyan Air Command
U90;No.39 Kenyan Air Command
U90;No.40 Kenyan Air Command
U90;No.41 Kenyan Air Command
U90;No.42 Kenyan Air Command
U90;No.43 Kenyan Air Command
U90;No.44 Kenyan Air Command
U90;No.45 Kenyan Air Command
U90;No.46 Kenyan Air Command
U90;No.47 Kenyan Air Command
U90;No.48 Kenyan Air Command
U90;No.49 Kenyan Air Command
U90;No.50 Kenyan Air Command
U91;1. al-Quwwat al-Jawwiya al-Kuwaitiya
U91;2. al-Quwwat al-Jawwiya al-Kuwaitiya
U91;3. al-Quwwat al-Jawwiya al-Kuwaitiya
U91;4. al-Quwwat al-Jawwiya al-Kuwaitiya
U91;5. al-Quwwat al-Jawwiya al-Kuwaitiya
U91;6. al-Quwwat al-Jawwiya al-Kuwaitiya
U91;7. al-Quwwat al-Jawwiya al-Kuwaitiya
U91;8. al-Quwwat al-Jawwiya al-Kuwaitiya
U91;9. al-Quwwat al-Jawwiya al-Kuwaitiya
U91;10. al-Quwwat al-Jawwiya al-Kuwaitiya
U91;11. al-Quwwat al-Jawwiya al-Kuwaitiya
U91;12. al-Quwwat al-Jawwiya al-Kuwaitiya
U91;13. al-Quwwat al-Jawwiya al-Kuwaitiya
U91;14. al-Quwwat al-Jawwiya al-Kuwaitiya
U91;15. al-Quwwat al-Jawwiya al-Kuwaitiya
U91;16. al-Quwwat al-Jawwiya al-Kuwaitiya
U91;17. al-Quwwat al-Jawwiya al-Kuwaitiya
U91;18. al-Quwwat al-Jawwiya al-Kuwaitiya
U91;19. al-Quwwat al-Jawwiya al-Kuwaitiya
U91;20. al-Quwwat al-Jawwiya al-Kuwaitiya
U91;21. al-Quwwat al-Jawwiya al-Kuwaitiya
U91;22. al-Quwwat al-Jawwiya al-Kuwaitiya
U91;23. al-Quwwat al-Jawwiya al-Kuwaitiya
U91;24. al-Quwwat al-Jawwiya al-Kuwaitiya
U91;25. al-Quwwat al-Jawwiya al-Kuwaitiya
U91;26. al-Quwwat al-Jawwiya al-Kuwaitiya
U91;27. al-Quwwat al-Jawwiya al-Kuwaitiya
U91;28. al-Quwwat al-Jawwiya al-Kuwaitiya
U91;29. al-Quwwat al-Jawwiya al-Kuwaitiya
U91;30. al-Quwwat al-Jawwiya al-Kuwaitiya
U91;31. al-Quwwat al-Jawwiya al-Kuwaitiya
U91;32. al-Quwwat al-Jawwiya al-Kuwaitiya
U91;33. al-Quwwat al-Jawwiya al-Kuwaitiya
U91;34. al-Quwwat al-Jawwiya al-Kuwaitiya
U91;35. al-Quwwat al-Jawwiya al-Kuwaitiya
U91;36. al-Quwwat al-Jawwiya al-Kuwaitiya
U91;37. al-Quwwat al-Jawwiya al-Kuwaitiya
U91;38. al-Quwwat al-Jawwiya al-Kuwaitiya
U91;39. al-Quwwat al-Jawwiya al-Kuwaitiya
U91;40. al-Quwwat al-Jawwiya al-Kuwaitiya
U91;41. al-Quwwat al-Jawwiya al-Kuwaitiya
U91;42. al-Quwwat al-Jawwiya al-Kuwaitiya
U91;43. al-Quwwat al-Jawwiya al-Kuwaitiya
U91;44. al-Quwwat al-Jawwiya al-Kuwaitiya
U91;45. al-Quwwat al-Jawwiya al-Kuwaitiya
U91;46. al-Quwwat al-Jawwiya al-Kuwaitiya
U91;47. al-Quwwat al-Jawwiya al-Kuwaitiya
U91;48. al-Quwwat al-Jawwiya al-Kuwaitiya
U91;49. al-Quwwat al-Jawwiya al-Kuwaitiya
U91;50. al-Quwwat al-Jawwiya al-Kuwaitiya
U92;No.1 Maltese Air Command
U92;No.2 Maltese Air Command
U92;No.3 Maltese Air Command
U92;No.4 Maltese Air Command
U92;No.5 Maltese Air Command
U92;No.6 Maltese Air Command
U92;No.7 Maltese Air Command
U92;No.8 Maltese Air Command
U92;No.9 Maltese Air Command
U92;No.10 Maltese Air Command
U92;No.11 Maltese Air Command
U92;No.12 Maltese Air Command
U92;No.13 Maltese Air Command
U92;No.14 Maltese Air Command
U92;No.15 Maltese Air Command
U92;No.16 Maltese Air Command
U92;No.17 Maltese Air Command
U92;No.18 Maltese Air Command
U92;No.19 Maltese Air Command
U92;No.20 Maltese Air Command
U92;No.21 Maltese Air Command
U92;No.22 Maltese Air Command
U92;No.23 Maltese Air Command
U92;No.24 Maltese Air Command
U92;No.25 Maltese Air Command
U92;No.26 Maltese Air Command
U92;No.27 Maltese Air Command
U92;No.28 Maltese Air Command
U92;No.29 Maltese Air Command
U92;No.30 Maltese Air Command
U92;No.31 Maltese Air Command
U92;No.32 Maltese Air Command
U92;No.33 Maltese Air Command
U92;No.34 Maltese Air Command
U92;No.35 Maltese Air Command
U92;No.36 Maltese Air Command
U92;No.37 Maltese Air Command
U92;No.38 Maltese Air Command
U92;No.39 Maltese Air Command
U92;No.40 Maltese Air Command
U92;No.41 Maltese Air Command
U92;No.42 Maltese Air Command
U92;No.43 Maltese Air Command
U92;No.44 Maltese Air Command
U92;No.45 Maltese Air Command
U92;No.46 Maltese Air Command
U92;No.47 Maltese Air Command
U92;No.48 Maltese Air Command
U92;No.49 Maltese Air Command
U92;No.50 Maltese Air Command
U93;1. al-Quwwat al-Jawwiya al-Muritaniyyah
U93;2. al-Quwwat al-Jawwiya al-Muritaniyyah
U93;3. al-Quwwat al-Jawwiya al-Muritaniyyah
U93;4. al-Quwwat al-Jawwiya al-Muritaniyyah
U93;5. al-Quwwat al-Jawwiya al-Muritaniyyah
U93;6. al-Quwwat al-Jawwiya al-Muritaniyyah
U93;7. al-Quwwat al-Jawwiya al-Muritaniyyah
U93;8. al-Quwwat al-Jawwiya al-Muritaniyyah
U93;9. al-Quwwat al-Jawwiya al-Muritaniyyah
U93;10. al-Quwwat al-Jawwiya al-Muritaniyyah
U93;11. al-Quwwat al-Jawwiya al-Muritaniyyah
U93;12. al-Quwwat al-Jawwiya al-Muritaniyyah
U93;13. al-Quwwat al-Jawwiya al-Muritaniyyah
U93;14. al-Quwwat al-Jawwiya al-Muritaniyyah
U93;15. al-Quwwat al-Jawwiya al-Muritaniyyah
U93;16. al-Quwwat al-Jawwiya al-Muritaniyyah
U93;17. al-Quwwat al-Jawwiya al-Muritaniyyah
U93;18. al-Quwwat al-Jawwiya al-Muritaniyyah
U93;19. al-Quwwat al-Jawwiya al-Muritaniyyah
U93;20. al-Quwwat al-Jawwiya al-Muritaniyyah
U93;21. al-Quwwat al-Jawwiya al-Muritaniyyah
U93;22. al-Quwwat al-Jawwiya al-Muritaniyyah
U93;23. al-Quwwat al-Jawwiya al-Muritaniyyah
U93;24. al-Quwwat al-Jawwiya al-Muritaniyyah
U93;25. al-Quwwat al-Jawwiya al-Muritaniyyah
U93;26. al-Quwwat al-Jawwiya al-Muritaniyyah
U93;27. al-Quwwat al-Jawwiya al-Muritaniyyah
U93;28. al-Quwwat al-Jawwiya al-Muritaniyyah
U93;29. al-Quwwat al-Jawwiya al-Muritaniyyah
U93;30. al-Quwwat al-Jawwiya al-Muritaniyyah
U93;31. al-Quwwat al-Jawwiya al-Muritaniyyah
U93;32. al-Quwwat al-Jawwiya al-Muritaniyyah
U93;33. al-Quwwat al-Jawwiya al-Muritaniyyah
U93;34. al-Quwwat al-Jawwiya al-Muritaniyyah
U93;35. al-Quwwat al-Jawwiya al-Muritaniyyah
U93;36. al-Quwwat al-Jawwiya al-Muritaniyyah
U93;37. al-Quwwat al-Jawwiya al-Muritaniyyah
U93;38. al-Quwwat al-Jawwiya al-Muritaniyyah
U93;39. al-Quwwat al-Jawwiya al-Muritaniyyah
U93;40. al-Quwwat al-Jawwiya al-Muritaniyyah
U93;41. al-Quwwat al-Jawwiya al-Muritaniyyah
U93;42. al-Quwwat al-Jawwiya al-Muritaniyyah
U93;43. al-Quwwat al-Jawwiya al-Muritaniyyah
U93;44. al-Quwwat al-Jawwiya al-Muritaniyyah
U93;45. al-Quwwat al-Jawwiya al-Muritaniyyah
U93;46. al-Quwwat al-Jawwiya al-Muritaniyyah
U93;47. al-Quwwat al-Jawwiya al-Muritaniyyah
U93;48. al-Quwwat al-Jawwiya al-Muritaniyyah
U93;49. al-Quwwat al-Jawwiya al-Muritaniyyah
U93;50. al-Quwwat al-Jawwiya al-Muritaniyyah
U94;1re Division A?rienne nig?rienne
U94;2e Division A?rienne nig?rienne
U94;3e Division A?rienne nig?rienne
U94;4e Division A?rienne nig?rienne
U94;5e Division A?rienne nig?rienne
U94;6e Division A?rienne nig?rienne
U94;7e Division A?rienne nig?rienne
U94;8e Division A?rienne nig?rienne
U94;9e Division A?rienne nig?rienne
U94;10e Division A?rienne nig?rienne
U94;11e Division A?rienne nig?rienne
U94;12e Division A?rienne nig?rienne
U94;13e Division A?rienne nig?rienne
U94;14e Division A?rienne nig?rienne
U94;15e Division A?rienne nig?rienne
U94;16e Division A?rienne nig?rienne
U94;17e Division A?rienne nig?rienne
U94;18e Division A?rienne nig?rienne
U94;19e Division A?rienne nig?rienne
U94;20e Division A?rienne nig?rienne
U94;21e Division A?rienne nig?rienne
U94;22e Division A?rienne nig?rienne
U94;23e Division A?rienne nig?rienne
U94;24e Division A?rienne nig?rienne
U94;25e Division A?rienne nig?rienne
U94;26e Division A?rienne nig?rienne
U94;27e Division A?rienne nig?rienne
U94;28e Division A?rienne nig?rienne
U94;29e Division A?rienne nig?rienne
U94;30e Division A?rienne nig?rienne
U94;31e Division A?rienne nig?rienne
U94;32e Division A?rienne nig?rienne
U94;33e Division A?rienne nig?rienne
U94;34e Division A?rienne nig?rienne
U94;35e Division A?rienne nig?rienne
U94;36e Division A?rienne nig?rienne
U94;37e Division A?rienne nig?rienne
U94;38e Division A?rienne nig?rienne
U94;39e Division A?rienne nig?rienne
U94;40e Division A?rienne nig?rienne
U94;41e Division A?rienne nig?rienne
U94;42e Division A?rienne nig?rienne
U94;43e Division A?rienne nig?rienne
U94;44e Division A?rienne nig?rienne
U94;45e Division A?rienne nig?rienne
U94;46e Division A?rienne nig?rienne
U94;47e Division A?rienne nig?rienne
U94;48e Division A?rienne nig?rienne
U94;49e Division A?rienne nig?rienne
U94;50e Division A?rienne nig?rienne
U95;1re Division A?rienne rwandaise
U95;2e Division A?rienne rwandaise
U95;3e Division A?rienne rwandaise
U95;4e Division A?rienne rwandaise
U95;5e Division A?rienne rwandaise
U95;6e Division A?rienne rwandaise
U95;7e Division A?rienne rwandaise
U95;8e Division A?rienne rwandaise
U95;9e Division A?rienne rwandaise
U95;10e Division A?rienne rwandaise
U95;11e Division A?rienne rwandaise
U95;12e Division A?rienne rwandaise
U95;13e Division A?rienne rwandaise
U95;14e Division A?rienne rwandaise
U95;15e Division A?rienne rwandaise
U95;16e Division A?rienne rwandaise
U95;17e Division A?rienne rwandaise
U95;18e Division A?rienne rwandaise
U95;19e Division A?rienne rwandaise
U95;20e Division A?rienne rwandaise
U95;21e Division A?rienne rwandaise
U95;22e Division A?rienne rwandaise
U95;23e Division A?rienne rwandaise
U95;24e Division A?rienne rwandaise
U95;25e Division A?rienne rwandaise
U95;26e Division A?rienne rwandaise
U95;27e Division A?rienne rwandaise
U95;28e Division A?rienne rwandaise
U95;29e Division A?rienne rwandaise
U95;30e Division A?rienne rwandaise
U95;31e Division A?rienne rwandaise
U95;32e Division A?rienne rwandaise
U95;33e Division A?rienne rwandaise
U95;34e Division A?rienne rwandaise
U95;35e Division A?rienne rwandaise
U95;36e Division A?rienne rwandaise
U95;37e Division A?rienne rwandaise
U95;38e Division A?rienne rwandaise
U95;39e Division A?rienne rwandaise
U95;40e Division A?rienne rwandaise
U95;41e Division A?rienne rwandaise
U95;42e Division A?rienne rwandaise
U95;43e Division A?rienne rwandaise
U95;44e Division A?rienne rwandaise
U95;45e Division A?rienne rwandaise
U95;46e Division A?rienne rwandaise
U95;47e Division A?rienne rwandaise
U95;48e Division A?rienne rwandaise
U95;49e Division A?rienne rwandaise
U95;50e Division A?rienne rwandaise
U96;1re Division A?rienne s?n?galaise
U96;2e Division A?rienne s?n?galaise
U96;3e Division A?rienne s?n?galaise
U96;4e Division A?rienne s?n?galaise
U96;5e Division A?rienne s?n?galaise
U96;6e Division A?rienne s?n?galaise
U96;7e Division A?rienne s?n?galaise
U96;8e Division A?rienne s?n?galaise
U96;9e Division A?rienne s?n?galaise
U96;10e Division A?rienne s?n?galaise
U96;11e Division A?rienne s?n?galaise
U96;12e Division A?rienne s?n?galaise
U96;13e Division A?rienne s?n?galaise
U96;14e Division A?rienne s?n?galaise
U96;15e Division A?rienne s?n?galaise
U96;16e Division A?rienne s?n?galaise
U96;17e Division A?rienne s?n?galaise
U96;18e Division A?rienne s?n?galaise
U96;19e Division A?rienne s?n?galaise
U96;20e Division A?rienne s?n?galaise
U96;21e Division A?rienne s?n?galaise
U96;22e Division A?rienne s?n?galaise
U96;23e Division A?rienne s?n?galaise
U96;24e Division A?rienne s?n?galaise
U96;25e Division A?rienne s?n?galaise
U96;26e Division A?rienne s?n?galaise
U96;27e Division A?rienne s?n?galaise
U96;28e Division A?rienne s?n?galaise
U96;29e Division A?rienne s?n?galaise
U96;30e Division A?rienne s?n?galaise
U96;31e Division A?rienne s?n?galaise
U96;32e Division A?rienne s?n?galaise
U96;33e Division A?rienne s?n?galaise
U96;34e Division A?rienne s?n?galaise
U96;35e Division A?rienne s?n?galaise
U96;36e Division A?rienne s?n?galaise
U96;37e Division A?rienne s?n?galaise
U96;38e Division A?rienne s?n?galaise
U96;39e Division A?rienne s?n?galaise
U96;40e Division A?rienne s?n?galaise
U96;41e Division A?rienne s?n?galaise
U96;42e Division A?rienne s?n?galaise
U96;43e Division A?rienne s?n?galaise
U96;44e Division A?rienne s?n?galaise
U96;45e Division A?rienne s?n?galaise
U96;46e Division A?rienne s?n?galaise
U96;47e Division A?rienne s?n?galaise
U96;48e Division A?rienne s?n?galaise
U96;49e Division A?rienne s?n?galaise
U96;50e Division A?rienne s?n?galaise
U97;No.1 Tanzanian Air Command
U97;No.2 Tanzanian Air Command
U97;No.3 Tanzanian Air Command
U97;No.4 Tanzanian Air Command
U97;No.5 Tanzanian Air Command
U97;No.6 Tanzanian Air Command
U97;No.7 Tanzanian Air Command
U97;No.8 Tanzanian Air Command
U97;No.9 Tanzanian Air Command
U97;No.10 Tanzanian Air Command
U97;No.11 Tanzanian Air Command
U97;No.12 Tanzanian Air Command
U97;No.13 Tanzanian Air Command
U97;No.14 Tanzanian Air Command
U97;No.15 Tanzanian Air Command
U97;No.16 Tanzanian Air Command
U97;No.17 Tanzanian Air Command
U97;No.18 Tanzanian Air Command
U97;No.19 Tanzanian Air Command
U97;No.20 Tanzanian Air Command
U97;No.21 Tanzanian Air Command
U97;No.22 Tanzanian Air Command
U97;No.23 Tanzanian Air Command
U97;No.24 Tanzanian Air Command
U97;No.25 Tanzanian Air Command
U97;No.26 Tanzanian Air Command
U97;No.27 Tanzanian Air Command
U97;No.28 Tanzanian Air Command
U97;No.29 Tanzanian Air Command
U97;No.30 Tanzanian Air Command
U97;No.31 Tanzanian Air Command
U97;No.32 Tanzanian Air Command
U97;No.33 Tanzanian Air Command
U97;No.34 Tanzanian Air Command
U97;No.35 Tanzanian Air Command
U97;No.36 Tanzanian Air Command
U97;No.37 Tanzanian Air Command
U97;No.38 Tanzanian Air Command
U97;No.39 Tanzanian Air Command
U97;No.40 Tanzanian Air Command
U97;No.41 Tanzanian Air Command
U97;No.42 Tanzanian Air Command
U97;No.43 Tanzanian Air Command
U97;No.44 Tanzanian Air Command
U97;No.45 Tanzanian Air Command
U97;No.46 Tanzanian Air Command
U97;No.47 Tanzanian Air Command
U97;No.48 Tanzanian Air Command
U97;No.49 Tanzanian Air Command
U97;No.50 Tanzanian Air Command
U98;No.1 Trinidadian and Tobagonian Air Command
U98;No.2 Trinidadian and Tobagonian Air Command
U98;No.3 Trinidadian and Tobagonian Air Command
U98;No.4 Trinidadian and Tobagonian Air Command
U98;No.5 Trinidadian and Tobagonian Air Command
U98;No.6 Trinidadian and Tobagonian Air Command
U98;No.7 Trinidadian and Tobagonian Air Command
U98;No.8 Trinidadian and Tobagonian Air Command
U98;No.9 Trinidadian and Tobagonian Air Command
U98;No.10 Trinidadian and Tobagonian Air Command
U98;No.11 Trinidadian and Tobagonian Air Command
U98;No.12 Trinidadian and Tobagonian Air Command
U98;No.13 Trinidadian and Tobagonian Air Command
U98;No.14 Trinidadian and Tobagonian Air Command
U98;No.15 Trinidadian and Tobagonian Air Command
U98;No.16 Trinidadian and Tobagonian Air Command
U98;No.17 Trinidadian and Tobagonian Air Command
U98;No.18 Trinidadian and Tobagonian Air Command
U98;No.19 Trinidadian and Tobagonian Air Command
U98;No.20 Trinidadian and Tobagonian Air Command
U98;No.21 Trinidadian and Tobagonian Air Command
U98;No.22 Trinidadian and Tobagonian Air Command
U98;No.23 Trinidadian and Tobagonian Air Command
U98;No.24 Trinidadian and Tobagonian Air Command
U98;No.25 Trinidadian and Tobagonian Air Command
U98;No.26 Trinidadian and Tobagonian Air Command
U98;No.27 Trinidadian and Tobagonian Air Command
U98;No.28 Trinidadian and Tobagonian Air Command
U98;No.29 Trinidadian and Tobagonian Air Command
U98;No.30 Trinidadian and Tobagonian Air Command
U98;No.31 Trinidadian and Tobagonian Air Command
U98;No.32 Trinidadian and Tobagonian Air Command
U98;No.33 Trinidadian and Tobagonian Air Command
U98;No.34 Trinidadian and Tobagonian Air Command
U98;No.35 Trinidadian and Tobagonian Air Command
U98;No.36 Trinidadian and Tobagonian Air Command
U98;No.37 Trinidadian and Tobagonian Air Command
U98;No.38 Trinidadian and Tobagonian Air Command
U98;No.39 Trinidadian and Tobagonian Air Command
U98;No.40 Trinidadian and Tobagonian Air Command
U98;No.41 Trinidadian and Tobagonian Air Command
U98;No.42 Trinidadian and Tobagonian Air Command
U98;No.43 Trinidadian and Tobagonian Air Command
U98;No.44 Trinidadian and Tobagonian Air Command
U98;No.45 Trinidadian and Tobagonian Air Command
U98;No.46 Trinidadian and Tobagonian Air Command
U98;No.47 Trinidadian and Tobagonian Air Command
U98;No.48 Trinidadian and Tobagonian Air Command
U98;No.49 Trinidadian and Tobagonian Air Command
U98;No.50 Trinidadian and Tobagonian Air Command
U99;1re Division A?rienne togolaise
U99;2e Division A?rienne togolaise
U99;3e Division A?rienne togolaise
U99;4e Division A?rienne togolaise
U99;5e Division A?rienne togolaise
U99;6e Division A?rienne togolaise
U99;7e Division A?rienne togolaise
U99;8e Division A?rienne togolaise
U99;9e Division A?rienne togolaise
U99;10e Division A?rienne togolaise
U99;11e Division A?rienne togolaise
U99;12e Division A?rienne togolaise
U99;13e Division A?rienne togolaise
U99;14e Division A?rienne togolaise
U99;15e Division A?rienne togolaise
U99;16e Division A?rienne togolaise
U99;17e Division A?rienne togolaise
U99;18e Division A?rienne togolaise
U99;19e Division A?rienne togolaise
U99;20e Division A?rienne togolaise
U99;21e Division A?rienne togolaise
U99;22e Division A?rienne togolaise
U99;23e Division A?rienne togolaise
U99;24e Division A?rienne togolaise
U99;25e Division A?rienne togolaise
U99;26e Division A?rienne togolaise
U99;27e Division A?rienne togolaise
U99;28e Division A?rienne togolaise
U99;29e Division A?rienne togolaise
U99;30e Division A?rienne togolaise
U99;31e Division A?rienne togolaise
U99;32e Division A?rienne togolaise
U99;33e Division A?rienne togolaise
U99;34e Division A?rienne togolaise
U99;35e Division A?rienne togolaise
U99;36e Division A?rienne togolaise
U99;37e Division A?rienne togolaise
U99;38e Division A?rienne togolaise
U99;39e Division A?rienne togolaise
U99;30e Division A?rienne togolaise
U99;41e Division A?rienne togolaise
U99;42e Division A?rienne togolaise
U99;43e Division A?rienne togolaise
U99;44e Division A?rienne togolaise
U99;45e Division A?rienne togolaise
U99;46e Division A?rienne togolaise
U99;47e Division A?rienne togolaise
U99;48e Division A?rienne togolaise
U99;49e Division A?rienne togolaise
U99;50e Division A?rienne togolaise
