AFG;1st Afghan Corps
AFG;2nd Afghan Corps
AFG;3rd Afghan Corps
AFG;4th Afghan Corps
AFG;5th Afghan Corps
AFG;6th Afghan Corps
AFG;7th Afghan Corps
AFG;8th Afghan Corps
AFG;9th Afghan Corps
AFG;10th Afghan Corps
AFG;11th Afghan Corps
AFG;12th Afghan Corps
AFG;13th Afghan Corps
AFG;14th Afghan Corps
AFG;15th Afghan Corps
AFG;16th Afghan Corps
AFG;17th Afghan Corps
AFG;18th Afghan Corps
AFG;19th Afghan Corps
AFG;20th Afghan Corps
AFG;21st Afghan Corps
AFG;22nd Afghan Corps
AFG;23rd Afghan Corps
AFG;24th Afghan Corps
AFG;25th Afghan Corps
AFG;26th Afghan Corps
AFG;27th Afghan Corps
AFG;28th Afghan Corps
AFG;29th Afghan Corps
AFG;30th Afghan Corps
AFG;31st Afghan Corps
AFG;32nd Afghan Corps
AFG;33rd Afghan Corps
AFG;34th Afghan Corps
AFG;35th Afghan Corps
AFG;36th Afghan Corps
AFG;37th Afghan Corps
AFG;38th Afghan Corps
AFG;39th Afghan Corps
AFG;40th Afghan Corps
AFG;41st Afghan Corps
AFG;42nd Afghan Corps
AFG;43rd Afghan Corps
AFG;44th Afghan Corps
AFG;45th Afghan Corps
AFG;46th Afghan Corps
AFG;47th Afghan Corps
AFG;48th Afghan Corps
AFG;49th Afghan Corps
AFG;50th Afghan Corps
ALB;Korpusit I Shqip?tare
ALB;Korpusit II Shqip?tare
ALB;Korpusit III Shqip?tare
ALB;Korpusit IV Shqip?tare
ALB;Korpusit V Shqip?tare
ALB;Korpusit VI Shqip?tare
ALB;Korpusit VII Shqip?tare
ALB;Korpusit VIII Shqip?tare
ALB;Korpusit IX Shqip?tare
ALB;Korpusit X Shqip?tare
ALB;Korpusit XI Shqip?tare
ALB;Korpusit XII Shqip?tare
ALB;Korpusit XIII Shqip?tare
ALB;Korpusit XIV Shqip?tare
ALB;Korpusit XV Shqip?tare
ALB;Korpusit XVI Shqip?tare
ALB;Korpusit XVII Shqip?tare
ALB;Korpusit XVIII Shqip?tare
ALB;Korpusit XIX Shqip?tare
ALB;Korpusit XX Shqip?tare
ALB;Korpusit XXI Shqip?tare
ALB;Korpusit XXII Shqip?tare
ALB;Korpusit XXIII Shqip?tare
ALB;Korpusit XXIV Shqip?tare
ALB;Korpusit XXV Shqip?tare
ALB;Korpusit XXVI Shqip?tare
ALB;Korpusit XXVII Shqip?tare
ALB;Korpusit XXVIII Shqip?tare
ALB;Korpusit XXIX Shqip?tare
ALB;Korpusit XXX Shqip?tare
ALB;Korpusit XXXI Shqip?tare
ALB;Korpusit XXXII Shqip?tare
ALB;Korpusit XXXIII Shqip?tare
ALB;Korpusit XXXIV Shqip?tare
ALB;Korpusit XXXV Shqip?tare
ALB;Korpusit XXXVI Shqip?tare
ALB;Korpusit XXXVII Shqip?tare
ALB;Korpusit XXXVIII Shqip?tare
ALB;Korpusit XXXIX Shqip?tare
ALB;Korpusit XL Shqip?tare
ALB;Korpusit XLI Shqip?tare
ALB;Korpusit XLII Shqip?tare
ALB;Korpusit XLIII Shqip?tare
ALB;Korpusit XLIV Shqip?tare
ALB;Korpusit XLV Shqip?tare
ALB;Korpusit XLVI Shqip?tare
ALB;Korpusit XLVII Shqip?tare
ALB;Korpusit XLVIII Shqip?tare
ALB;Korpusit XLIX Shqip?tare
ALB;Korpusit L Shqip?tare
ALG;1. Corps al-Jaza'ir
ALG;2. Corps al-Jaza'ir
ALG;3. Corps al-Jaza'ir
ALG;4. Corps al-Jaza'ir
ALG;5. Corps al-Jaza'ir
ALG;6. Corps al-Jaza'ir
ALG;7. Corps al-Jaza'ir
ALG;8. Corps al-Jaza'ir
ALG;9. Corps al-Jaza'ir
ALG;10. Corps al-Jaza'ir
ALG;11. Corps al-Jaza'ir
ALG;12. Corps al-Jaza'ir
ALG;13. Corps al-Jaza'ir
ALG;14. Corps al-Jaza'ir
ALG;15. Corps al-Jaza'ir
ALG;16. Corps al-Jaza'ir
ALG;17. Corps al-Jaza'ir
ALG;18. Corps al-Jaza'ir
ALG;19. Corps al-Jaza'ir
ALG;20. Corps al-Jaza'ir
ALG;21. Corps al-Jaza'ir
ALG;22. Corps al-Jaza'ir
ALG;23. Corps al-Jaza'ir
ALG;24. Corps al-Jaza'ir
ALG;25. Corps al-Jaza'ir
ALG;26. Corps al-Jaza'ir
ALG;27. Corps al-Jaza'ir
ALG;28. Corps al-Jaza'ir
ALG;29. Corps al-Jaza'ir
ALG;30. Corps al-Jaza'ir
ALG;31. Corps al-Jaza'ir
ALG;32. Corps al-Jaza'ir
ALG;33. Corps al-Jaza'ir
ALG;34. Corps al-Jaza'ir
ALG;35. Corps al-Jaza'ir
ALG;36. Corps al-Jaza'ir
ALG;37. Corps al-Jaza'ir
ALG;38. Corps al-Jaza'ir
ALG;39. Corps al-Jaza'ir
ALG;40. Corps al-Jaza'ir
ALG;41. Corps al-Jaza'ir
ALG;42. Corps al-Jaza'ir
ALG;43. Corps al-Jaza'ir
ALG;44. Corps al-Jaza'ir
ALG;45. Corps al-Jaza'ir
ALG;46. Corps al-Jaza'ir
ALG;47. Corps al-Jaza'ir
ALG;48. Corps al-Jaza'ir
ALG;49. Corps al-Jaza'ir
ALG;50. Corps al-Jaza'ir
ANG;1o Corpo de Angola
ANG;2o Corpo de Angola
ANG;3o Corpo de Angola
ANG;4o Corpo de Angola
ANG;5o Corpo de Angola
ANG;6o Corpo de Angola
ANG;7o Corpo de Angola
ANG;8o Corpo de Angola
ANG;9o Corpo de Angola
ANG;10o Corpo de Angola
ANG;11o Corpo de Angola
ANG;12o Corpo de Angola
ANG;13o Corpo de Angola
ANG;14o Corpo de Angola
ANG;15o Corpo de Angola
ANG;16o Corpo de Angola
ANG;17o Corpo de Angola
ANG;18o Corpo de Angola
ANG;19o Corpo de Angola
ANG;20o Corpo de Angola
ANG;21o Corpo de Angola
ANG;22o Corpo de Angola
ANG;23o Corpo de Angola
ANG;24o Corpo de Angola
ANG;25o Corpo de Angola
ANG;26o Corpo de Angola
ANG;27o Corpo de Angola
ANG;28o Corpo de Angola
ANG;29o Corpo de Angola
ANG;30o Corpo de Angola
ANG;31o Corpo de Angola
ANG;32o Corpo de Angola
ANG;33o Corpo de Angola
ANG;34o Corpo de Angola
ANG;35o Corpo de Angola
ANG;36o Corpo de Angola
ANG;37o Corpo de Angola
ANG;38o Corpo de Angola
ANG;39o Corpo de Angola
ANG;40o Corpo de Angola
ANG;41o Corpo de Angola
ANG;42o Corpo de Angola
ANG;43o Corpo de Angola
ANG;44o Corpo de Angola
ANG;45o Corpo de Angola
ANG;46o Corpo de Angola
ANG;47o Corpo de Angola
ANG;48o Corpo de Angola
ANG;49o Corpo de Angola
ANG;50o Corpo de Angola
ANG;51o Corpo de Angola
ANG;52o Corpo de Angola
ANG;53o Corpo de Angola
ANG;54o Corpo de Angola
ANG;55o Corpo de Angola
ANG;56o Corpo de Angola
ANG;57o Corpo de Angola
ANG;58o Corpo de Angola
ANG;59o Corpo de Angola
ANG;60o Corpo de Angola
ANG;61o Corpo de Angola
ANG;62o Corpo de Angola
ANG;63o Corpo de Angola
ANG;64o Corpo de Angola
ANG;65o Corpo de Angola
ANG;66o Corpo de Angola
ANG;67o Corpo de Angola
ANG;68o Corpo de Angola
ANG;69o Corpo de Angola
ANG;70o Corpo de Angola
ANG;71o Corpo de Angola
ANG;72o Corpo de Angola
ANG;73o Corpo de Angola
ANG;74o Corpo de Angola
ANG;75o Corpo de Angola
ANG;76o Corpo de Angola
ANG;77o Corpo de Angola
ANG;78o Corpo de Angola
ANG;79o Corpo de Angola
ANG;80o Corpo de Angola
ANG;81o Corpo de Angola
ANG;82o Corpo de Angola
ANG;83o Corpo de Angola
ANG;84o Corpo de Angola
ANG;85o Corpo de Angola
ANG;86o Corpo de Angola
ANG;87o Corpo de Angola
ANG;88o Corpo de Angola
ANG;89o Corpo de Angola
ANG;90o Corpo de Angola
ANG;91o Corpo de Angola
ANG;92o Corpo de Angola
ANG;93o Corpo de Angola
ANG;94o Corpo de Angola
ANG;95o Corpo de Angola
ANG;96o Corpo de Angola
ANG;97o Corpo de Angola
ANG;98o Corpo de Angola
ANG;99o Corpo de Angola
ANG;100o Corpo de Angola
ARA;1. Corps al-'Arabiyyah
ARA;2. Corps al-'Arabiyyah
ARA;3. Corps al-'Arabiyyah
ARA;4. Corps al-'Arabiyyah
ARA;5. Corps al-'Arabiyyah
ARA;6. Corps al-'Arabiyyah
ARA;7. Corps al-'Arabiyyah
ARA;8. Corps al-'Arabiyyah
ARA;9. Corps al-'Arabiyyah
ARA;10. Corps al-'Arabiyyah
ARA;11. Corps al-'Arabiyyah
ARA;12. Corps al-'Arabiyyah
ARA;13. Corps al-'Arabiyyah
ARA;14. Corps al-'Arabiyyah
ARA;15. Corps al-'Arabiyyah
ARA;16. Corps al-'Arabiyyah
ARA;17. Corps al-'Arabiyyah
ARA;18. Corps al-'Arabiyyah
ARA;19. Corps al-'Arabiyyah
ARA;20. Corps al-'Arabiyyah
ARA;21. Corps al-'Arabiyyah
ARA;22. Corps al-'Arabiyyah
ARA;23. Corps al-'Arabiyyah
ARA;24. Corps al-'Arabiyyah
ARA;25. Corps al-'Arabiyyah
ARA;26. Corps al-'Arabiyyah
ARA;27. Corps al-'Arabiyyah
ARA;28. Corps al-'Arabiyyah
ARA;29. Corps al-'Arabiyyah
ARA;30. Corps al-'Arabiyyah
ARA;31. Corps al-'Arabiyyah
ARA;32. Corps al-'Arabiyyah
ARA;33. Corps al-'Arabiyyah
ARA;34. Corps al-'Arabiyyah
ARA;35. Corps al-'Arabiyyah
ARA;36. Corps al-'Arabiyyah
ARA;37. Corps al-'Arabiyyah
ARA;38. Corps al-'Arabiyyah
ARA;39. Corps al-'Arabiyyah
ARA;40. Corps al-'Arabiyyah
ARA;41. Corps al-'Arabiyyah
ARA;42. Corps al-'Arabiyyah
ARA;43. Corps al-'Arabiyyah
ARA;44. Corps al-'Arabiyyah
ARA;45. Corps al-'Arabiyyah
ARA;46. Corps al-'Arabiyyah
ARA;47. Corps al-'Arabiyyah
ARA;48. Corps al-'Arabiyyah
ARA;49. Corps al-'Arabiyyah
ARA;50. Corps al-'Arabiyyah
ARG;I Cuerpo de Ej?rcito argentino
ARG;II Cuerpo de Ej?rcito argentino
ARG;III Cuerpo de Ej?rcito argentino
ARG;IV Cuerpo de Ej?rcito argentino
ARG;V Cuerpo de Ej?rcito argentino
ARG;VI Cuerpo de Ej?rcito argentino
ARG;VII Cuerpo de Ej?rcito argentino
ARG;VIII Cuerpo de Ej?rcito argentino
ARG;IX Cuerpo de Ej?rcito argentino
ARG;X Cuerpo de Ej?rcito argentino
ARG;XI Cuerpo de Ej?rcito argentino
ARG;XII Cuerpo de Ej?rcito argentino
ARG;XIII Cuerpo de Ej?rcito argentino
ARG;XIV Cuerpo de Ej?rcito argentino
ARG;XV Cuerpo de Ej?rcito argentino
ARG;XVI Cuerpo de Ej?rcito argentino
ARG;XVII Cuerpo de Ej?rcito argentino
ARG;XVIII Cuerpo de Ej?rcito argentino
ARG;XIX Cuerpo de Ej?rcito argentino
ARG;XX Cuerpo de Ej?rcito argentino
ARG;XXI Cuerpo de Ej?rcito argentino
ARG;XXII Cuerpo de Ej?rcito argentino
ARG;XXIII Cuerpo de Ej?rcito argentino
ARG;XXIV Cuerpo de Ej?rcito argentino
ARG;XXV Cuerpo de Ej?rcito argentino
ARG;XXVI Cuerpo de Ej?rcito argentino
ARG;XXVII Cuerpo de Ej?rcito argentino
ARG;XXVIII Cuerpo de Ej?rcito argentino
ARG;XXIX Cuerpo de Ej?rcito argentino
ARG;XXX Cuerpo de Ej?rcito argentino
ARG;XXXI Cuerpo de Ej?rcito argentino
ARG;XXXII Cuerpo de Ej?rcito argentino
ARG;XXXIII Cuerpo de Ej?rcito argentino
ARG;XXXIV Cuerpo de Ej?rcito argentino
ARG;XXXV Cuerpo de Ej?rcito argentino
ARG;XXXVI Cuerpo de Ej?rcito argentino
ARG;XXXVII Cuerpo de Ej?rcito argentino
ARG;XXXVIII Cuerpo de Ej?rcito argentino
ARG;XXXIX Cuerpo de Ej?rcito argentino
ARG;XL Cuerpo de Ej?rcito argentino
ARG;XLI Cuerpo de Ej?rcito argentino
ARG;XLII Cuerpo de Ej?rcito argentino
ARG;XLIII Cuerpo de Ej?rcito argentino
ARG;XLIV Cuerpo de Ej?rcito argentino
ARG;XLV Cuerpo de Ej?rcito argentino
ARG;XLVI Cuerpo de Ej?rcito argentino
ARG;XLVII Cuerpo de Ej?rcito argentino
ARG;XLVIII Cuerpo de Ej?rcito argentino
ARG;XLIX Cuerpo de Ej?rcito argentino
ARG;L Cuerpo de Ej?rcito argentino
ARM;1-y hayastani armeyskiy korpus
ARM;2-y hayastani armeyskiy korpus
ARM;3-y hayastani armeyskiy korpus
ARM;4-y hayastani armeyskiy korpus
ARM;5-y hayastani armeyskiy korpus
ARM;6-y hayastani armeyskiy korpus
ARM;7-y hayastani armeyskiy korpus
ARM;8-y hayastani armeyskiy korpus
ARM;9-y hayastani armeyskiy korpus
ARM;10-y hayastani armeyskiy korpus
ARM;11-y hayastani armeyskiy korpus
ARM;12-y hayastani armeyskiy korpus
ARM;13-y hayastani armeyskiy korpus
ARM;14-y hayastani armeyskiy korpus
ARM;15-y hayastani armeyskiy korpus
ARM;16-y hayastani armeyskiy korpus
ARM;17-y hayastani armeyskiy korpus
ARM;18-y hayastani armeyskiy korpus
ARM;19-y hayastani armeyskiy korpus
ARM;20-y hayastani armeyskiy korpus
ARM;21-y hayastani armeyskiy korpus
ARM;22-y hayastani armeyskiy korpus
ARM;23-y hayastani armeyskiy korpus
ARM;24-y hayastani armeyskiy korpus
ARM;25-y hayastani armeyskiy korpus
ARM;26-y hayastani armeyskiy korpus
ARM;27-y hayastani armeyskiy korpus
ARM;28-y hayastani armeyskiy korpus
ARM;29-y hayastani armeyskiy korpus
ARM;30-y hayastani armeyskiy korpus
ARM;31-y hayastani armeyskiy korpus
ARM;32-y hayastani armeyskiy korpus
ARM;33-y hayastani armeyskiy korpus
ARM;34-y hayastani armeyskiy korpus
ARM;35-y hayastani armeyskiy korpus
ARM;36-y hayastani armeyskiy korpus
ARM;37-y hayastani armeyskiy korpus
ARM;38-y hayastani armeyskiy korpus
ARM;39-y hayastani armeyskiy korpus
ARM;40-y hayastani armeyskiy korpus
ARM;41-y hayastani armeyskiy korpus
ARM;42-y hayastani armeyskiy korpus
ARM;43-y hayastani armeyskiy korpus
ARM;44-y hayastani armeyskiy korpus
ARM;45-y hayastani armeyskiy korpus
ARM;46-y hayastani armeyskiy korpus
ARM;47-y hayastani armeyskiy korpus
ARM;48-y hayastani armeyskiy korpus
ARM;49-y hayastani armeyskiy korpus
ARM;50-y hayastani armeyskiy korpus
AST;Australian I Corps
AST;Australian II Corps
AST;Australian III Corps
AST;Australian IV Corps
AST;Australian V Corps
AST;Australian VI Corps
AST;Australian VII Corps
AST;Australian VIII Corps
AST;Australian IX Corps
AST;Australian X Corps
AST;Australian XI Corps
AST;Australian XII Corps
AST;Australian XIII Corps
AST;Australian XIV Corps
AST;Australian XV Corps
AST;Australian XVI Corps
AST;Australian XVII Corps
AST;Australian XVIII Corps
AST;Australian XIX Corps
AST;Australian XX Corps
AST;Australian XXI Corps
AST;Australian XXII Corps
AST;Australian XXIII Corps
AST;Australian XXIV Corps
AST;Australian XXV Corps
AST;Australian XXVI Corps
AST;Australian XXVII Corps
AST;Australian XXVIII Corps
AST;Australian XXIX Corps
AST;Australian XXX Corps
AST;Australian XXXI Corps
AST;Australian XXXII Corps
AST;Australian XXXIII Corps
AST;Australian XXXIV Corps
AST;Australian XXXV Corps
AST;Australian XXXVI Corps
AST;Australian XXXVII Corps
AST;Australian XXXVIII Corps
AST;Australian XXXIX Corps
AST;Australian XL Corps
AST;Australian XLI Corps
AST;Australian XLII Corps
AST;Australian XLIII Corps
AST;Australian XLIV Corps
AST;Australian XLV Corps
AST;Australian XLVI Corps
AST;Australian XLVII Corps
AST;Australian XLVIII Corps
AST;Australian XLIX Corps
AST;Australian L Corps
AUS;1. Korps
AUS;2. Korps
AUS;3. Korps
AUS;4. Korps
AUS;5. Korps
AUS;6. Korps
AUS;7. Korps
AUS;8. Korps
AUS;9. Korps
AUS;10. Korps
AUS;11. Korps
AUS;12. Korps
AUS;13. Korps
AUS;14. Korps
AUS;15. Korps
AUS;16. Korps
AUS;17. Korps
AUS;18. Korps
AUS;19. Korps
AUS;20. Korps
AUS;21. Korps
AUS;22. Korps
AUS;23. Korps
AUS;24. Korps
AUS;25. Korps
AUS;26. Korps
AUS;27. Korps
AUS;28. Korps
AUS;29. Korps
AUS;30. Korps
AUS;31. Korps
AUS;32. Korps
AUS;33. Korps
AUS;34. Korps
AUS;35. Korps
AUS;36. Korps
AUS;37. Korps
AUS;38. Korps
AUS;39. Korps
AUS;40. Korps
AUS;41. Korps
AUS;42. Korps
AUS;43. Korps
AUS;44. Korps
AUS;45. Korps
AUS;46. Korps
AUS;47. Korps
AUS;48. Korps
AUS;49. Korps
AUS;50. Korps
AZB;1-y azerbaycan armeyskiy korpus
AZB;2-y azerbaycan armeyskiy korpus
AZB;3-y azerbaycan armeyskiy korpus
AZB;4-y azerbaycan armeyskiy korpus
AZB;5-y azerbaycan armeyskiy korpus
AZB;6-y azerbaycan armeyskiy korpus
AZB;7-y azerbaycan armeyskiy korpus
AZB;8-y azerbaycan armeyskiy korpus
AZB;9-y azerbaycan armeyskiy korpus
AZB;10-y azerbaycan armeyskiy korpus
AZB;11-y azerbaycan armeyskiy korpus
AZB;12-y azerbaycan armeyskiy korpus
AZB;13-y azerbaycan armeyskiy korpus
AZB;14-y azerbaycan armeyskiy korpus
AZB;15-y azerbaycan armeyskiy korpus
AZB;16-y azerbaycan armeyskiy korpus
AZB;17-y azerbaycan armeyskiy korpus
AZB;18-y azerbaycan armeyskiy korpus
AZB;19-y azerbaycan armeyskiy korpus
AZB;20-y azerbaycan armeyskiy korpus
AZB;21-y azerbaycan armeyskiy korpus
AZB;22-y azerbaycan armeyskiy korpus
AZB;23-y azerbaycan armeyskiy korpus
AZB;24-y azerbaycan armeyskiy korpus
AZB;25-y azerbaycan armeyskiy korpus
AZB;26-y azerbaycan armeyskiy korpus
AZB;27-y azerbaycan armeyskiy korpus
AZB;28-y azerbaycan armeyskiy korpus
AZB;29-y azerbaycan armeyskiy korpus
AZB;30-y azerbaycan armeyskiy korpus
AZB;31-y azerbaycan armeyskiy korpus
AZB;32-y azerbaycan armeyskiy korpus
AZB;33-y azerbaycan armeyskiy korpus
AZB;34-y azerbaycan armeyskiy korpus
AZB;35-y azerbaycan armeyskiy korpus
AZB;36-y azerbaycan armeyskiy korpus
AZB;37-y azerbaycan armeyskiy korpus
AZB;38-y azerbaycan armeyskiy korpus
AZB;39-y azerbaycan armeyskiy korpus
AZB;40-y azerbaycan armeyskiy korpus
AZB;41-y azerbaycan armeyskiy korpus
AZB;42-y azerbaycan armeyskiy korpus
AZB;43-y azerbaycan armeyskiy korpus
AZB;44-y azerbaycan armeyskiy korpus
AZB;45-y azerbaycan armeyskiy korpus
AZB;46-y azerbaycan armeyskiy korpus
AZB;47-y azerbaycan armeyskiy korpus
AZB;48-y azerbaycan armeyskiy korpus
AZB;49-y azerbaycan armeyskiy korpus
AZB;50-y azerbaycan armeyskiy korpus
BEL;1re Corps d'Arm?e de la Belgique
BEL;2e Corps d'Arm?e de la Belgique
BEL;3e Corps d'Arm?e de la Belgique
BEL;4e Corps d'Arm?e de la Belgique
BEL;5e Corps d'Arm?e de la Belgique
BEL;6e Corps d'Arm?e de la Belgique
BEL;7e Corps d'Arm?e de la Belgique
BEL;8e Corps d'Arm?e de la Belgique
BEL;9e Corps d'Arm?e de la Belgique
BEL;10e Corps d'Arm?e de la Belgique
BEL;11e Corps d'Arm?e de la Belgique
BEL;12e Corps d'Arm?e de la Belgique
BEL;13e Corps d'Arm?e de la Belgique
BEL;14e Corps d'Arm?e de la Belgique
BEL;15e Corps d'Arm?e de la Belgique
BEL;16e Corps d'Arm?e de la Belgique
BEL;17e Corps d'Arm?e de la Belgique
BEL;18e Corps d'Arm?e de la Belgique
BEL;19e Corps d'Arm?e de la Belgique
BEL;20e Corps d'Arm?e de la Belgique
BEL;21e Corps d'Arm?e de la Belgique
BEL;22e Corps d'Arm?e de la Belgique
BEL;23e Corps d'Arm?e de la Belgique
BEL;24e Corps d'Arm?e de la Belgique
BEL;25e Corps d'Arm?e de la Belgique
BEL;26e Corps d'Arm?e de la Belgique
BEL;27e Corps d'Arm?e de la Belgique
BEL;28e Corps d'Arm?e de la Belgique
BEL;29e Corps d'Arm?e de la Belgique
BEL;30e Corps d'Arm?e de la Belgique
BEL;31e Corps d'Arm?e de la Belgique
BEL;32e Corps d'Arm?e de la Belgique
BEL;33e Corps d'Arm?e de la Belgique
BEL;34e Corps d'Arm?e de la Belgique
BEL;35e Corps d'Arm?e de la Belgique
BEL;36e Corps d'Arm?e de la Belgique
BEL;37e Corps d'Arm?e de la Belgique
BEL;38e Corps d'Arm?e de la Belgique
BEL;39e Corps d'Arm?e de la Belgique
BEL;40e Corps d'Arm?e de la Belgique
BEL;41e Corps d'Arm?e de la Belgique
BEL;42e Corps d'Arm?e de la Belgique
BEL;43e Corps d'Arm?e de la Belgique
BEL;44e Corps d'Arm?e de la Belgique
BEL;45e Corps d'Arm?e de la Belgique
BEL;46e Corps d'Arm?e de la Belgique
BEL;47e Corps d'Arm?e de la Belgique
BEL;48e Corps d'Arm?e de la Belgique
BEL;49e Corps d'Arm?e de la Belgique
BEL;50e Corps d'Arm?e de la Belgique
BEN;1er Corps d'Arm?e de l'Entente
BEN;2e Corps d'Arm?e de l'Entente
BEN;3e Corps d'Arm?e de l'Entente
BEN;4e Corps d'Arm?e de l'Entente
BEN;5e Corps d'Arm?e de l'Entente
BEN;6e Corps d'Arm?e de l'Entente
BEN;7e Corps d'Arm?e de l'Entente
BEN;8e Corps d'Arm?e de l'Entente
BEN;9e Corps d'Arm?e de l'Entente
BEN;10e Corps d'Arm?e de l'Entente
BEN;11e Corps d'Arm?e de l'Entente
BEN;12e Corps d'Arm?e de l'Entente
BEN;13e Corps d'Arm?e de l'Entente
BEN;14e Corps d'Arm?e de l'Entente
BEN;15e Corps d'Arm?e de l'Entente
BEN;16e Corps d'Arm?e de l'Entente
BEN;17e Corps d'Arm?e de l'Entente
BEN;18e Corps d'Arm?e de l'Entente
BEN;19e Corps d'Arm?e de l'Entente
BEN;20e Corps d'Arm?e de l'Entente
BEN;21e Corps d'Arm?e de l'Entente
BEN;22e Corps d'Arm?e de l'Entente
BEN;23e Corps d'Arm?e de l'Entente
BEN;24e Corps d'Arm?e de l'Entente
BEN;25e Corps d'Arm?e de l'Entente
BEN;26e Corps d'Arm?e de l'Entente
BEN;27e Corps d'Arm?e de l'Entente
BEN;28e Corps d'Arm?e de l'Entente
BEN;29e Corps d'Arm?e de l'Entente
BEN;30e Corps d'Arm?e de l'Entente
BEN;31e Corps d'Arm?e de l'Entente
BEN;32e Corps d'Arm?e de l'Entente
BEN;33e Corps d'Arm?e de l'Entente
BEN;34e Corps d'Arm?e de l'Entente
BEN;35e Corps d'Arm?e de l'Entente
BEN;36e Corps d'Arm?e de l'Entente
BEN;37e Corps d'Arm?e de l'Entente
BEN;38e Corps d'Arm?e de l'Entente
BEN;39e Corps d'Arm?e de l'Entente
BEN;40e Corps d'Arm?e de l'Entente
BEN;41e Corps d'Arm?e de l'Entente
BEN;42e Corps d'Arm?e de l'Entente
BEN;43e Corps d'Arm?e de l'Entente
BEN;44e Corps d'Arm?e de l'Entente
BEN;45e Corps d'Arm?e de l'Entente
BEN;46e Corps d'Arm?e de l'Entente
BEN;47e Corps d'Arm?e de l'Entente
BEN;48e Corps d'Arm?e de l'Entente
BEN;49e Corps d'Arm?e de l'Entente
BEN;50e Corps d'Arm?e de l'Entente
BHU;I Bhutanese Corps
BHU;II Bhutanese Corps
BHU;III Bhutanese Corps
BHU;IV Bhutanese Corps
BHU;V Bhutanese Corps
BHU;VI Bhutanese Corps
BHU;VII Bhutanese Corps
BHU;VIII Bhutanese Corps
BHU;IX Bhutanese Corps
BHU;X Bhutanese Corps
BHU;XI Bhutanese Corps
BHU;XII Bhutanese Corps
BHU;XIII Bhutanese Corps
BHU;XIV Bhutanese Corps
BHU;XV Bhutanese Corps
BHU;XVI Bhutanese Corps
BHU;XVII Bhutanese Corps
BHU;XVIII Bhutanese Corps
BHU;XIX Bhutanese Corps
BHU;XX Bhutanese Corps
BHU;XXI Bhutanese Corps
BHU;XXII Bhutanese Corps
BHU;XXIII Bhutanese Corps
BHU;XXIV Bhutanese Corps
BHU;XXV Bhutanese Corps
BHU;XXVI Bhutanese Corps
BHU;XXVII Bhutanese Corps
BHU;XXVIII Bhutanese Corps
BHU;XXIX Bhutanese Corps
BHU;XXX Bhutanese Corps
BHU;XXXI Bhutanese Corps
BHU;XXXII Bhutanese Corps
BHU;XXXIII Bhutanese Corps
BHU;XXXIV Bhutanese Corps
BHU;XXXV Bhutanese Corps
BHU;XXXVI Bhutanese Corps
BHU;XXXVII Bhutanese Corps
BHU;XXXVIII Bhutanese Corps
BHU;XXXIX Bhutanese Corps
BHU;XL Bhutanese Corps
BHU;XLI Bhutanese Corps
BHU;XLII Bhutanese Corps
BHU;XLIII Bhutanese Corps
BHU;XLIV Bhutanese Corps
BHU;XLV Bhutanese Corps
BHU;XLVI Bhutanese Corps
BHU;XLVII Bhutanese Corps
BHU;XLVIII Bhutanese Corps
BHU;XLIX Bhutanese Corps
BHU;L Bhutanese Corps
BLR;1-y belorusskiy armeyskiy korpus
BLR;2-y belorusskiy armeyskiy korpus
BLR;3-y belorusskiy armeyskiy korpus
BLR;4-y belorusskiy armeyskiy korpus
BLR;5-y belorusskiy armeyskiy korpus
BLR;6-y belorusskiy armeyskiy korpus
BLR;7-y belorusskiy armeyskiy korpus
BLR;8-y belorusskiy armeyskiy korpus
BLR;9-y belorusskiy armeyskiy korpus
BLR;10-y belorusskiy armeyskiy korpus
BLR;11-y belorusskiy armeyskiy korpus
BLR;12-y belorusskiy armeyskiy korpus
BLR;13-y belorusskiy armeyskiy korpus
BLR;14-y belorusskiy armeyskiy korpus
BLR;15-y belorusskiy armeyskiy korpus
BLR;16-y belorusskiy armeyskiy korpus
BLR;17-y belorusskiy armeyskiy korpus
BLR;18-y belorusskiy armeyskiy korpus
BLR;19-y belorusskiy armeyskiy korpus
BLR;20-y belorusskiy armeyskiy korpus
BLR;21-y belorusskiy armeyskiy korpus
BLR;22-y belorusskiy armeyskiy korpus
BLR;23-y belorusskiy armeyskiy korpus
BLR;24-y belorusskiy armeyskiy korpus
BLR;25-y belorusskiy armeyskiy korpus
BLR;26-y belorusskiy armeyskiy korpus
BLR;27-y belorusskiy armeyskiy korpus
BLR;28-y belorusskiy armeyskiy korpus
BLR;29-y belorusskiy armeyskiy korpus
BLR;30-y belorusskiy armeyskiy korpus
BLR;31-y belorusskiy armeyskiy korpus
BLR;32-y belorusskiy armeyskiy korpus
BLR;33-y belorusskiy armeyskiy korpus
BLR;34-y belorusskiy armeyskiy korpus
BLR;35-y belorusskiy armeyskiy korpus
BLR;36-y belorusskiy armeyskiy korpus
BLR;37-y belorusskiy armeyskiy korpus
BLR;38-y belorusskiy armeyskiy korpus
BLR;39-y belorusskiy armeyskiy korpus
BLR;40-y belorusskiy armeyskiy korpus
BLR;41-y belorusskiy armeyskiy korpus
BLR;42-y belorusskiy armeyskiy korpus
BLR;43-y belorusskiy armeyskiy korpus
BLR;44-y belorusskiy armeyskiy korpus
BLR;45-y belorusskiy armeyskiy korpus
BLR;46-y belorusskiy armeyskiy korpus
BLR;47-y belorusskiy armeyskiy korpus
BLR;48-y belorusskiy armeyskiy korpus
BLR;49-y belorusskiy armeyskiy korpus
BLR;50-y belorusskiy armeyskiy korpus
BOL;I Cuerpo de Ej?rcito boliviano
BOL;II Cuerpo de Ej?rcito boliviano
BOL;III Cuerpo de Ej?rcito boliviano
BOL;IV Cuerpo de Ej?rcito boliviano
BOL;V Cuerpo de Ej?rcito boliviano
BOL;VI Cuerpo de Ej?rcito boliviano
BOL;VII Cuerpo de Ej?rcito boliviano
BOL;VIII Cuerpo de Ej?rcito boliviano
BOL;IX Cuerpo de Ej?rcito boliviano
BOL;X Cuerpo de Ej?rcito boliviano
BOL;XI Cuerpo de Ej?rcito boliviano
BOL;XII Cuerpo de Ej?rcito boliviano
BOL;XIII Cuerpo de Ej?rcito boliviano
BOL;XIV Cuerpo de Ej?rcito boliviano
BOL;XV Cuerpo de Ej?rcito boliviano
BOL;XVI Cuerpo de Ej?rcito boliviano
BOL;XVII Cuerpo de Ej?rcito boliviano
BOL;XVIII Cuerpo de Ej?rcito boliviano
BOL;XIX Cuerpo de Ej?rcito boliviano
BOL;XX Cuerpo de Ej?rcito boliviano
BOL;XXI Cuerpo de Ej?rcito boliviano
BOL;XXII Cuerpo de Ej?rcito boliviano
BOL;XXIII Cuerpo de Ej?rcito boliviano
BOL;XXIV Cuerpo de Ej?rcito boliviano
BOL;XXV Cuerpo de Ej?rcito boliviano
BOL;XXVI Cuerpo de Ej?rcito boliviano
BOL;XXVII Cuerpo de Ej?rcito boliviano
BOL;XXVIII Cuerpo de Ej?rcito boliviano
BOL;XXIX Cuerpo de Ej?rcito boliviano
BOL;XXX Cuerpo de Ej?rcito boliviano
BOL;XXXI Cuerpo de Ej?rcito boliviano
BOL;XXXII Cuerpo de Ej?rcito boliviano
BOL;XXXIII Cuerpo de Ej?rcito boliviano
BOL;XXXIV Cuerpo de Ej?rcito boliviano
BOL;XXXV Cuerpo de Ej?rcito boliviano
BOL;XXXVI Cuerpo de Ej?rcito boliviano
BOL;XXXVII Cuerpo de Ej?rcito boliviano
BOL;XXXVIII Cuerpo de Ej?rcito boliviano
BOL;XXXIX Cuerpo de Ej?rcito boliviano
BOL;XL Cuerpo de Ej?rcito boliviano
BOL;XLI Cuerpo de Ej?rcito boliviano
BOL;XLII Cuerpo de Ej?rcito boliviano
BOL;XLIII Cuerpo de Ej?rcito boliviano
BOL;XLIV Cuerpo de Ej?rcito boliviano
BOL;XLV Cuerpo de Ej?rcito boliviano
BOL;XLVI Cuerpo de Ej?rcito boliviano
BOL;XLVII Cuerpo de Ej?rcito boliviano
BOL;XLVIII Cuerpo de Ej?rcito boliviano
BOL;XLIX Cuerpo de Ej?rcito boliviano
BOL;L Cuerpo de Ej?rcito boliviano
BOS;1. bih korpus
BOS;2. bih korpus
BOS;3. bih korpus
BOS;4. bih korpus
BOS;5. bih korpus
BOS;6. bih korpus
BOS;7. bih korpus
BOS;8. bih korpus
BOS;9. bih korpus
BOS;10. bih korpus
BOS;11. bih korpus
BOS;12. bih korpus
BOS;13. bih korpus
BOS;14. bih korpus
BOS;15. bih korpus
BOS;16. bih korpus
BOS;17. bih korpus
BOS;18. bih korpus
BOS;19. bih korpus
BOS;20. bih korpus
BOS;21. bih korpus
BOS;22. bih korpus
BOS;23. bih korpus
BOS;24. bih korpus
BOS;25. bih korpus
BOS;26. bih korpus
BOS;27. bih korpus
BOS;28. bih korpus
BOS;29. bih korpus
BOS;30. bih korpus
BOS;31. bih korpus
BOS;32. bih korpus
BOS;33. bih korpus
BOS;34. bih korpus
BOS;35. bih korpus
BOS;36. bih korpus
BOS;37. bih korpus
BOS;38. bih korpus
BOS;39. bih korpus
BOS;40. bih korpus
BOS;41. bih korpus
BOS;42. bih korpus
BOS;43. bih korpus
BOS;44. bih korpus
BOS;45. bih korpus
BOS;46. bih korpus
BOS;47. bih korpus
BOS;48. bih korpus
BOS;49. bih korpus
BOS;50. bih korpus
BRA;1o Corpo de Ex?rcito Brasileiro
BRA;2o Corpo de Ex?rcito Brasileiro
BRA;3o Corpo de Ex?rcito Brasileiro
BRA;4o Corpo de Ex?rcito Brasileiro
BRA;5o Corpo de Ex?rcito Brasileiro
BRA;6o Corpo de Ex?rcito Brasileiro
BRA;7o Corpo de Ex?rcito Brasileiro
BRA;8o Corpo de Ex?rcito Brasileiro
BRA;9o Corpo de Ex?rcito Brasileiro
BRA;10o Corpo de Ex?rcito Brasileiro
BRA;11o Corpo de Ex?rcito Brasileiro
BRA;12o Corpo de Ex?rcito Brasileiro
BRA;13o Corpo de Ex?rcito Brasileiro
BRA;14o Corpo de Ex?rcito Brasileiro
BRA;15o Corpo de Ex?rcito Brasileiro
BRA;16o Corpo de Ex?rcito Brasileiro
BRA;17o Corpo de Ex?rcito Brasileiro
BRA;18o Corpo de Ex?rcito Brasileiro
BRA;19o Corpo de Ex?rcito Brasileiro
BRA;20o Corpo de Ex?rcito Brasileiro
BRA;21o Corpo de Ex?rcito Brasileiro
BRA;22o Corpo de Ex?rcito Brasileiro
BRA;23o Corpo de Ex?rcito Brasileiro
BRA;24o Corpo de Ex?rcito Brasileiro
BRA;25o Corpo de Ex?rcito Brasileiro
BRA;26o Corpo de Ex?rcito Brasileiro
BRA;27o Corpo de Ex?rcito Brasileiro
BRA;28o Corpo de Ex?rcito Brasileiro
BRA;29o Corpo de Ex?rcito Brasileiro
BRA;30o Corpo de Ex?rcito Brasileiro
BRA;31o Corpo de Ex?rcito Brasileiro
BRA;32o Corpo de Ex?rcito Brasileiro
BRA;33o Corpo de Ex?rcito Brasileiro
BRA;34o Corpo de Ex?rcito Brasileiro
BRA;35o Corpo de Ex?rcito Brasileiro
BRA;36o Corpo de Ex?rcito Brasileiro
BRA;37o Corpo de Ex?rcito Brasileiro
BRA;38o Corpo de Ex?rcito Brasileiro
BRA;39o Corpo de Ex?rcito Brasileiro
BRA;40o Corpo de Ex?rcito Brasileiro
BRA;41o Corpo de Ex?rcito Brasileiro
BRA;42o Corpo de Ex?rcito Brasileiro
BRA;43o Corpo de Ex?rcito Brasileiro
BRA;44o Corpo de Ex?rcito Brasileiro
BRA;45o Corpo de Ex?rcito Brasileiro
BRA;46o Corpo de Ex?rcito Brasileiro
BRA;47o Corpo de Ex?rcito Brasileiro
BRA;48o Corpo de Ex?rcito Brasileiro
BRA;49o Corpo de Ex?rcito Brasileiro
BRA;50o Corpo de Ex?rcito Brasileiro
BRU;I Bruneian Corps
BRU;II Bruneian Corps
BRU;III Bruneian Corps
BRU;IV Bruneian Corps
BRU;V Bruneian Corps
BRU;VI Bruneian Corps
BRU;VII Bruneian Corps
BRU;VIII Bruneian Corps
BRU;IX Bruneian Corps
BRU;X Bruneian Corps
BRU;XI Bruneian Corps
BRU;XII Bruneian Corps
BRU;XIII Bruneian Corps
BRU;XIV Bruneian Corps
BRU;XV Bruneian Corps
BRU;XVI Bruneian Corps
BRU;XVII Bruneian Corps
BRU;XVIII Bruneian Corps
BRU;XIX Bruneian Corps
BRU;XX Bruneian Corps
BRU;XXI Bruneian Corps
BRU;XXII Bruneian Corps
BRU;XXIII Bruneian Corps
BRU;XXIV Bruneian Corps
BRU;XXV Bruneian Corps
BRU;XXVI Bruneian Corps
BRU;XXVII Bruneian Corps
BRU;XXVIII Bruneian Corps
BRU;XXIX Bruneian Corps
BRU;XXX Bruneian Corps
BRU;XXXI Bruneian Corps
BRU;XXXII Bruneian Corps
BRU;XXXIII Bruneian Corps
BRU;XXXIV Bruneian Corps
BRU;XXXV Bruneian Corps
BRU;XXXVI Bruneian Corps
BRU;XXXVII Bruneian Corps
BRU;XXXVIII Bruneian Corps
BRU;XXXIX Bruneian Corps
BRU;XL Bruneian Corps
BRU;XLI Bruneian Corps
BRU;XLII Bruneian Corps
BRU;XLIII Bruneian Corps
BRU;XLIV Bruneian Corps
BRU;XLV Bruneian Corps
BRU;XLVI Bruneian Corps
BRU;XLVII Bruneian Corps
BRU;XLVIII Bruneian Corps
BRU;XLIX Bruneian Corps
BRU;L Bruneian Corps
BUL;1-va balgarska armia
BUL;2-ra balgarska armia
BUL;3-ta balgarska armia
BUL;4-ta balgarska armia
BUL;5-a balgarska armia
BUL;6-a balgarska armia
BUL;7-a balgarska armia
BUL;8-a balgarska armia
BUL;9-a balgarska armia
BUL;10-a balgarska armia
BUL;11-a balgarska armia
BUL;12-a balgarska armia
BUL;13-a balgarska armia
BUL;14-a balgarska armia
BUL;15-a balgarska armia
BUL;16-a balgarska armia
BUL;17-a balgarska armia
BUL;18-a balgarska armia
BUL;19-a balgarska armia
BUL;20-a balgarska armia
BUL;21-va balgarska armia
BUL;22-ra balgarska armia
BUL;23-ta balgarska armia
BUL;24-ta balgarska armia
BUL;25-a balgarska armia
BUL;26-a balgarska armia
BUL;27-a balgarska armia
BUL;28-a balgarska armia
BUL;29-a balgarska armia
BUL;30-a balgarska armia
BUL;31-va balgarska armia
BUL;32-ra balgarska armia
BUL;33-ta balgarska armia
BUL;34-ta balgarska armia
BUL;35-a balgarska armia
BUL;36-a balgarska armia
BUL;37-a balgarska armia
BUL;38-a balgarska armia
BUL;39-a balgarska armia
BUL;40-a balgarska armia
BUL;41-va balgarska armia
BUL;42-ra balgarska armia
BUL;43-ta balgarska armia
BUL;44-ta balgarska armia
BUL;45-a balgarska armia
BUL;46-a balgarska armia
BUL;47-a balgarska armia
BUL;48-a balgarska armia
BUL;49-a balgarska armia
BUL;50-a balgarska armia
BUL;51-va balgarska armia
BUL;52-ra balgarska armia
BUL;53-ta balgarska armia
BUL;54-ta balgarska armia
BUL;55-a balgarska armia
BUL;56-a balgarska armia
BUL;57-a balgarska armia
BUL;58-a balgarska armia
BUL;59-a balgarska armia
BUL;60-a balgarska armia
BUL;61-va balgarska armia
BUL;62-ra balgarska armia
BUL;63-ta balgarska armia
BUL;64-ta balgarska armia
BUL;65-a balgarska armia
BUL;66-a balgarska armia
BUL;67-a balgarska armia
BUL;68-a balgarska armia
BUL;69-a balgarska armia
BUL;70-a balgarska armia
BUL;71-va balgarska armia
BUL;72-ra balgarska armia
BUL;73-ta balgarska armia
BUL;74-ta balgarska armia
BUL;75-a balgarska armia
BUL;76-a balgarska armia
BUL;77-a balgarska armia
BUL;78-a balgarska armia
BUL;79-a balgarska armia
BUL;80-a balgarska armia
BUL;81-va balgarska armia
BUL;82-ra balgarska armia
BUL;83-ta balgarska armia
BUL;84-ta balgarska armia
BUL;85-a balgarska armia
BUL;86-a balgarska armia
BUL;87-a balgarska armia
BUL;88-a balgarska armia
BUL;89-a balgarska armia
BUL;90-a balgarska armia
BUL;91-va balgarska armia
BUL;92-ra balgarska armia
BUL;93-ta balgarska armia
BUL;94-ta balgarska armia
BUL;95-a balgarska armia
BUL;96-a balgarska armia
BUL;97-a balgarska armia
BUL;98-a balgarska armia
BUL;99-a balgarska armia
BUL;100-na balgarska armia
BUR;I Burmese Corps
BUR;II Burmese Corps
BUR;III Burmese Corps
BUR;IV Burmese Corps
BUR;V Burmese Corps
BUR;VI Burmese Corps
BUR;VII Burmese Corps
BUR;VIII Burmese Corps
BUR;IX Burmese Corps
BUR;X Burmese Corps
BUR;XI Burmese Corps
BUR;XII Burmese Corps
BUR;XIII Burmese Corps
BUR;XIV Burmese Corps
BUR;XV Burmese Corps
BUR;XVI Burmese Corps
BUR;XVII Burmese Corps
BUR;XVIII Burmese Corps
BUR;XIX Burmese Corps
BUR;XX Burmese Corps
BUR;XXI Burmese Corps
BUR;XXII Burmese Corps
BUR;XXIII Burmese Corps
BUR;XXIV Burmese Corps
BUR;XXV Burmese Corps
BUR;XXVI Burmese Corps
BUR;XXVII Burmese Corps
BUR;XXVIII Burmese Corps
BUR;XXIX Burmese Corps
BUR;XXX Burmese Corps
BUR;XXXI Burmese Corps
BUR;XXXII Burmese Corps
BUR;XXXIII Burmese Corps
BUR;XXXIV Burmese Corps
BUR;XXXV Burmese Corps
BUR;XXXVI Burmese Corps
BUR;XXXVII Burmese Corps
BUR;XXXVIII Burmese Corps
BUR;XXXIX Burmese Corps
BUR;XL Burmese Corps
BUR;XLI Burmese Corps
BUR;XLII Burmese Corps
BUR;XLIII Burmese Corps
BUR;XLIV Burmese Corps
BUR;XLV Burmese Corps
BUR;XLVI Burmese Corps
BUR;XLVII Burmese Corps
BUR;XLVIII Burmese Corps
BUR;XLIX Burmese Corps
BUR;L Burmese Corps
CAL;I Californian Corps
CAL;II Californian Corps
CAL;III Californian Corps
CAL;IV Californian Corps
CAL;V Californian Corps
CAL;VI Californian Corps
CAL;VII Californian Corps
CAL;VIII Californian Corps
CAL;IX Californian Corps
CAL;X Californian Corps
CAL;XI Californian Corps
CAL;XII Californian Corps
CAL;XIII Californian Corps
CAL;XIV Californian Corps
CAL;XV Californian Corps
CAL;XVI Californian Corps
CAL;XVII Californian Corps
CAL;XVIII Californian Corps
CAL;XIX Californian Corps
CAL;XX Californian Corps
CAL;XXI Californian Corps
CAL;XXII Californian Corps
CAL;XXIII Californian Corps
CAL;XXIV Californian Corps
CAL;XXV Californian Corps
CAL;XXVI Californian Corps
CAL;XXVII Californian Corps
CAL;XXVIII Californian Corps
CAL;XXIX Californian Corps
CAL;XXX Californian Corps
CAL;XXXI Californian Corps
CAL;XXXII Californian Corps
CAL;XXXIII Californian Corps
CAL;XXXIV Californian Corps
CAL;XXXV Californian Corps
CAL;XXXVI Californian Corps
CAL;XXXVII Californian Corps
CAL;XXXVIII Californian Corps
CAL;XXXIX Californian Corps
CAL;XL Californian Corps
CAL;XLI Californian Corps
CAL;XLII Californian Corps
CAL;XLIII Californian Corps
CAL;XLIV Californian Corps
CAL;XLV Californian Corps
CAL;XLVI Californian Corps
CAL;XLVII Californian Corps
CAL;XLVIII Californian Corps
CAL;XLIX Californian Corps
CAL;L Californian Corps
CAM;1er Corps d'Arm?e camerounaise
CAM;2e Corps d'Arm?e camerounaise
CAM;3e Corps d'Arm?e camerounaise
CAM;4e Corps d'Arm?e camerounaise
CAM;5e Corps d'Arm?e camerounaise
CAM;6e Corps d'Arm?e camerounaise
CAM;7e Corps d'Arm?e camerounaise
CAM;8e Corps d'Arm?e camerounaise
CAM;9e Corps d'Arm?e camerounaise
CAM;10e Corps d'Arm?e camerounaise
CAM;11e Corps d'Arm?e camerounaise
CAM;12e Corps d'Arm?e camerounaise
CAM;13e Corps d'Arm?e camerounaise
CAM;14e Corps d'Arm?e camerounaise
CAM;15e Corps d'Arm?e camerounaise
CAM;16e Corps d'Arm?e camerounaise
CAM;17e Corps d'Arm?e camerounaise
CAM;18e Corps d'Arm?e camerounaise
CAM;19e Corps d'Arm?e camerounaise
CAM;20e Corps d'Arm?e camerounaise
CAM;21e Corps d'Arm?e camerounaise
CAM;22e Corps d'Arm?e camerounaise
CAM;23e Corps d'Arm?e camerounaise
CAM;24e Corps d'Arm?e camerounaise
CAM;25e Corps d'Arm?e camerounaise
CAM;26e Corps d'Arm?e camerounaise
CAM;27e Corps d'Arm?e camerounaise
CAM;28e Corps d'Arm?e camerounaise
CAM;29e Corps d'Arm?e camerounaise
CAM;30e Corps d'Arm?e camerounaise
CAM;31e Corps d'Arm?e camerounaise
CAM;32e Corps d'Arm?e camerounaise
CAM;33e Corps d'Arm?e camerounaise
CAM;34e Corps d'Arm?e camerounaise
CAM;35e Corps d'Arm?e camerounaise
CAM;36e Corps d'Arm?e camerounaise
CAM;37e Corps d'Arm?e camerounaise
CAM;38e Corps d'Arm?e camerounaise
CAM;39e Corps d'Arm?e camerounaise
CAM;40e Corps d'Arm?e camerounaise
CAM;41e Corps d'Arm?e camerounaise
CAM;42e Corps d'Arm?e camerounaise
CAM;43e Corps d'Arm?e camerounaise
CAM;44e Corps d'Arm?e camerounaise
CAM;45e Corps d'Arm?e camerounaise
CAM;46e Corps d'Arm?e camerounaise
CAM;47e Corps d'Arm?e camerounaise
CAM;48e Corps d'Arm?e camerounaise
CAM;49e Corps d'Arm?e camerounaise
CAM;50e Corps d'Arm?e camerounaise
CAN;I Canadian Corps
CAN;II Canadian Corps
CAN;III Canadian Corps
CAN;IV Canadian Corps
CAN;V Canadian Corps
CAN;VI Canadian Corps
CAN;VII Canadian Corps
CAN;VIII Canadian Corps
CAN;IX Canadian Corps
CAN;X Canadian Corps
CAN;XI Canadian Corps
CAN;XII Canadian Corps
CAN;XIII Canadian Corps
CAN;XIV Canadian Corps
CAN;XV Canadian Corps
CAN;XVI Canadian Corps
CAN;XVII Canadian Corps
CAN;XVIII Canadian Corps
CAN;XIX Canadian Corps
CAN;XX Canadian Corps
CAN;XXI Canadian Corps
CAN;XXII Canadian Corps
CAN;XXIII Canadian Corps
CAN;XXIV Canadian Corps
CAN;XXV Canadian Corps
CAN;XXVI Canadian Corps
CAN;XXVII Canadian Corps
CAN;XXVIII Canadian Corps
CAN;XXIX Canadian Corps
CAN;XXX Canadian Corps
CAN;XXXI Canadian Corps
CAN;XXXII Canadian Corps
CAN;XXXIII Canadian Corps
CAN;XXXIV Canadian Corps
CAN;XXXV Canadian Corps
CAN;XXXVI Canadian Corps
CAN;XXXVII Canadian Corps
CAN;XXXVIII Canadian Corps
CAN;XXXIX Canadian Corps
CAN;XL Canadian Corps
CAN;XLI Canadian Corps
CAN;XLII Canadian Corps
CAN;XLIII Canadian Corps
CAN;XLIV Canadian Corps
CAN;XLV Canadian Corps
CAN;XLVI Canadian Corps
CAN;XLVII Canadian Corps
CAN;XLVIII Canadian Corps
CAN;XLIX Canadian Corps
CAN;L Canadian Corps
CGX;Di'1 Jun
CGX;Di'2 Jun
CGX;Di'3 Jun
CGX;Di'4 Jun
CGX;Di'5 Jun
CGX;Di'6 Jun
CGX;Di'7 Jun
CGX;Di'8 Jun
CGX;Di'9 Jun
CGX;Di'10 Jun
CGX;Di'11 Jun
CGX;Di'12 Jun
CGX;Di'13 Jun
CGX;Di'14 Jun
CGX;Di'15 Jun
CGX;Di'16 Jun
CGX;Di'17 Jun
CGX;Di'18 Jun
CGX;Di'19 Jun
CGX;Di'20 Jun
CGX;Di'21 Jun
CGX;Di'22 Jun
CGX;Di'23 Jun
CGX;Di'24 Jun
CGX;Di'25 Jun
CGX;Di'26 Jun
CGX;Di'27 Jun
CGX;Di'28 Jun
CGX;Di'29 Jun
CGX;Di'30 Jun
CGX;Di'31 Jun
CGX;Di'32 Jun
CGX;Di'33 Jun
CGX;Di'34 Jun
CGX;Di'35 Jun
CGX;Di'36 Jun
CGX;Di'37 Jun
CGX;Di'38 Jun
CGX;Di'39 Jun
CGX;Di'40 Jun
CGX;Di'41 Jun
CGX;Di'42 Jun
CGX;Di'43 Jun
CGX;Di'44 Jun
CGX;Di'45 Jun
CGX;Di'46 Jun
CGX;Di'47 Jun
CGX;Di'48 Jun
CGX;Di'49 Jun
CGX;Di'50 Jun
CGX;Di'51 Jun
CGX;Di'52 Jun
CGX;Di'53 Jun
CGX;Di'54 Jun
CGX;Di'55 Jun
CGX;Di'56 Jun
CGX;Di'57 Jun
CGX;Di'58 Jun
CGX;Di'59 Jun
CGX;Di'60 Jun
CGX;Di'61 Jun
CGX;Di'62 Jun
CGX;Di'63 Jun
CGX;Di'64 Jun
CGX;Di'65 Jun
CGX;Di'66 Jun
CGX;Di'67 Jun
CGX;Di'68 Jun
CGX;Di'69 Jun
CGX;Di'70 Jun
CGX;Di'71 Jun
CGX;Di'72 Jun
CGX;Di'73 Jun
CGX;Di'74 Jun
CGX;Di'75 Jun
CGX;Di'76 Jun
CGX;Di'77 Jun
CGX;Di'78 Jun
CGX;Di'79 Jun
CGX;Di'80 Jun
CGX;Di'81 Jun
CGX;Di'82 Jun
CGX;Di'83 Jun
CGX;Di'84 Jun
CGX;Di'85 Jun
CGX;Di'86 Jun
CGX;Di'87 Jun
CGX;Di'88 Jun
CGX;Di'89 Jun
CGX;Di'90 Jun
CGX;Di'91 Jun
CGX;Di'92 Jun
CGX;Di'93 Jun
CGX;Di'94 Jun
CGX;Di'95 Jun
CGX;Di'96 Jun
CGX;Di'97 Jun
CGX;Di'98 Jun
CGX;Di'99 Jun
CGX;Di'100 Jun
CHC;Di'1 Jun
CHC;Di'2 Jun
CHC;Di'3 Jun
CHC;Di'4 Jun
CHC;Di'5 Jun
CHC;Di'6 Jun
CHC;Di'7 Jun
CHC;Di'8 Jun
CHC;Di'9 Jun
CHC;Di'10 Jun
CHC;Di'11 Jun
CHC;Di'12 Jun
CHC;Di'13 Jun
CHC;Di'14 Jun
CHC;Di'15 Jun
CHC;Di'16 Jun
CHC;Di'17 Jun
CHC;Di'18 Jun
CHC;Di'19 Jun
CHC;Di'20 Jun
CHC;Di'21 Jun
CHC;Di'22 Jun
CHC;Di'23 Jun
CHC;Di'24 Jun
CHC;Di'25 Jun
CHC;Di'26 Jun
CHC;Di'27 Jun
CHC;Di'28 Jun
CHC;Di'29 Jun
CHC;Di'30 Jun
CHC;Di'31 Jun
CHC;Di'32 Jun
CHC;Di'33 Jun
CHC;Di'34 Jun
CHC;Di'35 Jun
CHC;Di'36 Jun
CHC;Di'37 Jun
CHC;Di'38 Jun
CHC;Di'39 Jun
CHC;Di'40 Jun
CHC;Di'41 Jun
CHC;Di'42 Jun
CHC;Di'43 Jun
CHC;Di'44 Jun
CHC;Di'45 Jun
CHC;Di'46 Jun
CHC;Di'47 Jun
CHC;Di'48 Jun
CHC;Di'49 Jun
CHC;Di'50 Jun
CHC;Di'51 Jun
CHC;Di'52 Jun
CHC;Di'53 Jun
CHC;Di'54 Jun
CHC;Di'55 Jun
CHC;Di'56 Jun
CHC;Di'57 Jun
CHC;Di'58 Jun
CHC;Di'59 Jun
CHC;Di'60 Jun
CHC;Di'61 Jun
CHC;Di'62 Jun
CHC;Di'63 Jun
CHC;Di'64 Jun
CHC;Di'65 Jun
CHC;Di'66 Jun
CHC;Di'67 Jun
CHC;Di'68 Jun
CHC;Di'69 Jun
CHC;Di'70 Jun
CHC;Di'71 Jun
CHC;Di'72 Jun
CHC;Di'73 Jun
CHC;Di'74 Jun
CHC;Di'75 Jun
CHC;Di'76 Jun
CHC;Di'77 Jun
CHC;Di'78 Jun
CHC;Di'79 Jun
CHC;Di'80 Jun
CHC;Di'81 Jun
CHC;Di'82 Jun
CHC;Di'83 Jun
CHC;Di'84 Jun
CHC;Di'85 Jun
CHC;Di'86 Jun
CHC;Di'87 Jun
CHC;Di'88 Jun
CHC;Di'89 Jun
CHC;Di'90 Jun
CHC;Di'91 Jun
CHC;Di'92 Jun
CHC;Di'93 Jun
CHC;Di'94 Jun
CHC;Di'95 Jun
CHC;Di'96 Jun
CHC;Di'97 Jun
CHC;Di'98 Jun
CHC;Di'99 Jun
CHC;Di'100 Jun
CHC;Di'101 Jun
CHC;Di'102 Jun
CHC;Di'103 Jun
CHC;Di'104 Jun
CHC;Di'105 Jun
CHC;Di'106 Jun
CHC;Di'107 Jun
CHC;Di'108 Jun
CHC;Di'109 Jun
CHC;Di'110 Jun
CHC;Di'111 Jun
CHC;Di'112 Jun
CHC;Di'113 Jun
CHC;Di'114 Jun
CHC;Di'115 Jun
CHC;Di'116 Jun
CHC;Di'117 Jun
CHC;Di'118 Jun
CHC;Di'119 Jun
CHC;Di'120 Jun
CHC;Di'121 Jun
CHC;Di'122 Jun
CHC;Di'123 Jun
CHC;Di'124 Jun
CHC;Di'125 Jun
CHC;Di'126 Jun
CHC;Di'127 Jun
CHC;Di'128 Jun
CHC;Di'129 Jun
CHC;Di'130 Jun
CHC;Di'131 Jun
CHC;Di'132 Jun
CHC;Di'133 Jun
CHC;Di'134 Jun
CHC;Di'135 Jun
CHC;Di'136 Jun
CHC;Di'137 Jun
CHC;Di'138 Jun
CHC;Di'139 Jun
CHC;Di'140 Jun
CHC;Di'141 Jun
CHC;Di'142 Jun
CHC;Di'143 Jun
CHC;Di'144 Jun
CHC;Di'145 Jun
CHC;Di'146 Jun
CHC;Di'147 Jun
CHC;Di'148 Jun
CHC;Di'149 Jun
CHC;Di'150 Jun
CHC;Di'151 Jun
CHC;Di'152 Jun
CHC;Di'153 Jun
CHC;Di'154 Jun
CHC;Di'155 Jun
CHC;Di'156 Jun
CHC;Di'157 Jun
CHC;Di'158 Jun
CHC;Di'159 Jun
CHC;Di'160 Jun
CHC;Di'161 Jun
CHC;Di'162 Jun
CHC;Di'163 Jun
CHC;Di'164 Jun
CHC;Di'165 Jun
CHC;Di'166 Jun
CHC;Di'167 Jun
CHC;Di'168 Jun
CHC;Di'169 Jun
CHC;Di'170 Jun
CHC;Di'171 Jun
CHC;Di'172 Jun
CHC;Di'173 Jun
CHC;Di'174 Jun
CHC;Di'175 Jun
CHC;Di'176 Jun
CHC;Di'177 Jun
CHC;Di'178 Jun
CHC;Di'179 Jun
CHC;Di'180 Jun
CHC;Di'181 Jun
CHC;Di'182 Jun
CHC;Di'183 Jun
CHC;Di'184 Jun
CHC;Di'185 Jun
CHC;Di'186 Jun
CHC;Di'187 Jun
CHC;Di'188 Jun
CHC;Di'189 Jun
CHC;Di'190 Jun
CHC;Di'191 Jun
CHC;Di'192 Jun
CHC;Di'193 Jun
CHC;Di'194 Jun
CHC;Di'195 Jun
CHC;Di'196 Jun
CHC;Di'197 Jun
CHC;Di'198 Jun
CHC;Di'199 Jun
CHC;Di'200 Jun
CHC;Di'201 Jun
CHC;Di'202 Jun
CHC;Di'203 Jun
CHC;Di'204 Jun
CHC;Di'205 Jun
CHC;Di'206 Jun
CHC;Di'207 Jun
CHC;Di'208 Jun
CHC;Di'209 Jun
CHC;Di'210 Jun
CHC;Di'211 Jun
CHC;Di'212 Jun
CHC;Di'213 Jun
CHC;Di'214 Jun
CHC;Di'215 Jun
CHC;Di'216 Jun
CHC;Di'217 Jun
CHC;Di'218 Jun
CHC;Di'219 Jun
CHC;Di'220 Jun
CHC;Di'221 Jun
CHC;Di'222 Jun
CHC;Di'223 Jun
CHC;Di'224 Jun
CHC;Di'225 Jun
CHC;Di'226 Jun
CHC;Di'227 Jun
CHC;Di'228 Jun
CHC;Di'229 Jun
CHC;Di'230 Jun
CHC;Di'231 Jun
CHC;Di'232 Jun
CHC;Di'233 Jun
CHC;Di'234 Jun
CHC;Di'235 Jun
CHC;Di'236 Jun
CHC;Di'237 Jun
CHC;Di'238 Jun
CHC;Di'239 Jun
CHC;Di'240 Jun
CHC;Di'241 Jun
CHC;Di'242 Jun
CHC;Di'243 Jun
CHC;Di'244 Jun
CHC;Di'245 Jun
CHC;Di'246 Jun
CHC;Di'247 Jun
CHC;Di'248 Jun
CHC;Di'249 Jun
CHC;Di'250 Jun
CHC;Di'251 Jun
CHC;Di'252 Jun
CHC;Di'253 Jun
CHC;Di'254 Jun
CHC;Di'255 Jun
CHC;Di'256 Jun
CHC;Di'257 Jun
CHC;Di'258 Jun
CHC;Di'259 Jun
CHC;Di'260 Jun
CHC;Di'261 Jun
CHC;Di'262 Jun
CHC;Di'263 Jun
CHC;Di'264 Jun
CHC;Di'265 Jun
CHC;Di'266 Jun
CHC;Di'267 Jun
CHC;Di'268 Jun
CHC;Di'269 Jun
CHC;Di'270 Jun
CHC;Di'271 Jun
CHC;Di'272 Jun
CHC;Di'273 Jun
CHC;Di'274 Jun
CHC;Di'275 Jun
CHC;Di'276 Jun
CHC;Di'277 Jun
CHC;Di'278 Jun
CHC;Di'279 Jun
CHC;Di'280 Jun
CHC;Di'281 Jun
CHC;Di'282 Jun
CHC;Di'283 Jun
CHC;Di'284 Jun
CHC;Di'285 Jun
CHC;Di'286 Jun
CHC;Di'287 Jun
CHC;Di'288 Jun
CHC;Di'289 Jun
CHC;Di'290 Jun
CHC;Di'291 Jun
CHC;Di'292 Jun
CHC;Di'293 Jun
CHC;Di'294 Jun
CHC;Di'295 Jun
CHC;Di'296 Jun
CHC;Di'297 Jun
CHC;Di'298 Jun
CHC;Di'299 Jun
CHC;Di'300 Jun
CHI;Di'1 Jun
CHI;Di'2 Jun
CHI;Di'3 Jun
CHI;Di'4 Jun
CHI;Di'5 Jun
CHI;Di'6 Jun
CHI;Di'7 Jun
CHI;Di'8 Jun
CHI;Di'9 Jun
CHI;Di'10 Jun
CHI;Di'11 Jun
CHI;Di'12 Jun
CHI;Di'13 Jun
CHI;Di'14 Jun
CHI;Di'15 Jun
CHI;Di'16 Jun
CHI;Di'17 Jun
CHI;Di'18 Jun
CHI;Di'19 Jun
CHI;Di'20 Jun
CHI;Di'21 Jun
CHI;Di'22 Jun
CHI;Di'23 Jun
CHI;Di'24 Jun
CHI;Di'25 Jun
CHI;Di'26 Jun
CHI;Di'27 Jun
CHI;Di'28 Jun
CHI;Di'29 Jun
CHI;Di'30 Jun
CHI;Di'31 Jun
CHI;Di'32 Jun
CHI;Di'33 Jun
CHI;Di'34 Jun
CHI;Di'35 Jun
CHI;Di'36 Jun
CHI;Di'37 Jun
CHI;Di'38 Jun
CHI;Di'39 Jun
CHI;Di'40 Jun
CHI;Di'41 Jun
CHI;Di'42 Jun
CHI;Di'43 Jun
CHI;Di'44 Jun
CHI;Di'45 Jun
CHI;Di'46 Jun
CHI;Di'47 Jun
CHI;Di'48 Jun
CHI;Di'49 Jun
CHI;Di'50 Jun
CHI;Di'51 Jun
CHI;Di'52 Jun
CHI;Di'53 Jun
CHI;Di'54 Jun
CHI;Di'55 Jun
CHI;Di'56 Jun
CHI;Di'57 Jun
CHI;Di'58 Jun
CHI;Di'59 Jun
CHI;Di'60 Jun
CHI;Di'61 Jun
CHI;Di'62 Jun
CHI;Di'63 Jun
CHI;Di'64 Jun
CHI;Di'65 Jun
CHI;Di'66 Jun
CHI;Di'67 Jun
CHI;Di'68 Jun
CHI;Di'69 Jun
CHI;Di'70 Jun
CHI;Di'71 Jun
CHI;Di'72 Jun
CHI;Di'73 Jun
CHI;Di'74 Jun
CHI;Di'75 Jun
CHI;Di'76 Jun
CHI;Di'77 Jun
CHI;Di'78 Jun
CHI;Di'79 Jun
CHI;Di'80 Jun
CHI;Di'81 Jun
CHI;Di'82 Jun
CHI;Di'83 Jun
CHI;Di'84 Jun
CHI;Di'85 Jun
CHI;Di'86 Jun
CHI;Di'87 Jun
CHI;Di'88 Jun
CHI;Di'89 Jun
CHI;Di'90 Jun
CHI;Di'91 Jun
CHI;Di'92 Jun
CHI;Di'93 Jun
CHI;Di'94 Jun
CHI;Di'95 Jun
CHI;Di'96 Jun
CHI;Di'97 Jun
CHI;Di'98 Jun
CHI;Di'99 Jun
CHI;Di'100 Jun
CHI;Di'101 Jun
CHI;Di'102 Jun
CHI;Di'103 Jun
CHI;Di'104 Jun
CHI;Di'105 Jun
CHI;Di'106 Jun
CHI;Di'107 Jun
CHI;Di'108 Jun
CHI;Di'109 Jun
CHI;Di'110 Jun
CHI;Di'111 Jun
CHI;Di'112 Jun
CHI;Di'113 Jun
CHI;Di'114 Jun
CHI;Di'115 Jun
CHI;Di'116 Jun
CHI;Di'117 Jun
CHI;Di'118 Jun
CHI;Di'119 Jun
CHI;Di'120 Jun
CHI;Di'121 Jun
CHI;Di'122 Jun
CHI;Di'123 Jun
CHI;Di'124 Jun
CHI;Di'125 Jun
CHI;Di'126 Jun
CHI;Di'127 Jun
CHI;Di'128 Jun
CHI;Di'129 Jun
CHI;Di'130 Jun
CHI;Di'131 Jun
CHI;Di'132 Jun
CHI;Di'133 Jun
CHI;Di'134 Jun
CHI;Di'135 Jun
CHI;Di'136 Jun
CHI;Di'137 Jun
CHI;Di'138 Jun
CHI;Di'139 Jun
CHI;Di'140 Jun
CHI;Di'141 Jun
CHI;Di'142 Jun
CHI;Di'143 Jun
CHI;Di'144 Jun
CHI;Di'145 Jun
CHI;Di'146 Jun
CHI;Di'147 Jun
CHI;Di'148 Jun
CHI;Di'149 Jun
CHI;Di'150 Jun
CHI;Di'151 Jun
CHI;Di'152 Jun
CHI;Di'153 Jun
CHI;Di'154 Jun
CHI;Di'155 Jun
CHI;Di'156 Jun
CHI;Di'157 Jun
CHI;Di'158 Jun
CHI;Di'159 Jun
CHI;Di'160 Jun
CHI;Di'161 Jun
CHI;Di'162 Jun
CHI;Di'163 Jun
CHI;Di'164 Jun
CHI;Di'165 Jun
CHI;Di'166 Jun
CHI;Di'167 Jun
CHI;Di'168 Jun
CHI;Di'169 Jun
CHI;Di'170 Jun
CHI;Di'171 Jun
CHI;Di'172 Jun
CHI;Di'173 Jun
CHI;Di'174 Jun
CHI;Di'175 Jun
CHI;Di'176 Jun
CHI;Di'177 Jun
CHI;Di'178 Jun
CHI;Di'179 Jun
CHI;Di'180 Jun
CHI;Di'181 Jun
CHI;Di'182 Jun
CHI;Di'183 Jun
CHI;Di'184 Jun
CHI;Di'185 Jun
CHI;Di'186 Jun
CHI;Di'187 Jun
CHI;Di'188 Jun
CHI;Di'189 Jun
CHI;Di'190 Jun
CHI;Di'191 Jun
CHI;Di'192 Jun
CHI;Di'193 Jun
CHI;Di'194 Jun
CHI;Di'195 Jun
CHI;Di'196 Jun
CHI;Di'197 Jun
CHI;Di'198 Jun
CHI;Di'199 Jun
CHI;Di'200 Jun
CHI;Di'201 Jun
CHI;Di'202 Jun
CHI;Di'203 Jun
CHI;Di'204 Jun
CHI;Di'205 Jun
CHI;Di'206 Jun
CHI;Di'207 Jun
CHI;Di'208 Jun
CHI;Di'209 Jun
CHI;Di'210 Jun
CHI;Di'211 Jun
CHI;Di'212 Jun
CHI;Di'213 Jun
CHI;Di'214 Jun
CHI;Di'215 Jun
CHI;Di'216 Jun
CHI;Di'217 Jun
CHI;Di'218 Jun
CHI;Di'219 Jun
CHI;Di'220 Jun
CHI;Di'221 Jun
CHI;Di'222 Jun
CHI;Di'223 Jun
CHI;Di'224 Jun
CHI;Di'225 Jun
CHI;Di'226 Jun
CHI;Di'227 Jun
CHI;Di'228 Jun
CHI;Di'229 Jun
CHI;Di'230 Jun
CHI;Di'231 Jun
CHI;Di'232 Jun
CHI;Di'233 Jun
CHI;Di'234 Jun
CHI;Di'235 Jun
CHI;Di'236 Jun
CHI;Di'237 Jun
CHI;Di'238 Jun
CHI;Di'239 Jun
CHI;Di'240 Jun
CHI;Di'241 Jun
CHI;Di'242 Jun
CHI;Di'243 Jun
CHI;Di'244 Jun
CHI;Di'245 Jun
CHI;Di'246 Jun
CHI;Di'247 Jun
CHI;Di'248 Jun
CHI;Di'249 Jun
CHI;Di'250 Jun
CHI;Di'251 Jun
CHI;Di'252 Jun
CHI;Di'253 Jun
CHI;Di'254 Jun
CHI;Di'255 Jun
CHI;Di'256 Jun
CHI;Di'257 Jun
CHI;Di'258 Jun
CHI;Di'259 Jun
CHI;Di'260 Jun
CHI;Di'261 Jun
CHI;Di'262 Jun
CHI;Di'263 Jun
CHI;Di'264 Jun
CHI;Di'265 Jun
CHI;Di'266 Jun
CHI;Di'267 Jun
CHI;Di'268 Jun
CHI;Di'269 Jun
CHI;Di'270 Jun
CHI;Di'271 Jun
CHI;Di'272 Jun
CHI;Di'273 Jun
CHI;Di'274 Jun
CHI;Di'275 Jun
CHI;Di'276 Jun
CHI;Di'277 Jun
CHI;Di'278 Jun
CHI;Di'279 Jun
CHI;Di'280 Jun
CHI;Di'281 Jun
CHI;Di'282 Jun
CHI;Di'283 Jun
CHI;Di'284 Jun
CHI;Di'285 Jun
CHI;Di'286 Jun
CHI;Di'287 Jun
CHI;Di'288 Jun
CHI;Di'289 Jun
CHI;Di'290 Jun
CHI;Di'291 Jun
CHI;Di'292 Jun
CHI;Di'293 Jun
CHI;Di'294 Jun
CHI;Di'295 Jun
CHI;Di'296 Jun
CHI;Di'297 Jun
CHI;Di'298 Jun
CHI;Di'299 Jun
CHI;Di'300 Jun
CHL;I Cuerpo de Ej?rcito chileno
CHL;II Cuerpo de Ej?rcito chileno
CHL;III Cuerpo de Ej?rcito chileno
CHL;IV Cuerpo de Ej?rcito chileno
CHL;V Cuerpo de Ej?rcito chileno
CHL;VI Cuerpo de Ej?rcito chileno
CHL;VII Cuerpo de Ej?rcito chileno
CHL;VIII Cuerpo de Ej?rcito chileno
CHL;IX Cuerpo de Ej?rcito chileno
CHL;X Cuerpo de Ej?rcito chileno
CHL;XI Cuerpo de Ej?rcito chileno
CHL;XII Cuerpo de Ej?rcito chileno
CHL;XIII Cuerpo de Ej?rcito chileno
CHL;XIV Cuerpo de Ej?rcito chileno
CHL;XV Cuerpo de Ej?rcito chileno
CHL;XVI Cuerpo de Ej?rcito chileno
CHL;XVII Cuerpo de Ej?rcito chileno
CHL;XVIII Cuerpo de Ej?rcito chileno
CHL;XIX Cuerpo de Ej?rcito chileno
CHL;XX Cuerpo de Ej?rcito chileno
CHL;XXI Cuerpo de Ej?rcito chileno
CHL;XXII Cuerpo de Ej?rcito chileno
CHL;XXIII Cuerpo de Ej?rcito chileno
CHL;XXIV Cuerpo de Ej?rcito chileno
CHL;XXV Cuerpo de Ej?rcito chileno
CHL;XXVI Cuerpo de Ej?rcito chileno
CHL;XXVII Cuerpo de Ej?rcito chileno
CHL;XXVIII Cuerpo de Ej?rcito chileno
CHL;XXIX Cuerpo de Ej?rcito chileno
CHL;XXX Cuerpo de Ej?rcito chileno
CHL;XXXI Cuerpo de Ej?rcito chileno
CHL;XXXII Cuerpo de Ej?rcito chileno
CHL;XXXIII Cuerpo de Ej?rcito chileno
CHL;XXXIV Cuerpo de Ej?rcito chileno
CHL;XXXV Cuerpo de Ej?rcito chileno
CHL;XXXVI Cuerpo de Ej?rcito chileno
CHL;XXXVII Cuerpo de Ej?rcito chileno
CHL;XXXVIII Cuerpo de Ej?rcito chileno
CHL;XXXIX Cuerpo de Ej?rcito chileno
CHL;XL Cuerpo de Ej?rcito chileno
CHL;XLI Cuerpo de Ej?rcito chileno
CHL;XLII Cuerpo de Ej?rcito chileno
CHL;XLIII Cuerpo de Ej?rcito chileno
CHL;XLIV Cuerpo de Ej?rcito chileno
CHL;XLV Cuerpo de Ej?rcito chileno
CHL;XLVI Cuerpo de Ej?rcito chileno
CHL;XLVII Cuerpo de Ej?rcito chileno
CHL;XLVIII Cuerpo de Ej?rcito chileno
CHL;XLIX Cuerpo de Ej?rcito chileno
CHL;L Cuerpo de Ej?rcito chileno
CMB;1er Corps d'Arm?e cambodgienne
CMB;2e Corps d'Arm?e cambodgienne
CMB;3e Corps d'Arm?e cambodgienne
CMB;4e Corps d'Arm?e cambodgienne
CMB;5e Corps d'Arm?e cambodgienne
CMB;6e Corps d'Arm?e cambodgienne
CMB;7e Corps d'Arm?e cambodgienne
CMB;8e Corps d'Arm?e cambodgienne
CMB;9e Corps d'Arm?e cambodgienne
CMB;10e Corps d'Arm?e cambodgienne
CMB;11e Corps d'Arm?e cambodgienne
CMB;12e Corps d'Arm?e cambodgienne
CMB;13e Corps d'Arm?e cambodgienne
CMB;14e Corps d'Arm?e cambodgienne
CMB;15e Corps d'Arm?e cambodgienne
CMB;16e Corps d'Arm?e cambodgienne
CMB;17e Corps d'Arm?e cambodgienne
CMB;18e Corps d'Arm?e cambodgienne
CMB;19e Corps d'Arm?e cambodgienne
CMB;20e Corps d'Arm?e cambodgienne
CMB;21e Corps d'Arm?e cambodgienne
CMB;22e Corps d'Arm?e cambodgienne
CMB;23e Corps d'Arm?e cambodgienne
CMB;24e Corps d'Arm?e cambodgienne
CMB;25e Corps d'Arm?e cambodgienne
CMB;26e Corps d'Arm?e cambodgienne
CMB;27e Corps d'Arm?e cambodgienne
CMB;28e Corps d'Arm?e cambodgienne
CMB;29e Corps d'Arm?e cambodgienne
CMB;30e Corps d'Arm?e cambodgienne
CMB;31e Corps d'Arm?e cambodgienne
CMB;32e Corps d'Arm?e cambodgienne
CMB;33e Corps d'Arm?e cambodgienne
CMB;34e Corps d'Arm?e cambodgienne
CMB;35e Corps d'Arm?e cambodgienne
CMB;36e Corps d'Arm?e cambodgienne
CMB;37e Corps d'Arm?e cambodgienne
CMB;38e Corps d'Arm?e cambodgienne
CMB;39e Corps d'Arm?e cambodgienne
CMB;40e Corps d'Arm?e cambodgienne
CMB;41e Corps d'Arm?e cambodgienne
CMB;42e Corps d'Arm?e cambodgienne
CMB;43e Corps d'Arm?e cambodgienne
CMB;44e Corps d'Arm?e cambodgienne
CMB;45e Corps d'Arm?e cambodgienne
CMB;46e Corps d'Arm?e cambodgienne
CMB;47e Corps d'Arm?e cambodgienne
CMB;48e Corps d'Arm?e cambodgienne
CMB;49e Corps d'Arm?e cambodgienne
CMB;50e Corps d'Arm?e cambodgienne
COL;I Cuerpo de Ej?rcito colombiano
COL;II Cuerpo de Ej?rcito colombiano
COL;III Cuerpo de Ej?rcito colombiano
COL;IV Cuerpo de Ej?rcito colombiano
COL;V Cuerpo de Ej?rcito colombiano
COL;VI Cuerpo de Ej?rcito colombiano
COL;VII Cuerpo de Ej?rcito colombiano
COL;VIII Cuerpo de Ej?rcito colombiano
COL;IX Cuerpo de Ej?rcito colombiano
COL;X Cuerpo de Ej?rcito colombiano
COL;XI Cuerpo de Ej?rcito colombiano
COL;XII Cuerpo de Ej?rcito colombiano
COL;XIII Cuerpo de Ej?rcito colombiano
COL;XIV Cuerpo de Ej?rcito colombiano
COL;XV Cuerpo de Ej?rcito colombiano
COL;XVI Cuerpo de Ej?rcito colombiano
COL;XVII Cuerpo de Ej?rcito colombiano
COL;XVIII Cuerpo de Ej?rcito colombiano
COL;XIX Cuerpo de Ej?rcito colombiano
COL;XX Cuerpo de Ej?rcito colombiano
COL;XXI Cuerpo de Ej?rcito colombiano
COL;XXII Cuerpo de Ej?rcito colombiano
COL;XXIII Cuerpo de Ej?rcito colombiano
COL;XXIV Cuerpo de Ej?rcito colombiano
COL;XXV Cuerpo de Ej?rcito colombiano
COL;XXVI Cuerpo de Ej?rcito colombiano
COL;XXVII Cuerpo de Ej?rcito colombiano
COL;XXVIII Cuerpo de Ej?rcito colombiano
COL;XXIX Cuerpo de Ej?rcito colombiano
COL;XXX Cuerpo de Ej?rcito colombiano
COL;XXXI Cuerpo de Ej?rcito colombiano
COL;XXXII Cuerpo de Ej?rcito colombiano
COL;XXXIII Cuerpo de Ej?rcito colombiano
COL;XXXIV Cuerpo de Ej?rcito colombiano
COL;XXXV Cuerpo de Ej?rcito colombiano
COL;XXXVI Cuerpo de Ej?rcito colombiano
COL;XXXVII Cuerpo de Ej?rcito colombiano
COL;XXXVIII Cuerpo de Ej?rcito colombiano
COL;XXXIX Cuerpo de Ej?rcito colombiano
COL;XL Cuerpo de Ej?rcito colombiano
COL;XLI Cuerpo de Ej?rcito colombiano
COL;XLII Cuerpo de Ej?rcito colombiano
COL;XLIII Cuerpo de Ej?rcito colombiano
COL;XLIV Cuerpo de Ej?rcito colombiano
COL;XLV Cuerpo de Ej?rcito colombiano
COL;XLVI Cuerpo de Ej?rcito colombiano
COL;XLVII Cuerpo de Ej?rcito colombiano
COL;XLVIII Cuerpo de Ej?rcito colombiano
COL;XLIX Cuerpo de Ej?rcito colombiano
COL;L Cuerpo de Ej?rcito colombiano
CON;1er Corps d'Arm?e de le Congo
CON;2e Corps d'Arm?e de le Congo
CON;3e Corps d'Arm?e de le Congo
CON;4e Corps d'Arm?e de le Congo
CON;5e Corps d'Arm?e de le Congo
CON;6e Corps d'Arm?e de le Congo
CON;7e Corps d'Arm?e de le Congo
CON;8e Corps d'Arm?e de le Congo
CON;9e Corps d'Arm?e de le Congo
CON;10e Corps d'Arm?e de le Congo
CON;11e Corps d'Arm?e de le Congo
CON;12e Corps d'Arm?e de le Congo
CON;13e Corps d'Arm?e de le Congo
CON;14e Corps d'Arm?e de le Congo
CON;15e Corps d'Arm?e de le Congo
CON;16e Corps d'Arm?e de le Congo
CON;17e Corps d'Arm?e de le Congo
CON;18e Corps d'Arm?e de le Congo
CON;19e Corps d'Arm?e de le Congo
CON;20e Corps d'Arm?e de le Congo
CON;21e Corps d'Arm?e de le Congo
CON;22e Corps d'Arm?e de le Congo
CON;23e Corps d'Arm?e de le Congo
CON;24e Corps d'Arm?e de le Congo
CON;25e Corps d'Arm?e de le Congo
CON;26e Corps d'Arm?e de le Congo
CON;27e Corps d'Arm?e de le Congo
CON;28e Corps d'Arm?e de le Congo
CON;29e Corps d'Arm?e de le Congo
CON;30e Corps d'Arm?e de le Congo
CON;31e Corps d'Arm?e de le Congo
CON;32e Corps d'Arm?e de le Congo
CON;33e Corps d'Arm?e de le Congo
CON;34e Corps d'Arm?e de le Congo
CON;35e Corps d'Arm?e de le Congo
CON;36e Corps d'Arm?e de le Congo
CON;37e Corps d'Arm?e de le Congo
CON;38e Corps d'Arm?e de le Congo
CON;39e Corps d'Arm?e de le Congo
CON;40e Corps d'Arm?e de le Congo
CON;41e Corps d'Arm?e de le Congo
CON;42e Corps d'Arm?e de le Congo
CON;43e Corps d'Arm?e de le Congo
CON;44e Corps d'Arm?e de le Congo
CON;45e Corps d'Arm?e de le Congo
CON;46e Corps d'Arm?e de le Congo
CON;47e Corps d'Arm?e de le Congo
CON;48e Corps d'Arm?e de le Congo
CON;49e Corps d'Arm?e de le Congo
CON;50e Corps d'Arm?e de le Congo
COS;I Cuerpo de Ej?rcito costarricense
COS;II Cuerpo de Ej?rcito costarricense
COS;III Cuerpo de Ej?rcito costarricense
COS;IV Cuerpo de Ej?rcito costarricense
COS;V Cuerpo de Ej?rcito costarricense
COS;VI Cuerpo de Ej?rcito costarricense
COS;VII Cuerpo de Ej?rcito costarricense
COS;VIII Cuerpo de Ej?rcito costarricense
COS;IX Cuerpo de Ej?rcito costarricense
COS;X Cuerpo de Ej?rcito costarricense
COS;XI Cuerpo de Ej?rcito costarricense
COS;XII Cuerpo de Ej?rcito costarricense
COS;XIII Cuerpo de Ej?rcito costarricense
COS;XIV Cuerpo de Ej?rcito costarricense
COS;XV Cuerpo de Ej?rcito costarricense
COS;XVI Cuerpo de Ej?rcito costarricense
COS;XVII Cuerpo de Ej?rcito costarricense
COS;XVIII Cuerpo de Ej?rcito costarricense
COS;XIX Cuerpo de Ej?rcito costarricense
COS;XX Cuerpo de Ej?rcito costarricense
COS;XXI Cuerpo de Ej?rcito costarricense
COS;XXII Cuerpo de Ej?rcito costarricense
COS;XXIII Cuerpo de Ej?rcito costarricense
COS;XXIV Cuerpo de Ej?rcito costarricense
COS;XXV Cuerpo de Ej?rcito costarricense
COS;XXVI Cuerpo de Ej?rcito costarricense
COS;XXVII Cuerpo de Ej?rcito costarricense
COS;XXVIII Cuerpo de Ej?rcito costarricense
COS;XXIX Cuerpo de Ej?rcito costarricense
COS;XXX Cuerpo de Ej?rcito costarricense
COS;XXXI Cuerpo de Ej?rcito costarricense
COS;XXXII Cuerpo de Ej?rcito costarricense
COS;XXXIII Cuerpo de Ej?rcito costarricense
COS;XXXIV Cuerpo de Ej?rcito costarricense
COS;XXXV Cuerpo de Ej?rcito costarricense
COS;XXXVI Cuerpo de Ej?rcito costarricense
COS;XXXVII Cuerpo de Ej?rcito costarricense
COS;XXXVIII Cuerpo de Ej?rcito costarricense
COS;XXXIX Cuerpo de Ej?rcito costarricense
COS;XL Cuerpo de Ej?rcito costarricense
COS;XLI Cuerpo de Ej?rcito costarricense
COS;XLII Cuerpo de Ej?rcito costarricense
COS;XLIII Cuerpo de Ej?rcito costarricense
COS;XLIV Cuerpo de Ej?rcito costarricense
COS;XLV Cuerpo de Ej?rcito costarricense
COS;XLVI Cuerpo de Ej?rcito costarricense
COS;XLVII Cuerpo de Ej?rcito costarricense
COS;XLVIII Cuerpo de Ej?rcito costarricense
COS;XLIX Cuerpo de Ej?rcito costarricense
COS;L Cuerpo de Ej?rcito costarricense
CRO;1. hrvatska korpus
CRO;2. hrvatska korpus
CRO;3. hrvatska korpus
CRO;4. hrvatska korpus
CRO;5. hrvatska korpus
CRO;6. hrvatska korpus
CRO;7. hrvatska korpus
CRO;8. hrvatska korpus
CRO;9. hrvatska korpus
CRO;10. hrvatska korpus
CRO;11. hrvatska korpus
CRO;12. hrvatska korpus
CRO;13. hrvatska korpus
CRO;14. hrvatska korpus
CRO;15. hrvatska korpus
CRO;16. hrvatska korpus
CRO;17. hrvatska korpus
CRO;18. hrvatska korpus
CRO;19. hrvatska korpus
CRO;20. hrvatska korpus
CRO;21. hrvatska korpus
CRO;22. hrvatska korpus
CRO;23. hrvatska korpus
CRO;24. hrvatska korpus
CRO;25. hrvatska korpus
CRO;26. hrvatska korpus
CRO;27. hrvatska korpus
CRO;28. hrvatska korpus
CRO;29. hrvatska korpus
CRO;30. hrvatska korpus
CRO;31. hrvatska korpus
CRO;32. hrvatska korpus
CRO;33. hrvatska korpus
CRO;34. hrvatska korpus
CRO;35. hrvatska korpus
CRO;36. hrvatska korpus
CRO;37. hrvatska korpus
CRO;38. hrvatska korpus
CRO;39. hrvatska korpus
CRO;40. hrvatska korpus
CRO;41. hrvatska korpus
CRO;42. hrvatska korpus
CRO;43. hrvatska korpus
CRO;44. hrvatska korpus
CRO;45. hrvatska korpus
CRO;46. hrvatska korpus
CRO;47. hrvatska korpus
CRO;48. hrvatska korpus
CRO;49. hrvatska korpus
CRO;50. hrvatska korpus
CSA;CS I Corps
CSA;CS II Corps
CSA;CS III Corps
CSA;CS IV Corps
CSA;CS V Corps
CSA;CS VI Corps
CSA;CS VII Corps
CSA;CS VIII Corps
CSA;CS IX Corps
CSA;CS X Corps
CSA;CS XI Corps
CSA;CS XII Corps
CSA;CS XIII Corps
CSA;CS XIV Corps
CSA;CS XV Corps
CSA;CS XVI Corps
CSA;CS XVII Corps
CSA;CS XVIII Corps
CSA;CS XIX Corps
CSA;CS XX Corps
CSA;CS XXI Corps
CSA;CS XXII Corps
CSA;CS XXIII Corps
CSA;CS XXIV Corps
CSA;CS XXV Corps
CSA;CS XXVI Corps
CSA;CS XXVII Corps
CSA;CS XXVIII Corps
CSA;CS XXIX Corps
CSA;CS XXX Corps
CSA;CS XXXI Corps
CSA;CS XXXII Corps
CSA;CS XXXIII Corps
CSA;CS XXXIV Corps
CSA;CS XXXV Corps
CSA;CS XXXVI Corps
CSA;CS XXXVII Corps
CSA;CS XXXVIII Corps
CSA;CS XXXIX Corps
CSA;CS XL Corps
CSA;CS XLI Corps
CSA;CS XLII Corps
CSA;CS XLIII Corps
CSA;CS XLIV Corps
CSA;CS XLV Corps
CSA;CS XLVI Corps
CSA;CS XLVII Corps
CSA;CS XLVIII Corps
CSA;CS XLIX Corps
CSA;CS L Corps
CSX;Di'1 Jun
CSX;Di'2 Jun
CSX;Di'3 Jun
CSX;Di'4 Jun
CSX;Di'5 Jun
CSX;Di'6 Jun
CSX;Di'7 Jun
CSX;Di'8 Jun
CSX;Di'9 Jun
CSX;Di'10 Jun
CSX;Di'11 Jun
CSX;Di'12 Jun
CSX;Di'13 Jun
CSX;Di'14 Jun
CSX;Di'15 Jun
CSX;Di'16 Jun
CSX;Di'17 Jun
CSX;Di'18 Jun
CSX;Di'19 Jun
CSX;Di'20 Jun
CSX;Di'21 Jun
CSX;Di'22 Jun
CSX;Di'23 Jun
CSX;Di'24 Jun
CSX;Di'25 Jun
CSX;Di'26 Jun
CSX;Di'27 Jun
CSX;Di'28 Jun
CSX;Di'29 Jun
CSX;Di'30 Jun
CSX;Di'31 Jun
CSX;Di'32 Jun
CSX;Di'33 Jun
CSX;Di'34 Jun
CSX;Di'35 Jun
CSX;Di'36 Jun
CSX;Di'37 Jun
CSX;Di'38 Jun
CSX;Di'39 Jun
CSX;Di'40 Jun
CSX;Di'41 Jun
CSX;Di'42 Jun
CSX;Di'43 Jun
CSX;Di'44 Jun
CSX;Di'45 Jun
CSX;Di'46 Jun
CSX;Di'47 Jun
CSX;Di'48 Jun
CSX;Di'49 Jun
CSX;Di'50 Jun
CSX;Di'51 Jun
CSX;Di'52 Jun
CSX;Di'53 Jun
CSX;Di'54 Jun
CSX;Di'55 Jun
CSX;Di'56 Jun
CSX;Di'57 Jun
CSX;Di'58 Jun
CSX;Di'59 Jun
CSX;Di'60 Jun
CSX;Di'61 Jun
CSX;Di'62 Jun
CSX;Di'63 Jun
CSX;Di'64 Jun
CSX;Di'65 Jun
CSX;Di'66 Jun
CSX;Di'67 Jun
CSX;Di'68 Jun
CSX;Di'69 Jun
CSX;Di'70 Jun
CSX;Di'71 Jun
CSX;Di'72 Jun
CSX;Di'73 Jun
CSX;Di'74 Jun
CSX;Di'75 Jun
CSX;Di'76 Jun
CSX;Di'77 Jun
CSX;Di'78 Jun
CSX;Di'79 Jun
CSX;Di'80 Jun
CSX;Di'81 Jun
CSX;Di'82 Jun
CSX;Di'83 Jun
CSX;Di'84 Jun
CSX;Di'85 Jun
CSX;Di'86 Jun
CSX;Di'87 Jun
CSX;Di'88 Jun
CSX;Di'89 Jun
CSX;Di'90 Jun
CSX;Di'91 Jun
CSX;Di'92 Jun
CSX;Di'93 Jun
CSX;Di'94 Jun
CSX;Di'95 Jun
CSX;Di'96 Jun
CSX;Di'97 Jun
CSX;Di'98 Jun
CSX;Di'99 Jun
CSX;Di'100 Jun
CUB;I Cuerpo de Ej?rcito cubano
CUB;II Cuerpo de Ej?rcito cubano
CUB;III Cuerpo de Ej?rcito cubano
CUB;IV Cuerpo de Ej?rcito cubano
CUB;V Cuerpo de Ej?rcito cubano
CUB;VI Cuerpo de Ej?rcito cubano
CUB;VII Cuerpo de Ej?rcito cubano
CUB;VIII Cuerpo de Ej?rcito cubano
CUB;IX Cuerpo de Ej?rcito cubano
CUB;X Cuerpo de Ej?rcito cubano
CUB;XI Cuerpo de Ej?rcito cubano
CUB;XII Cuerpo de Ej?rcito cubano
CUB;XIII Cuerpo de Ej?rcito cubano
CUB;XIV Cuerpo de Ej?rcito cubano
CUB;XV Cuerpo de Ej?rcito cubano
CUB;XVI Cuerpo de Ej?rcito cubano
CUB;XVII Cuerpo de Ej?rcito cubano
CUB;XVIII Cuerpo de Ej?rcito cubano
CUB;XIX Cuerpo de Ej?rcito cubano
CUB;XX Cuerpo de Ej?rcito cubano
CUB;XXI Cuerpo de Ej?rcito cubano
CUB;XXII Cuerpo de Ej?rcito cubano
CUB;XXIII Cuerpo de Ej?rcito cubano
CUB;XXIV Cuerpo de Ej?rcito cubano
CUB;XXV Cuerpo de Ej?rcito cubano
CUB;XXVI Cuerpo de Ej?rcito cubano
CUB;XXVII Cuerpo de Ej?rcito cubano
CUB;XXVIII Cuerpo de Ej?rcito cubano
CUB;XXIX Cuerpo de Ej?rcito cubano
CUB;XXX Cuerpo de Ej?rcito cubano
CUB;XXXI Cuerpo de Ej?rcito cubano
CUB;XXXII Cuerpo de Ej?rcito cubano
CUB;XXXIII Cuerpo de Ej?rcito cubano
CUB;XXXIV Cuerpo de Ej?rcito cubano
CUB;XXXV Cuerpo de Ej?rcito cubano
CUB;XXXVI Cuerpo de Ej?rcito cubano
CUB;XXXVII Cuerpo de Ej?rcito cubano
CUB;XXXVIII Cuerpo de Ej?rcito cubano
CUB;XXXIX Cuerpo de Ej?rcito cubano
CUB;XL Cuerpo de Ej?rcito cubano
CUB;XLI Cuerpo de Ej?rcito cubano
CUB;XLII Cuerpo de Ej?rcito cubano
CUB;XLIII Cuerpo de Ej?rcito cubano
CUB;XLIV Cuerpo de Ej?rcito cubano
CUB;XLV Cuerpo de Ej?rcito cubano
CUB;XLVI Cuerpo de Ej?rcito cubano
CUB;XLVII Cuerpo de Ej?rcito cubano
CUB;XLVIII Cuerpo de Ej?rcito cubano
CUB;XLIX Cuerpo de Ej?rcito cubano
CUB;L Cuerpo de Ej?rcito cubano
CXB;Di'1 Jun
CXB;Di'2 Jun
CXB;Di'3 Jun
CXB;Di'4 Jun
CXB;Di'5 Jun
CXB;Di'6 Jun
CXB;Di'7 Jun
CXB;Di'8 Jun
CXB;Di'9 Jun
CXB;Di'10 Jun
CXB;Di'11 Jun
CXB;Di'12 Jun
CXB;Di'13 Jun
CXB;Di'14 Jun
CXB;Di'15 Jun
CXB;Di'16 Jun
CXB;Di'17 Jun
CXB;Di'18 Jun
CXB;Di'19 Jun
CXB;Di'20 Jun
CXB;Di'21 Jun
CXB;Di'22 Jun
CXB;Di'23 Jun
CXB;Di'24 Jun
CXB;Di'25 Jun
CXB;Di'26 Jun
CXB;Di'27 Jun
CXB;Di'28 Jun
CXB;Di'29 Jun
CXB;Di'30 Jun
CXB;Di'31 Jun
CXB;Di'32 Jun
CXB;Di'33 Jun
CXB;Di'34 Jun
CXB;Di'35 Jun
CXB;Di'36 Jun
CXB;Di'37 Jun
CXB;Di'38 Jun
CXB;Di'39 Jun
CXB;Di'40 Jun
CXB;Di'41 Jun
CXB;Di'42 Jun
CXB;Di'43 Jun
CXB;Di'44 Jun
CXB;Di'45 Jun
CXB;Di'46 Jun
CXB;Di'47 Jun
CXB;Di'48 Jun
CXB;Di'49 Jun
CXB;Di'50 Jun
CXB;Di'51 Jun
CXB;Di'52 Jun
CXB;Di'53 Jun
CXB;Di'54 Jun
CXB;Di'55 Jun
CXB;Di'56 Jun
CXB;Di'57 Jun
CXB;Di'58 Jun
CXB;Di'59 Jun
CXB;Di'60 Jun
CXB;Di'61 Jun
CXB;Di'62 Jun
CXB;Di'63 Jun
CXB;Di'64 Jun
CXB;Di'65 Jun
CXB;Di'66 Jun
CXB;Di'67 Jun
CXB;Di'68 Jun
CXB;Di'69 Jun
CXB;Di'70 Jun
CXB;Di'71 Jun
CXB;Di'72 Jun
CXB;Di'73 Jun
CXB;Di'74 Jun
CXB;Di'75 Jun
CXB;Di'76 Jun
CXB;Di'77 Jun
CXB;Di'78 Jun
CXB;Di'79 Jun
CXB;Di'80 Jun
CXB;Di'81 Jun
CXB;Di'82 Jun
CXB;Di'83 Jun
CXB;Di'84 Jun
CXB;Di'85 Jun
CXB;Di'86 Jun
CXB;Di'87 Jun
CXB;Di'88 Jun
CXB;Di'89 Jun
CXB;Di'90 Jun
CXB;Di'91 Jun
CXB;Di'92 Jun
CXB;Di'93 Jun
CXB;Di'94 Jun
CXB;Di'95 Jun
CXB;Di'96 Jun
CXB;Di'97 Jun
CXB;Di'98 Jun
CXB;Di'99 Jun
CXB;Di'100 Jun
CYN;Di'1 Jun
CYN;Di'2 Jun
CYN;Di'3 Jun
CYN;Di'4 Jun
CYN;Di'5 Jun
CYN;Di'6 Jun
CYN;Di'7 Jun
CYN;Di'8 Jun
CYN;Di'9 Jun
CYN;Di'10 Jun
CYN;Di'11 Jun
CYN;Di'12 Jun
CYN;Di'13 Jun
CYN;Di'14 Jun
CYN;Di'15 Jun
CYN;Di'16 Jun
CYN;Di'17 Jun
CYN;Di'18 Jun
CYN;Di'19 Jun
CYN;Di'20 Jun
CYN;Di'21 Jun
CYN;Di'22 Jun
CYN;Di'23 Jun
CYN;Di'24 Jun
CYN;Di'25 Jun
CYN;Di'26 Jun
CYN;Di'27 Jun
CYN;Di'28 Jun
CYN;Di'29 Jun
CYN;Di'30 Jun
CYN;Di'31 Jun
CYN;Di'32 Jun
CYN;Di'33 Jun
CYN;Di'34 Jun
CYN;Di'35 Jun
CYN;Di'36 Jun
CYN;Di'37 Jun
CYN;Di'38 Jun
CYN;Di'39 Jun
CYN;Di'40 Jun
CYN;Di'41 Jun
CYN;Di'42 Jun
CYN;Di'43 Jun
CYN;Di'44 Jun
CYN;Di'45 Jun
CYN;Di'46 Jun
CYN;Di'47 Jun
CYN;Di'48 Jun
CYN;Di'49 Jun
CYN;Di'50 Jun
CYN;Di'51 Jun
CYN;Di'52 Jun
CYN;Di'53 Jun
CYN;Di'54 Jun
CYN;Di'55 Jun
CYN;Di'56 Jun
CYN;Di'57 Jun
CYN;Di'58 Jun
CYN;Di'59 Jun
CYN;Di'60 Jun
CYN;Di'61 Jun
CYN;Di'62 Jun
CYN;Di'63 Jun
CYN;Di'64 Jun
CYN;Di'65 Jun
CYN;Di'66 Jun
CYN;Di'67 Jun
CYN;Di'68 Jun
CYN;Di'69 Jun
CYN;Di'70 Jun
CYN;Di'71 Jun
CYN;Di'72 Jun
CYN;Di'73 Jun
CYN;Di'74 Jun
CYN;Di'75 Jun
CYN;Di'76 Jun
CYN;Di'77 Jun
CYN;Di'78 Jun
CYN;Di'79 Jun
CYN;Di'80 Jun
CYN;Di'81 Jun
CYN;Di'82 Jun
CYN;Di'83 Jun
CYN;Di'84 Jun
CYN;Di'85 Jun
CYN;Di'86 Jun
CYN;Di'87 Jun
CYN;Di'88 Jun
CYN;Di'89 Jun
CYN;Di'90 Jun
CYN;Di'91 Jun
CYN;Di'92 Jun
CYN;Di'93 Jun
CYN;Di'94 Jun
CYN;Di'95 Jun
CYN;Di'96 Jun
CYN;Di'97 Jun
CYN;Di'98 Jun
CYN;Di'99 Jun
CYN;Di'100 Jun
CYP;I Kypros L?chos
CYP;II Kypros L?chos
CYP;III Kypros L?chos
CYP;IV Kypros L?chos
CYP;V Kypros L?chos
CYP;VI Kypros L?chos
CYP;VII Kypros L?chos
CYP;VIII Kypros L?chos
CYP;IX Kypros L?chos
CYP;X Kypros L?chos
CYP;XI Kypros L?chos
CYP;XII Kypros L?chos
CYP;XIII Kypros L?chos
CYP;XIV Kypros L?chos
CYP;XV Kypros L?chos
CYP;XVI Kypros L?chos
CYP;XVII Kypros L?chos
CYP;XVIII Kypros L?chos
CYP;XIX Kypros L?chos
CYP;XX Kypros L?chos
CYP;XXI Kypros L?chos
CYP;XXII Kypros L?chos
CYP;XXIII Kypros L?chos
CYP;XXIV Kypros L?chos
CYP;XXV Kypros L?chos
CYP;XXVI Kypros L?chos
CYP;XXVII Kypros L?chos
CYP;XXVIII Kypros L?chos
CYP;XXIX Kypros L?chos
CYP;XXX Kypros L?chos
CYP;XXXI Kypros L?chos
CYP;XXXII Kypros L?chos
CYP;XXXIII Kypros L?chos
CYP;XXXIV Kypros L?chos
CYP;XXXV Kypros L?chos
CYP;XXXVI Kypros L?chos
CYP;XXXVII Kypros L?chos
CYP;XXXVIII Kypros L?chos
CYP;XXXIX Kypros L?chos
CYP;XL Kypros L?chos
CYP;XLI Kypros L?chos
CYP;XLII Kypros L?chos
CYP;XLIII Kypros L?chos
CYP;XLIV Kypros L?chos
CYP;XLV Kypros L?chos
CYP;XLVI Kypros L?chos
CYP;XLVII Kypros L?chos
CYP;XLVIII Kypros L?chos
CYP;XLIX Kypros L?chos
CYP;L Kypros L?chos
CZE;I. Cechoslov?k Arm?dn? Sbor
CZE;II. Cechoslov?k Arm?dn? Sbor
CZE;III. Cechoslov?k Arm?dn? Sbor
CZE;IV. Cechoslov?k Arm?dn? Sbor
CZE;V. Cechoslov?k Arm?dn? Sbor
CZE;VI. Cechoslov?k Arm?dn? Sbor
CZE;VII. Cechoslov?k Arm?dn? Sbor
CZE;VIII. Cechoslov?k Arm?dn? Sbor
CZE;IX. Cechoslov?k Arm?dn? Sbor
CZE;X. Cechoslov?k Arm?dn? Sbor
CZE;XI. Cechoslov?k Arm?dn? Sbor
CZE;XII. Cechoslov?k Arm?dn? Sbor
CZE;XIII. Cechoslov?k Arm?dn? Sbor
CZE;XIV. Cechoslov?k Arm?dn? Sbor
CZE;XV. Cechoslov?k Arm?dn? Sbor
CZE;XVI. Cechoslov?k Arm?dn? Sbor
CZE;XVII. Cechoslov?k Arm?dn? Sbor
CZE;XVIII. Cechoslov?k Arm?dn? Sbor
CZE;XIX. Cechoslov?k Arm?dn? Sbor
CZE;XX. Cechoslov?k Arm?dn? Sbor
CZE;XXI. Cechoslov?k Arm?dn? Sbor
CZE;XXII. Cechoslov?k Arm?dn? Sbor
CZE;XXIII. Cechoslov?k Arm?dn? Sbor
CZE;XXIV. Cechoslov?k Arm?dn? Sbor
CZE;XXV. Cechoslov?k Arm?dn? Sbor
CZE;XXVI. Cechoslov?k Arm?dn? Sbor
CZE;XXVII. Cechoslov?k Arm?dn? Sbor
CZE;XXVIII. Cechoslov?k Arm?dn? Sbor
CZE;XXIX. Cechoslov?k Arm?dn? Sbor
CZE;XXX. Cechoslov?k Arm?dn? Sbor
CZE;XXXI. Cechoslov?k Arm?dn? Sbor
CZE;XXXII. Cechoslov?k Arm?dn? Sbor
CZE;XXXIII. Cechoslov?k Arm?dn? Sbor
CZE;XXXIV. Cechoslov?k Arm?dn? Sbor
CZE;XXXV. Cechoslov?k Arm?dn? Sbor
CZE;XXXVI. Cechoslov?k Arm?dn? Sbor
CZE;XXXVII. Cechoslov?k Arm?dn? Sbor
CZE;XXXVIII. Cechoslov?k Arm?dn? Sbor
CZE;XXXIX. Cechoslov?k Arm?dn? Sbor
CZE;XL. Cechoslov?k Arm?dn? Sbor
CZE;XLI. Cechoslov?k Arm?dn? Sbor
CZE;XLII. Cechoslov?k Arm?dn? Sbor
CZE;XLIII. Cechoslov?k Arm?dn? Sbor
CZE;XLIV. Cechoslov?k Arm?dn? Sbor
CZE;XLV. Cechoslov?k Arm?dn? Sbor
CZE;XLVI. Cechoslov?k Arm?dn? Sbor
CZE;XLVII. Cechoslov?k Arm?dn? Sbor
CZE;XLVIII. Cechoslov?k Arm?dn? Sbor
CZE;XLIX. Cechoslov?k Arm?dn? Sbor
CZE;L. Cechoslov?k Arm?dn? Sbor
CZE;LI. Cechoslov?k Arm?dn? Sbor
CZE;LII. Cechoslov?k Arm?dn? Sbor
CZE;LIII. Cechoslov?k Arm?dn? Sbor
CZE;LIV. Cechoslov?k Arm?dn? Sbor
CZE;LV. Cechoslov?k Arm?dn? Sbor
CZE;LVI. Cechoslov?k Arm?dn? Sbor
CZE;LVII. Cechoslov?k Arm?dn? Sbor
CZE;LVIII. Cechoslov?k Arm?dn? Sbor
CZE;LIX. Cechoslov?k Arm?dn? Sbor
CZE;LX. Cechoslov?k Arm?dn? Sbor
CZE;LXI. Cechoslov?k Arm?dn? Sbor
CZE;LXII. Cechoslov?k Arm?dn? Sbor
CZE;LXIII. Cechoslov?k Arm?dn? Sbor
CZE;LXIV. Cechoslov?k Arm?dn? Sbor
CZE;LXV. Cechoslov?k Arm?dn? Sbor
CZE;LXVI. Cechoslov?k Arm?dn? Sbor
CZE;LXVII. Cechoslov?k Arm?dn? Sbor
CZE;LXVIII. Cechoslov?k Arm?dn? Sbor
CZE;LXIX. Cechoslov?k Arm?dn? Sbor
CZE;LXX. Cechoslov?k Arm?dn? Sbor
CZE;LXXI. Cechoslov?k Arm?dn? Sbor
CZE;LXXII. Cechoslov?k Arm?dn? Sbor
CZE;LXXIII. Cechoslov?k Arm?dn? Sbor
CZE;LXXIV. Cechoslov?k Arm?dn? Sbor
CZE;LXXV. Cechoslov?k Arm?dn? Sbor
CZE;LXXVI. Cechoslov?k Arm?dn? Sbor
CZE;LXXVII. Cechoslov?k Arm?dn? Sbor
CZE;LXXVIII. Cechoslov?k Arm?dn? Sbor
CZE;LXXIX. Cechoslov?k Arm?dn? Sbor
CZE;LXXX. Cechoslov?k Arm?dn? Sbor
CZE;LXXXI. Cechoslov?k Arm?dn? Sbor
CZE;LXXXII. Cechoslov?k Arm?dn? Sbor
CZE;LXXXIII. Cechoslov?k Arm?dn? Sbor
CZE;LXXXIV. Cechoslov?k Arm?dn? Sbor
CZE;LXXXV. Cechoslov?k Arm?dn? Sbor
CZE;LXXXVI. Cechoslov?k Arm?dn? Sbor
CZE;LXXXVII. Cechoslov?k Arm?dn? Sbor
CZE;LXXXVIII. Cechoslov?k Arm?dn? Sbor
CZE;LXXXIX. Cechoslov?k Arm?dn? Sbor
CZE;XC. Cechoslov?k Arm?dn? Sbor
CZE;XCI. Cechoslov?k Arm?dn? Sbor
CZE;XCII. Cechoslov?k Arm?dn? Sbor
CZE;XCIII. Cechoslov?k Arm?dn? Sbor
CZE;XCIV. Cechoslov?k Arm?dn? Sbor
CZE;XCV. Cechoslov?k Arm?dn? Sbor
CZE;XCVI. Cechoslov?k Arm?dn? Sbor
CZE;XCVII. Cechoslov?k Arm?dn? Sbor
CZE;XCVIII. Cechoslov?k Arm?dn? Sbor
CZE;XCIX. Cechoslov?k Arm?dn? Sbor
CZE;C. Cechoslov?k Arm?dn? Sbor
DDR;Milit?rbezirk I
DDR;Milit?rbezirk II
DDR;Milit?rbezirk III
DDR;Milit?rbezirk IV
DDR;Milit?rbezirk V
DDR;Milit?rbezirk VI
DDR;Milit?rbezirk VII
DDR;Milit?rbezirk VIII
DDR;Milit?rbezirk IX
DDR;Milit?rbezirk X
DDR;Milit?rbezirk XI
DDR;Milit?rbezirk XII
DDR;Milit?rbezirk XIII
DDR;Milit?rbezirk XIV
DDR;Milit?rbezirk XV
DDR;Milit?rbezirk XVI
DDR;Milit?rbezirk XVII
DDR;Milit?rbezirk XVIII
DDR;Milit?rbezirk XIX
DDR;Milit?rbezirk XX
DDR;Milit?rbezirk XXI
DDR;Milit?rbezirk XXII
DDR;Milit?rbezirk XXIII
DDR;Milit?rbezirk XXIV
DDR;Milit?rbezirk XXV
DDR;Milit?rbezirk XXVI
DDR;Milit?rbezirk XXVII
DDR;Milit?rbezirk XXVIII
DDR;Milit?rbezirk XXIX
DDR;Milit?rbezirk XXX
DDR;Milit?rbezirk XXXI
DDR;Milit?rbezirk XXXII
DDR;Milit?rbezirk XXXIII
DDR;Milit?rbezirk XXXIV
DDR;Milit?rbezirk XXXV
DDR;Milit?rbezirk XXXVI
DDR;Milit?rbezirk XXXVII
DDR;Milit?rbezirk XXXVIII
DDR;Milit?rbezirk XXXIX
DDR;Milit?rbezirk XL
DDR;Milit?rbezirk XLI
DDR;Milit?rbezirk XLII
DDR;Milit?rbezirk XLIII
DDR;Milit?rbezirk XLIV
DDR;Milit?rbezirk XLV
DDR;Milit?rbezirk XLVI
DDR;Milit?rbezirk XLVII
DDR;Milit?rbezirk XLVIII
DDR;Milit?rbezirk XLIX
DDR;Milit?rbezirk L
DDR;Milit?rbezirk LI
DDR;Milit?rbezirk LII
DDR;Milit?rbezirk LIII
DDR;Milit?rbezirk LIV
DDR;Milit?rbezirk LV
DDR;Milit?rbezirk LVI
DDR;Milit?rbezirk LVII
DDR;Milit?rbezirk LVIII
DDR;Milit?rbezirk LIX
DDR;Milit?rbezirk LX
DDR;Milit?rbezirk LXI
DDR;Milit?rbezirk LXII
DDR;Milit?rbezirk LXIII
DDR;Milit?rbezirk LXIV
DDR;Milit?rbezirk LXV
DDR;Milit?rbezirk LXVI
DDR;Milit?rbezirk LXVII
DDR;Milit?rbezirk LXVIII
DDR;Milit?rbezirk LXIX
DDR;Milit?rbezirk LXX
DDR;Milit?rbezirk LXXI
DDR;Milit?rbezirk LXXII
DDR;Milit?rbezirk LXXIII
DDR;Milit?rbezirk LXXIV
DDR;Milit?rbezirk LXXV
DDR;Milit?rbezirk LXXVI
DDR;Milit?rbezirk LXXVII
DDR;Milit?rbezirk LXXVIII
DDR;Milit?rbezirk LXXIX
DDR;Milit?rbezirk LXXX
DDR;Milit?rbezirk LXXXI
DDR;Milit?rbezirk LXXXII
DDR;Milit?rbezirk LXXXIII
DDR;Milit?rbezirk LXXXIV
DDR;Milit?rbezirk LXXXV
DDR;Milit?rbezirk LXXXVI
DDR;Milit?rbezirk LXXXVII
DDR;Milit?rbezirk LXXXVIII
DDR;Milit?rbezirk LXXXIX
DDR;Milit?rbezirk XC
DDR;Milit?rbezirk XCI
DDR;Milit?rbezirk XCII
DDR;Milit?rbezirk XCIII
DDR;Milit?rbezirk XCIV
DDR;Milit?rbezirk XCV
DDR;Milit?rbezirk XCVI
DDR;Milit?rbezirk XCVII
DDR;Milit?rbezirk XCVIII
DDR;Milit?rbezirk XCIX
DDR;Milit?rbezirk C
DDR;Milit?rbezirk CI
DDR;Milit?rbezirk CII
DDR;Milit?rbezirk CIII
DDR;Milit?rbezirk CIV
DDR;Milit?rbezirk CV
DDR;Milit?rbezirk CVI
DDR;Milit?rbezirk CVII
DDR;Milit?rbezirk CVIII
DDR;Milit?rbezirk CIX
DDR;Milit?rbezirk CX
DDR;Milit?rbezirk CXI
DDR;Milit?rbezirk CXII
DDR;Milit?rbezirk CXIII
DDR;Milit?rbezirk CXIV
DDR;Milit?rbezirk CXV
DDR;Milit?rbezirk CXVI
DDR;Milit?rbezirk CXVII
DDR;Milit?rbezirk CXVIII
DDR;Milit?rbezirk CXIX
DDR;Milit?rbezirk CXX
DDR;Milit?rbezirk CXXI
DDR;Milit?rbezirk CXXII
DDR;Milit?rbezirk CXXIII
DDR;Milit?rbezirk CXXIV
DDR;Milit?rbezirk CXXV
DDR;Milit?rbezirk CXXVI
DDR;Milit?rbezirk CXXVII
DDR;Milit?rbezirk CXXVIII
DDR;Milit?rbezirk CXXIX
DDR;Milit?rbezirk CXXX
DDR;Milit?rbezirk CXXXI
DDR;Milit?rbezirk CXXXII
DDR;Milit?rbezirk CXXXIII
DDR;Milit?rbezirk CXXXIV
DDR;Milit?rbezirk CXXXV
DDR;Milit?rbezirk CXXXVI
DDR;Milit?rbezirk CXXXVII
DDR;Milit?rbezirk CXXXVIII
DDR;Milit?rbezirk CXXXIX
DDR;Milit?rbezirk CXL
DDR;Milit?rbezirk CXLI
DDR;Milit?rbezirk CXLII
DDR;Milit?rbezirk CXLIII
DDR;Milit?rbezirk CXLIV
DDR;Milit?rbezirk CXLV
DDR;Milit?rbezirk CXLVI
DDR;Milit?rbezirk CXLVII
DDR;Milit?rbezirk CXLVIII
DDR;Milit?rbezirk CXLIX
DDR;Milit?rbezirk CL
DDR;Milit?rbezirk CLI
DDR;Milit?rbezirk CLII
DDR;Milit?rbezirk CLIII
DDR;Milit?rbezirk CLIV
DDR;Milit?rbezirk CLV
DDR;Milit?rbezirk CLVI
DDR;Milit?rbezirk CLVII
DDR;Milit?rbezirk CLVIII
DDR;Milit?rbezirk CLIX
DDR;Milit?rbezirk CLX
DDR;Milit?rbezirk CLXI
DDR;Milit?rbezirk CLXII
DDR;Milit?rbezirk CLXIII
DDR;Milit?rbezirk CLXIV
DDR;Milit?rbezirk CLXV
DDR;Milit?rbezirk CLXVI
DDR;Milit?rbezirk CLXVII
DDR;Milit?rbezirk CLXVIII
DDR;Milit?rbezirk CLXIX
DDR;Milit?rbezirk CLXX
DDR;Milit?rbezirk CLXXI
DDR;Milit?rbezirk CLXXII
DDR;Milit?rbezirk CLXXIII
DDR;Milit?rbezirk CLXXIV
DDR;Milit?rbezirk CLXXV
DDR;Milit?rbezirk CLXXVI
DDR;Milit?rbezirk CLXXVII
DDR;Milit?rbezirk CLXXVIII
DDR;Milit?rbezirk CLXXIX
DDR;Milit?rbezirk CLXXX
DDR;Milit?rbezirk CLXXXI
DDR;Milit?rbezirk CLXXXII
DDR;Milit?rbezirk CLXXXIII
DDR;Milit?rbezirk CLXXXIV
DDR;Milit?rbezirk CLXXXV
DDR;Milit?rbezirk CLXXXVI
DDR;Milit?rbezirk CLXXXVII
DDR;Milit?rbezirk CLXXXVIII
DDR;Milit?rbezirk CLXXXIX
DDR;Milit?rbezirk CXC
DDR;Milit?rbezirk CXCI
DDR;Milit?rbezirk CXCII
DDR;Milit?rbezirk CXCIII
DDR;Milit?rbezirk CXCIV
DDR;Milit?rbezirk CXCV
DDR;Milit?rbezirk CXCVI
DDR;Milit?rbezirk CXCVII
DDR;Milit?rbezirk CXCVIII
DDR;Milit?rbezirk CXCIX
DDR;Milit?rbezirk CC
DDR;Milit?rbezirk CCI
DDR;Milit?rbezirk CCII
DDR;Milit?rbezirk CCIII
DDR;Milit?rbezirk CCIV
DDR;Milit?rbezirk CCV
DDR;Milit?rbezirk CCVI
DDR;Milit?rbezirk CCVII
DDR;Milit?rbezirk CCVIII
DDR;Milit?rbezirk CCIX
DDR;Milit?rbezirk CCX
DDR;Milit?rbezirk CCXI
DDR;Milit?rbezirk CCXII
DDR;Milit?rbezirk CCXIII
DDR;Milit?rbezirk CCXIV
DDR;Milit?rbezirk CCXV
DDR;Milit?rbezirk CCXVI
DDR;Milit?rbezirk CCXVII
DDR;Milit?rbezirk CCXVIII
DDR;Milit?rbezirk CCXIX
DDR;Milit?rbezirk CCXX
DDR;Milit?rbezirk CCXXI
DDR;Milit?rbezirk CCXXII
DDR;Milit?rbezirk CCXXIII
DDR;Milit?rbezirk CCXXIV
DDR;Milit?rbezirk CCXXV
DDR;Milit?rbezirk CCXXVI
DDR;Milit?rbezirk CCXXVII
DDR;Milit?rbezirk CCXXVIII
DDR;Milit?rbezirk CCXXIX
DDR;Milit?rbezirk CCXXX
DDR;Milit?rbezirk CCXXXI
DDR;Milit?rbezirk CCXXXII
DDR;Milit?rbezirk CCXXXIII
DDR;Milit?rbezirk CCXXXIV
DDR;Milit?rbezirk CCXXXV
DDR;Milit?rbezirk CCXXXVI
DDR;Milit?rbezirk CCXXXVII
DDR;Milit?rbezirk CCXXXVIII
DDR;Milit?rbezirk CCXXXIX
DDR;Milit?rbezirk CCXL
DDR;Milit?rbezirk CCXLI
DDR;Milit?rbezirk CCXLII
DDR;Milit?rbezirk CCXLIII
DDR;Milit?rbezirk CCXLIV
DDR;Milit?rbezirk CCXLV
DDR;Milit?rbezirk CCXLVI
DDR;Milit?rbezirk CCXLVII
DDR;Milit?rbezirk CCXLVIII
DDR;Milit?rbezirk CCXLIX
DDR;Milit?rbezirk CCL
DDR;Milit?rbezirk CCLI
DDR;Milit?rbezirk CCLII
DDR;Milit?rbezirk CCLIII
DDR;Milit?rbezirk CCLIV
DDR;Milit?rbezirk CCLV
DDR;Milit?rbezirk CCLVI
DDR;Milit?rbezirk CCLVII
DDR;Milit?rbezirk CCLVIII
DDR;Milit?rbezirk CCLIX
DDR;Milit?rbezirk CCLX
DDR;Milit?rbezirk CCLXI
DDR;Milit?rbezirk CCLXII
DDR;Milit?rbezirk CCLXIII
DDR;Milit?rbezirk CCLXIV
DDR;Milit?rbezirk CCLXV
DDR;Milit?rbezirk CCLXVI
DDR;Milit?rbezirk CCLXVII
DDR;Milit?rbezirk CCLXVIII
DDR;Milit?rbezirk CCLXIX
DDR;Milit?rbezirk CCLXX
DDR;Milit?rbezirk CCLXXI
DDR;Milit?rbezirk CCLXXII
DDR;Milit?rbezirk CCLXXIII
DDR;Milit?rbezirk CCLXXIV
DDR;Milit?rbezirk CCLXXV
DDR;Milit?rbezirk CCLXXVI
DDR;Milit?rbezirk CCLXXVII
DDR;Milit?rbezirk CCLXXVIII
DDR;Milit?rbezirk CCLXXIX
DDR;Milit?rbezirk CCLXXX
DDR;Milit?rbezirk CCLXXXI
DDR;Milit?rbezirk CCLXXXII
DDR;Milit?rbezirk CCLXXXIII
DDR;Milit?rbezirk CCLXXXIV
DDR;Milit?rbezirk CCLXXXV
DDR;Milit?rbezirk CCLXXXVI
DDR;Milit?rbezirk CCLXXXVII
DDR;Milit?rbezirk CCLXXXVIII
DDR;Milit?rbezirk CCLXXXIX
DDR;Milit?rbezirk CCXC
DDR;Milit?rbezirk CCXCI
DDR;Milit?rbezirk CCXCII
DDR;Milit?rbezirk CCXCIII
DDR;Milit?rbezirk CCXCIV
DDR;Milit?rbezirk CCXCV
DDR;Milit?rbezirk CCXCVI
DDR;Milit?rbezirk CCXCVII
DDR;Milit?rbezirk CCXCVIII
DDR;Milit?rbezirk CCXCIX
DDR;Milit?rbezirk CCC
DEN;I Danske Arm?korps
DEN;II Danske Arm?korps
DEN;III Danske Arm?korps
DEN;IV Danske Arm?korps
DEN;V Danske Arm?korps
DEN;VI Danske Arm?korps
DEN;VII Danske Arm?korps
DEN;VIII Danske Arm?korps
DEN;IX Danske Arm?korps
DEN;X Danske Arm?korps
DEN;XI Danske Arm?korps
DEN;XII Danske Arm?korps
DEN;XIII Danske Arm?korps
DEN;XIV Danske Arm?korps
DEN;XV Danske Arm?korps
DEN;XVI Danske Arm?korps
DEN;XVII Danske Arm?korps
DEN;XVIII Danske Arm?korps
DEN;XIX Danske Arm?korps
DEN;XX Danske Arm?korps
DEN;XXI Danske Arm?korps
DEN;XXII Danske Arm?korps
DEN;XXIII Danske Arm?korps
DEN;XXIV Danske Arm?korps
DEN;XXV Danske Arm?korps
DEN;XXVI Danske Arm?korps
DEN;XXVII Danske Arm?korps
DEN;XXVIII Danske Arm?korps
DEN;XXIX Danske Arm?korps
DEN;XXX Danske Arm?korps
DEN;XXXI Danske Arm?korps
DEN;XXXII Danske Arm?korps
DEN;XXXIII Danske Arm?korps
DEN;XXXIV Danske Arm?korps
DEN;XXXV Danske Arm?korps
DEN;XXXVI Danske Arm?korps
DEN;XXXVII Danske Arm?korps
DEN;XXXVIII Danske Arm?korps
DEN;XXXIX Danske Arm?korps
DEN;XL Danske Arm?korps
DEN;XLI Danske Arm?korps
DEN;XLII Danske Arm?korps
DEN;XLIII Danske Arm?korps
DEN;XLIV Danske Arm?korps
DEN;XLV Danske Arm?korps
DEN;XLVI Danske Arm?korps
DEN;XLVII Danske Arm?korps
DEN;XLVIII Danske Arm?korps
DEN;XLIX Danske Arm?korps
DEN;L Danske Arm?korps
DFR;I. Korps
DFR;II. Korps
DFR;III. Korps
DFR;IV. Korps
DFR;V. Korps
DFR;VI. Korps
DFR;VII. Korps
DFR;VIII. Korps
DFR;IX. Korps
DFR;X. Korps
DFR;XI. Korps
DFR;XII. Korps
DFR;XIII. Korps
DFR;XIV. Korps
DFR;XV. Korps
DFR;XVI. Korps
DFR;XVII. Korps
DFR;XVIII. Korps
DFR;XIX. Korps
DFR;XX. Korps
DFR;XXI. Korps
DFR;XXII. Korps
DFR;XXIII. Korps
DFR;XXIV. Korps
DFR;XXV. Korps
DFR;XXVI. Korps
DFR;XXVII. Korps
DFR;XXVIII. Korps
DFR;XXIX. Korps
DFR;XXX. Korps
DFR;XXXI. Korps
DFR;XXXII. Korps
DFR;XXXIII. Korps
DFR;XXXIV. Korps
DFR;XXXV. Korps
DFR;XXXVI. Korps
DFR;XXXVII. Korps
DFR;XXXVIII. Korps
DFR;XXXIX. Korps
DFR;XL. Korps
DFR;XLI. Korps
DFR;XLII. Korps
DFR;XLIII. Korps
DFR;XLIV. Korps
DFR;XLV. Korps
DFR;XLVI. Korps
DFR;XLVII. Korps
DFR;XLVIII. Korps
DFR;XLIX. Korps
DFR;L. Korps
DFR;LI. Korps
DFR;LII. Korps
DFR;LIII. Korps
DFR;LIV. Korps
DFR;LV. Korps
DFR;LVI. Korps
DFR;LVII. Korps
DFR;LVIII. Korps
DFR;LIX. Korps
DFR;LX. Korps
DFR;LXI. Korps
DFR;LXII. Korps
DFR;LXIII. Korps
DFR;LXIV. Korps
DFR;LXV. Korps
DFR;LXVI. Korps
DFR;LXVII. Korps
DFR;LXVIII. Korps
DFR;LXIX. Korps
DFR;LXX. Korps
DFR;LXXI. Korps
DFR;LXXII. Korps
DFR;LXXIII. Korps
DFR;LXXIV. Korps
DFR;LXXV. Korps
DFR;LXXVI. Korps
DFR;LXXVII. Korps
DFR;LXXVIII. Korps
DFR;LXXIX. Korps
DFR;LXXX. Korps
DFR;LXXXI. Korps
DFR;LXXXII. Korps
DFR;LXXXIII. Korps
DFR;LXXXIV. Korps
DFR;LXXXV. Korps
DFR;LXXXVI. Korps
DFR;LXXXVII. Korps
DFR;LXXXVIII. Korps
DFR;LXXXIX. Korps
DFR;XC. Korps
DFR;XCI. Korps
DFR;XCII. Korps
DFR;XCIII. Korps
DFR;XCIV. Korps
DFR;XCV. Korps
DFR;XCVI. Korps
DFR;XCVII. Korps
DFR;XCVIII. Korps
DFR;XCIX. Korps
DFR;C. Korps
DFR;CI. Korps
DFR;CII. Korps
DFR;CIII. Korps
DFR;CIV. Korps
DFR;CV. Korps
DFR;CVI. Korps
DFR;CVII. Korps
DFR;CVIII. Korps
DFR;CIX. Korps
DFR;CX. Korps
DFR;CXI. Korps
DFR;CXII. Korps
DFR;CXIII. Korps
DFR;CXIV. Korps
DFR;CXV. Korps
DFR;CXVI. Korps
DFR;CXVII. Korps
DFR;CXVIII. Korps
DFR;CXIX. Korps
DFR;CXX. Korps
DFR;CXXI. Korps
DFR;CXXII. Korps
DFR;CXXIII. Korps
DFR;CXXIV. Korps
DFR;CXXV. Korps
DFR;CXXVI. Korps
DFR;CXXVII. Korps
DFR;CXXVIII. Korps
DFR;CXXIX. Korps
DFR;CXXX. Korps
DFR;CXXXI. Korps
DFR;CXXXII. Korps
DFR;CXXXIII. Korps
DFR;CXXXIV. Korps
DFR;CXXXV. Korps
DFR;CXXXVI. Korps
DFR;CXXXVII. Korps
DFR;CXXXVIII. Korps
DFR;CXXXIX. Korps
DFR;CXL. Korps
DFR;CXLI. Korps
DFR;CXLII. Korps
DFR;CXLIII. Korps
DFR;CXLIV. Korps
DFR;CXLV. Korps
DFR;CXLVI. Korps
DFR;CXLVII. Korps
DFR;CXLVIII. Korps
DFR;CXLIX. Korps
DFR;CL. Korps
DFR;CLI. Korps
DFR;CLII. Korps
DFR;CLIII. Korps
DFR;CLIV. Korps
DFR;CLV. Korps
DFR;CLVI. Korps
DFR;CLVII. Korps
DFR;CLVIII. Korps
DFR;CLIX. Korps
DFR;CLX. Korps
DFR;CLXI. Korps
DFR;CLXII. Korps
DFR;CLXIII. Korps
DFR;CLXIV. Korps
DFR;CLXV. Korps
DFR;CLXVI. Korps
DFR;CLXVII. Korps
DFR;CLXVIII. Korps
DFR;CLXIX. Korps
DFR;CLXX. Korps
DFR;CLXXI. Korps
DFR;CLXXII. Korps
DFR;CLXXIII. Korps
DFR;CLXXIV. Korps
DFR;CLXXV. Korps
DFR;CLXXVI. Korps
DFR;CLXXVII. Korps
DFR;CLXXVIII. Korps
DFR;CLXXIX. Korps
DFR;CLXXX. Korps
DFR;CLXXXI. Korps
DFR;CLXXXII. Korps
DFR;CLXXXIII. Korps
DFR;CLXXXIV. Korps
DFR;CLXXXV. Korps
DFR;CLXXXVI. Korps
DFR;CLXXXVII. Korps
DFR;CLXXXVIII. Korps
DFR;CLXXXIX. Korps
DFR;CXC. Korps
DFR;CXCI. Korps
DFR;CXCII. Korps
DFR;CXCIII. Korps
DFR;CXCIV. Korps
DFR;CXCV. Korps
DFR;CXCVI. Korps
DFR;CXCVII. Korps
DFR;CXCVIII. Korps
DFR;CXCIX. Korps
DFR;CC. Korps
DFR;CCI. Korps
DFR;CCII. Korps
DFR;CCIII. Korps
DFR;CCIV. Korps
DFR;CCV. Korps
DFR;CCVI. Korps
DFR;CCVII. Korps
DFR;CCVIII. Korps
DFR;CCIX. Korps
DFR;CCX. Korps
DFR;CCXI. Korps
DFR;CCXII. Korps
DFR;CCXIII. Korps
DFR;CCXIV. Korps
DFR;CCXV. Korps
DFR;CCXVI. Korps
DFR;CCXVII. Korps
DFR;CCXVIII. Korps
DFR;CCXIX. Korps
DFR;CCXX. Korps
DFR;CCXXI. Korps
DFR;CCXXII. Korps
DFR;CCXXIII. Korps
DFR;CCXXIV. Korps
DFR;CCXXV. Korps
DFR;CCXXVI. Korps
DFR;CCXXVII. Korps
DFR;CCXXVIII. Korps
DFR;CCXXIX. Korps
DFR;CCXXX. Korps
DFR;CCXXXI. Korps
DFR;CCXXXII. Korps
DFR;CCXXXIII. Korps
DFR;CCXXXIV. Korps
DFR;CCXXXV. Korps
DFR;CCXXXVI. Korps
DFR;CCXXXVII. Korps
DFR;CCXXXVIII. Korps
DFR;CCXXXIX. Korps
DFR;CCXL. Korps
DFR;CCXLI. Korps
DFR;CCXLII. Korps
DFR;CCXLIII. Korps
DFR;CCXLIV. Korps
DFR;CCXLV. Korps
DFR;CCXLVI. Korps
DFR;CCXLVII. Korps
DFR;CCXLVIII. Korps
DFR;CCXLIX. Korps
DFR;CCL. Korps
DFR;CCLI. Korps
DFR;CCLII. Korps
DFR;CCLIII. Korps
DFR;CCLIV. Korps
DFR;CCLV. Korps
DFR;CCLVI. Korps
DFR;CCLVII. Korps
DFR;CCLVIII. Korps
DFR;CCLIX. Korps
DFR;CCLX. Korps
DFR;CCLXI. Korps
DFR;CCLXII. Korps
DFR;CCLXIII. Korps
DFR;CCLXIV. Korps
DFR;CCLXV. Korps
DFR;CCLXVI. Korps
DFR;CCLXVII. Korps
DFR;CCLXVIII. Korps
DFR;CCLXIX. Korps
DFR;CCLXX. Korps
DFR;CCLXXI. Korps
DFR;CCLXXII. Korps
DFR;CCLXXIII. Korps
DFR;CCLXXIV. Korps
DFR;CCLXXV. Korps
DFR;CCLXXVI. Korps
DFR;CCLXXVII. Korps
DFR;CCLXXVIII. Korps
DFR;CCLXXIX. Korps
DFR;CCLXXX. Korps
DFR;CCLXXXI. Korps
DFR;CCLXXXII. Korps
DFR;CCLXXXIII. Korps
DFR;CCLXXXIV. Korps
DFR;CCLXXXV. Korps
DFR;CCLXXXVI. Korps
DFR;CCLXXXVII. Korps
DFR;CCLXXXVIII. Korps
DFR;CCLXXXIX. Korps
DFR;CCXC. Korps
DFR;CCXCI. Korps
DFR;CCXCII. Korps
DFR;CCXCIII. Korps
DFR;CCXCIV. Korps
DFR;CCXCV. Korps
DFR;CCXCVI. Korps
DFR;CCXCVII. Korps
DFR;CCXCVIII. Korps
DFR;CCXCIX. Korps
DFR;CCC. Korps
DOM;I Cuerpo de Ej?rcito dominicano
DOM;II Cuerpo de Ej?rcito dominicano
DOM;III Cuerpo de Ej?rcito dominicano
DOM;IV Cuerpo de Ej?rcito dominicano
DOM;V Cuerpo de Ej?rcito dominicano
DOM;VI Cuerpo de Ej?rcito dominicano
DOM;VII Cuerpo de Ej?rcito dominicano
DOM;VIII Cuerpo de Ej?rcito dominicano
DOM;IX Cuerpo de Ej?rcito dominicano
DOM;X Cuerpo de Ej?rcito dominicano
DOM;XI Cuerpo de Ej?rcito dominicano
DOM;XII Cuerpo de Ej?rcito dominicano
DOM;XIII Cuerpo de Ej?rcito dominicano
DOM;XIV Cuerpo de Ej?rcito dominicano
DOM;XV Cuerpo de Ej?rcito dominicano
DOM;XVI Cuerpo de Ej?rcito dominicano
DOM;XVII Cuerpo de Ej?rcito dominicano
DOM;XVIII Cuerpo de Ej?rcito dominicano
DOM;XIX Cuerpo de Ej?rcito dominicano
DOM;XX Cuerpo de Ej?rcito dominicano
DOM;XXI Cuerpo de Ej?rcito dominicano
DOM;XXII Cuerpo de Ej?rcito dominicano
DOM;XXIII Cuerpo de Ej?rcito dominicano
DOM;XXIV Cuerpo de Ej?rcito dominicano
DOM;XXV Cuerpo de Ej?rcito dominicano
DOM;XXVI Cuerpo de Ej?rcito dominicano
DOM;XXVII Cuerpo de Ej?rcito dominicano
DOM;XXVIII Cuerpo de Ej?rcito dominicano
DOM;XXIX Cuerpo de Ej?rcito dominicano
DOM;XXX Cuerpo de Ej?rcito dominicano
DOM;XXXI Cuerpo de Ej?rcito dominicano
DOM;XXXII Cuerpo de Ej?rcito dominicano
DOM;XXXIII Cuerpo de Ej?rcito dominicano
DOM;XXXIV Cuerpo de Ej?rcito dominicano
DOM;XXXV Cuerpo de Ej?rcito dominicano
DOM;XXXVI Cuerpo de Ej?rcito dominicano
DOM;XXXVII Cuerpo de Ej?rcito dominicano
DOM;XXXVIII Cuerpo de Ej?rcito dominicano
DOM;XXXIX Cuerpo de Ej?rcito dominicano
DOM;XL Cuerpo de Ej?rcito dominicano
DOM;XLI Cuerpo de Ej?rcito dominicano
DOM;XLII Cuerpo de Ej?rcito dominicano
DOM;XLIII Cuerpo de Ej?rcito dominicano
DOM;XLIV Cuerpo de Ej?rcito dominicano
DOM;XLV Cuerpo de Ej?rcito dominicano
DOM;XLVI Cuerpo de Ej?rcito dominicano
DOM;XLVII Cuerpo de Ej?rcito dominicano
DOM;XLVIII Cuerpo de Ej?rcito dominicano
DOM;XLIX Cuerpo de Ej?rcito dominicano
DOM;L Cuerpo de Ej?rcito dominicano
EAF;I East African Corps
EAF;II East African Corps
EAF;III East African Corps
EAF;IV East African Corps
EAF;V East African Corps
EAF;VI East African Corps
EAF;VII East African Corps
EAF;VIII East African Corps
EAF;IX East African Corps
EAF;X East African Corps
EAF;XI East African Corps
EAF;XII East African Corps
EAF;XIII East African Corps
EAF;XIV East African Corps
EAF;XV East African Corps
EAF;XVI East African Corps
EAF;XVII East African Corps
EAF;XVIII East African Corps
EAF;XIX East African Corps
EAF;XX East African Corps
EAF;XXI East African Corps
EAF;XXII East African Corps
EAF;XXIII East African Corps
EAF;XXIV East African Corps
EAF;XXV East African Corps
EAF;XXVI East African Corps
EAF;XXVII East African Corps
EAF;XXVIII East African Corps
EAF;XXIX East African Corps
EAF;XXX East African Corps
EAF;XXXI East African Corps
EAF;XXXII East African Corps
EAF;XXXIII East African Corps
EAF;XXXIV East African Corps
EAF;XXXV East African Corps
EAF;XXXVI East African Corps
EAF;XXXVII East African Corps
EAF;XXXVIII East African Corps
EAF;XXXIX East African Corps
EAF;XL East African Corps
EAF;XLI East African Corps
EAF;XLII East African Corps
EAF;XLIII East African Corps
EAF;XLIV East African Corps
EAF;XLV East African Corps
EAF;XLVI East African Corps
EAF;XLVII East African Corps
EAF;XLVIII East African Corps
EAF;XLIX East African Corps
EAF;L East African Corps
ECU;I Cuerpo de Ej?rcito ecuatoriano
ECU;II Cuerpo de Ej?rcito ecuatoriano
ECU;III Cuerpo de Ej?rcito ecuatoriano
ECU;IV Cuerpo de Ej?rcito ecuatoriano
ECU;V Cuerpo de Ej?rcito ecuatoriano
ECU;VI Cuerpo de Ej?rcito ecuatoriano
ECU;VII Cuerpo de Ej?rcito ecuatoriano
ECU;VIII Cuerpo de Ej?rcito ecuatoriano
ECU;IX Cuerpo de Ej?rcito ecuatoriano
ECU;X Cuerpo de Ej?rcito ecuatoriano
ECU;XI Cuerpo de Ej?rcito ecuatoriano
ECU;XII Cuerpo de Ej?rcito ecuatoriano
ECU;XIII Cuerpo de Ej?rcito ecuatoriano
ECU;XIV Cuerpo de Ej?rcito ecuatoriano
ECU;XV Cuerpo de Ej?rcito ecuatoriano
ECU;XVI Cuerpo de Ej?rcito ecuatoriano
ECU;XVII Cuerpo de Ej?rcito ecuatoriano
ECU;XVIII Cuerpo de Ej?rcito ecuatoriano
ECU;XIX Cuerpo de Ej?rcito ecuatoriano
ECU;XX Cuerpo de Ej?rcito ecuatoriano
ECU;XXI Cuerpo de Ej?rcito ecuatoriano
ECU;XXII Cuerpo de Ej?rcito ecuatoriano
ECU;XXIII Cuerpo de Ej?rcito ecuatoriano
ECU;XXIV Cuerpo de Ej?rcito ecuatoriano
ECU;XXV Cuerpo de Ej?rcito ecuatoriano
ECU;XXVI Cuerpo de Ej?rcito ecuatoriano
ECU;XXVII Cuerpo de Ej?rcito ecuatoriano
ECU;XXVIII Cuerpo de Ej?rcito ecuatoriano
ECU;XXIX Cuerpo de Ej?rcito ecuatoriano
ECU;XXX Cuerpo de Ej?rcito ecuatoriano
ECU;XXXI Cuerpo de Ej?rcito ecuatoriano
ECU;XXXII Cuerpo de Ej?rcito ecuatoriano
ECU;XXXIII Cuerpo de Ej?rcito ecuatoriano
ECU;XXXIV Cuerpo de Ej?rcito ecuatoriano
ECU;XXXV Cuerpo de Ej?rcito ecuatoriano
ECU;XXXVI Cuerpo de Ej?rcito ecuatoriano
ECU;XXXVII Cuerpo de Ej?rcito ecuatoriano
ECU;XXXVIII Cuerpo de Ej?rcito ecuatoriano
ECU;XXXIX Cuerpo de Ej?rcito ecuatoriano
ECU;XL Cuerpo de Ej?rcito ecuatoriano
ECU;XLI Cuerpo de Ej?rcito ecuatoriano
ECU;XLII Cuerpo de Ej?rcito ecuatoriano
ECU;XLIII Cuerpo de Ej?rcito ecuatoriano
ECU;XLIV Cuerpo de Ej?rcito ecuatoriano
ECU;XLV Cuerpo de Ej?rcito ecuatoriano
ECU;XLVI Cuerpo de Ej?rcito ecuatoriano
ECU;XLVII Cuerpo de Ej?rcito ecuatoriano
ECU;XLVIII Cuerpo de Ej?rcito ecuatoriano
ECU;XLIX Cuerpo de Ej?rcito ecuatoriano
ECU;L Cuerpo de Ej?rcito ecuatoriano
EGY;1. Corps al-Misriya
EGY;2. Corps al-Misriya
EGY;3. Corps al-Misriya
EGY;4. Corps al-Misriya
EGY;5. Corps al-Misriya
EGY;6. Corps al-Misriya
EGY;7. Corps al-Misriya
EGY;8. Corps al-Misriya
EGY;9. Corps al-Misriya
EGY;10. Corps al-Misriya
EGY;11. Corps al-Misriya
EGY;12. Corps al-Misriya
EGY;13. Corps al-Misriya
EGY;14. Corps al-Misriya
EGY;15. Corps al-Misriya
EGY;16. Corps al-Misriya
EGY;17. Corps al-Misriya
EGY;18. Corps al-Misriya
EGY;19. Corps al-Misriya
EGY;20. Corps al-Misriya
EGY;21. Corps al-Misriya
EGY;22. Corps al-Misriya
EGY;23. Corps al-Misriya
EGY;24. Corps al-Misriya
EGY;25. Corps al-Misriya
EGY;26. Corps al-Misriya
EGY;27. Corps al-Misriya
EGY;28. Corps al-Misriya
EGY;29. Corps al-Misriya
EGY;30. Corps al-Misriya
EGY;31. Corps al-Misriya
EGY;32. Corps al-Misriya
EGY;33. Corps al-Misriya
EGY;34. Corps al-Misriya
EGY;35. Corps al-Misriya
EGY;36. Corps al-Misriya
EGY;37. Corps al-Misriya
EGY;38. Corps al-Misriya
EGY;39. Corps al-Misriya
EGY;40. Corps al-Misriya
EGY;41. Corps al-Misriya
EGY;42. Corps al-Misriya
EGY;43. Corps al-Misriya
EGY;44. Corps al-Misriya
EGY;45. Corps al-Misriya
EGY;46. Corps al-Misriya
EGY;47. Corps al-Misriya
EGY;48. Corps al-Misriya
EGY;49. Corps al-Misriya
EGY;50. Corps al-Misriya
ENG;I British Corps
ENG;II British Corps
ENG;III British Corps
ENG;IV British Corps
ENG;V British Corps
ENG;VI British Corps
ENG;VII British Corps
ENG;VIII British Corps
ENG;IX British Corps
ENG;X British Corps
ENG;XI British Corps
ENG;XII British Corps
ENG;XIII British Corps
ENG;XIV British Corps
ENG;XV British Corps
ENG;XVI British Corps
ENG;XVII British Corps
ENG;XVIII British Corps
ENG;XIX British Corps
ENG;XX British Corps
ENG;XXI British Corps
ENG;XXII British Corps
ENG;XXIII British Corps
ENG;XXIV British Corps
ENG;XXV British Corps
ENG;XXVI British Corps
ENG;XXVII British Corps
ENG;XXVIII British Corps
ENG;XXIX British Corps
ENG;XXX British Corps
ENG;XXXI British Corps
ENG;XXXII British Corps
ENG;XXXIII British Corps
ENG;XXXIV British Corps
ENG;XXXV British Corps
ENG;XXXVI British Corps
ENG;XXXVII British Corps
ENG;XXXVIII British Corps
ENG;XXXIX British Corps
ENG;XL British Corps
ENG;XLI British Corps
ENG;XLII British Corps
ENG;XLIII British Corps
ENG;XLIV British Corps
ENG;XLV British Corps
ENG;XLVI British Corps
ENG;XLVII British Corps
ENG;XLVIII British Corps
ENG;XLIX British Corps
ENG;L British Corps
ENG;LI British Corps
ENG;LII British Corps
ENG;LIII British Corps
ENG;LIV British Corps
ENG;LV British Corps
ENG;LVI British Corps
ENG;LVII British Corps
ENG;LVIII British Corps
ENG;LIX British Corps
ENG;LX British Corps
ENG;LXI British Corps
ENG;LXII British Corps
ENG;LXIII British Corps
ENG;LXIV British Corps
ENG;LXV British Corps
ENG;LXVI British Corps
ENG;LXVII British Corps
ENG;LXVIII British Corps
ENG;LXIX British Corps
ENG;LXX British Corps
ENG;LXXI British Corps
ENG;LXXII British Corps
ENG;LXXIII British Corps
ENG;LXXIV British Corps
ENG;LXXV British Corps
ENG;LXXVI British Corps
ENG;LXXVII British Corps
ENG;LXXVIII British Corps
ENG;LXXIX British Corps
ENG;LXXX British Corps
ENG;LXXXI British Corps
ENG;LXXXII British Corps
ENG;LXXXIII British Corps
ENG;LXXXIV British Corps
ENG;LXXXV British Corps
ENG;LXXXVI British Corps
ENG;LXXXVII British Corps
ENG;LXXXVIII British Corps
ENG;LXXXIX British Corps
ENG;XC British Corps
ENG;XCI British Corps
ENG;XCII British Corps
ENG;XCIII British Corps
ENG;XCIV British Corps
ENG;XCV British Corps
ENG;XCVI British Corps
ENG;XCVII British Corps
ENG;XCVIII British Corps
ENG;XCIX British Corps
ENG;C British Corps
ENG;CI British Corps
ENG;CII British Corps
ENG;CIII British Corps
ENG;CIV British Corps
ENG;CV British Corps
ENG;CVI British Corps
ENG;CVII British Corps
ENG;CVIII British Corps
ENG;CIX British Corps
ENG;CX British Corps
ENG;CXI British Corps
ENG;CXII British Corps
ENG;CXIII British Corps
ENG;CXIV British Corps
ENG;CXV British Corps
ENG;CXVI British Corps
ENG;CXVII British Corps
ENG;CXVIII British Corps
ENG;CXIX British Corps
ENG;CXX British Corps
ENG;CXXI British Corps
ENG;CXXII British Corps
ENG;CXXIII British Corps
ENG;CXXIV British Corps
ENG;CXXV British Corps
ENG;CXXVI British Corps
ENG;CXXVII British Corps
ENG;CXXVIII British Corps
ENG;CXXIX British Corps
ENG;CXXX British Corps
ENG;CXXXI British Corps
ENG;CXXXII British Corps
ENG;CXXXIII British Corps
ENG;CXXXIV British Corps
ENG;CXXXV British Corps
ENG;CXXXVI British Corps
ENG;CXXXVII British Corps
ENG;CXXXVIII British Corps
ENG;CXXXIX British Corps
ENG;CXL British Corps
ENG;CXLI British Corps
ENG;CXLII British Corps
ENG;CXLIII British Corps
ENG;CXLIV British Corps
ENG;CXLV British Corps
ENG;CXLVI British Corps
ENG;CXLVII British Corps
ENG;CXLVIII British Corps
ENG;CXLIX British Corps
ENG;CL British Corps
ENG;CLI British Corps
ENG;CLII British Corps
ENG;CLIII British Corps
ENG;CLIV British Corps
ENG;CLV British Corps
ENG;CLVI British Corps
ENG;CLVII British Corps
ENG;CLVIII British Corps
ENG;CLIX British Corps
ENG;CLX British Corps
ENG;CLXI British Corps
ENG;CLXII British Corps
ENG;CLXIII British Corps
ENG;CLXIV British Corps
ENG;CLXV British Corps
ENG;CLXVI British Corps
ENG;CLXVII British Corps
ENG;CLXVIII British Corps
ENG;CLXIX British Corps
ENG;CLXX British Corps
ENG;CLXXI British Corps
ENG;CLXXII British Corps
ENG;CLXXIII British Corps
ENG;CLXXIV British Corps
ENG;CLXXV British Corps
ENG;CLXXVI British Corps
ENG;CLXXVII British Corps
ENG;CLXXVIII British Corps
ENG;CLXXIX British Corps
ENG;CLXXX British Corps
ENG;CLXXXI British Corps
ENG;CLXXXII British Corps
ENG;CLXXXIII British Corps
ENG;CLXXXIV British Corps
ENG;CLXXXV British Corps
ENG;CLXXXVI British Corps
ENG;CLXXXVII British Corps
ENG;CLXXXVIII British Corps
ENG;CLXXXIX British Corps
ENG;CXC British Corps
ENG;CXCI British Corps
ENG;CXCII British Corps
ENG;CXCIII British Corps
ENG;CXCIV British Corps
ENG;CXCV British Corps
ENG;CXCVI British Corps
ENG;CXCVII British Corps
ENG;CXCVIII British Corps
ENG;CXCIX British Corps
ENG;CC British Corps
ENG;CCI British Corps
ENG;CCII British Corps
ENG;CCIII British Corps
ENG;CCIV British Corps
ENG;CCV British Corps
ENG;CCVI British Corps
ENG;CCVII British Corps
ENG;CCVIII British Corps
ENG;CCIX British Corps
ENG;CCX British Corps
ENG;CCXI British Corps
ENG;CCXII British Corps
ENG;CCXIII British Corps
ENG;CCXIV British Corps
ENG;CCXV British Corps
ENG;CCXVI British Corps
ENG;CCXVII British Corps
ENG;CCXVIII British Corps
ENG;CCXIX British Corps
ENG;CCXX British Corps
ENG;CCXXI British Corps
ENG;CCXXII British Corps
ENG;CCXXIII British Corps
ENG;CCXXIV British Corps
ENG;CCXXV British Corps
ENG;CCXXVI British Corps
ENG;CCXXVII British Corps
ENG;CCXXVIII British Corps
ENG;CCXXIX British Corps
ENG;CCXXX British Corps
ENG;CCXXXI British Corps
ENG;CCXXXII British Corps
ENG;CCXXXIII British Corps
ENG;CCXXXIV British Corps
ENG;CCXXXV British Corps
ENG;CCXXXVI British Corps
ENG;CCXXXVII British Corps
ENG;CCXXXVIII British Corps
ENG;CCXXXIX British Corps
ENG;CCXL British Corps
ENG;CCXLI British Corps
ENG;CCXLII British Corps
ENG;CCXLIII British Corps
ENG;CCXLIV British Corps
ENG;CCXLV British Corps
ENG;CCXLVI British Corps
ENG;CCXLVII British Corps
ENG;CCXLVIII British Corps
ENG;CCXLIX British Corps
ENG;CCL British Corps
ENG;CCLI British Corps
ENG;CCLII British Corps
ENG;CCLIII British Corps
ENG;CCLIV British Corps
ENG;CCLV British Corps
ENG;CCLVI British Corps
ENG;CCLVII British Corps
ENG;CCLVIII British Corps
ENG;CCLIX British Corps
ENG;CCLX British Corps
ENG;CCLXI British Corps
ENG;CCLXII British Corps
ENG;CCLXIII British Corps
ENG;CCLXIV British Corps
ENG;CCLXV British Corps
ENG;CCLXVI British Corps
ENG;CCLXVII British Corps
ENG;CCLXVIII British Corps
ENG;CCLXIX British Corps
ENG;CCLXX British Corps
ENG;CCLXXI British Corps
ENG;CCLXXII British Corps
ENG;CCLXXIII British Corps
ENG;CCLXXIV British Corps
ENG;CCLXXV British Corps
ENG;CCLXXVI British Corps
ENG;CCLXXVII British Corps
ENG;CCLXXVIII British Corps
ENG;CCLXXIX British Corps
ENG;CCLXXX British Corps
ENG;CCLXXXI British Corps
ENG;CCLXXXII British Corps
ENG;CCLXXXIII British Corps
ENG;CCLXXXIV British Corps
ENG;CCLXXXV British Corps
ENG;CCLXXXVI British Corps
ENG;CCLXXXVII British Corps
ENG;CCLXXXVIII British Corps
ENG;CCLXXXIX British Corps
ENG;CCXC British Corps
ENG;CCXCI British Corps
ENG;CCXCII British Corps
ENG;CCXCIII British Corps
ENG;CCXCIV British Corps
ENG;CCXCV British Corps
ENG;CCXCVI British Corps
ENG;CCXCVII British Corps
ENG;CCXCVIII British Corps
ENG;CCXCIX British Corps
ENG;CCC British Corps
EQA;1er Corps d'Arm?e de l'Afrique ?quatoriale
EQA;2e Corps d'Arm?e de l'Afrique ?quatoriale
EQA;3e Corps d'Arm?e de l'Afrique ?quatoriale
EQA;4e Corps d'Arm?e de l'Afrique ?quatoriale
EQA;5e Corps d'Arm?e de l'Afrique ?quatoriale
EQA;6e Corps d'Arm?e de l'Afrique ?quatoriale
EQA;7e Corps d'Arm?e de l'Afrique ?quatoriale
EQA;8e Corps d'Arm?e de l'Afrique ?quatoriale
EQA;9e Corps d'Arm?e de l'Afrique ?quatoriale
EQA;10e Corps d'Arm?e de l'Afrique ?quatoriale
EQA;11e Corps d'Arm?e de l'Afrique ?quatoriale
EQA;12e Corps d'Arm?e de l'Afrique ?quatoriale
EQA;13e Corps d'Arm?e de l'Afrique ?quatoriale
EQA;14e Corps d'Arm?e de l'Afrique ?quatoriale
EQA;15e Corps d'Arm?e de l'Afrique ?quatoriale
EQA;16e Corps d'Arm?e de l'Afrique ?quatoriale
EQA;17e Corps d'Arm?e de l'Afrique ?quatoriale
EQA;18e Corps d'Arm?e de l'Afrique ?quatoriale
EQA;19e Corps d'Arm?e de l'Afrique ?quatoriale
EQA;20e Corps d'Arm?e de l'Afrique ?quatoriale
EQA;21e Corps d'Arm?e de l'Afrique ?quatoriale
EQA;22e Corps d'Arm?e de l'Afrique ?quatoriale
EQA;23e Corps d'Arm?e de l'Afrique ?quatoriale
EQA;24e Corps d'Arm?e de l'Afrique ?quatoriale
EQA;25e Corps d'Arm?e de l'Afrique ?quatoriale
EQA;26e Corps d'Arm?e de l'Afrique ?quatoriale
EQA;27e Corps d'Arm?e de l'Afrique ?quatoriale
EQA;28e Corps d'Arm?e de l'Afrique ?quatoriale
EQA;29e Corps d'Arm?e de l'Afrique ?quatoriale
EQA;30e Corps d'Arm?e de l'Afrique ?quatoriale
EQA;31e Corps d'Arm?e de l'Afrique ?quatoriale
EQA;32e Corps d'Arm?e de l'Afrique ?quatoriale
EQA;33e Corps d'Arm?e de l'Afrique ?quatoriale
EQA;34e Corps d'Arm?e de l'Afrique ?quatoriale
EQA;35e Corps d'Arm?e de l'Afrique ?quatoriale
EQA;36e Corps d'Arm?e de l'Afrique ?quatoriale
EQA;37e Corps d'Arm?e de l'Afrique ?quatoriale
EQA;38e Corps d'Arm?e de l'Afrique ?quatoriale
EQA;39e Corps d'Arm?e de l'Afrique ?quatoriale
EQA;40e Corps d'Arm?e de l'Afrique ?quatoriale
EQA;41e Corps d'Arm?e de l'Afrique ?quatoriale
EQA;42e Corps d'Arm?e de l'Afrique ?quatoriale
EQA;43e Corps d'Arm?e de l'Afrique ?quatoriale
EQA;44e Corps d'Arm?e de l'Afrique ?quatoriale
EQA;45e Corps d'Arm?e de l'Afrique ?quatoriale
EQA;46e Corps d'Arm?e de l'Afrique ?quatoriale
EQA;47e Corps d'Arm?e de l'Afrique ?quatoriale
EQA;48e Corps d'Arm?e de l'Afrique ?quatoriale
EQA;49e Corps d'Arm?e de l'Afrique ?quatoriale
EQA;50e Corps d'Arm?e de l'Afrique ?quatoriale
EST;I Eesti Korpus
EST;II Eesti Korpus
EST;III Eesti Korpus
EST;IV Eesti Korpus
EST;V Eesti Korpus
EST;VI Eesti Korpus
EST;VII Eesti Korpus
EST;VIII Eesti Korpus
EST;IX Eesti Korpus
EST;X Eesti Korpus
EST;XI Eesti Korpus
EST;XII Eesti Korpus
EST;XIII Eesti Korpus
EST;XIV Eesti Korpus
EST;XV Eesti Korpus
EST;XVI Eesti Korpus
EST;XVII Eesti Korpus
EST;XVIII Eesti Korpus
EST;XIX Eesti Korpus
EST;XX Eesti Korpus
EST;XXI Eesti Korpus
EST;XXII Eesti Korpus
EST;XXIII Eesti Korpus
EST;XXIV Eesti Korpus
EST;XXV Eesti Korpus
EST;XXVI Eesti Korpus
EST;XXVII Eesti Korpus
EST;XXVIII Eesti Korpus
EST;XXIX Eesti Korpus
EST;XXX Eesti Korpus
EST;XXXI Eesti Korpus
EST;XXXII Eesti Korpus
EST;XXXIII Eesti Korpus
EST;XXXIV Eesti Korpus
EST;XXXV Eesti Korpus
EST;XXXVI Eesti Korpus
EST;XXXVII Eesti Korpus
EST;XXXVIII Eesti Korpus
EST;XXXIX Eesti Korpus
EST;XL Eesti Korpus
EST;XLI Eesti Korpus
EST;XLII Eesti Korpus
EST;XLIII Eesti Korpus
EST;XLIV Eesti Korpus
EST;XLV Eesti Korpus
EST;XLVI Eesti Korpus
EST;XLVII Eesti Korpus
EST;XLVIII Eesti Korpus
EST;XLIX Eesti Korpus
EST;L Eesti Korpus
ETH;Chitet Ras Immiru
ETH;Chitet Degiacc Burru
ETH;Army of Tigray
ETH;Army of Wag
ETH;Kebur Zabagna
ETH;Mahel Safari
ETH;Army of Beghemder
ETH;Army of Wollo
ETH;Army of Wollega
ETH;Army of Shoa
ETH;Army of Illub Abor
ETH;Army of Arusi
ETH;Army of Hararge
ETH;Zabagna
ETH;Army of Bale
ETH;Army of Sidamo-Borana
ETH;Army of Kaffa
ETH;Army of Kambata
ETH;Army of Sidamo
ETH;Army of Gemu-Gofa
ETH;Army of Kambata
ETH;Army of Oromo
ETH;Army of Negus Negast
ETH;Army of Mered Azmatch
ETH;Army of Axum
ETH;Army of Gojjam
ETH;Army of Bale
ETH;1. Ityop'iya Army
ETH;2. Ityop'iya Army
ETH;3. Ityop'iya Army
ETH;4. Ityop'iya Army
ETH;5. Ityop'iya Army
ETH;6. Ityop'iya Army
ETH;7. Ityop'iya Army
ETH;8. Ityop'iya Army
ETH;9. Ityop'iya Army
ETH;10. Ityop'iya Army
ETH;11. Ityop'iya Army
ETH;12. Ityop'iya Army
ETH;13. Ityop'iya Army
ETH;14. Ityop'iya Army
ETH;15. Ityop'iya Army
ETH;16. Ityop'iya Army
ETH;17. Ityop'iya Army
ETH;18. Ityop'iya Army
ETH;19. Ityop'iya Army
ETH;20. Ityop'iya Army
ETH;21. Ityop'iya Army
ETH;22. Ityop'iya Army
ETH;23. Ityop'iya Army
ETH;24. Ityop'iya Army
ETH;25. Ityop'iya Army
ETH;26. Ityop'iya Army
ETH;27. Ityop'iya Army
ETH;28. Ityop'iya Army
ETH;29. Ityop'iya Army
ETH;30. Ityop'iya Army
ETH;31. Ityop'iya Army
ETH;32. Ityop'iya Army
ETH;33. Ityop'iya Army
ETH;34. Ityop'iya Army
ETH;35. Ityop'iya Army
ETH;36. Ityop'iya Army
ETH;37. Ityop'iya Army
ETH;38. Ityop'iya Army
ETH;39. Ityop'iya Army
ETH;40. Ityop'iya Army
ETH;41. Ityop'iya Army
ETH;42. Ityop'iya Army
ETH;43. Ityop'iya Army
ETH;44. Ityop'iya Army
ETH;45. Ityop'iya Army
ETH;46. Ityop'iya Army
ETH;47. Ityop'iya Army
ETH;48. Ityop'iya Army
ETH;49. Ityop'iya Army
ETH;50. Ityop'iya Army
ETH;51. Ityop'iya Army
ETH;52. Ityop'iya Army
ETH;53. Ityop'iya Army
ETH;54. Ityop'iya Army
ETH;55. Ityop'iya Army
ETH;56. Ityop'iya Army
ETH;57. Ityop'iya Army
ETH;58. Ityop'iya Army
ETH;59. Ityop'iya Army
ETH;60. Ityop'iya Army
ETH;61. Ityop'iya Army
ETH;62. Ityop'iya Army
ETH;63. Ityop'iya Army
ETH;64. Ityop'iya Army
ETH;65. Ityop'iya Army
ETH;66. Ityop'iya Army
ETH;67. Ityop'iya Army
ETH;68. Ityop'iya Army
ETH;69. Ityop'iya Army
ETH;70. Ityop'iya Army
ETH;71. Ityop'iya Army
ETH;72. Ityop'iya Army
ETH;73. Ityop'iya Army
EUS;I. Euskal Gorputza
EUS;II. Euskal Gorputza
EUS;III. Euskal Gorputza
EUS;IV. Euskal Gorputza
EUS;V. Euskal Gorputza
EUS;VI. Euskal Gorputza
EUS;VII. Euskal Gorputza
EUS;VIII. Euskal Gorputza
EUS;IX. Euskal Gorputza
EUS;X. Euskal Gorputza
EUS;XI. Euskal Gorputza
EUS;XII. Euskal Gorputza
EUS;XIII. Euskal Gorputza
EUS;XIV. Euskal Gorputza
EUS;XV. Euskal Gorputza
EUS;XVI. Euskal Gorputza
EUS;XVII. Euskal Gorputza
EUS;XVIII. Euskal Gorputza
EUS;XIX. Euskal Gorputza
EUS;XX. Euskal Gorputza
EUS;XXI. Euskal Gorputza
EUS;XXII. Euskal Gorputza
EUS;XXIII. Euskal Gorputza
EUS;XXIV. Euskal Gorputza
EUS;XXV. Euskal Gorputza
EUS;XXVI. Euskal Gorputza
EUS;XXVII. Euskal Gorputza
EUS;XXVIII. Euskal Gorputza
EUS;XXIX. Euskal Gorputza
EUS;XXX. Euskal Gorputza
EUS;XXXI. Euskal Gorputza
EUS;XXXII. Euskal Gorputza
EUS;XXXIII. Euskal Gorputza
EUS;XXXIV. Euskal Gorputza
EUS;XXXV. Euskal Gorputza
EUS;XXXVI. Euskal Gorputza
EUS;XXXVII. Euskal Gorputza
EUS;XXXVIII. Euskal Gorputza
EUS;XXXIX. Euskal Gorputza
EUS;XL. Euskal Gorputza
EUS;XLI. Euskal Gorputza
EUS;XLII. Euskal Gorputza
EUS;XLIII. Euskal Gorputza
EUS;XLIV. Euskal Gorputza
EUS;XLV. Euskal Gorputza
EUS;XLVI. Euskal Gorputza
EUS;XLVII. Euskal Gorputza
EUS;XLVIII. Euskal Gorputza
EUS;XLIX. Euskal Gorputza
EUS;L. Euskal Gorputza
FIN;I Armeijakunta
FIN;II Armeijakunta
FIN;III Armeijakunta
FIN;IV Armeijakunta
FIN;V Armeijakunta
FIN;VI Armeijakunta
FIN;VII Armeijakunta
FIN;VIII Armeijakunta
FIN;IX Armeijakunta
FIN;X Armeijakunta
FIN;XI Armeijakunta
FIN;XII Armeijakunta
FIN;XIII Armeijakunta
FIN;XIV Armeijakunta
FIN;XV Armeijakunta
FIN;XVI Armeijakunta
FIN;XVII Armeijakunta
FIN;XVIII Armeijakunta
FIN;XIX Armeijakunta
FIN;XX Armeijakunta
FIN;XXI Armeijakunta
FIN;XXII Armeijakunta
FIN;XXIII Armeijakunta
FIN;XXIV Armeijakunta
FIN;XXV Armeijakunta
FIN;XXVI Armeijakunta
FIN;XXVII Armeijakunta
FIN;XXVIII Armeijakunta
FIN;XXIX Armeijakunta
FIN;XXX Armeijakunta
FIN;XXXI Armeijakunta
FIN;XXXII Armeijakunta
FIN;XXXIII Armeijakunta
FIN;XXXIV Armeijakunta
FIN;XXXV Armeijakunta
FIN;XXXVI Armeijakunta
FIN;XXXVII Armeijakunta
FIN;XXXVIII Armeijakunta
FIN;XXXIX Armeijakunta
FIN;XL Armeijakunta
FIN;XLI Armeijakunta
FIN;XLII Armeijakunta
FIN;XLIII Armeijakunta
FIN;XLIV Armeijakunta
FIN;XLV Armeijakunta
FIN;XLVI Armeijakunta
FIN;XLVII Armeijakunta
FIN;XLVIII Armeijakunta
FIN;XLIX Armeijakunta
FIN;L Armeijakunta
FIN;LI Armeijakunta
FIN;LII Armeijakunta
FIN;LIII Armeijakunta
FIN;LIV Armeijakunta
FIN;LV Armeijakunta
FIN;LVI Armeijakunta
FIN;LVII Armeijakunta
FIN;LVIII Armeijakunta
FIN;LIX Armeijakunta
FIN;LX Armeijakunta
FIN;LXI Armeijakunta
FIN;LXII Armeijakunta
FIN;LXIII Armeijakunta
FIN;LXIV Armeijakunta
FIN;LXV Armeijakunta
FIN;LXVI Armeijakunta
FIN;LXVII Armeijakunta
FIN;LXVIII Armeijakunta
FIN;LXIX Armeijakunta
FIN;LXX Armeijakunta
FIN;LXXI Armeijakunta
FIN;LXXII Armeijakunta
FIN;LXXIII Armeijakunta
FIN;LXXIV Armeijakunta
FIN;LXXV Armeijakunta
FIN;LXXVI Armeijakunta
FIN;LXXVII Armeijakunta
FIN;LXXVIII Armeijakunta
FIN;LXXIX Armeijakunta
FIN;LXXX Armeijakunta
FIN;LXXXI Armeijakunta
FIN;LXXXII Armeijakunta
FIN;LXXXIII Armeijakunta
FIN;LXXXIV Armeijakunta
FIN;LXXXV Armeijakunta
FIN;LXXXVI Armeijakunta
FIN;LXXXVII Armeijakunta
FIN;LXXXVIII Armeijakunta
FIN;LXXXIX Armeijakunta
FIN;XC Armeijakunta
FIN;XCI Armeijakunta
FIN;XCII Armeijakunta
FIN;XCIII Armeijakunta
FIN;XCIV Armeijakunta
FIN;XCV Armeijakunta
FIN;XCVI Armeijakunta
FIN;XCVII Armeijakunta
FIN;XCVIII Armeijakunta
FIN;XCIX Armeijakunta
FIN;C Armeijakunta
FLA;1e Vlaams Legerkorps
FLA;2e Vlaams Legerkorps
FLA;3e Vlaams Legerkorps
FLA;4e Vlaams Legerkorps
FLA;5e Vlaams Legerkorps
FLA;6e Vlaams Legerkorps
FLA;7e Vlaams Legerkorps
FLA;8e Vlaams Legerkorps
FLA;9e Vlaams Legerkorps
FLA;10e Vlaams Legerkorps
FLA;11e Vlaams Legerkorps
FLA;12e Vlaams Legerkorps
FLA;13e Vlaams Legerkorps
FLA;14e Vlaams Legerkorps
FLA;15e Vlaams Legerkorps
FLA;16e Vlaams Legerkorps
FLA;17e Vlaams Legerkorps
FLA;18e Vlaams Legerkorps
FLA;19e Vlaams Legerkorps
FLA;20e Vlaams Legerkorps
FLA;21e Vlaams Legerkorps
FLA;22e Vlaams Legerkorps
FLA;23e Vlaams Legerkorps
FLA;24e Vlaams Legerkorps
FLA;25e Vlaams Legerkorps
FLA;26e Vlaams Legerkorps
FLA;27e Vlaams Legerkorps
FLA;28e Vlaams Legerkorps
FLA;29e Vlaams Legerkorps
FLA;30e Vlaams Legerkorps
FLA;31e Vlaams Legerkorps
FLA;32e Vlaams Legerkorps
FLA;33e Vlaams Legerkorps
FLA;34e Vlaams Legerkorps
FLA;35e Vlaams Legerkorps
FLA;36e Vlaams Legerkorps
FLA;37e Vlaams Legerkorps
FLA;38e Vlaams Legerkorps
FLA;39e Vlaams Legerkorps
FLA;40e Vlaams Legerkorps
FLA;41e Vlaams Legerkorps
FLA;42e Vlaams Legerkorps
FLA;43e Vlaams Legerkorps
FLA;44e Vlaams Legerkorps
FLA;45e Vlaams Legerkorps
FLA;46e Vlaams Legerkorps
FLA;47e Vlaams Legerkorps
FLA;48e Vlaams Legerkorps
FLA;49e Vlaams Legerkorps
FLA;50e Vlaams Legerkorps
FRA;1er Corps d'Arm?e
FRA;2e Corps d'Arm?e
FRA;3e Corps d'Arm?e
FRA;4e Corps d'Arm?e
FRA;5e Corps d'Arm?e
FRA;6e Corps d'Arm?e
FRA;7e Corps d'Arm?e
FRA;8e Corps d'Arm?e
FRA;9e Corps d'Arm?e
FRA;10e Corps d'Arm?e
FRA;11e Corps d'Arm?e
FRA;12e Corps d'Arm?e
FRA;13e Corps d'Arm?e
FRA;14e Corps d'Arm?e
FRA;15e Corps d'Arm?e
FRA;16e Corps d'Arm?e
FRA;17e Corps d'Arm?e
FRA;18e Corps d'Arm?e
FRA;19e Corps d'Arm?e
FRA;20e Corps d'Arm?e
FRA;21e Corps d'Arm?e
FRA;22e Corps d'Arm?e
FRA;23e Corps d'Arm?e
FRA;24e Corps d'Arm?e
FRA;25e Corps d'Arm?e
FRA;26e Corps d'Arm?e
FRA;27e Corps d'Arm?e
FRA;28e Corps d'Arm?e
FRA;29e Corps d'Arm?e
FRA;30e Corps d'Arm?e
FRA;31e Corps d'Arm?e
FRA;32e Corps d'Arm?e
FRA;33e Corps d'Arm?e
FRA;34e Corps d'Arm?e
FRA;35e Corps d'Arm?e
FRA;36e Corps d'Arm?e
FRA;37e Corps d'Arm?e
FRA;38e Corps d'Arm?e
FRA;39e Corps d'Arm?e
FRA;40e Corps d'Arm?e
FRA;41e Corps d'Arm?e
FRA;42e Corps d'Arm?e
FRA;43e Corps d'Arm?e
FRA;44e Corps d'Arm?e
FRA;45e Corps d'Arm?e
FRA;46e Corps d'Arm?e
FRA;47e Corps d'Arm?e
FRA;48e Corps d'Arm?e
FRA;49e Corps d'Arm?e
FRA;50e Corps d'Arm?e
FRA;51e Corps d'Arm?e
FRA;52e Corps d'Arm?e
FRA;53e Corps d'Arm?e
FRA;54e Corps d'Arm?e
FRA;55e Corps d'Arm?e
FRA;56e Corps d'Arm?e
FRA;57e Corps d'Arm?e
FRA;58e Corps d'Arm?e
FRA;59e Corps d'Arm?e
FRA;60e Corps d'Arm?e
FRA;61e Corps d'Arm?e
FRA;62e Corps d'Arm?e
FRA;63e Corps d'Arm?e
FRA;64e Corps d'Arm?e
FRA;65e Corps d'Arm?e
FRA;66e Corps d'Arm?e
FRA;67e Corps d'Arm?e
FRA;68e Corps d'Arm?e
FRA;69e Corps d'Arm?e
FRA;70e Corps d'Arm?e
FRA;71e Corps d'Arm?e
FRA;72e Corps d'Arm?e
FRA;73e Corps d'Arm?e
FRA;74e Corps d'Arm?e
FRA;75e Corps d'Arm?e
FRA;76e Corps d'Arm?e
FRA;77e Corps d'Arm?e
FRA;78e Corps d'Arm?e
FRA;79e Corps d'Arm?e
FRA;80e Corps d'Arm?e
FRA;81e Corps d'Arm?e
FRA;82e Corps d'Arm?e
FRA;83e Corps d'Arm?e
FRA;84e Corps d'Arm?e
FRA;85e Corps d'Arm?e
FRA;86e Corps d'Arm?e
FRA;87e Corps d'Arm?e
FRA;88e Corps d'Arm?e
FRA;89e Corps d'Arm?e
FRA;90e Corps d'Arm?e
FRA;91e Corps d'Arm?e
FRA;92e Corps d'Arm?e
FRA;93e Corps d'Arm?e
FRA;94e Corps d'Arm?e
FRA;95e Corps d'Arm?e
FRA;96e Corps d'Arm?e
FRA;97e Corps d'Arm?e
FRA;98e Corps d'Arm?e
FRA;99e Corps d'Arm?e
FRA;100e Corps d'Arm?e
FRA;101e Corps d'Arm?e
FRA;102e Corps d'Arm?e
FRA;103e Corps d'Arm?e
FRA;104e Corps d'Arm?e
FRA;105e Corps d'Arm?e
FRA;106e Corps d'Arm?e
FRA;107e Corps d'Arm?e
FRA;108e Corps d'Arm?e
FRA;109e Corps d'Arm?e
FRA;110e Corps d'Arm?e
FRA;111e Corps d'Arm?e
FRA;112e Corps d'Arm?e
FRA;113e Corps d'Arm?e
FRA;114e Corps d'Arm?e
FRA;115e Corps d'Arm?e
FRA;116e Corps d'Arm?e
FRA;117e Corps d'Arm?e
FRA;118e Corps d'Arm?e
FRA;119e Corps d'Arm?e
FRA;120e Corps d'Arm?e
FRA;121e Corps d'Arm?e
FRA;122e Corps d'Arm?e
FRA;123e Corps d'Arm?e
FRA;124e Corps d'Arm?e
FRA;125e Corps d'Arm?e
FRA;126e Corps d'Arm?e
FRA;127e Corps d'Arm?e
FRA;128e Corps d'Arm?e
FRA;129e Corps d'Arm?e
FRA;130e Corps d'Arm?e
FRA;131e Corps d'Arm?e
FRA;132e Corps d'Arm?e
FRA;133e Corps d'Arm?e
FRA;134e Corps d'Arm?e
FRA;135e Corps d'Arm?e
FRA;136e Corps d'Arm?e
FRA;137e Corps d'Arm?e
FRA;138e Corps d'Arm?e
FRA;139e Corps d'Arm?e
FRA;140e Corps d'Arm?e
FRA;141e Corps d'Arm?e
FRA;142e Corps d'Arm?e
FRA;143e Corps d'Arm?e
FRA;144e Corps d'Arm?e
FRA;145e Corps d'Arm?e
FRA;146e Corps d'Arm?e
FRA;147e Corps d'Arm?e
FRA;148e Corps d'Arm?e
FRA;149e Corps d'Arm?e
FRA;150e Corps d'Arm?e
FRA;151e Corps d'Arm?e
FRA;152e Corps d'Arm?e
FRA;153e Corps d'Arm?e
FRA;154e Corps d'Arm?e
FRA;155e Corps d'Arm?e
FRA;156e Corps d'Arm?e
FRA;157e Corps d'Arm?e
FRA;158e Corps d'Arm?e
FRA;159e Corps d'Arm?e
FRA;160e Corps d'Arm?e
FRA;161e Corps d'Arm?e
FRA;162e Corps d'Arm?e
FRA;163e Corps d'Arm?e
FRA;164e Corps d'Arm?e
FRA;165e Corps d'Arm?e
FRA;166e Corps d'Arm?e
FRA;167e Corps d'Arm?e
FRA;168e Corps d'Arm?e
FRA;169e Corps d'Arm?e
FRA;170e Corps d'Arm?e
FRA;171e Corps d'Arm?e
FRA;172e Corps d'Arm?e
FRA;173e Corps d'Arm?e
FRA;174e Corps d'Arm?e
FRA;175e Corps d'Arm?e
FRA;176e Corps d'Arm?e
FRA;177e Corps d'Arm?e
FRA;178e Corps d'Arm?e
FRA;179e Corps d'Arm?e
FRA;180e Corps d'Arm?e
FRA;181e Corps d'Arm?e
FRA;182e Corps d'Arm?e
FRA;183e Corps d'Arm?e
FRA;184e Corps d'Arm?e
FRA;185e Corps d'Arm?e
FRA;186e Corps d'Arm?e
FRA;187e Corps d'Arm?e
FRA;188e Corps d'Arm?e
FRA;189e Corps d'Arm?e
FRA;190e Corps d'Arm?e
FRA;191e Corps d'Arm?e
FRA;192e Corps d'Arm?e
FRA;193e Corps d'Arm?e
FRA;194e Corps d'Arm?e
FRA;195e Corps d'Arm?e
FRA;196e Corps d'Arm?e
FRA;197e Corps d'Arm?e
FRA;198e Corps d'Arm?e
FRA;199e Corps d'Arm?e
FRA;200e Corps d'Arm?e
FRA;201e Corps d'Arm?e
FRA;202e Corps d'Arm?e
FRA;203e Corps d'Arm?e
FRA;204e Corps d'Arm?e
FRA;205e Corps d'Arm?e
FRA;206e Corps d'Arm?e
FRA;207e Corps d'Arm?e
FRA;208e Corps d'Arm?e
FRA;209e Corps d'Arm?e
FRA;210e Corps d'Arm?e
FRA;211e Corps d'Arm?e
FRA;212e Corps d'Arm?e
FRA;213e Corps d'Arm?e
FRA;214e Corps d'Arm?e
FRA;215e Corps d'Arm?e
FRA;216e Corps d'Arm?e
FRA;217e Corps d'Arm?e
FRA;218e Corps d'Arm?e
FRA;219e Corps d'Arm?e
FRA;220e Corps d'Arm?e
FRA;221e Corps d'Arm?e
FRA;222e Corps d'Arm?e
FRA;223e Corps d'Arm?e
FRA;224e Corps d'Arm?e
FRA;225e Corps d'Arm?e
FRA;226e Corps d'Arm?e
FRA;227e Corps d'Arm?e
FRA;228e Corps d'Arm?e
FRA;229e Corps d'Arm?e
FRA;230e Corps d'Arm?e
FRA;231e Corps d'Arm?e
FRA;232e Corps d'Arm?e
FRA;233e Corps d'Arm?e
FRA;234e Corps d'Arm?e
FRA;235e Corps d'Arm?e
FRA;236e Corps d'Arm?e
FRA;237e Corps d'Arm?e
FRA;238e Corps d'Arm?e
FRA;239e Corps d'Arm?e
FRA;240e Corps d'Arm?e
FRA;241e Corps d'Arm?e
FRA;242e Corps d'Arm?e
FRA;243e Corps d'Arm?e
FRA;244e Corps d'Arm?e
FRA;245e Corps d'Arm?e
FRA;246e Corps d'Arm?e
FRA;247e Corps d'Arm?e
FRA;248e Corps d'Arm?e
FRA;249e Corps d'Arm?e
FRA;250e Corps d'Arm?e
FRA;251e Corps d'Arm?e
FRA;252e Corps d'Arm?e
FRA;253e Corps d'Arm?e
FRA;254e Corps d'Arm?e
FRA;255e Corps d'Arm?e
FRA;256e Corps d'Arm?e
FRA;257e Corps d'Arm?e
FRA;258e Corps d'Arm?e
FRA;259e Corps d'Arm?e
FRA;260e Corps d'Arm?e
FRA;261e Corps d'Arm?e
FRA;262e Corps d'Arm?e
FRA;263e Corps d'Arm?e
FRA;264e Corps d'Arm?e
FRA;265e Corps d'Arm?e
FRA;266e Corps d'Arm?e
FRA;267e Corps d'Arm?e
FRA;268e Corps d'Arm?e
FRA;269e Corps d'Arm?e
FRA;270e Corps d'Arm?e
FRA;271e Corps d'Arm?e
FRA;272e Corps d'Arm?e
FRA;273e Corps d'Arm?e
FRA;274e Corps d'Arm?e
FRA;275e Corps d'Arm?e
FRA;276e Corps d'Arm?e
FRA;277e Corps d'Arm?e
FRA;278e Corps d'Arm?e
FRA;279e Corps d'Arm?e
FRA;280e Corps d'Arm?e
FRA;281e Corps d'Arm?e
FRA;282e Corps d'Arm?e
FRA;283e Corps d'Arm?e
FRA;284e Corps d'Arm?e
FRA;285e Corps d'Arm?e
FRA;286e Corps d'Arm?e
FRA;287e Corps d'Arm?e
FRA;288e Corps d'Arm?e
FRA;289e Corps d'Arm?e
FRA;290e Corps d'Arm?e
FRA;291e Corps d'Arm?e
FRA;292e Corps d'Arm?e
FRA;293e Corps d'Arm?e
FRA;294e Corps d'Arm?e
FRA;295e Corps d'Arm?e
FRA;296e Corps d'Arm?e
FRA;297e Corps d'Arm?e
FRA;298e Corps d'Arm?e
FRA;299e Corps d'Arm?e
FRA;300e Corps d'Arm?e
GAB;1er Corps d'Arm?e gabonaise
GAB;2e Corps d'Arm?e gabonaise
GAB;3e Corps d'Arm?e gabonaise
GAB;4e Corps d'Arm?e gabonaise
GAB;5e Corps d'Arm?e gabonaise
GAB;6e Corps d'Arm?e gabonaise
GAB;7e Corps d'Arm?e gabonaise
GAB;8e Corps d'Arm?e gabonaise
GAB;9e Corps d'Arm?e gabonaise
GAB;10e Corps d'Arm?e gabonaise
GAB;11e Corps d'Arm?e gabonaise
GAB;12e Corps d'Arm?e gabonaise
GAB;13e Corps d'Arm?e gabonaise
GAB;14e Corps d'Arm?e gabonaise
GAB;15e Corps d'Arm?e gabonaise
GAB;16e Corps d'Arm?e gabonaise
GAB;17e Corps d'Arm?e gabonaise
GAB;18e Corps d'Arm?e gabonaise
GAB;19e Corps d'Arm?e gabonaise
GAB;20e Corps d'Arm?e gabonaise
GAB;21e Corps d'Arm?e gabonaise
GAB;22e Corps d'Arm?e gabonaise
GAB;23e Corps d'Arm?e gabonaise
GAB;24e Corps d'Arm?e gabonaise
GAB;25e Corps d'Arm?e gabonaise
GAB;26e Corps d'Arm?e gabonaise
GAB;27e Corps d'Arm?e gabonaise
GAB;28e Corps d'Arm?e gabonaise
GAB;29e Corps d'Arm?e gabonaise
GAB;30e Corps d'Arm?e gabonaise
GAB;31e Corps d'Arm?e gabonaise
GAB;32e Corps d'Arm?e gabonaise
GAB;33e Corps d'Arm?e gabonaise
GAB;34e Corps d'Arm?e gabonaise
GAB;35e Corps d'Arm?e gabonaise
GAB;36e Corps d'Arm?e gabonaise
GAB;37e Corps d'Arm?e gabonaise
GAB;38e Corps d'Arm?e gabonaise
GAB;39e Corps d'Arm?e gabonaise
GAB;40e Corps d'Arm?e gabonaise
GAB;41e Corps d'Arm?e gabonaise
GAB;42e Corps d'Arm?e gabonaise
GAB;43e Corps d'Arm?e gabonaise
GAB;44e Corps d'Arm?e gabonaise
GAB;45e Corps d'Arm?e gabonaise
GAB;46e Corps d'Arm?e gabonaise
GAB;47e Corps d'Arm?e gabonaise
GAB;48e Corps d'Arm?e gabonaise
GAB;49e Corps d'Arm?e gabonaise
GAB;50e Corps d'Arm?e gabonaise
GEO;1-y sakartvelos armeyskiy korpus
GEO;2-y sakartvelos armeyskiy korpus
GEO;3-y sakartvelos armeyskiy korpus
GEO;4-y sakartvelos armeyskiy korpus
GEO;5-y sakartvelos armeyskiy korpus
GEO;6-y sakartvelos armeyskiy korpus
GEO;7-y sakartvelos armeyskiy korpus
GEO;8-y sakartvelos armeyskiy korpus
GEO;9-y sakartvelos armeyskiy korpus
GEO;10-y sakartvelos armeyskiy korpus
GEO;11-y sakartvelos armeyskiy korpus
GEO;12-y sakartvelos armeyskiy korpus
GEO;13-y sakartvelos armeyskiy korpus
GEO;14-y sakartvelos armeyskiy korpus
GEO;15-y sakartvelos armeyskiy korpus
GEO;16-y sakartvelos armeyskiy korpus
GEO;17-y sakartvelos armeyskiy korpus
GEO;18-y sakartvelos armeyskiy korpus
GEO;19-y sakartvelos armeyskiy korpus
GEO;20-y sakartvelos armeyskiy korpus
GEO;21-y sakartvelos armeyskiy korpus
GEO;22-y sakartvelos armeyskiy korpus
GEO;23-y sakartvelos armeyskiy korpus
GEO;24-y sakartvelos armeyskiy korpus
GEO;25-y sakartvelos armeyskiy korpus
GEO;26-y sakartvelos armeyskiy korpus
GEO;27-y sakartvelos armeyskiy korpus
GEO;28-y sakartvelos armeyskiy korpus
GEO;29-y sakartvelos armeyskiy korpus
GEO;30-y sakartvelos armeyskiy korpus
GEO;31-y sakartvelos armeyskiy korpus
GEO;32-y sakartvelos armeyskiy korpus
GEO;33-y sakartvelos armeyskiy korpus
GEO;34-y sakartvelos armeyskiy korpus
GEO;35-y sakartvelos armeyskiy korpus
GEO;36-y sakartvelos armeyskiy korpus
GEO;37-y sakartvelos armeyskiy korpus
GEO;38-y sakartvelos armeyskiy korpus
GEO;39-y sakartvelos armeyskiy korpus
GEO;40-y sakartvelos armeyskiy korpus
GEO;41-y sakartvelos armeyskiy korpus
GEO;42-y sakartvelos armeyskiy korpus
GEO;43-y sakartvelos armeyskiy korpus
GEO;44-y sakartvelos armeyskiy korpus
GEO;45-y sakartvelos armeyskiy korpus
GEO;46-y sakartvelos armeyskiy korpus
GEO;47-y sakartvelos armeyskiy korpus
GEO;48-y sakartvelos armeyskiy korpus
GEO;49-y sakartvelos armeyskiy korpus
GEO;50-y sakartvelos armeyskiy korpus
GER;I. Armee-Korps
GER;II. Armee-Korps
GER;III. Armee-Korps
GER;IV. Armee-Korps
GER;V. Armee-Korps
GER;VI. Armee-Korps
GER;VII. Armee-Korps
GER;VIII. Armee-Korps
GER;IX. Armee-Korps
GER;X. Armee-Korps
GER;XI. Armee-Korps
GER;XII. Armee-Korps
GER;XIII. Armee-Korps
GER;XIV. Armee-Korps
GER;XV. Armee-Korps
GER;XVI. Armee-Korps
GER;XVII. Armee-Korps
GER;XVIII. Armee-Korps
GER;XIX. Armee-Korps
GER;XX. Armee-Korps
GER;XXI. Armee-Korps
GER;XXII. Armee-Korps
GER;XXIII. Armee-Korps
GER;XXIV. Armee-Korps
GER;XXV. Armee-Korps
GER;XXVI. Armee-Korps
GER;XXVII. Armee-Korps
GER;XXVIII. Armee-Korps
GER;XXIX. Armee-Korps
GER;XXX. Armee-Korps
GER;XXXI. Armee-Korps
GER;XXXII. Armee-Korps
GER;XXXIII. Armee-Korps
GER;XXXIV. Armee-Korps
GER;XXXV. Armee-Korps
GER;XXXVI. Armee-Korps
GER;XXXVII. Armee-Korps
GER;XXXVIII. Armee-Korps
GER;XXXIX. Armee-Korps
GER;XXXX. Armee-Korps
GER;XXXXI. Armee-Korps
GER;XXXXII. Armee-Korps
GER;XXXXIII. Armee-Korps
GER;XXXXIV. Armee-Korps
GER;XXXXV. Armee-Korps
GER;XXXXVI. Armee-Korps
GER;XXXXVII. Armee-Korps
GER;XXXXVIII. Armee-Korps
GER;XXXXIX. Armee-Korps
GER;L. Armee-Korps
GER;LI. Armee-Korps
GER;LII. Armee-Korps
GER;LIII. Armee-Korps
GER;LIV. Armee-Korps
GER;LV. Armee-Korps
GER;LVI. Armee-Korps
GER;LVII. Armee-Korps
GER;LVIII. Armee-Korps
GER;LIX. Armee-Korps
GER;LX. Armee-Korps
GER;LXI. Armee-Korps
GER;LXII. Armee-Korps
GER;LXIII. Armee-Korps
GER;LXIV. Armee-Korps
GER;LXV. Armee-Korps
GER;LXVI. Armee-Korps
GER;LXVII. Armee-Korps
GER;LXVIII. Armee-Korps
GER;LXIX. Armee-Korps
GER;LXX. Armee-Korps
GER;LXXI. Armee-Korps
GER;LXXII. Armee-Korps
GER;LXXIII. Armee-Korps
GER;LXXIV. Armee-Korps
GER;LXXV. Armee-Korps
GER;LXXVI. Armee-Korps
GER;LXXVII. Armee-Korps
GER;LXXVIII. Armee-Korps
GER;LXXIX. Armee-Korps
GER;LXXX. Armee-Korps
GER;LXXXI. Armee-Korps
GER;LXXXII. Armee-Korps
GER;LXXXIII. Armee-Korps
GER;LXXXIV. Armee-Korps
GER;LXXXV. Armee-Korps
GER;LXXXVI. Armee-Korps
GER;LXXXVII. Armee-Korps
GER;LXXXVIII. Armee-Korps
GER;LXXXIX. Armee-Korps
GER;LXXXX. Armee-Korps
GER;LXXXXI. Armee-Korps
GER;LXXXXII. Armee-Korps
GER;LXXXXIII. Armee-Korps
GER;LXXXXIV. Armee-Korps
GER;LXXXXV. Armee-Korps
GER;LXXXXVI. Armee-Korps
GER;LXXXXVII. Armee-Korps
GER;LXXXXVIII. Armee-Korps
GER;LXXXXIX. Armee-Korps
GER;C. Armee-Korps
GER;CI. Armee-Korps
GER;CII. Armee-Korps
GER;CIII. Armee-Korps
GER;CIV. Armee-Korps
GER;CV. Armee-Korps
GER;CVI. Armee-Korps
GER;CVII. Armee-Korps
GER;CVIII. Armee-Korps
GER;CIX. Armee-Korps
GER;CX. Armee-Korps
GER;CXI. Armee-Korps
GER;CXII. Armee-Korps
GER;CXIII. Armee-Korps
GER;CXIV. Armee-Korps
GER;CXV. Armee-Korps
GER;CXVI. Armee-Korps
GER;CXVII. Armee-Korps
GER;CXVIII. Armee-Korps
GER;CXIX. Armee-Korps
GER;CXX. Armee-Korps
GER;CXXI. Armee-Korps
GER;CXXII. Armee-Korps
GER;CXXIII. Armee-Korps
GER;CXXIV. Armee-Korps
GER;CXXV. Armee-Korps
GER;CXXVI. Armee-Korps
GER;CXXVII. Armee-Korps
GER;CXXVIII. Armee-Korps
GER;CXXIX. Armee-Korps
GER;CXXX. Armee-Korps
GER;CXXXI. Armee-Korps
GER;CXXXII. Armee-Korps
GER;CXXXIII. Armee-Korps
GER;CXXXIV. Armee-Korps
GER;CXXXV. Armee-Korps
GER;CXXXVI. Armee-Korps
GER;CXXXVII. Armee-Korps
GER;CXXXVIII. Armee-Korps
GER;CXXXIX. Armee-Korps
GER;CXXXX. Armee-Korps
GER;CXXXXI. Armee-Korps
GER;CXXXXII. Armee-Korps
GER;CXXXXIII. Armee-Korps
GER;CXXXXIV. Armee-Korps
GER;CXXXXV. Armee-Korps
GER;CXXXXVI. Armee-Korps
GER;CXXXXVII. Armee-Korps
GER;CXXXXVIII. Armee-Korps
GER;CXXXXIX. Armee-Korps
GER;CL. Armee-Korps
GER;CLI. Armee-Korps
GER;CLII. Armee-Korps
GER;CLIII. Armee-Korps
GER;CLIV. Armee-Korps
GER;CLV. Armee-Korps
GER;CLVI. Armee-Korps
GER;CLVII. Armee-Korps
GER;CLVIII. Armee-Korps
GER;CLIX. Armee-Korps
GER;CLX. Armee-Korps
GER;CLXI. Armee-Korps
GER;CLXII. Armee-Korps
GER;CLXIII. Armee-Korps
GER;CLXIV. Armee-Korps
GER;CLXV. Armee-Korps
GER;CLXVI. Armee-Korps
GER;CLXVII. Armee-Korps
GER;CLXVIII. Armee-Korps
GER;CLXIX. Armee-Korps
GER;CLXX. Armee-Korps
GER;CLXXI. Armee-Korps
GER;CLXXII. Armee-Korps
GER;CLXXIII. Armee-Korps
GER;CLXXIV. Armee-Korps
GER;CLXXV. Armee-Korps
GER;CLXXVI. Armee-Korps
GER;CLXXVII. Armee-Korps
GER;CLXXVIII. Armee-Korps
GER;CLXXIX. Armee-Korps
GER;CLXXX. Armee-Korps
GER;CLXXXI. Armee-Korps
GER;CLXXXII. Armee-Korps
GER;CLXXXIII. Armee-Korps
GER;CLXXXIV. Armee-Korps
GER;CLXXXV. Armee-Korps
GER;CLXXXVI. Armee-Korps
GER;CLXXXVII. Armee-Korps
GER;CLXXXVIII. Armee-Korps
GER;CLXXXIX. Armee-Korps
GER;CLXXXX. Armee-Korps
GER;CLXXXXI. Armee-Korps
GER;CLXXXXII. Armee-Korps
GER;CLXXXXIII. Armee-Korps
GER;CLXXXXIV. Armee-Korps
GER;CLXXXXV. Armee-Korps
GER;CLXXXXVI. Armee-Korps
GER;CLXXXXVII. Armee-Korps
GER;CLXXXXVIII. Armee-Korps
GER;CLXXXXIX. Armee-Korps
GER;CC. Armee-Korps
GER;CCI. Armee-Korps
GER;CCII. Armee-Korps
GER;CCIII. Armee-Korps
GER;CCIV. Armee-Korps
GER;CCV. Armee-Korps
GER;CCVI. Armee-Korps
GER;CCVII. Armee-Korps
GER;CCVIII. Armee-Korps
GER;CCIX. Armee-Korps
GER;CCX. Armee-Korps
GER;CCXI. Armee-Korps
GER;CCXII. Armee-Korps
GER;CCXIII. Armee-Korps
GER;CCXIV. Armee-Korps
GER;CCXV. Armee-Korps
GER;CCXVI. Armee-Korps
GER;CCXVII. Armee-Korps
GER;CCXVIII. Armee-Korps
GER;CCXIX. Armee-Korps
GER;CCXX. Armee-Korps
GER;CCXXI. Armee-Korps
GER;CCXXII. Armee-Korps
GER;CCXXIII. Armee-Korps
GER;CCXXIV. Armee-Korps
GER;CCXXV. Armee-Korps
GER;CCXXVI. Armee-Korps
GER;CCXXVII. Armee-Korps
GER;CCXXVIII. Armee-Korps
GER;CCXXIX. Armee-Korps
GER;CCXXX. Armee-Korps
GER;CCXXXI. Armee-Korps
GER;CCXXXII. Armee-Korps
GER;CCXXXIII. Armee-Korps
GER;CCXXXIV. Armee-Korps
GER;CCXXXV. Armee-Korps
GER;CCXXXVI. Armee-Korps
GER;CCXXXVII. Armee-Korps
GER;CCXXXVIII. Armee-Korps
GER;CCXXXIX. Armee-Korps
GER;CCXXXX. Armee-Korps
GER;CCXXXXI. Armee-Korps
GER;CCXXXXII. Armee-Korps
GER;CCXXXXIII. Armee-Korps
GER;CCXXXXIV. Armee-Korps
GER;CCXXXXV. Armee-Korps
GER;CCXXXXVI. Armee-Korps
GER;CCXXXXVII. Armee-Korps
GER;CCXXXXVIII. Armee-Korps
GER;CCXXXXIX. Armee-Korps
GER;CCL. Armee-Korps
GER;CCLI. Armee-Korps
GER;CCLII. Armee-Korps
GER;CCLIII. Armee-Korps
GER;CCLIV. Armee-Korps
GER;CCLV. Armee-Korps
GER;CCLVI. Armee-Korps
GER;CCLVII. Armee-Korps
GER;CCLVIII. Armee-Korps
GER;CCLIX. Armee-Korps
GER;CCLX. Armee-Korps
GER;CCLXI. Armee-Korps
GER;CCLXII. Armee-Korps
GER;CCLXIII. Armee-Korps
GER;CCLXIV. Armee-Korps
GER;CCLXV. Armee-Korps
GER;CCLXVI. Armee-Korps
GER;CCLXVII. Armee-Korps
GER;CCLXVIII. Armee-Korps
GER;CCLXIX. Armee-Korps
GER;CCLXX. Armee-Korps
GER;CCLXXI. Armee-Korps
GER;CCLXXII. Armee-Korps
GER;CCLXXIII. Armee-Korps
GER;CCLXXIV. Armee-Korps
GER;CCLXXV. Armee-Korps
GER;CCLXXVI. Armee-Korps
GER;CCLXXVII. Armee-Korps
GER;CCLXXVIII. Armee-Korps
GER;CCLXXIX. Armee-Korps
GER;CCLXXX. Armee-Korps
GER;CCLXXXI. Armee-Korps
GER;CCLXXXII. Armee-Korps
GER;CCLXXXIII. Armee-Korps
GER;CCLXXXIV. Armee-Korps
GER;CCLXXXV. Armee-Korps
GER;CCLXXXVI. Armee-Korps
GER;CCLXXXVII. Armee-Korps
GER;CCLXXXVIII. Armee-Korps
GER;CCLXXXIX. Armee-Korps
GER;CCLXXXX. Armee-Korps
GER;CCLXXXXI. Armee-Korps
GER;CCLXXXXII. Armee-Korps
GER;CCLXXXXIII. Armee-Korps
GER;CCLXXXXIV. Armee-Korps
GER;CCLXXXXV. Armee-Korps
GER;CCLXXXXVI. Armee-Korps
GER;CCLXXXXVII. Armee-Korps
GER;CCLXXXXVIII. Armee-Korps
GER;CCLXXXXIX. Armee-Korps
GER;CCC. Armee-Korps
GLD;I Ghanaian Corps
GLD;II Ghanaian Corps
GLD;III Ghanaian Corps
GLD;IV Ghanaian Corps
GLD;V Ghanaian Corps
GLD;VI Ghanaian Corps
GLD;VII Ghanaian Corps
GLD;VIII Ghanaian Corps
GLD;IX Ghanaian Corps
GLD;X Ghanaian Corps
GLD;XI Ghanaian Corps
GLD;XII Ghanaian Corps
GLD;XIII Ghanaian Corps
GLD;XIV Ghanaian Corps
GLD;XV Ghanaian Corps
GLD;XVI Ghanaian Corps
GLD;XVII Ghanaian Corps
GLD;XVIII Ghanaian Corps
GLD;XIX Ghanaian Corps
GLD;XX Ghanaian Corps
GLD;XXI Ghanaian Corps
GLD;XXII Ghanaian Corps
GLD;XXIII Ghanaian Corps
GLD;XXIV Ghanaian Corps
GLD;XXV Ghanaian Corps
GLD;XXVI Ghanaian Corps
GLD;XXVII Ghanaian Corps
GLD;XXVIII Ghanaian Corps
GLD;XXIX Ghanaian Corps
GLD;XXX Ghanaian Corps
GLD;XXXI Ghanaian Corps
GLD;XXXII Ghanaian Corps
GLD;XXXIII Ghanaian Corps
GLD;XXXIV Ghanaian Corps
GLD;XXXV Ghanaian Corps
GLD;XXXVI Ghanaian Corps
GLD;XXXVII Ghanaian Corps
GLD;XXXVIII Ghanaian Corps
GLD;XXXIX Ghanaian Corps
GLD;XL Ghanaian Corps
GLD;XLI Ghanaian Corps
GLD;XLII Ghanaian Corps
GLD;XLIII Ghanaian Corps
GLD;XLIV Ghanaian Corps
GLD;XLV Ghanaian Corps
GLD;XLVI Ghanaian Corps
GLD;XLVII Ghanaian Corps
GLD;XLVIII Ghanaian Corps
GLD;XLIX Ghanaian Corps
GLD;L Ghanaian Corps
GRE;I Elliniki L?chos
GRE;II Elliniki L?chos
GRE;III Elliniki L?chos
GRE;IV Elliniki L?chos
GRE;V Elliniki L?chos
GRE;VI Elliniki L?chos
GRE;VII Elliniki L?chos
GRE;VIII Elliniki L?chos
GRE;IX Elliniki L?chos
GRE;X Elliniki L?chos
GRE;XI Elliniki L?chos
GRE;XII Elliniki L?chos
GRE;XIII Elliniki L?chos
GRE;XIV Elliniki L?chos
GRE;XV Elliniki L?chos
GRE;XVI Elliniki L?chos
GRE;XVII Elliniki L?chos
GRE;XVIII Elliniki L?chos
GRE;XIX Elliniki L?chos
GRE;XX Elliniki L?chos
GRE;XXI Elliniki L?chos
GRE;XXII Elliniki L?chos
GRE;XXIII Elliniki L?chos
GRE;XXIV Elliniki L?chos
GRE;XXV Elliniki L?chos
GRE;XXVI Elliniki L?chos
GRE;XXVII Elliniki L?chos
GRE;XXVIII Elliniki L?chos
GRE;XXIX Elliniki L?chos
GRE;XXX Elliniki L?chos
GRE;XXXI Elliniki L?chos
GRE;XXXII Elliniki L?chos
GRE;XXXIII Elliniki L?chos
GRE;XXXIV Elliniki L?chos
GRE;XXXV Elliniki L?chos
GRE;XXXVI Elliniki L?chos
GRE;XXXVII Elliniki L?chos
GRE;XXXVIII Elliniki L?chos
GRE;XXXIX Elliniki L?chos
GRE;XL Elliniki L?chos
GRE;XLI Elliniki L?chos
GRE;XLII Elliniki L?chos
GRE;XLIII Elliniki L?chos
GRE;XLIV Elliniki L?chos
GRE;XLV Elliniki L?chos
GRE;XLVI Elliniki L?chos
GRE;XLVII Elliniki L?chos
GRE;XLVIII Elliniki L?chos
GRE;XLIX Elliniki L?chos
GRE;L Elliniki L?chos
GUA;I Cuerpo de Ej?rcito guatemalteco
GUA;II Cuerpo de Ej?rcito guatemalteco
GUA;III Cuerpo de Ej?rcito guatemalteco
GUA;IV Cuerpo de Ej?rcito guatemalteco
GUA;V Cuerpo de Ej?rcito guatemalteco
GUA;VI Cuerpo de Ej?rcito guatemalteco
GUA;VII Cuerpo de Ej?rcito guatemalteco
GUA;VIII Cuerpo de Ej?rcito guatemalteco
GUA;IX Cuerpo de Ej?rcito guatemalteco
GUA;X Cuerpo de Ej?rcito guatemalteco
GUA;XI Cuerpo de Ej?rcito guatemalteco
GUA;XII Cuerpo de Ej?rcito guatemalteco
GUA;XIII Cuerpo de Ej?rcito guatemalteco
GUA;XIV Cuerpo de Ej?rcito guatemalteco
GUA;XV Cuerpo de Ej?rcito guatemalteco
GUA;XVI Cuerpo de Ej?rcito guatemalteco
GUA;XVII Cuerpo de Ej?rcito guatemalteco
GUA;XVIII Cuerpo de Ej?rcito guatemalteco
GUA;XIX Cuerpo de Ej?rcito guatemalteco
GUA;XX Cuerpo de Ej?rcito guatemalteco
GUA;XXI Cuerpo de Ej?rcito guatemalteco
GUA;XXII Cuerpo de Ej?rcito guatemalteco
GUA;XXIII Cuerpo de Ej?rcito guatemalteco
GUA;XXIV Cuerpo de Ej?rcito guatemalteco
GUA;XXV Cuerpo de Ej?rcito guatemalteco
GUA;XXVI Cuerpo de Ej?rcito guatemalteco
GUA;XXVII Cuerpo de Ej?rcito guatemalteco
GUA;XXVIII Cuerpo de Ej?rcito guatemalteco
GUA;XXIX Cuerpo de Ej?rcito guatemalteco
GUA;XXX Cuerpo de Ej?rcito guatemalteco
GUA;XXXI Cuerpo de Ej?rcito guatemalteco
GUA;XXXII Cuerpo de Ej?rcito guatemalteco
GUA;XXXIII Cuerpo de Ej?rcito guatemalteco
GUA;XXXIV Cuerpo de Ej?rcito guatemalteco
GUA;XXXV Cuerpo de Ej?rcito guatemalteco
GUA;XXXVI Cuerpo de Ej?rcito guatemalteco
GUA;XXXVII Cuerpo de Ej?rcito guatemalteco
GUA;XXXVIII Cuerpo de Ej?rcito guatemalteco
GUA;XXXIX Cuerpo de Ej?rcito guatemalteco
GUA;XL Cuerpo de Ej?rcito guatemalteco
GUA;XLI Cuerpo de Ej?rcito guatemalteco
GUA;XLII Cuerpo de Ej?rcito guatemalteco
GUA;XLIII Cuerpo de Ej?rcito guatemalteco
GUA;XLIV Cuerpo de Ej?rcito guatemalteco
GUA;XLV Cuerpo de Ej?rcito guatemalteco
GUA;XLVI Cuerpo de Ej?rcito guatemalteco
GUA;XLVII Cuerpo de Ej?rcito guatemalteco
GUA;XLVIII Cuerpo de Ej?rcito guatemalteco
GUA;XLIX Cuerpo de Ej?rcito guatemalteco
GUA;L Cuerpo de Ej?rcito guatemalteco
GUI;1er Corps d'Arm?e de Guin?e
GUI;2e Corps d'Arm?e de Guin?e
GUI;3e Corps d'Arm?e de Guin?e
GUI;4e Corps d'Arm?e de Guin?e
GUI;5e Corps d'Arm?e de Guin?e
GUI;6e Corps d'Arm?e de Guin?e
GUI;7e Corps d'Arm?e de Guin?e
GUI;8e Corps d'Arm?e de Guin?e
GUI;9e Corps d'Arm?e de Guin?e
GUI;10e Corps d'Arm?e de Guin?e
GUI;11e Corps d'Arm?e de Guin?e
GUI;12e Corps d'Arm?e de Guin?e
GUI;13e Corps d'Arm?e de Guin?e
GUI;14e Corps d'Arm?e de Guin?e
GUI;15e Corps d'Arm?e de Guin?e
GUI;16e Corps d'Arm?e de Guin?e
GUI;17e Corps d'Arm?e de Guin?e
GUI;18e Corps d'Arm?e de Guin?e
GUI;19e Corps d'Arm?e de Guin?e
GUI;20e Corps d'Arm?e de Guin?e
GUI;21e Corps d'Arm?e de Guin?e
GUI;22e Corps d'Arm?e de Guin?e
GUI;23e Corps d'Arm?e de Guin?e
GUI;24e Corps d'Arm?e de Guin?e
GUI;25e Corps d'Arm?e de Guin?e
GUI;26e Corps d'Arm?e de Guin?e
GUI;27e Corps d'Arm?e de Guin?e
GUI;28e Corps d'Arm?e de Guin?e
GUI;29e Corps d'Arm?e de Guin?e
GUI;30e Corps d'Arm?e de Guin?e
GUI;31e Corps d'Arm?e de Guin?e
GUI;32e Corps d'Arm?e de Guin?e
GUI;33e Corps d'Arm?e de Guin?e
GUI;34e Corps d'Arm?e de Guin?e
GUI;35e Corps d'Arm?e de Guin?e
GUI;36e Corps d'Arm?e de Guin?e
GUI;37e Corps d'Arm?e de Guin?e
GUI;38e Corps d'Arm?e de Guin?e
GUI;39e Corps d'Arm?e de Guin?e
GUI;40e Corps d'Arm?e de Guin?e
GUI;41e Corps d'Arm?e de Guin?e
GUI;42e Corps d'Arm?e de Guin?e
GUI;43e Corps d'Arm?e de Guin?e
GUI;44e Corps d'Arm?e de Guin?e
GUI;45e Corps d'Arm?e de Guin?e
GUI;46e Corps d'Arm?e de Guin?e
GUI;47e Corps d'Arm?e de Guin?e
GUI;48e Corps d'Arm?e de Guin?e
GUI;49e Corps d'Arm?e de Guin?e
GUI;50e Corps d'Arm?e de Guin?e
GUY;I Guyanese Corps
GUY;II Guyanese Corps
GUY;III Guyanese Corps
GUY;IV Guyanese Corps
GUY;V Guyanese Corps
GUY;VI Guyanese Corps
GUY;VII Guyanese Corps
GUY;VIII Guyanese Corps
GUY;IX Guyanese Corps
GUY;X Guyanese Corps
GUY;XI Guyanese Corps
GUY;XII Guyanese Corps
GUY;XIII Guyanese Corps
GUY;XIV Guyanese Corps
GUY;XV Guyanese Corps
GUY;XVI Guyanese Corps
GUY;XVII Guyanese Corps
GUY;XVIII Guyanese Corps
GUY;XIX Guyanese Corps
GUY;XX Guyanese Corps
GUY;XXI Guyanese Corps
GUY;XXII Guyanese Corps
GUY;XXIII Guyanese Corps
GUY;XXIV Guyanese Corps
GUY;XXV Guyanese Corps
GUY;XXVI Guyanese Corps
GUY;XXVII Guyanese Corps
GUY;XXVIII Guyanese Corps
GUY;XXIX Guyanese Corps
GUY;XXX Guyanese Corps
GUY;XXXI Guyanese Corps
GUY;XXXII Guyanese Corps
GUY;XXXIII Guyanese Corps
GUY;XXXIV Guyanese Corps
GUY;XXXV Guyanese Corps
GUY;XXXVI Guyanese Corps
GUY;XXXVII Guyanese Corps
GUY;XXXVIII Guyanese Corps
GUY;XXXIX Guyanese Corps
GUY;XL Guyanese Corps
GUY;XLI Guyanese Corps
GUY;XLII Guyanese Corps
GUY;XLIII Guyanese Corps
GUY;XLIV Guyanese Corps
GUY;XLV Guyanese Corps
GUY;XLVI Guyanese Corps
GUY;XLVII Guyanese Corps
GUY;XLVIII Guyanese Corps
GUY;XLIX Guyanese Corps
GUY;L Guyanese Corps
HAI;1er Corps d'Arm?e d'Ha?ti
HAI;2e Corps d'Arm?e d'Ha?ti
HAI;3e Corps d'Arm?e d'Ha?ti
HAI;4e Corps d'Arm?e d'Ha?ti
HAI;5e Corps d'Arm?e d'Ha?ti
HAI;6e Corps d'Arm?e d'Ha?ti
HAI;7e Corps d'Arm?e d'Ha?ti
HAI;8e Corps d'Arm?e d'Ha?ti
HAI;9e Corps d'Arm?e d'Ha?ti
HAI;10e Corps d'Arm?e d'Ha?ti
HAI;11e Corps d'Arm?e d'Ha?ti
HAI;12e Corps d'Arm?e d'Ha?ti
HAI;13e Corps d'Arm?e d'Ha?ti
HAI;14e Corps d'Arm?e d'Ha?ti
HAI;15e Corps d'Arm?e d'Ha?ti
HAI;16e Corps d'Arm?e d'Ha?ti
HAI;17e Corps d'Arm?e d'Ha?ti
HAI;18e Corps d'Arm?e d'Ha?ti
HAI;19e Corps d'Arm?e d'Ha?ti
HAI;20e Corps d'Arm?e d'Ha?ti
HAI;21e Corps d'Arm?e d'Ha?ti
HAI;22e Corps d'Arm?e d'Ha?ti
HAI;23e Corps d'Arm?e d'Ha?ti
HAI;24e Corps d'Arm?e d'Ha?ti
HAI;25e Corps d'Arm?e d'Ha?ti
HAI;26e Corps d'Arm?e d'Ha?ti
HAI;27e Corps d'Arm?e d'Ha?ti
HAI;28e Corps d'Arm?e d'Ha?ti
HAI;29e Corps d'Arm?e d'Ha?ti
HAI;30e Corps d'Arm?e d'Ha?ti
HAI;31e Corps d'Arm?e d'Ha?ti
HAI;32e Corps d'Arm?e d'Ha?ti
HAI;33e Corps d'Arm?e d'Ha?ti
HAI;34e Corps d'Arm?e d'Ha?ti
HAI;35e Corps d'Arm?e d'Ha?ti
HAI;36e Corps d'Arm?e d'Ha?ti
HAI;37e Corps d'Arm?e d'Ha?ti
HAI;38e Corps d'Arm?e d'Ha?ti
HAI;39e Corps d'Arm?e d'Ha?ti
HAI;40e Corps d'Arm?e d'Ha?ti
HAI;41e Corps d'Arm?e d'Ha?ti
HAI;42e Corps d'Arm?e d'Ha?ti
HAI;43e Corps d'Arm?e d'Ha?ti
HAI;44e Corps d'Arm?e d'Ha?ti
HAI;45e Corps d'Arm?e d'Ha?ti
HAI;46e Corps d'Arm?e d'Ha?ti
HAI;47e Corps d'Arm?e d'Ha?ti
HAI;48e Corps d'Arm?e d'Ha?ti
HAI;49e Corps d'Arm?e d'Ha?ti
HAI;50e Corps d'Arm?e d'Ha?ti
HOL;1e Koninklijke Legerkorps
HOL;2e Koninklijke Legerkorps
HOL;3e Koninklijke Legerkorps
HOL;4e Koninklijke Legerkorps
HOL;5e Koninklijke Legerkorps
HOL;6e Koninklijke Legerkorps
HOL;7e Koninklijke Legerkorps
HOL;8e Koninklijke Legerkorps
HOL;9e Koninklijke Legerkorps
HOL;10e Koninklijke Legerkorps
HOL;11e Koninklijke Legerkorps
HOL;12e Koninklijke Legerkorps
HOL;13e Koninklijke Legerkorps
HOL;14e Koninklijke Legerkorps
HOL;15e Koninklijke Legerkorps
HOL;16e Koninklijke Legerkorps
HOL;17e Koninklijke Legerkorps
HOL;18e Koninklijke Legerkorps
HOL;19e Koninklijke Legerkorps
HOL;20e Koninklijke Legerkorps
HOL;21e Koninklijke Legerkorps
HOL;22e Koninklijke Legerkorps
HOL;23e Koninklijke Legerkorps
HOL;24e Koninklijke Legerkorps
HOL;25e Koninklijke Legerkorps
HOL;26e Koninklijke Legerkorps
HOL;27e Koninklijke Legerkorps
HOL;28e Koninklijke Legerkorps
HOL;29e Koninklijke Legerkorps
HOL;30e Koninklijke Legerkorps
HOL;31e Koninklijke Legerkorps
HOL;32e Koninklijke Legerkorps
HOL;33e Koninklijke Legerkorps
HOL;34e Koninklijke Legerkorps
HOL;35e Koninklijke Legerkorps
HOL;36e Koninklijke Legerkorps
HOL;37e Koninklijke Legerkorps
HOL;38e Koninklijke Legerkorps
HOL;39e Koninklijke Legerkorps
HOL;40e Koninklijke Legerkorps
HOL;41e Koninklijke Legerkorps
HOL;42e Koninklijke Legerkorps
HOL;43e Koninklijke Legerkorps
HOL;44e Koninklijke Legerkorps
HOL;45e Koninklijke Legerkorps
HOL;46e Koninklijke Legerkorps
HOL;47e Koninklijke Legerkorps
HOL;48e Koninklijke Legerkorps
HOL;49e Koninklijke Legerkorps
HOL;50e Koninklijke Legerkorps
HOL;51e Koninklijke Legerkorps
HOL;52e Koninklijke Legerkorps
HOL;53e Koninklijke Legerkorps
HOL;54e Koninklijke Legerkorps
HOL;55e Koninklijke Legerkorps
HOL;56e Koninklijke Legerkorps
HOL;57e Koninklijke Legerkorps
HOL;58e Koninklijke Legerkorps
HOL;59e Koninklijke Legerkorps
HOL;60e Koninklijke Legerkorps
HOL;61e Koninklijke Legerkorps
HOL;62e Koninklijke Legerkorps
HOL;63e Koninklijke Legerkorps
HOL;64e Koninklijke Legerkorps
HOL;65e Koninklijke Legerkorps
HOL;66e Koninklijke Legerkorps
HOL;67e Koninklijke Legerkorps
HOL;68e Koninklijke Legerkorps
HOL;69e Koninklijke Legerkorps
HOL;70e Koninklijke Legerkorps
HOL;71e Koninklijke Legerkorps
HOL;72e Koninklijke Legerkorps
HOL;73e Koninklijke Legerkorps
HOL;74e Koninklijke Legerkorps
HOL;75e Koninklijke Legerkorps
HOL;76e Koninklijke Legerkorps
HOL;77e Koninklijke Legerkorps
HOL;78e Koninklijke Legerkorps
HOL;79e Koninklijke Legerkorps
HOL;80e Koninklijke Legerkorps
HOL;81e Koninklijke Legerkorps
HOL;82e Koninklijke Legerkorps
HOL;83e Koninklijke Legerkorps
HOL;84e Koninklijke Legerkorps
HOL;85e Koninklijke Legerkorps
HOL;86e Koninklijke Legerkorps
HOL;87e Koninklijke Legerkorps
HOL;88e Koninklijke Legerkorps
HOL;89e Koninklijke Legerkorps
HOL;90e Koninklijke Legerkorps
HOL;91e Koninklijke Legerkorps
HOL;92e Koninklijke Legerkorps
HOL;93e Koninklijke Legerkorps
HOL;94e Koninklijke Legerkorps
HOL;95e Koninklijke Legerkorps
HOL;96e Koninklijke Legerkorps
HOL;97e Koninklijke Legerkorps
HOL;98e Koninklijke Legerkorps
HOL;99e Koninklijke Legerkorps
HOL;100e Koninklijke Legerkorps
HON;I Cuerpo de Ej?rcito hondure?o
HON;II Cuerpo de Ej?rcito hondure?o
HON;III Cuerpo de Ej?rcito hondure?o
HON;IV Cuerpo de Ej?rcito hondure?o
HON;V Cuerpo de Ej?rcito hondure?o
HON;VI Cuerpo de Ej?rcito hondure?o
HON;VII Cuerpo de Ej?rcito hondure?o
HON;VIII Cuerpo de Ej?rcito hondure?o
HON;IX Cuerpo de Ej?rcito hondure?o
HON;X Cuerpo de Ej?rcito hondure?o
HON;XI Cuerpo de Ej?rcito hondure?o
HON;XII Cuerpo de Ej?rcito hondure?o
HON;XIII Cuerpo de Ej?rcito hondure?o
HON;XIV Cuerpo de Ej?rcito hondure?o
HON;XV Cuerpo de Ej?rcito hondure?o
HON;XVI Cuerpo de Ej?rcito hondure?o
HON;XVII Cuerpo de Ej?rcito hondure?o
HON;XVIII Cuerpo de Ej?rcito hondure?o
HON;XIX Cuerpo de Ej?rcito hondure?o
HON;XX Cuerpo de Ej?rcito hondure?o
HON;XXI Cuerpo de Ej?rcito hondure?o
HON;XXII Cuerpo de Ej?rcito hondure?o
HON;XXIII Cuerpo de Ej?rcito hondure?o
HON;XXIV Cuerpo de Ej?rcito hondure?o
HON;XXV Cuerpo de Ej?rcito hondure?o
HON;XXVI Cuerpo de Ej?rcito hondure?o
HON;XXVII Cuerpo de Ej?rcito hondure?o
HON;XXVIII Cuerpo de Ej?rcito hondure?o
HON;XXIX Cuerpo de Ej?rcito hondure?o
HON;XXX Cuerpo de Ej?rcito hondure?o
HON;XXXI Cuerpo de Ej?rcito hondure?o
HON;XXXII Cuerpo de Ej?rcito hondure?o
HON;XXXIII Cuerpo de Ej?rcito hondure?o
HON;XXXIV Cuerpo de Ej?rcito hondure?o
HON;XXXV Cuerpo de Ej?rcito hondure?o
HON;XXXVI Cuerpo de Ej?rcito hondure?o
HON;XXXVII Cuerpo de Ej?rcito hondure?o
HON;XXXVIII Cuerpo de Ej?rcito hondure?o
HON;XXXIX Cuerpo de Ej?rcito hondure?o
HON;XL Cuerpo de Ej?rcito hondure?o
HON;XLI Cuerpo de Ej?rcito hondure?o
HON;XLII Cuerpo de Ej?rcito hondure?o
HON;XLIII Cuerpo de Ej?rcito hondure?o
HON;XLIV Cuerpo de Ej?rcito hondure?o
HON;XLV Cuerpo de Ej?rcito hondure?o
HON;XLVI Cuerpo de Ej?rcito hondure?o
HON;XLVII Cuerpo de Ej?rcito hondure?o
HON;XLVIII Cuerpo de Ej?rcito hondure?o
HON;XLIX Cuerpo de Ej?rcito hondure?o
HON;L Cuerpo de Ej?rcito hondure?o
HUN;I. magyar hadtest
HUN;II. magyar hadtest
HUN;III. magyar hadtest
HUN;IV. magyar hadtest
HUN;V. magyar hadtest
HUN;VI. magyar hadtest
HUN;VII. magyar hadtest
HUN;VIII. magyar hadtest
HUN;IX. magyar hadtest
HUN;X. magyar hadtest
HUN;XI. magyar hadtest
HUN;XII. magyar hadtest
HUN;XIII. magyar hadtest
HUN;XIV. magyar hadtest
HUN;XV. magyar hadtest
HUN;XVI. magyar hadtest
HUN;XVII. magyar hadtest
HUN;XVIII. magyar hadtest
HUN;XIX. magyar hadtest
HUN;XX. magyar hadtest
HUN;XXI. magyar hadtest
HUN;XXII. magyar hadtest
HUN;XXIII. magyar hadtest
HUN;XXIV. magyar hadtest
HUN;XXV. magyar hadtest
HUN;XXVI. magyar hadtest
HUN;XXVII. magyar hadtest
HUN;XXVIII. magyar hadtest
HUN;XXIX. magyar hadtest
HUN;XXX. magyar hadtest
HUN;XXXI. magyar hadtest
HUN;XXXII. magyar hadtest
HUN;XXXIII. magyar hadtest
HUN;XXXIV. magyar hadtest
HUN;XXXV. magyar hadtest
HUN;XXXVI. magyar hadtest
HUN;XXXVII. magyar hadtest
HUN;XXXVIII. magyar hadtest
HUN;XXXIX. magyar hadtest
HUN;XL. magyar hadtest
HUN;XLI. magyar hadtest
HUN;XLII. magyar hadtest
HUN;XLIII. magyar hadtest
HUN;XLIV. magyar hadtest
HUN;XLV. magyar hadtest
HUN;XLVI. magyar hadtest
HUN;XLVII. magyar hadtest
HUN;XLVIII. magyar hadtest
HUN;XLIX. magyar hadtest
HUN;L. magyar hadtest
HUN;LI. magyar hadtest
HUN;LII. magyar hadtest
HUN;LIII. magyar hadtest
HUN;LIV. magyar hadtest
HUN;LV. magyar hadtest
HUN;LVI. magyar hadtest
HUN;LVII. magyar hadtest
HUN;LVIII. magyar hadtest
HUN;LIX. magyar hadtest
HUN;LX. magyar hadtest
HUN;LXI. magyar hadtest
HUN;LXII. magyar hadtest
HUN;LXIII. magyar hadtest
HUN;LXIV. magyar hadtest
HUN;LXV. magyar hadtest
HUN;LXVI. magyar hadtest
HUN;LXVII. magyar hadtest
HUN;LXVIII. magyar hadtest
HUN;LXIX. magyar hadtest
HUN;LXX. magyar hadtest
HUN;LXXI. magyar hadtest
HUN;LXXII. magyar hadtest
HUN;LXXIII. magyar hadtest
HUN;LXXIV. magyar hadtest
HUN;LXXV. magyar hadtest
HUN;LXXVI. magyar hadtest
HUN;LXXVII. magyar hadtest
HUN;LXXVIII. magyar hadtest
HUN;LXXIX. magyar hadtest
HUN;LXXX. magyar hadtest
HUN;LXXXI. magyar hadtest
HUN;LXXXII. magyar hadtest
HUN;LXXXIII. magyar hadtest
HUN;LXXXIV. magyar hadtest
HUN;LXXXV. magyar hadtest
HUN;LXXXVI. magyar hadtest
HUN;LXXXVII. magyar hadtest
HUN;LXXXVIII. magyar hadtest
HUN;LXXXIX. magyar hadtest
HUN;XC. magyar hadtest
HUN;XCI. magyar hadtest
HUN;XCII. magyar hadtest
HUN;XCIII. magyar hadtest
HUN;XCIV. magyar hadtest
HUN;XCV. magyar hadtest
HUN;XCVI. magyar hadtest
HUN;XCVII. magyar hadtest
HUN;XCVIII. magyar hadtest
HUN;XCIX. magyar hadtest
HUN;C. magyar hadtest
ICL;I Islandske Arm?korps
ICL;II Islandske Arm?korps
ICL;III Islandske Arm?korps
ICL;IV Islandske Arm?korps
ICL;V Islandske Arm?korps
ICL;VI Islandske Arm?korps
ICL;VII Islandske Arm?korps
ICL;VIII Islandske Arm?korps
ICL;IX Islandske Arm?korps
ICL;X Islandske Arm?korps
ICL;XI Islandske Arm?korps
ICL;XII Islandske Arm?korps
ICL;XIII Islandske Arm?korps
ICL;XIV Islandske Arm?korps
ICL;XV Islandske Arm?korps
ICL;XVI Islandske Arm?korps
ICL;XVII Islandske Arm?korps
ICL;XVIII Islandske Arm?korps
ICL;XIX Islandske Arm?korps
ICL;XX Islandske Arm?korps
ICL;XXI Islandske Arm?korps
ICL;XXII Islandske Arm?korps
ICL;XXIII Islandske Arm?korps
ICL;XXIV Islandske Arm?korps
ICL;XXV Islandske Arm?korps
ICL;XXVI Islandske Arm?korps
ICL;XXVII Islandske Arm?korps
ICL;XXVIII Islandske Arm?korps
ICL;XXIX Islandske Arm?korps
ICL;XXX Islandske Arm?korps
ICL;XXXI Islandske Arm?korps
ICL;XXXII Islandske Arm?korps
ICL;XXXIII Islandske Arm?korps
ICL;XXXIV Islandske Arm?korps
ICL;XXXV Islandske Arm?korps
ICL;XXXVI Islandske Arm?korps
ICL;XXXVII Islandske Arm?korps
ICL;XXXVIII Islandske Arm?korps
ICL;XXXIX Islandske Arm?korps
ICL;XL Islandske Arm?korps
ICL;XLI Islandske Arm?korps
ICL;XLII Islandske Arm?korps
ICL;XLIII Islandske Arm?korps
ICL;XLIV Islandske Arm?korps
ICL;XLV Islandske Arm?korps
ICL;XLVI Islandske Arm?korps
ICL;XLVII Islandske Arm?korps
ICL;XLVIII Islandske Arm?korps
ICL;XLIX Islandske Arm?korps
ICL;L Islandske Arm?korps
IDC;1er Corps d'Arm?e indochinoise
IDC;2e Corps d'Arm?e indochinoise
IDC;3e Corps d'Arm?e indochinoise
IDC;4e Corps d'Arm?e indochinoise
IDC;5e Corps d'Arm?e indochinoise
IDC;6e Corps d'Arm?e indochinoise
IDC;7e Corps d'Arm?e indochinoise
IDC;8e Corps d'Arm?e indochinoise
IDC;9e Corps d'Arm?e indochinoise
IDC;10e Corps d'Arm?e indochinoise
IDC;11e Corps d'Arm?e indochinoise
IDC;12e Corps d'Arm?e indochinoise
IDC;13e Corps d'Arm?e indochinoise
IDC;14e Corps d'Arm?e indochinoise
IDC;15e Corps d'Arm?e indochinoise
IDC;16e Corps d'Arm?e indochinoise
IDC;17e Corps d'Arm?e indochinoise
IDC;18e Corps d'Arm?e indochinoise
IDC;19e Corps d'Arm?e indochinoise
IDC;20e Corps d'Arm?e indochinoise
IDC;21e Corps d'Arm?e indochinoise
IDC;22e Corps d'Arm?e indochinoise
IDC;23e Corps d'Arm?e indochinoise
IDC;24e Corps d'Arm?e indochinoise
IDC;25e Corps d'Arm?e indochinoise
IDC;26e Corps d'Arm?e indochinoise
IDC;27e Corps d'Arm?e indochinoise
IDC;28e Corps d'Arm?e indochinoise
IDC;29e Corps d'Arm?e indochinoise
IDC;30e Corps d'Arm?e indochinoise
IDC;31e Corps d'Arm?e indochinoise
IDC;32e Corps d'Arm?e indochinoise
IDC;33e Corps d'Arm?e indochinoise
IDC;34e Corps d'Arm?e indochinoise
IDC;35e Corps d'Arm?e indochinoise
IDC;36e Corps d'Arm?e indochinoise
IDC;37e Corps d'Arm?e indochinoise
IDC;38e Corps d'Arm?e indochinoise
IDC;39e Corps d'Arm?e indochinoise
IDC;40e Corps d'Arm?e indochinoise
IDC;41e Corps d'Arm?e indochinoise
IDC;42e Corps d'Arm?e indochinoise
IDC;43e Corps d'Arm?e indochinoise
IDC;44e Corps d'Arm?e indochinoise
IDC;45e Corps d'Arm?e indochinoise
IDC;46e Corps d'Arm?e indochinoise
IDC;47e Corps d'Arm?e indochinoise
IDC;48e Corps d'Arm?e indochinoise
IDC;49e Corps d'Arm?e indochinoise
IDC;50e Corps d'Arm?e indochinoise
IND;Indian I Corps
IND;Indian II Corps
IND;Indian III Corps
IND;Indian IV Corps
IND;Indian V Corps
IND;Indian VI Corps
IND;Indian VII Corps
IND;Indian VIII Corps
IND;Indian IX Corps
IND;Indian X Corps
IND;Indian XI Corps
IND;Indian XII Corps
IND;Indian XIII Corps
IND;Indian XIV Corps
IND;Indian XV Corps
IND;Indian XVI Corps
IND;Indian XVII Corps
IND;Indian XVIII Corps
IND;Indian XIX Corps
IND;Indian XX Corps
IND;Indian XXI Corps
IND;Indian XXII Corps
IND;Indian XXIII Corps
IND;Indian XXIV Corps
IND;Indian XXV Corps
IND;Indian XXVI Corps
IND;Indian XXVII Corps
IND;Indian XXVIII Corps
IND;Indian XXIX Corps
IND;Indian XXX Corps
IND;Indian XXXI Corps
IND;Indian XXXII Corps
IND;Indian XXXIII Corps
IND;Indian XXXIV Corps
IND;Indian XXXV Corps
IND;Indian XXXVI Corps
IND;Indian XXXVII Corps
IND;Indian XXXVIII Corps
IND;Indian XXXIX Corps
IND;Indian XL Corps
IND;Indian XLI Corps
IND;Indian XLII Corps
IND;Indian XLIII Corps
IND;Indian XLIV Corps
IND;Indian XLV Corps
IND;Indian XLVI Corps
IND;Indian XLVII Corps
IND;Indian XLVIII Corps
IND;Indian XLIX Corps
IND;Indian L Corps
IND;Indian LI Corps
IND;Indian LII Corps
IND;Indian LIII Corps
IND;Indian LIV Corps
IND;Indian LV Corps
IND;Indian LVI Corps
IND;Indian LVII Corps
IND;Indian LVIII Corps
IND;Indian LIX Corps
IND;Indian LX Corps
IND;Indian LXI Corps
IND;Indian LXII Corps
IND;Indian LXIII Corps
IND;Indian LXIV Corps
IND;Indian LXV Corps
IND;Indian LXVI Corps
IND;Indian LXVII Corps
IND;Indian LXVIII Corps
IND;Indian LXIX Corps
IND;Indian LXX Corps
IND;Indian LXXI Corps
IND;Indian LXXII Corps
IND;Indian LXXIII Corps
IND;Indian LXXIV Corps
IND;Indian LXXV Corps
IND;Indian LXXVI Corps
IND;Indian LXXVII Corps
IND;Indian LXXVIII Corps
IND;Indian LXXIX Corps
IND;Indian LXXX Corps
IND;Indian LXXXI Corps
IND;Indian LXXXII Corps
IND;Indian LXXXIII Corps
IND;Indian LXXXIV Corps
IND;Indian LXXXV Corps
IND;Indian LXXXVI Corps
IND;Indian LXXXVII Corps
IND;Indian LXXXVIII Corps
IND;Indian LXXXIX Corps
IND;Indian XC Corps
IND;Indian XCI Corps
IND;Indian XCII Corps
IND;Indian XCIII Corps
IND;Indian XCIV Corps
IND;Indian XCV Corps
IND;Indian XCVI Corps
IND;Indian XCVII Corps
IND;Indian XCVIII Corps
IND;Indian XCIX Corps
IND;Indian C Corps
IND;Indian CI Corps
IND;Indian CII Corps
IND;Indian CIII Corps
IND;Indian CIV Corps
IND;Indian CV Corps
IND;Indian CVI Corps
IND;Indian CVII Corps
IND;Indian CVIII Corps
IND;Indian CIX Corps
IND;Indian CX Corps
IND;Indian CXI Corps
IND;Indian CXII Corps
IND;Indian CXIII Corps
IND;Indian CXIV Corps
IND;Indian CXV Corps
IND;Indian CXVI Corps
IND;Indian CXVII Corps
IND;Indian CXVIII Corps
IND;Indian CXIX Corps
IND;Indian CXX Corps
IND;Indian CXXI Corps
IND;Indian CXXII Corps
IND;Indian CXXIII Corps
IND;Indian CXXIV Corps
IND;Indian CXXV Corps
IND;Indian CXXVI Corps
IND;Indian CXXVII Corps
IND;Indian CXXVIII Corps
IND;Indian CXXIX Corps
IND;Indian CXXX Corps
IND;Indian CXXXI Corps
IND;Indian CXXXII Corps
IND;Indian CXXXIII Corps
IND;Indian CXXXIV Corps
IND;Indian CXXXV Corps
IND;Indian CXXXVI Corps
IND;Indian CXXXVII Corps
IND;Indian CXXXVIII Corps
IND;Indian CXXXIX Corps
IND;Indian CXL Corps
IND;Indian CXLI Corps
IND;Indian CXLII Corps
IND;Indian CXLIII Corps
IND;Indian CXLIV Corps
IND;Indian CXLV Corps
IND;Indian CXLVI Corps
IND;Indian CXLVII Corps
IND;Indian CXLVIII Corps
IND;Indian CXLIX Corps
IND;Indian CL Corps
IND;Indian CLI Corps
IND;Indian CLII Corps
IND;Indian CLIII Corps
IND;Indian CLIV Corps
IND;Indian CLV Corps
IND;Indian CLVI Corps
IND;Indian CLVII Corps
IND;Indian CLVIII Corps
IND;Indian CLIX Corps
IND;Indian CLX Corps
IND;Indian CLXI Corps
IND;Indian CLXII Corps
IND;Indian CLXIII Corps
IND;Indian CLXIV Corps
IND;Indian CLXV Corps
IND;Indian CLXVI Corps
IND;Indian CLXVII Corps
IND;Indian CLXVIII Corps
IND;Indian CLXIX Corps
IND;Indian CLXX Corps
IND;Indian CLXXI Corps
IND;Indian CLXXII Corps
IND;Indian CLXXIII Corps
IND;Indian CLXXIV Corps
IND;Indian CLXXV Corps
IND;Indian CLXXVI Corps
IND;Indian CLXXVII Corps
IND;Indian CLXXVIII Corps
IND;Indian CLXXIX Corps
IND;Indian CLXXX Corps
IND;Indian CLXXXI Corps
IND;Indian CLXXXII Corps
IND;Indian CLXXXIII Corps
IND;Indian CLXXXIV Corps
IND;Indian CLXXXV Corps
IND;Indian CLXXXVI Corps
IND;Indian CLXXXVII Corps
IND;Indian CLXXXVIII Corps
IND;Indian CLXXXIX Corps
IND;Indian CXC Corps
IND;Indian CXCI Corps
IND;Indian CXCII Corps
IND;Indian CXCIII Corps
IND;Indian CXCIV Corps
IND;Indian CXCV Corps
IND;Indian CXCVI Corps
IND;Indian CXCVII Corps
IND;Indian CXCVIII Corps
IND;Indian CXCIX Corps
IND;Indian CC Corps
INO;Komando Daerah Militer Indonesia I
INO;Komando Daerah Militer Indonesia II
INO;Komando Daerah Militer Indonesia III
INO;Komando Daerah Militer Indonesia IV
INO;Komando Daerah Militer Indonesia V
INO;Komando Daerah Militer Indonesia VI
INO;Komando Daerah Militer Indonesia VII
INO;Komando Daerah Militer Indonesia VIII
INO;Komando Daerah Militer Indonesia IX
INO;Komando Daerah Militer Indonesia X
INO;Komando Daerah Militer Indonesia XI
INO;Komando Daerah Militer Indonesia XII
INO;Komando Daerah Militer Indonesia XIII
INO;Komando Daerah Militer Indonesia XIV
INO;Komando Daerah Militer Indonesia XV
INO;Komando Daerah Militer Indonesia XVI
INO;Komando Daerah Militer Indonesia XVII
INO;Komando Daerah Militer Indonesia XVIII
INO;Komando Daerah Militer Indonesia XIX
INO;Komando Daerah Militer Indonesia XX
INO;Komando Daerah Militer Indonesia XXI
INO;Komando Daerah Militer Indonesia XXII
INO;Komando Daerah Militer Indonesia XXIII
INO;Komando Daerah Militer Indonesia XXIV
INO;Komando Daerah Militer Indonesia XXV
INO;Komando Daerah Militer Indonesia XXVI
INO;Komando Daerah Militer Indonesia XXVII
INO;Komando Daerah Militer Indonesia XXVIII
INO;Komando Daerah Militer Indonesia XXIX
INO;Komando Daerah Militer Indonesia XXX
INO;Komando Daerah Militer Indonesia XXXI
INO;Komando Daerah Militer Indonesia XXXII
INO;Komando Daerah Militer Indonesia XXXIII
INO;Komando Daerah Militer Indonesia XXXIV
INO;Komando Daerah Militer Indonesia XXXV
INO;Komando Daerah Militer Indonesia XXXVI
INO;Komando Daerah Militer Indonesia XXXVII
INO;Komando Daerah Militer Indonesia XXXVIII
INO;Komando Daerah Militer Indonesia XXXIX
INO;Komando Daerah Militer Indonesia XL
INO;Komando Daerah Militer Indonesia XLI
INO;Komando Daerah Militer Indonesia XLII
INO;Komando Daerah Militer Indonesia XLIII
INO;Komando Daerah Militer Indonesia XLIV
INO;Komando Daerah Militer Indonesia XLV
INO;Komando Daerah Militer Indonesia XLVI
INO;Komando Daerah Militer Indonesia XLVII
INO;Komando Daerah Militer Indonesia XLVIII
INO;Komando Daerah Militer Indonesia XLIX
INO;Komando Daerah Militer Indonesia L
INO;Komando Daerah Militer Indonesia LI
INO;Komando Daerah Militer Indonesia LII
INO;Komando Daerah Militer Indonesia LIII
INO;Komando Daerah Militer Indonesia LIV
INO;Komando Daerah Militer Indonesia LV
INO;Komando Daerah Militer Indonesia LVI
INO;Komando Daerah Militer Indonesia LVII
INO;Komando Daerah Militer Indonesia LVIII
INO;Komando Daerah Militer Indonesia LIX
INO;Komando Daerah Militer Indonesia LX
INO;Komando Daerah Militer Indonesia LXI
INO;Komando Daerah Militer Indonesia LXII
INO;Komando Daerah Militer Indonesia LXIII
INO;Komando Daerah Militer Indonesia LXIV
INO;Komando Daerah Militer Indonesia LXV
INO;Komando Daerah Militer Indonesia LXVI
INO;Komando Daerah Militer Indonesia LXVII
INO;Komando Daerah Militer Indonesia LXVIII
INO;Komando Daerah Militer Indonesia LXIX
INO;Komando Daerah Militer Indonesia LXX
INO;Komando Daerah Militer Indonesia LXXI
INO;Komando Daerah Militer Indonesia LXXII
INO;Komando Daerah Militer Indonesia LXXIII
INO;Komando Daerah Militer Indonesia LXXIV
INO;Komando Daerah Militer Indonesia LXXV
INO;Komando Daerah Militer Indonesia LXXVI
INO;Komando Daerah Militer Indonesia LXXVII
INO;Komando Daerah Militer Indonesia LXXVIII
INO;Komando Daerah Militer Indonesia LXXIX
INO;Komando Daerah Militer Indonesia LXXX
INO;Komando Daerah Militer Indonesia LXXXI
INO;Komando Daerah Militer Indonesia LXXXII
INO;Komando Daerah Militer Indonesia LXXXIII
INO;Komando Daerah Militer Indonesia LXXXIV
INO;Komando Daerah Militer Indonesia LXXXV
INO;Komando Daerah Militer Indonesia LXXXVI
INO;Komando Daerah Militer Indonesia LXXXVII
INO;Komando Daerah Militer Indonesia LXXXVIII
INO;Komando Daerah Militer Indonesia LXXXIX
INO;Komando Daerah Militer Indonesia XC
INO;Komando Daerah Militer Indonesia XCI
INO;Komando Daerah Militer Indonesia XCII
INO;Komando Daerah Militer Indonesia XCIII
INO;Komando Daerah Militer Indonesia XCIV
INO;Komando Daerah Militer Indonesia XCV
INO;Komando Daerah Militer Indonesia XCVI
INO;Komando Daerah Militer Indonesia XCVII
INO;Komando Daerah Militer Indonesia XCVIII
INO;Komando Daerah Militer Indonesia XCIX
INO;Komando Daerah Militer Indonesia C
IRE;I Irish Corps
IRE;II Irish Corps
IRE;III Irish Corps
IRE;IV Irish Corps
IRE;V Irish Corps
IRE;VI Irish Corps
IRE;VII Irish Corps
IRE;VIII Irish Corps
IRE;IX Irish Corps
IRE;X Irish Corps
IRE;XI Irish Corps
IRE;XII Irish Corps
IRE;XIII Irish Corps
IRE;XIV Irish Corps
IRE;XV Irish Corps
IRE;XVI Irish Corps
IRE;XVII Irish Corps
IRE;XVIII Irish Corps
IRE;XIX Irish Corps
IRE;XX Irish Corps
IRE;XXI Irish Corps
IRE;XXII Irish Corps
IRE;XXIII Irish Corps
IRE;XXIV Irish Corps
IRE;XXV Irish Corps
IRE;XXVI Irish Corps
IRE;XXVII Irish Corps
IRE;XXVIII Irish Corps
IRE;XXIX Irish Corps
IRE;XXX Irish Corps
IRE;XXXI Irish Corps
IRE;XXXII Irish Corps
IRE;XXXIII Irish Corps
IRE;XXXIV Irish Corps
IRE;XXXV Irish Corps
IRE;XXXVI Irish Corps
IRE;XXXVII Irish Corps
IRE;XXXVIII Irish Corps
IRE;XXXIX Irish Corps
IRE;XL Irish Corps
IRE;XLI Irish Corps
IRE;XLII Irish Corps
IRE;XLIII Irish Corps
IRE;XLIV Irish Corps
IRE;XLV Irish Corps
IRE;XLVI Irish Corps
IRE;XLVII Irish Corps
IRE;XLVIII Irish Corps
IRE;XLIX Irish Corps
IRE;L Irish Corps
IRQ;1. Corps al-Iraqiya
IRQ;2. Corps al-Iraqiya
IRQ;3. Corps al-Iraqiya
IRQ;4. Corps al-Iraqiya
IRQ;5. Corps al-Iraqiya
IRQ;6. Corps al-Iraqiya
IRQ;7. Corps al-Iraqiya
IRQ;8. Corps al-Iraqiya
IRQ;9. Corps al-Iraqiya
IRQ;10. Corps al-Iraqiya
IRQ;11. Corps al-Iraqiya
IRQ;12. Corps al-Iraqiya
IRQ;13. Corps al-Iraqiya
IRQ;14. Corps al-Iraqiya
IRQ;15. Corps al-Iraqiya
IRQ;16. Corps al-Iraqiya
IRQ;17. Corps al-Iraqiya
IRQ;18. Corps al-Iraqiya
IRQ;19. Corps al-Iraqiya
IRQ;20. Corps al-Iraqiya
IRQ;21. Corps al-Iraqiya
IRQ;22. Corps al-Iraqiya
IRQ;23. Corps al-Iraqiya
IRQ;24. Corps al-Iraqiya
IRQ;25. Corps al-Iraqiya
IRQ;26. Corps al-Iraqiya
IRQ;27. Corps al-Iraqiya
IRQ;28. Corps al-Iraqiya
IRQ;29. Corps al-Iraqiya
IRQ;30. Corps al-Iraqiya
IRQ;31. Corps al-Iraqiya
IRQ;32. Corps al-Iraqiya
IRQ;33. Corps al-Iraqiya
IRQ;34. Corps al-Iraqiya
IRQ;35. Corps al-Iraqiya
IRQ;36. Corps al-Iraqiya
IRQ;37. Corps al-Iraqiya
IRQ;38. Corps al-Iraqiya
IRQ;39. Corps al-Iraqiya
IRQ;40. Corps al-Iraqiya
IRQ;41. Corps al-Iraqiya
IRQ;42. Corps al-Iraqiya
IRQ;43. Corps al-Iraqiya
IRQ;44. Corps al-Iraqiya
IRQ;45. Corps al-Iraqiya
IRQ;46. Corps al-Iraqiya
IRQ;47. Corps al-Iraqiya
IRQ;48. Corps al-Iraqiya
IRQ;49. Corps al-Iraqiya
IRQ;50. Corps al-Iraqiya
ISR;I Israeli Corps
ISR;II Israeli Corps
ISR;III Israeli Corps
ISR;IV Israeli Corps
ISR;V Israeli Corps
ISR;VI Israeli Corps
ISR;VII Israeli Corps
ISR;VIII Israeli Corps
ISR;IX Israeli Corps
ISR;X Israeli Corps
ISR;XI Israeli Corps
ISR;XII Israeli Corps
ISR;XIII Israeli Corps
ISR;XIV Israeli Corps
ISR;XV Israeli Corps
ISR;XXI Israeli Corps
ISR;XXII Israeli Corps
ISR;XXIII Israeli Corps
ISR;XXIV Israeli Corps
ISR;XX Israeli Corps
ISR;XXI Israeli Corps
ISR;XXII Israeli Corps
ISR;XXIII Israeli Corps
ISR;XXIV Israeli Corps
ISR;XXV Israeli Corps
ISR;XXVI Israeli Corps
ISR;XXVII Israeli Corps
ISR;XXVIII Israeli Corps
ISR;XXIX Israeli Corps
ISR;XXX Israeli Corps
ISR;XXXI Israeli Corps
ISR;XXXII Israeli Corps
ISR;XXXIII Israeli Corps
ISR;XXXIV Israeli Corps
ISR;XXXV Israeli Corps
ISR;XXXVI Israeli Corps
ISR;XXXVII Israeli Corps
ISR;XXXVIII Israeli Corps
ISR;XXXIX Israeli Corps
ISR;XL Israeli Corps
ISR;XLI Israeli Corps
ISR;XLII Israeli Corps
ISR;XLIII Israeli Corps
ISR;XLIV Israeli Corps
ISR;XLV Israeli Corps
ISR;XLVI Israeli Corps
ISR;XLVII Israeli Corps
ISR;XLVIII Israeli Corps
ISR;XLIX Israeli Corps
ISR;L Israeli Corps
ITA;I Corpo d'Armata
ITA;II Corpo d'Armata
ITA;III Corpo d'Armata
ITA;IV Corpo d'Armata
ITA;V Corpo d'Armata
ITA;VI Corpo d'Armata
ITA;VII Corpo d'Armata
ITA;VIII Corpo d'Armata
ITA;IX Corpo d'Armata
ITA;X Corpo d'Armata
ITA;XI Corpo d'Armata
ITA;XII Corpo d'Armata
ITA;XIII Corpo d'Armata
ITA;XIV Corpo d'Armata
ITA;XV Corpo d'Armata
ITA;XVI Corpo d'Armata
ITA;XVII Corpo d'Armata
ITA;XVIII Corpo d'Armata
ITA;XIX Corpo d'Armata
ITA;XX Corpo d'Armata
ITA;XXI Corpo d'Armata
ITA;XXII Corpo d'Armata
ITA;XXIII Corpo d'Armata
ITA;XXIV Corpo d'Armata
ITA;XXV Corpo d'Armata
ITA;XXVI Corpo d'Armata
ITA;XXVII Corpo d'Armata
ITA;XXVIII Corpo d'Armata
ITA;XXIX Corpo d'Armata
ITA;XXX Corpo d'Armata
ITA;XXXI Corpo d'Armata
ITA;XXXII Corpo d'Armata
ITA;XXXIII Corpo d'Armata
ITA;XXXIV Corpo d'Armata
ITA;XXXV Corpo d'Armata
ITA;XXXVI Corpo d'Armata
ITA;XXXVII Corpo d'Armata
ITA;XXXVIII Corpo d'Armata
ITA;XXXIX Corpo d'Armata
ITA;XL Corpo d'Armata
ITA;XLI Corpo d'Armata
ITA;XLII Corpo d'Armata
ITA;XLIII Corpo d'Armata
ITA;XLIV Corpo d'Armata
ITA;XLV Corpo d'Armata
ITA;XLVI Corpo d'Armata
ITA;XLVII Corpo d'Armata
ITA;XLVIII Corpo d'Armata
ITA;XLIX Corpo d'Armata
ITA;L Corpo d'Armata
ITA;LI Corpo d'Armata
ITA;LII Corpo d'Armata
ITA;LIII Corpo d'Armata
ITA;LIV Corpo d'Armata
ITA;LV Corpo d'Armata
ITA;LVI Corpo d'Armata
ITA;LVII Corpo d'Armata
ITA;LVIII Corpo d'Armata
ITA;LIX Corpo d'Armata
ITA;LX Corpo d'Armata
ITA;LXI Corpo d'Armata
ITA;LXII Corpo d'Armata
ITA;LXIII Corpo d'Armata
ITA;LXIV Corpo d'Armata
ITA;LXV Corpo d'Armata
ITA;LXVI Corpo d'Armata
ITA;LXVII Corpo d'Armata
ITA;LXVIII Corpo d'Armata
ITA;LXIX Corpo d'Armata
ITA;LXX Corpo d'Armata
ITA;LXXI Corpo d'Armata
ITA;LXXII Corpo d'Armata
ITA;LXXIII Corpo d'Armata
ITA;LXXIV Corpo d'Armata
ITA;LXXV Corpo d'Armata
ITA;LXXVI Corpo d'Armata
ITA;LXXVII Corpo d'Armata
ITA;LXXVIII Corpo d'Armata
ITA;LXXIX Corpo d'Armata
ITA;LXXX Corpo d'Armata
ITA;LXXXI Corpo d'Armata
ITA;LXXXII Corpo d'Armata
ITA;LXXXIII Corpo d'Armata
ITA;LXXXIV Corpo d'Armata
ITA;LXXXV Corpo d'Armata
ITA;LXXXVI Corpo d'Armata
ITA;LXXXVII Corpo d'Armata
ITA;LXXXVIII Corpo d'Armata
ITA;LXXXIX Corpo d'Armata
ITA;XC Corpo d'Armata
ITA;XCI Corpo d'Armata
ITA;XCII Corpo d'Armata
ITA;XCIII Corpo d'Armata
ITA;XCIV Corpo d'Armata
ITA;XCV Corpo d'Armata
ITA;XCVI Corpo d'Armata
ITA;XCVII Corpo d'Armata
ITA;XCVIII Corpo d'Armata
ITA;XCIX Corpo d'Armata
ITA;C Corpo d'Armata
ITA;CI Corpo d'Armata
ITA;CII Corpo d'Armata
ITA;CIII Corpo d'Armata
ITA;CIV Corpo d'Armata
ITA;CV Corpo d'Armata
ITA;CVI Corpo d'Armata
ITA;CVII Corpo d'Armata
ITA;CVIII Corpo d'Armata
ITA;CIX Corpo d'Armata
ITA;CX Corpo d'Armata
ITA;CXI Corpo d'Armata
ITA;CXII Corpo d'Armata
ITA;CXIII Corpo d'Armata
ITA;CXIV Corpo d'Armata
ITA;CXV Corpo d'Armata
ITA;CXVI Corpo d'Armata
ITA;CXVII Corpo d'Armata
ITA;CXVIII Corpo d'Armata
ITA;CXIX Corpo d'Armata
ITA;CXX Corpo d'Armata
ITA;CXXI Corpo d'Armata
ITA;CXXII Corpo d'Armata
ITA;CXXIII Corpo d'Armata
ITA;CXXIV Corpo d'Armata
ITA;CXXV Corpo d'Armata
ITA;CXXVI Corpo d'Armata
ITA;CXXVII Corpo d'Armata
ITA;CXXVIII Corpo d'Armata
ITA;CXXIX Corpo d'Armata
ITA;CXXX Corpo d'Armata
ITA;CXXXI Corpo d'Armata
ITA;CXXXII Corpo d'Armata
ITA;CXXXIII Corpo d'Armata
ITA;CXXXIV Corpo d'Armata
ITA;CXXXV Corpo d'Armata
ITA;CXXXVI Corpo d'Armata
ITA;CXXXVII Corpo d'Armata
ITA;CXXXVIII Corpo d'Armata
ITA;CXXXIX Corpo d'Armata
ITA;CXL Corpo d'Armata
ITA;CXLI Corpo d'Armata
ITA;CXLII Corpo d'Armata
ITA;CXLIII Corpo d'Armata
ITA;CXLIV Corpo d'Armata
ITA;CXLV Corpo d'Armata
ITA;CXLVI Corpo d'Armata
ITA;CXLVII Corpo d'Armata
ITA;CXLVIII Corpo d'Armata
ITA;CXLIX Corpo d'Armata
ITA;CL Corpo d'Armata
ITA;CLI Corpo d'Armata
ITA;CLII Corpo d'Armata
ITA;CLIII Corpo d'Armata
ITA;CLIV Corpo d'Armata
ITA;CLV Corpo d'Armata
ITA;CLVI Corpo d'Armata
ITA;CLVII Corpo d'Armata
ITA;CLVIII Corpo d'Armata
ITA;CLIX Corpo d'Armata
ITA;CLX Corpo d'Armata
ITA;CLXI Corpo d'Armata
ITA;CLXII Corpo d'Armata
ITA;CLXIII Corpo d'Armata
ITA;CLXIV Corpo d'Armata
ITA;CLXV Corpo d'Armata
ITA;CLXVI Corpo d'Armata
ITA;CLXVII Corpo d'Armata
ITA;CLXVIII Corpo d'Armata
ITA;CLXIX Corpo d'Armata
ITA;CLXX Corpo d'Armata
ITA;CLXXI Corpo d'Armata
ITA;CLXXII Corpo d'Armata
ITA;CLXXIII Corpo d'Armata
ITA;CLXXIV Corpo d'Armata
ITA;CLXXV Corpo d'Armata
ITA;CLXXVI Corpo d'Armata
ITA;CLXXVII Corpo d'Armata
ITA;CLXXVIII Corpo d'Armata
ITA;CLXXIX Corpo d'Armata
ITA;CLXXX Corpo d'Armata
ITA;CLXXXI Corpo d'Armata
ITA;CLXXXII Corpo d'Armata
ITA;CLXXXIII Corpo d'Armata
ITA;CLXXXIV Corpo d'Armata
ITA;CLXXXV Corpo d'Armata
ITA;CLXXXVI Corpo d'Armata
ITA;CLXXXVII Corpo d'Armata
ITA;CLXXXVIII Corpo d'Armata
ITA;CLXXXIX Corpo d'Armata
ITA;CXC Corpo d'Armata
ITA;CXCI Corpo d'Armata
ITA;CXCII Corpo d'Armata
ITA;CXCIII Corpo d'Armata
ITA;CXCIV Corpo d'Armata
ITA;CXCV Corpo d'Armata
ITA;CXCVI Corpo d'Armata
ITA;CXCVII Corpo d'Armata
ITA;CXCVIII Corpo d'Armata
ITA;CXCIX Corpo d'Armata
ITA;CC Corpo d'Armata
ITA;CCI Corpo d'Armata
ITA;CCII Corpo d'Armata
ITA;CCIII Corpo d'Armata
ITA;CCIV Corpo d'Armata
ITA;CCV Corpo d'Armata
ITA;CCVI Corpo d'Armata
ITA;CCVII Corpo d'Armata
ITA;CCVIII Corpo d'Armata
ITA;CCIX Corpo d'Armata
ITA;CCX Corpo d'Armata
ITA;CCXI Corpo d'Armata
ITA;CCXII Corpo d'Armata
ITA;CCXIII Corpo d'Armata
ITA;CCXIV Corpo d'Armata
ITA;CCXV Corpo d'Armata
ITA;CCXVI Corpo d'Armata
ITA;CCXVII Corpo d'Armata
ITA;CCXVIII Corpo d'Armata
ITA;CCXIX Corpo d'Armata
ITA;CCXX Corpo d'Armata
ITA;CCXXI Corpo d'Armata
ITA;CCXXII Corpo d'Armata
ITA;CCXXIII Corpo d'Armata
ITA;CCXXIV Corpo d'Armata
ITA;CCXXV Corpo d'Armata
ITA;CCXXVI Corpo d'Armata
ITA;CCXXVII Corpo d'Armata
ITA;CCXXVIII Corpo d'Armata
ITA;CCXXIX Corpo d'Armata
ITA;CCXXX Corpo d'Armata
ITA;CCXXXI Corpo d'Armata
ITA;CCXXXII Corpo d'Armata
ITA;CCXXXIII Corpo d'Armata
ITA;CCXXXIV Corpo d'Armata
ITA;CCXXXV Corpo d'Armata
ITA;CCXXXVI Corpo d'Armata
ITA;CCXXXVII Corpo d'Armata
ITA;CCXXXVIII Corpo d'Armata
ITA;CCXXXIX Corpo d'Armata
ITA;CCXL Corpo d'Armata
ITA;CCXLI Corpo d'Armata
ITA;CCXLII Corpo d'Armata
ITA;CCXLIII Corpo d'Armata
ITA;CCXLIV Corpo d'Armata
ITA;CCXLV Corpo d'Armata
ITA;CCXLVI Corpo d'Armata
ITA;CCXLVII Corpo d'Armata
ITA;CCXLVIII Corpo d'Armata
ITA;CCXLIX Corpo d'Armata
ITA;CCL Corpo d'Armata
ITA;CCLI Corpo d'Armata
ITA;CCLII Corpo d'Armata
ITA;CCLIII Corpo d'Armata
ITA;CCLIV Corpo d'Armata
ITA;CCLV Corpo d'Armata
ITA;CCLVI Corpo d'Armata
ITA;CCLVII Corpo d'Armata
ITA;CCLVIII Corpo d'Armata
ITA;CCLIX Corpo d'Armata
ITA;CCLX Corpo d'Armata
ITA;CCLXI Corpo d'Armata
ITA;CCLXII Corpo d'Armata
ITA;CCLXIII Corpo d'Armata
ITA;CCLXIV Corpo d'Armata
ITA;CCLXV Corpo d'Armata
ITA;CCLXVI Corpo d'Armata
ITA;CCLXVII Corpo d'Armata
ITA;CCLXVIII Corpo d'Armata
ITA;CCLXIX Corpo d'Armata
ITA;CCLXX Corpo d'Armata
ITA;CCLXXI Corpo d'Armata
ITA;CCLXXII Corpo d'Armata
ITA;CCLXXIII Corpo d'Armata
ITA;CCLXXIV Corpo d'Armata
ITA;CCLXXV Corpo d'Armata
ITA;CCLXXVI Corpo d'Armata
ITA;CCLXXVII Corpo d'Armata
ITA;CCLXXVIII Corpo d'Armata
ITA;CCLXXIX Corpo d'Armata
ITA;CCLXXX Corpo d'Armata
ITA;CCLXXXI Corpo d'Armata
ITA;CCLXXXII Corpo d'Armata
ITA;CCLXXXIII Corpo d'Armata
ITA;CCLXXXIV Corpo d'Armata
ITA;CCLXXXV Corpo d'Armata
ITA;CCLXXXVI Corpo d'Armata
ITA;CCLXXXVII Corpo d'Armata
ITA;CCLXXXVIII Corpo d'Armata
ITA;CCLXXXIX Corpo d'Armata
ITA;CCXC Corpo d'Armata
ITA;CCXCI Corpo d'Armata
ITA;CCXCII Corpo d'Armata
ITA;CCXCIII Corpo d'Armata
ITA;CCXCIV Corpo d'Armata
ITA;CCXCV Corpo d'Armata
ITA;CCXCVI Corpo d'Armata
ITA;CCXCVII Corpo d'Armata
ITA;CCXCVIII Corpo d'Armata
ITA;CCXCIX Corpo d'Armata
ITA;CCC Corpo d'Armata
JAP;Dai 1 Gun
JAP;Dai 2 Gun
JAP;Dai 3 Gun
JAP;Dai 4 Gun
JAP;Dai 5 Gun
JAP;Dai 6 Gun
JAP;Dai 7 Gun
JAP;Dai 8 Gun
JAP;Dai 9 Gun
JAP;Dai 10 Gun
JAP;Dai 11 Gun
JAP;Dai 12 Gun
JAP;Dai 13 Gun
JAP;Dai 14 Gun
JAP;Dai 15 Gun
JAP;Dai 16 Gun
JAP;Dai 17 Gun
JAP;Dai 18 Gun
JAP;Dai 19 Gun
JAP;Dai 20 Gun
JAP;Dai 21 Gun
JAP;Dai 22 Gun
JAP;Dai 23 Gun
JAP;Dai 24 Gun
JAP;Dai 25 Gun
JAP;Dai 26 Gun
JAP;Dai 27 Gun
JAP;Dai 28 Gun
JAP;Dai 29 Gun
JAP;Dai 30 Gun
JAP;Dai 31 Gun
JAP;Dai 32 Gun
JAP;Dai 33 Gun
JAP;Dai 34 Gun
JAP;Dai 35 Gun
JAP;Dai 36 Gun
JAP;Dai 37 Gun
JAP;Dai 38 Gun
JAP;Dai 39 Gun
JAP;Dai 40 Gun
JAP;Dai 41 Gun
JAP;Dai 42 Gun
JAP;Dai 43 Gun
JAP;Dai 44 Gun
JAP;Dai 45 Gun
JAP;Dai 46 Gun
JAP;Dai 47 Gun
JAP;Dai 48 Gun
JAP;Dai 49 Gun
JAP;Dai 50 Gun
JAP;Dai 51 Gun
JAP;Dai 52 Gun
JAP;Dai 53 Gun
JAP;Dai 54 Gun
JAP;Dai 55 Gun
JAP;Dai 56 Gun
JAP;Dai 57 Gun
JAP;Dai 58 Gun
JAP;Dai 59 Gun
JAP;Dai 60 Gun
JAP;Dai 61 Gun
JAP;Dai 62 Gun
JAP;Dai 63 Gun
JAP;Dai 64 Gun
JAP;Dai 65 Gun
JAP;Dai 66 Gun
JAP;Dai 67 Gun
JAP;Dai 68 Gun
JAP;Dai 69 Gun
JAP;Dai 70 Gun
JAP;Dai 71 Gun
JAP;Dai 72 Gun
JAP;Dai 73 Gun
JAP;Dai 74 Gun
JAP;Dai 75 Gun
JAP;Dai 76 Gun
JAP;Dai 77 Gun
JAP;Dai 78 Gun
JAP;Dai 79 Gun
JAP;Dai 80 Gun
JAP;Dai 81 Gun
JAP;Dai 82 Gun
JAP;Dai 83 Gun
JAP;Dai 84 Gun
JAP;Dai 85 Gun
JAP;Dai 86 Gun
JAP;Dai 87 Gun
JAP;Dai 88 Gun
JAP;Dai 89 Gun
JAP;Dai 90 Gun
JAP;Dai 91 Gun
JAP;Dai 92 Gun
JAP;Dai 93 Gun
JAP;Dai 94 Gun
JAP;Dai 95 Gun
JAP;Dai 96 Gun
JAP;Dai 97 Gun
JAP;Dai 98 Gun
JAP;Dai 99 Gun
JAP;Dai 100 Gun
JAP;Dai 101 Gun
JAP;Dai 102 Gun
JAP;Dai 103 Gun
JAP;Dai 104 Gun
JAP;Dai 105 Gun
JAP;Dai 106 Gun
JAP;Dai 107 Gun
JAP;Dai 108 Gun
JAP;Dai 109 Gun
JAP;Dai 110 Gun
JAP;Dai 111 Gun
JAP;Dai 112 Gun
JAP;Dai 113 Gun
JAP;Dai 114 Gun
JAP;Dai 115 Gun
JAP;Dai 116 Gun
JAP;Dai 117 Gun
JAP;Dai 118 Gun
JAP;Dai 119 Gun
JAP;Dai 120 Gun
JAP;Dai 121 Gun
JAP;Dai 122 Gun
JAP;Dai 123 Gun
JAP;Dai 124 Gun
JAP;Dai 125 Gun
JAP;Dai 126 Gun
JAP;Dai 127 Gun
JAP;Dai 128 Gun
JAP;Dai 129 Gun
JAP;Dai 130 Gun
JAP;Dai 131 Gun
JAP;Dai 132 Gun
JAP;Dai 133 Gun
JAP;Dai 134 Gun
JAP;Dai 135 Gun
JAP;Dai 136 Gun
JAP;Dai 137 Gun
JAP;Dai 138 Gun
JAP;Dai 139 Gun
JAP;Dai 140 Gun
JAP;Dai 141 Gun
JAP;Dai 142 Gun
JAP;Dai 143 Gun
JAP;Dai 144 Gun
JAP;Dai 145 Gun
JAP;Dai 146 Gun
JAP;Dai 147 Gun
JAP;Dai 148 Gun
JAP;Dai 149 Gun
JAP;Dai 150 Gun
JAP;Dai 151 Gun
JAP;Dai 152 Gun
JAP;Dai 153 Gun
JAP;Dai 154 Gun
JAP;Dai 155 Gun
JAP;Dai 156 Gun
JAP;Dai 157 Gun
JAP;Dai 158 Gun
JAP;Dai 159 Gun
JAP;Dai 160 Gun
JAP;Dai 161 Gun
JAP;Dai 162 Gun
JAP;Dai 163 Gun
JAP;Dai 164 Gun
JAP;Dai 165 Gun
JAP;Dai 166 Gun
JAP;Dai 167 Gun
JAP;Dai 168 Gun
JAP;Dai 169 Gun
JAP;Dai 170 Gun
JAP;Dai 171 Gun
JAP;Dai 172 Gun
JAP;Dai 173 Gun
JAP;Dai 174 Gun
JAP;Dai 175 Gun
JAP;Dai 176 Gun
JAP;Dai 177 Gun
JAP;Dai 178 Gun
JAP;Dai 179 Gun
JAP;Dai 180 Gun
JAP;Dai 181 Gun
JAP;Dai 182 Gun
JAP;Dai 183 Gun
JAP;Dai 184 Gun
JAP;Dai 185 Gun
JAP;Dai 186 Gun
JAP;Dai 187 Gun
JAP;Dai 188 Gun
JAP;Dai 189 Gun
JAP;Dai 190 Gun
JAP;Dai 191 Gun
JAP;Dai 192 Gun
JAP;Dai 193 Gun
JAP;Dai 194 Gun
JAP;Dai 195 Gun
JAP;Dai 196 Gun
JAP;Dai 197 Gun
JAP;Dai 198 Gun
JAP;Dai 199 Gun
JAP;Dai 200 Gun
JAP;Dai 201 Gun
JAP;Dai 202 Gun
JAP;Dai 203 Gun
JAP;Dai 204 Gun
JAP;Dai 205 Gun
JAP;Dai 206 Gun
JAP;Dai 207 Gun
JAP;Dai 208 Gun
JAP;Dai 209 Gun
JAP;Dai 210 Gun
JAP;Dai 211 Gun
JAP;Dai 212 Gun
JAP;Dai 213 Gun
JAP;Dai 214 Gun
JAP;Dai 215 Gun
JAP;Dai 216 Gun
JAP;Dai 217 Gun
JAP;Dai 218 Gun
JAP;Dai 219 Gun
JAP;Dai 220 Gun
JAP;Dai 221 Gun
JAP;Dai 222 Gun
JAP;Dai 223 Gun
JAP;Dai 224 Gun
JAP;Dai 225 Gun
JAP;Dai 226 Gun
JAP;Dai 227 Gun
JAP;Dai 228 Gun
JAP;Dai 229 Gun
JAP;Dai 230 Gun
JAP;Dai 231 Gun
JAP;Dai 232 Gun
JAP;Dai 233 Gun
JAP;Dai 234 Gun
JAP;Dai 235 Gun
JAP;Dai 236 Gun
JAP;Dai 237 Gun
JAP;Dai 238 Gun
JAP;Dai 239 Gun
JAP;Dai 240 Gun
JAP;Dai 241 Gun
JAP;Dai 242 Gun
JAP;Dai 243 Gun
JAP;Dai 244 Gun
JAP;Dai 245 Gun
JAP;Dai 246 Gun
JAP;Dai 247 Gun
JAP;Dai 248 Gun
JAP;Dai 249 Gun
JAP;Dai 250 Gun
JAP;Dai 251 Gun
JAP;Dai 252 Gun
JAP;Dai 253 Gun
JAP;Dai 254 Gun
JAP;Dai 255 Gun
JAP;Dai 256 Gun
JAP;Dai 257 Gun
JAP;Dai 258 Gun
JAP;Dai 259 Gun
JAP;Dai 260 Gun
JAP;Dai 261 Gun
JAP;Dai 262 Gun
JAP;Dai 263 Gun
JAP;Dai 264 Gun
JAP;Dai 265 Gun
JAP;Dai 266 Gun
JAP;Dai 267 Gun
JAP;Dai 268 Gun
JAP;Dai 269 Gun
JAP;Dai 270 Gun
JAP;Dai 271 Gun
JAP;Dai 272 Gun
JAP;Dai 273 Gun
JAP;Dai 274 Gun
JAP;Dai 275 Gun
JAP;Dai 276 Gun
JAP;Dai 277 Gun
JAP;Dai 278 Gun
JAP;Dai 279 Gun
JAP;Dai 280 Gun
JAP;Dai 281 Gun
JAP;Dai 282 Gun
JAP;Dai 283 Gun
JAP;Dai 284 Gun
JAP;Dai 285 Gun
JAP;Dai 286 Gun
JAP;Dai 287 Gun
JAP;Dai 288 Gun
JAP;Dai 289 Gun
JAP;Dai 290 Gun
JAP;Dai 291 Gun
JAP;Dai 292 Gun
JAP;Dai 293 Gun
JAP;Dai 294 Gun
JAP;Dai 295 Gun
JAP;Dai 296 Gun
JAP;Dai 297 Gun
JAP;Dai 298 Gun
JAP;Dai 299 Gun
JAP;Dai 300 Gun
JOR;1. Corps al-Urduni
JOR;2. Corps al-Urduni
JOR;3. Corps al-Urduni
JOR;4. Corps al-Urduni
JOR;5. Corps al-Urduni
JOR;6. Corps al-Urduni
JOR;7. Corps al-Urduni
JOR;8. Corps al-Urduni
JOR;9. Corps al-Urduni
JOR;10. Corps al-Urduni
JOR;11. Corps al-Urduni
JOR;12. Corps al-Urduni
JOR;13. Corps al-Urduni
JOR;14. Corps al-Urduni
JOR;15. Corps al-Urduni
JOR;16. Corps al-Urduni
JOR;17. Corps al-Urduni
JOR;18. Corps al-Urduni
JOR;19. Corps al-Urduni
JOR;20. Corps al-Urduni
JOR;21. Corps al-Urduni
JOR;22. Corps al-Urduni
JOR;23. Corps al-Urduni
JOR;24. Corps al-Urduni
JOR;25. Corps al-Urduni
JOR;26. Corps al-Urduni
JOR;27. Corps al-Urduni
JOR;28. Corps al-Urduni
JOR;29. Corps al-Urduni
JOR;30. Corps al-Urduni
JOR;31. Corps al-Urduni
JOR;32. Corps al-Urduni
JOR;33. Corps al-Urduni
JOR;34. Corps al-Urduni
JOR;35. Corps al-Urduni
JOR;36. Corps al-Urduni
JOR;37. Corps al-Urduni
JOR;38. Corps al-Urduni
JOR;39. Corps al-Urduni
JOR;40. Corps al-Urduni
JOR;41. Corps al-Urduni
JOR;42. Corps al-Urduni
JOR;43. Corps al-Urduni
JOR;44. Corps al-Urduni
JOR;45. Corps al-Urduni
JOR;46. Corps al-Urduni
JOR;47. Corps al-Urduni
JOR;48. Corps al-Urduni
JOR;49. Corps al-Urduni
JOR;50. Corps al-Urduni
KAZ;1-y qazaqstannyn armeyskiy korpus
KAZ;2-y qazaqstannyn armeyskiy korpus
KAZ;3-y qazaqstannyn armeyskiy korpus
KAZ;4-y qazaqstannyn armeyskiy korpus
KAZ;5-y qazaqstannyn armeyskiy korpus
KAZ;6-y qazaqstannyn armeyskiy korpus
KAZ;7-y qazaqstannyn armeyskiy korpus
KAZ;8-y qazaqstannyn armeyskiy korpus
KAZ;9-y qazaqstannyn armeyskiy korpus
KAZ;10-y qazaqstannyn armeyskiy korpus
KAZ;11-y qazaqstannyn armeyskiy korpus
KAZ;12-y qazaqstannyn armeyskiy korpus
KAZ;13-y qazaqstannyn armeyskiy korpus
KAZ;14-y qazaqstannyn armeyskiy korpus
KAZ;15-y qazaqstannyn armeyskiy korpus
KAZ;16-y qazaqstannyn armeyskiy korpus
KAZ;17-y qazaqstannyn armeyskiy korpus
KAZ;18-y qazaqstannyn armeyskiy korpus
KAZ;19-y qazaqstannyn armeyskiy korpus
KAZ;20-y qazaqstannyn armeyskiy korpus
KAZ;21-y qazaqstannyn armeyskiy korpus
KAZ;22-y qazaqstannyn armeyskiy korpus
KAZ;23-y qazaqstannyn armeyskiy korpus
KAZ;24-y qazaqstannyn armeyskiy korpus
KAZ;25-y qazaqstannyn armeyskiy korpus
KAZ;26-y qazaqstannyn armeyskiy korpus
KAZ;27-y qazaqstannyn armeyskiy korpus
KAZ;28-y qazaqstannyn armeyskiy korpus
KAZ;29-y qazaqstannyn armeyskiy korpus
KAZ;30-y qazaqstannyn armeyskiy korpus
KAZ;31-y qazaqstannyn armeyskiy korpus
KAZ;32-y qazaqstannyn armeyskiy korpus
KAZ;33-y qazaqstannyn armeyskiy korpus
KAZ;34-y qazaqstannyn armeyskiy korpus
KAZ;35-y qazaqstannyn armeyskiy korpus
KAZ;36-y qazaqstannyn armeyskiy korpus
KAZ;37-y qazaqstannyn armeyskiy korpus
KAZ;38-y qazaqstannyn armeyskiy korpus
KAZ;39-y qazaqstannyn armeyskiy korpus
KAZ;40-y qazaqstannyn armeyskiy korpus
KAZ;41-y qazaqstannyn armeyskiy korpus
KAZ;42-y qazaqstannyn armeyskiy korpus
KAZ;43-y qazaqstannyn armeyskiy korpus
KAZ;44-y qazaqstannyn armeyskiy korpus
KAZ;45-y qazaqstannyn armeyskiy korpus
KAZ;46-y qazaqstannyn armeyskiy korpus
KAZ;47-y qazaqstannyn armeyskiy korpus
KAZ;48-y qazaqstannyn armeyskiy korpus
KAZ;49-y qazaqstannyn armeyskiy korpus
KAZ;50-y qazaqstannyn armeyskiy korpus
KOR;I ROK Corps
KOR;II ROK Corps
KOR;III ROK Corps
KOR;IV ROK Corps
KOR;V ROK Corps
KOR;VI ROK Corps
KOR;VII ROK Corps
KOR;VIII ROK Corps
KOR;IX ROK Corps
KOR;X ROK Corps
KOR;XI ROK Corps
KOR;XII ROK Corps
KOR;XIII ROK Corps
KOR;XIV ROK Corps
KOR;XV ROK Corps
KOR;XVI ROK Corps
KOR;XVII ROK Corps
KOR;XVIII ROK Corps
KOR;XIX ROK Corps
KOR;XX ROK Corps
KOR;XXI ROK Corps
KOR;XXII ROK Corps
KOR;XXIII ROK Corps
KOR;XXIV ROK Corps
KOR;XXV ROK Corps
KOR;XXVI ROK Corps
KOR;XXVII ROK Corps
KOR;XXVIII ROK Corps
KOR;XXIX ROK Corps
KOR;XXX ROK Corps
KOR;XXXI ROK Corps
KOR;XXXII ROK Corps
KOR;XXXIII ROK Corps
KOR;XXXIV ROK Corps
KOR;XXXV ROK Corps
KOR;XXXVI ROK Corps
KOR;XXXVII ROK Corps
KOR;XXXVIII ROK Corps
KOR;XXXIX ROK Corps
KOR;XL ROK Corps
KOR;XLI ROK Corps
KOR;XLII ROK Corps
KOR;XLIII ROK Corps
KOR;XLIV ROK Corps
KOR;XLV ROK Corps
KOR;XLVI ROK Corps
KOR;XLVII ROK Corps
KOR;XLVIII ROK Corps
KOR;XLIX ROK Corps
KOR;L ROK Corps
KUR;Kurd? 1. Parart?s
KUR;Kurd? 2. Parart?s
KUR;Kurd? 3. Parart?s
KUR;Kurd? 4. Parart?s
KUR;Kurd? 5. Parart?s
KUR;Kurd? 6. Parart?s
KUR;Kurd? 7. Parart?s
KUR;Kurd? 8. Parart?s
KUR;Kurd? 9. Parart?s
KUR;Kurd? 10. Parart?s
KUR;Kurd? 11. Parart?s
KUR;Kurd? 12. Parart?s
KUR;Kurd? 13. Parart?s
KUR;Kurd? 14. Parart?s
KUR;Kurd? 15. Parart?s
KUR;Kurd? 16. Parart?s
KUR;Kurd? 17. Parart?s
KUR;Kurd? 18. Parart?s
KUR;Kurd? 19. Parart?s
KUR;Kurd? 20. Parart?s
KUR;Kurd? 21. Parart?s
KUR;Kurd? 22. Parart?s
KUR;Kurd? 23. Parart?s
KUR;Kurd? 24. Parart?s
KUR;Kurd? 25. Parart?s
KUR;Kurd? 26. Parart?s
KUR;Kurd? 27. Parart?s
KUR;Kurd? 28. Parart?s
KUR;Kurd? 29. Parart?s
KUR;Kurd? 30. Parart?s
KUR;Kurd? 31. Parart?s
KUR;Kurd? 32. Parart?s
KUR;Kurd? 33. Parart?s
KUR;Kurd? 34. Parart?s
KUR;Kurd? 35. Parart?s
KUR;Kurd? 36. Parart?s
KUR;Kurd? 37. Parart?s
KUR;Kurd? 38. Parart?s
KUR;Kurd? 39. Parart?s
KUR;Kurd? 40. Parart?s
KUR;Kurd? 41. Parart?s
KUR;Kurd? 42. Parart?s
KUR;Kurd? 43. Parart?s
KUR;Kurd? 44. Parart?s
KUR;Kurd? 45. Parart?s
KUR;Kurd? 46. Parart?s
KUR;Kurd? 47. Parart?s
KUR;Kurd? 48. Parart?s
KUR;Kurd? 49. Parart?s
KUR;Kurd? 50. Parart?s
KYG;1-y kirgizskiy armeyskiy korpus
KYG;2-y kirgizskiy armeyskiy korpus
KYG;3-y kirgizskiy armeyskiy korpus
KYG;4-y kirgizskiy armeyskiy korpus
KYG;5-y kirgizskiy armeyskiy korpus
KYG;6-y kirgizskiy armeyskiy korpus
KYG;7-y kirgizskiy armeyskiy korpus
KYG;8-y kirgizskiy armeyskiy korpus
KYG;9-y kirgizskiy armeyskiy korpus
KYG;10-y kirgizskiy armeyskiy korpus
KYG;11-y kirgizskiy armeyskiy korpus
KYG;12-y kirgizskiy armeyskiy korpus
KYG;13-y kirgizskiy armeyskiy korpus
KYG;14-y kirgizskiy armeyskiy korpus
KYG;15-y kirgizskiy armeyskiy korpus
KYG;16-y kirgizskiy armeyskiy korpus
KYG;17-y kirgizskiy armeyskiy korpus
KYG;18-y kirgizskiy armeyskiy korpus
KYG;19-y kirgizskiy armeyskiy korpus
KYG;20-y kirgizskiy armeyskiy korpus
KYG;21-y kirgizskiy armeyskiy korpus
KYG;22-y kirgizskiy armeyskiy korpus
KYG;23-y kirgizskiy armeyskiy korpus
KYG;24-y kirgizskiy armeyskiy korpus
KYG;25-y kirgizskiy armeyskiy korpus
KYG;26-y kirgizskiy armeyskiy korpus
KYG;27-y kirgizskiy armeyskiy korpus
KYG;28-y kirgizskiy armeyskiy korpus
KYG;29-y kirgizskiy armeyskiy korpus
KYG;30-y kirgizskiy armeyskiy korpus
KYG;31-y kirgizskiy armeyskiy korpus
KYG;32-y kirgizskiy armeyskiy korpus
KYG;33-y kirgizskiy armeyskiy korpus
KYG;34-y kirgizskiy armeyskiy korpus
KYG;35-y kirgizskiy armeyskiy korpus
KYG;36-y kirgizskiy armeyskiy korpus
KYG;37-y kirgizskiy armeyskiy korpus
KYG;38-y kirgizskiy armeyskiy korpus
KYG;39-y kirgizskiy armeyskiy korpus
KYG;40-y kirgizskiy armeyskiy korpus
KYG;41-y kirgizskiy armeyskiy korpus
KYG;42-y kirgizskiy armeyskiy korpus
KYG;43-y kirgizskiy armeyskiy korpus
KYG;44-y kirgizskiy armeyskiy korpus
KYG;45-y kirgizskiy armeyskiy korpus
KYG;46-y kirgizskiy armeyskiy korpus
KYG;47-y kirgizskiy armeyskiy korpus
KYG;48-y kirgizskiy armeyskiy korpus
KYG;49-y kirgizskiy armeyskiy korpus
KYG;50-y kirgizskiy armeyskiy korpus
LAO;1er Corps d'Arm?e laotienne
LAO;2e Corps d'Arm?e laotienne
LAO;3e Corps d'Arm?e laotienne
LAO;4e Corps d'Arm?e laotienne
LAO;5e Corps d'Arm?e laotienne
LAO;6e Corps d'Arm?e laotienne
LAO;7e Corps d'Arm?e laotienne
LAO;8e Corps d'Arm?e laotienne
LAO;9e Corps d'Arm?e laotienne
LAO;10e Corps d'Arm?e laotienne
LAO;11e Corps d'Arm?e laotienne
LAO;12e Corps d'Arm?e laotienne
LAO;13e Corps d'Arm?e laotienne
LAO;14e Corps d'Arm?e laotienne
LAO;15e Corps d'Arm?e laotienne
LAO;16e Corps d'Arm?e laotienne
LAO;17e Corps d'Arm?e laotienne
LAO;18e Corps d'Arm?e laotienne
LAO;19e Corps d'Arm?e laotienne
LAO;20e Corps d'Arm?e laotienne
LAO;21e Corps d'Arm?e laotienne
LAO;22e Corps d'Arm?e laotienne
LAO;23e Corps d'Arm?e laotienne
LAO;24e Corps d'Arm?e laotienne
LAO;25e Corps d'Arm?e laotienne
LAO;26e Corps d'Arm?e laotienne
LAO;27e Corps d'Arm?e laotienne
LAO;28e Corps d'Arm?e laotienne
LAO;29e Corps d'Arm?e laotienne
LAO;30e Corps d'Arm?e laotienne
LAO;31e Corps d'Arm?e laotienne
LAO;32e Corps d'Arm?e laotienne
LAO;33e Corps d'Arm?e laotienne
LAO;34e Corps d'Arm?e laotienne
LAO;35e Corps d'Arm?e laotienne
LAO;36e Corps d'Arm?e laotienne
LAO;37e Corps d'Arm?e laotienne
LAO;38e Corps d'Arm?e laotienne
LAO;39e Corps d'Arm?e laotienne
LAO;40e Corps d'Arm?e laotienne
LAO;41e Corps d'Arm?e laotienne
LAO;42e Corps d'Arm?e laotienne
LAO;43e Corps d'Arm?e laotienne
LAO;44e Corps d'Arm?e laotienne
LAO;45e Corps d'Arm?e laotienne
LAO;46e Corps d'Arm?e laotienne
LAO;47e Corps d'Arm?e laotienne
LAO;48e Corps d'Arm?e laotienne
LAO;49e Corps d'Arm?e laotienne
LAO;50e Corps d'Arm?e laotienne
LAT;1. Latvijas Korpuss
LAT;2. Latvijas Korpuss
LAT;3. Latvijas Korpuss
LAT;4. Latvijas Korpuss
LAT;5. Latvijas Korpuss
LAT;6. Latvijas Korpuss
LAT;7. Latvijas Korpuss
LAT;8. Latvijas Korpuss
LAT;9. Latvijas Korpuss
LAT;10. Latvijas Korpuss
LAT;11. Latvijas Korpuss
LAT;12. Latvijas Korpuss
LAT;13. Latvijas Korpuss
LAT;14. Latvijas Korpuss
LAT;15. Latvijas Korpuss
LAT;16. Latvijas Korpuss
LAT;17. Latvijas Korpuss
LAT;18. Latvijas Korpuss
LAT;19. Latvijas Korpuss
LAT;20. Latvijas Korpuss
LAT;21. Latvijas Korpuss
LAT;22. Latvijas Korpuss
LAT;23. Latvijas Korpuss
LAT;24. Latvijas Korpuss
LAT;25. Latvijas Korpuss
LAT;26. Latvijas Korpuss
LAT;27. Latvijas Korpuss
LAT;28. Latvijas Korpuss
LAT;29. Latvijas Korpuss
LAT;30. Latvijas Korpuss
LAT;31. Latvijas Korpuss
LAT;32. Latvijas Korpuss
LAT;33. Latvijas Korpuss
LAT;34. Latvijas Korpuss
LAT;35. Latvijas Korpuss
LAT;36. Latvijas Korpuss
LAT;37. Latvijas Korpuss
LAT;38. Latvijas Korpuss
LAT;39. Latvijas Korpuss
LAT;40. Latvijas Korpuss
LAT;41. Latvijas Korpuss
LAT;42. Latvijas Korpuss
LAT;43. Latvijas Korpuss
LAT;44. Latvijas Korpuss
LAT;45. Latvijas Korpuss
LAT;46. Latvijas Korpuss
LAT;47. Latvijas Korpuss
LAT;48. Latvijas Korpuss
LAT;49. Latvijas Korpuss
LAT;50. Latvijas Korpuss
LBY;1. Corps al-Libiyya
LBY;2. Corps al-Libiyya
LBY;3. Corps al-Libiyya
LBY;4. Corps al-Libiyya
LBY;5. Corps al-Libiyya
LBY;6. Corps al-Libiyya
LBY;7. Corps al-Libiyya
LBY;8. Corps al-Libiyya
LBY;9. Corps al-Libiyya
LBY;10. Corps al-Libiyya
LBY;11. Corps al-Libiyya
LBY;12. Corps al-Libiyya
LBY;13. Corps al-Libiyya
LBY;14. Corps al-Libiyya
LBY;15. Corps al-Libiyya
LBY;16. Corps al-Libiyya
LBY;17. Corps al-Libiyya
LBY;18. Corps al-Libiyya
LBY;19. Corps al-Libiyya
LBY;20. Corps al-Libiyya
LBY;21. Corps al-Libiyya
LBY;22. Corps al-Libiyya
LBY;23. Corps al-Libiyya
LBY;24. Corps al-Libiyya
LBY;25. Corps al-Libiyya
LBY;26. Corps al-Libiyya
LBY;27. Corps al-Libiyya
LBY;28. Corps al-Libiyya
LBY;29. Corps al-Libiyya
LBY;30. Corps al-Libiyya
LBY;31. Corps al-Libiyya
LBY;32. Corps al-Libiyya
LBY;33. Corps al-Libiyya
LBY;34. Corps al-Libiyya
LBY;35. Corps al-Libiyya
LBY;36. Corps al-Libiyya
LBY;37. Corps al-Libiyya
LBY;38. Corps al-Libiyya
LBY;39. Corps al-Libiyya
LBY;40. Corps al-Libiyya
LBY;41. Corps al-Libiyya
LBY;42. Corps al-Libiyya
LBY;43. Corps al-Libiyya
LBY;44. Corps al-Libiyya
LBY;45. Corps al-Libiyya
LBY;46. Corps al-Libiyya
LBY;47. Corps al-Libiyya
LBY;48. Corps al-Libiyya
LBY;49. Corps al-Libiyya
LBY;50. Corps al-Libiyya
LEB;1. Corps al-Lubnaniyah
LEB;2. Corps al-Lubnaniyah
LEB;3. Corps al-Lubnaniyah
LEB;4. Corps al-Lubnaniyah
LEB;5. Corps al-Lubnaniyah
LEB;6. Corps al-Lubnaniyah
LEB;7. Corps al-Lubnaniyah
LEB;8. Corps al-Lubnaniyah
LEB;9. Corps al-Lubnaniyah
LEB;10. Corps al-Lubnaniyah
LEB;11. Corps al-Lubnaniyah
LEB;12. Corps al-Lubnaniyah
LEB;13. Corps al-Lubnaniyah
LEB;14. Corps al-Lubnaniyah
LEB;15. Corps al-Lubnaniyah
LEB;16. Corps al-Lubnaniyah
LEB;17. Corps al-Lubnaniyah
LEB;18. Corps al-Lubnaniyah
LEB;19. Corps al-Lubnaniyah
LEB;20. Corps al-Lubnaniyah
LEB;21. Corps al-Lubnaniyah
LEB;22. Corps al-Lubnaniyah
LEB;23. Corps al-Lubnaniyah
LEB;24. Corps al-Lubnaniyah
LEB;25. Corps al-Lubnaniyah
LEB;26. Corps al-Lubnaniyah
LEB;27. Corps al-Lubnaniyah
LEB;28. Corps al-Lubnaniyah
LEB;29. Corps al-Lubnaniyah
LEB;30. Corps al-Lubnaniyah
LEB;31. Corps al-Lubnaniyah
LEB;32. Corps al-Lubnaniyah
LEB;33. Corps al-Lubnaniyah
LEB;34. Corps al-Lubnaniyah
LEB;35. Corps al-Lubnaniyah
LEB;36. Corps al-Lubnaniyah
LEB;37. Corps al-Lubnaniyah
LEB;38. Corps al-Lubnaniyah
LEB;39. Corps al-Lubnaniyah
LEB;40. Corps al-Lubnaniyah
LEB;41. Corps al-Lubnaniyah
LEB;42. Corps al-Lubnaniyah
LEB;43. Corps al-Lubnaniyah
LEB;44. Corps al-Lubnaniyah
LEB;45. Corps al-Lubnaniyah
LEB;46. Corps al-Lubnaniyah
LEB;47. Corps al-Lubnaniyah
LEB;48. Corps al-Lubnaniyah
LEB;49. Corps al-Lubnaniyah
LEB;50. Corps al-Lubnaniyah
LIB;I Liberian Corps
LIB;II Liberian Corps
LIB;III Liberian Corps
LIB;IV Liberian Corps
LIB;V Liberian Corps
LIB;VI Liberian Corps
LIB;VII Liberian Corps
LIB;VIII Liberian Corps
LIB;IX Liberian Corps
LIB;X Liberian Corps
LIB;XI Liberian Corps
LIB;XII Liberian Corps
LIB;XIII Liberian Corps
LIB;XIV Liberian Corps
LIB;XV Liberian Corps
LIB;XVI Liberian Corps
LIB;XVII Liberian Corps
LIB;XVIII Liberian Corps
LIB;XIX Liberian Corps
LIB;XX Liberian Corps
LIB;XXI Liberian Corps
LIB;XXII Liberian Corps
LIB;XXIII Liberian Corps
LIB;XXIV Liberian Corps
LIB;XXV Liberian Corps
LIB;XXVI Liberian Corps
LIB;XXVII Liberian Corps
LIB;XXVIII Liberian Corps
LIB;XXIX Liberian Corps
LIB;XXX Liberian Corps
LIB;XXXI Liberian Corps
LIB;XXXII Liberian Corps
LIB;XXXIII Liberian Corps
LIB;XXXIV Liberian Corps
LIB;XXXV Liberian Corps
LIB;XXXVI Liberian Corps
LIB;XXXVII Liberian Corps
LIB;XXXVIII Liberian Corps
LIB;XXXIX Liberian Corps
LIB;XL Liberian Corps
LIB;XLI Liberian Corps
LIB;XLII Liberian Corps
LIB;XLIII Liberian Corps
LIB;XLIV Liberian Corps
LIB;XLV Liberian Corps
LIB;XLVI Liberian Corps
LIB;XLVII Liberian Corps
LIB;XLVIII Liberian Corps
LIB;XLIX Liberian Corps
LIB;L Liberian Corps
LIT;1. Lietuvos Korpusas
LIT;2. Lietuvos Korpusas
LIT;3. Lietuvos Korpusas
LIT;4. Lietuvos Korpusas
LIT;5. Lietuvos Korpusas
LIT;6. Lietuvos Korpusas
LIT;7. Lietuvos Korpusas
LIT;8. Lietuvos Korpusas
LIT;9. Lietuvos Korpusas
LIT;10. Lietuvos Korpusas
LIT;11. Lietuvos Korpusas
LIT;12. Lietuvos Korpusas
LIT;13. Lietuvos Korpusas
LIT;14. Lietuvos Korpusas
LIT;15. Lietuvos Korpusas
LIT;16. Lietuvos Korpusas
LIT;17. Lietuvos Korpusas
LIT;18. Lietuvos Korpusas
LIT;19. Lietuvos Korpusas
LIT;20. Lietuvos Korpusas
LIT;21. Lietuvos Korpusas
LIT;22. Lietuvos Korpusas
LIT;23. Lietuvos Korpusas
LIT;24. Lietuvos Korpusas
LIT;25. Lietuvos Korpusas
LIT;26. Lietuvos Korpusas
LIT;27. Lietuvos Korpusas
LIT;28. Lietuvos Korpusas
LIT;29. Lietuvos Korpusas
LIT;30. Lietuvos Korpusas
LIT;31. Lietuvos Korpusas
LIT;32. Lietuvos Korpusas
LIT;33. Lietuvos Korpusas
LIT;34. Lietuvos Korpusas
LIT;35. Lietuvos Korpusas
LIT;36. Lietuvos Korpusas
LIT;37. Lietuvos Korpusas
LIT;38. Lietuvos Korpusas
LIT;39. Lietuvos Korpusas
LIT;40. Lietuvos Korpusas
LIT;41. Lietuvos Korpusas
LIT;42. Lietuvos Korpusas
LIT;43. Lietuvos Korpusas
LIT;44. Lietuvos Korpusas
LIT;45. Lietuvos Korpusas
LIT;46. Lietuvos Korpusas
LIT;47. Lietuvos Korpusas
LIT;48. Lietuvos Korpusas
LIT;49. Lietuvos Korpusas
LIT;50. Lietuvos Korpusas
LUX;1er Corps d'Arm?e luxembourgeoise
LUX;2e Corps d'Arm?e luxembourgeoise
LUX;3e Corps d'Arm?e luxembourgeoise
LUX;4e Corps d'Arm?e luxembourgeoise
LUX;5e Corps d'Arm?e luxembourgeoise
LUX;6e Corps d'Arm?e luxembourgeoise
LUX;7e Corps d'Arm?e luxembourgeoise
LUX;8e Corps d'Arm?e luxembourgeoise
LUX;9e Corps d'Arm?e luxembourgeoise
LUX;10e Corps d'Arm?e luxembourgeoise
LUX;11e Corps d'Arm?e luxembourgeoise
LUX;12e Corps d'Arm?e luxembourgeoise
LUX;13e Corps d'Arm?e luxembourgeoise
LUX;14e Corps d'Arm?e luxembourgeoise
LUX;15e Corps d'Arm?e luxembourgeoise
LUX;16e Corps d'Arm?e luxembourgeoise
LUX;17e Corps d'Arm?e luxembourgeoise
LUX;18e Corps d'Arm?e luxembourgeoise
LUX;19e Corps d'Arm?e luxembourgeoise
LUX;20e Corps d'Arm?e luxembourgeoise
LUX;21e Corps d'Arm?e luxembourgeoise
LUX;22e Corps d'Arm?e luxembourgeoise
LUX;23e Corps d'Arm?e luxembourgeoise
LUX;24e Corps d'Arm?e luxembourgeoise
LUX;25e Corps d'Arm?e luxembourgeoise
LUX;26e Corps d'Arm?e luxembourgeoise
LUX;27e Corps d'Arm?e luxembourgeoise
LUX;28e Corps d'Arm?e luxembourgeoise
LUX;29e Corps d'Arm?e luxembourgeoise
LUX;30e Corps d'Arm?e luxembourgeoise
LUX;31e Corps d'Arm?e luxembourgeoise
LUX;32e Corps d'Arm?e luxembourgeoise
LUX;33e Corps d'Arm?e luxembourgeoise
LUX;34e Corps d'Arm?e luxembourgeoise
LUX;35e Corps d'Arm?e luxembourgeoise
LUX;36e Corps d'Arm?e luxembourgeoise
LUX;37e Corps d'Arm?e luxembourgeoise
LUX;38e Corps d'Arm?e luxembourgeoise
LUX;39e Corps d'Arm?e luxembourgeoise
LUX;40e Corps d'Arm?e luxembourgeoise
LUX;41e Corps d'Arm?e luxembourgeoise
LUX;42e Corps d'Arm?e luxembourgeoise
LUX;43e Corps d'Arm?e luxembourgeoise
LUX;44e Corps d'Arm?e luxembourgeoise
LUX;45e Corps d'Arm?e luxembourgeoise
LUX;46e Corps d'Arm?e luxembourgeoise
LUX;47e Corps d'Arm?e luxembourgeoise
LUX;48e Corps d'Arm?e luxembourgeoise
LUX;49e Corps d'Arm?e luxembourgeoise
LUX;50e Corps d'Arm?e luxembourgeoise
MAD;1er Corps d'Arm?e malgache
MAD;2e Corps d'Arm?e malgache
MAD;3e Corps d'Arm?e malgache
MAD;4e Corps d'Arm?e malgache
MAD;5e Corps d'Arm?e malgache
MAD;6e Corps d'Arm?e malgache
MAD;7e Corps d'Arm?e malgache
MAD;8e Corps d'Arm?e malgache
MAD;9e Corps d'Arm?e malgache
MAD;10e Corps d'Arm?e malgache
MAD;11e Corps d'Arm?e malgache
MAD;12e Corps d'Arm?e malgache
MAD;13e Corps d'Arm?e malgache
MAD;14e Corps d'Arm?e malgache
MAD;15e Corps d'Arm?e malgache
MAD;16e Corps d'Arm?e malgache
MAD;17e Corps d'Arm?e malgache
MAD;18e Corps d'Arm?e malgache
MAD;19e Corps d'Arm?e malgache
MAD;20e Corps d'Arm?e malgache
MAD;21e Corps d'Arm?e malgache
MAD;22e Corps d'Arm?e malgache
MAD;23e Corps d'Arm?e malgache
MAD;24e Corps d'Arm?e malgache
MAD;25e Corps d'Arm?e malgache
MAD;26e Corps d'Arm?e malgache
MAD;27e Corps d'Arm?e malgache
MAD;28e Corps d'Arm?e malgache
MAD;29e Corps d'Arm?e malgache
MAD;30e Corps d'Arm?e malgache
MAD;31e Corps d'Arm?e malgache
MAD;32e Corps d'Arm?e malgache
MAD;33e Corps d'Arm?e malgache
MAD;34e Corps d'Arm?e malgache
MAD;35e Corps d'Arm?e malgache
MAD;36e Corps d'Arm?e malgache
MAD;37e Corps d'Arm?e malgache
MAD;38e Corps d'Arm?e malgache
MAD;39e Corps d'Arm?e malgache
MAD;40e Corps d'Arm?e malgache
MAD;41e Corps d'Arm?e malgache
MAD;42e Corps d'Arm?e malgache
MAD;43e Corps d'Arm?e malgache
MAD;44e Corps d'Arm?e malgache
MAD;45e Corps d'Arm?e malgache
MAD;46e Corps d'Arm?e malgache
MAD;47e Corps d'Arm?e malgache
MAD;48e Corps d'Arm?e malgache
MAD;49e Corps d'Arm?e malgache
MAD;50e Corps d'Arm?e malgache
MAL;1er Corps d'Arm?e malienne
MAL;2e Corps d'Arm?e malienne
MAL;3e Corps d'Arm?e malienne
MAL;4e Corps d'Arm?e malienne
MAL;5e Corps d'Arm?e malienne
MAL;6e Corps d'Arm?e malienne
MAL;7e Corps d'Arm?e malienne
MAL;8e Corps d'Arm?e malienne
MAL;9e Corps d'Arm?e malienne
MAL;10e Corps d'Arm?e malienne
MAL;11e Corps d'Arm?e malienne
MAL;12e Corps d'Arm?e malienne
MAL;13e Corps d'Arm?e malienne
MAL;14e Corps d'Arm?e malienne
MAL;15e Corps d'Arm?e malienne
MAL;16e Corps d'Arm?e malienne
MAL;17e Corps d'Arm?e malienne
MAL;18e Corps d'Arm?e malienne
MAL;19e Corps d'Arm?e malienne
MAL;20e Corps d'Arm?e malienne
MAL;21e Corps d'Arm?e malienne
MAL;22e Corps d'Arm?e malienne
MAL;23e Corps d'Arm?e malienne
MAL;24e Corps d'Arm?e malienne
MAL;25e Corps d'Arm?e malienne
MAL;26e Corps d'Arm?e malienne
MAL;27e Corps d'Arm?e malienne
MAL;28e Corps d'Arm?e malienne
MAL;29e Corps d'Arm?e malienne
MAL;30e Corps d'Arm?e malienne
MAL;31e Corps d'Arm?e malienne
MAL;32e Corps d'Arm?e malienne
MAL;33e Corps d'Arm?e malienne
MAL;34e Corps d'Arm?e malienne
MAL;35e Corps d'Arm?e malienne
MAL;36e Corps d'Arm?e malienne
MAL;37e Corps d'Arm?e malienne
MAL;38e Corps d'Arm?e malienne
MAL;39e Corps d'Arm?e malienne
MAL;40e Corps d'Arm?e malienne
MAL;41e Corps d'Arm?e malienne
MAL;42e Corps d'Arm?e malienne
MAL;43e Corps d'Arm?e malienne
MAL;44e Corps d'Arm?e malienne
MAL;45e Corps d'Arm?e malienne
MAL;46e Corps d'Arm?e malienne
MAL;47e Corps d'Arm?e malienne
MAL;48e Corps d'Arm?e malienne
MAL;49e Corps d'Arm?e malienne
MAL;50e Corps d'Arm?e malienne
MAN;Di'1 Man'chu Jun
MAN;Di'2 Man'chu Jun
MAN;Di'3 Man'chu Jun
MAN;Di'4 Man'chu Jun
MAN;Di'5 Man'chu Jun
MAN;Di'6 Man'chu Jun
MAN;Di'7 Man'chu Jun
MAN;Di'8 Man'chu Jun
MAN;Di'9 Man'chu Jun
MAN;Di'10 Man'chu Jun
MAN;Di'11 Man'chu Jun
MAN;Di'12 Man'chu Jun
MAN;Di'13 Man'chu Jun
MAN;Di'14 Man'chu Jun
MAN;Di'15 Man'chu Jun
MAN;Di'16 Man'chu Jun
MAN;Di'17 Man'chu Jun
MAN;Di'18 Man'chu Jun
MAN;Di'19 Man'chu Jun
MAN;Di'20 Man'chu Jun
MAN;Di'21 Man'chu Jun
MAN;Di'22 Man'chu Jun
MAN;Di'23 Man'chu Jun
MAN;Di'24 Man'chu Jun
MAN;Di'25 Man'chu Jun
MAN;Di'26 Man'chu Jun
MAN;Di'27 Man'chu Jun
MAN;Di'28 Man'chu Jun
MAN;Di'29 Man'chu Jun
MAN;Di'30 Man'chu Jun
MAN;Di'31 Man'chu Jun
MAN;Di'32 Man'chu Jun
MAN;Di'33 Man'chu Jun
MAN;Di'34 Man'chu Jun
MAN;Di'35 Man'chu Jun
MAN;Di'36 Man'chu Jun
MAN;Di'37 Man'chu Jun
MAN;Di'38 Man'chu Jun
MAN;Di'39 Man'chu Jun
MAN;Di'40 Man'chu Jun
MAN;Di'41 Man'chu Jun
MAN;Di'42 Man'chu Jun
MAN;Di'43 Man'chu Jun
MAN;Di'44 Man'chu Jun
MAN;Di'45 Man'chu Jun
MAN;Di'46 Man'chu Jun
MAN;Di'47 Man'chu Jun
MAN;Di'48 Man'chu Jun
MAN;Di'49 Man'chu Jun
MAN;Di'50 Man'chu Jun
MAN;Di'51 Man'chu Jun
MAN;Di'52 Man'chu Jun
MAN;Di'53 Man'chu Jun
MAN;Di'54 Man'chu Jun
MAN;Di'55 Man'chu Jun
MAN;Di'56 Man'chu Jun
MAN;Di'57 Man'chu Jun
MAN;Di'58 Man'chu Jun
MAN;Di'59 Man'chu Jun
MAN;Di'60 Man'chu Jun
MAN;Di'61 Man'chu Jun
MAN;Di'62 Man'chu Jun
MAN;Di'63 Man'chu Jun
MAN;Di'64 Man'chu Jun
MAN;Di'65 Man'chu Jun
MAN;Di'66 Man'chu Jun
MAN;Di'67 Man'chu Jun
MAN;Di'68 Man'chu Jun
MAN;Di'69 Man'chu Jun
MAN;Di'70 Man'chu Jun
MAN;Di'71 Man'chu Jun
MAN;Di'72 Man'chu Jun
MAN;Di'73 Man'chu Jun
MAN;Di'74 Man'chu Jun
MAN;Di'75 Man'chu Jun
MAN;Di'76 Man'chu Jun
MAN;Di'77 Man'chu Jun
MAN;Di'78 Man'chu Jun
MAN;Di'79 Man'chu Jun
MAN;Di'80 Man'chu Jun
MAN;Di'81 Man'chu Jun
MAN;Di'82 Man'chu Jun
MAN;Di'83 Man'chu Jun
MAN;Di'84 Man'chu Jun
MAN;Di'85 Man'chu Jun
MAN;Di'86 Man'chu Jun
MAN;Di'87 Man'chu Jun
MAN;Di'88 Man'chu Jun
MAN;Di'89 Man'chu Jun
MAN;Di'90 Man'chu Jun
MAN;Di'91 Man'chu Jun
MAN;Di'92 Man'chu Jun
MAN;Di'93 Man'chu Jun
MAN;Di'94 Man'chu Jun
MAN;Di'95 Man'chu Jun
MAN;Di'96 Man'chu Jun
MAN;Di'97 Man'chu Jun
MAN;Di'98 Man'chu Jun
MAN;Di'99 Man'chu Jun
MAN;Di'100 Man'chu Jun
MEN;Di'1 Mengkukuo Jun
MEN;Di'2 Mengkukuo Jun
MEN;Di'3 Mengkukuo Jun
MEN;Di'4 Mengkukuo Jun
MEN;Di'5 Mengkukuo Jun
MEN;Di'6 Mengkukuo Jun
MEN;Di'7 Mengkukuo Jun
MEN;Di'8 Mengkukuo Jun
MEN;Di'9 Mengkukuo Jun
MEN;Di'10 Mengkukuo Jun
MEN;Di'11 Mengkukuo Jun
MEN;Di'12 Mengkukuo Jun
MEN;Di'13 Mengkukuo Jun
MEN;Di'14 Mengkukuo Jun
MEN;Di'15 Mengkukuo Jun
MEN;Di'16 Mengkukuo Jun
MEN;Di'17 Mengkukuo Jun
MEN;Di'18 Mengkukuo Jun
MEN;Di'19 Mengkukuo Jun
MEN;Di'20 Mengkukuo Jun
MEN;Di'21 Mengkukuo Jun
MEN;Di'22 Mengkukuo Jun
MEN;Di'23 Mengkukuo Jun
MEN;Di'24 Mengkukuo Jun
MEN;Di'25 Mengkukuo Jun
MEN;Di'26 Mengkukuo Jun
MEN;Di'27 Mengkukuo Jun
MEN;Di'28 Mengkukuo Jun
MEN;Di'29 Mengkukuo Jun
MEN;Di'30 Mengkukuo Jun
MEN;Di'31 Mengkukuo Jun
MEN;Di'32 Mengkukuo Jun
MEN;Di'33 Mengkukuo Jun
MEN;Di'34 Mengkukuo Jun
MEN;Di'35 Mengkukuo Jun
MEN;Di'36 Mengkukuo Jun
MEN;Di'37 Mengkukuo Jun
MEN;Di'38 Mengkukuo Jun
MEN;Di'39 Mengkukuo Jun
MEN;Di'40 Mengkukuo Jun
MEN;Di'41 Mengkukuo Jun
MEN;Di'42 Mengkukuo Jun
MEN;Di'43 Mengkukuo Jun
MEN;Di'44 Mengkukuo Jun
MEN;Di'45 Mengkukuo Jun
MEN;Di'46 Mengkukuo Jun
MEN;Di'47 Mengkukuo Jun
MEN;Di'48 Mengkukuo Jun
MEN;Di'49 Mengkukuo Jun
MEN;Di'50 Mengkukuo Jun
MEN;Di'51 Mengkukuo Jun
MEN;Di'52 Mengkukuo Jun
MEN;Di'53 Mengkukuo Jun
MEN;Di'54 Mengkukuo Jun
MEN;Di'55 Mengkukuo Jun
MEN;Di'56 Mengkukuo Jun
MEN;Di'57 Mengkukuo Jun
MEN;Di'58 Mengkukuo Jun
MEN;Di'59 Mengkukuo Jun
MEN;Di'60 Mengkukuo Jun
MEN;Di'61 Mengkukuo Jun
MEN;Di'62 Mengkukuo Jun
MEN;Di'63 Mengkukuo Jun
MEN;Di'64 Mengkukuo Jun
MEN;Di'65 Mengkukuo Jun
MEN;Di'66 Mengkukuo Jun
MEN;Di'67 Mengkukuo Jun
MEN;Di'68 Mengkukuo Jun
MEN;Di'69 Mengkukuo Jun
MEN;Di'70 Mengkukuo Jun
MEN;Di'71 Mengkukuo Jun
MEN;Di'72 Mengkukuo Jun
MEN;Di'73 Mengkukuo Jun
MEN;Di'74 Mengkukuo Jun
MEN;Di'75 Mengkukuo Jun
MEN;Di'76 Mengkukuo Jun
MEN;Di'77 Mengkukuo Jun
MEN;Di'78 Mengkukuo Jun
MEN;Di'79 Mengkukuo Jun
MEN;Di'80 Mengkukuo Jun
MEN;Di'81 Mengkukuo Jun
MEN;Di'82 Mengkukuo Jun
MEN;Di'83 Mengkukuo Jun
MEN;Di'84 Mengkukuo Jun
MEN;Di'85 Mengkukuo Jun
MEN;Di'86 Mengkukuo Jun
MEN;Di'87 Mengkukuo Jun
MEN;Di'88 Mengkukuo Jun
MEN;Di'89 Mengkukuo Jun
MEN;Di'90 Mengkukuo Jun
MEN;Di'91 Mengkukuo Jun
MEN;Di'92 Mengkukuo Jun
MEN;Di'93 Mengkukuo Jun
MEN;Di'94 Mengkukuo Jun
MEN;Di'95 Mengkukuo Jun
MEN;Di'96 Mengkukuo Jun
MEN;Di'97 Mengkukuo Jun
MEN;Di'98 Mengkukuo Jun
MEN;Di'99 Mengkukuo Jun
MEN;Di'100 Mengkukuo Jun
MEX;I Cuerpo de Ej?rcito m?xicano
MEX;II Cuerpo de Ej?rcito m?xicano
MEX;III Cuerpo de Ej?rcito m?xicano
MEX;IV Cuerpo de Ej?rcito m?xicano
MEX;V Cuerpo de Ej?rcito m?xicano
MEX;VI Cuerpo de Ej?rcito m?xicano
MEX;VII Cuerpo de Ej?rcito m?xicano
MEX;VIII Cuerpo de Ej?rcito m?xicano
MEX;IX Cuerpo de Ej?rcito m?xicano
MEX;X Cuerpo de Ej?rcito m?xicano
MEX;XI Cuerpo de Ej?rcito m?xicano
MEX;XII Cuerpo de Ej?rcito m?xicano
MEX;XIII Cuerpo de Ej?rcito m?xicano
MEX;XIV Cuerpo de Ej?rcito m?xicano
MEX;XV Cuerpo de Ej?rcito m?xicano
MEX;XVI Cuerpo de Ej?rcito m?xicano
MEX;XVII Cuerpo de Ej?rcito m?xicano
MEX;XVIII Cuerpo de Ej?rcito m?xicano
MEX;XIX Cuerpo de Ej?rcito m?xicano
MEX;XX Cuerpo de Ej?rcito m?xicano
MEX;XXI Cuerpo de Ej?rcito m?xicano
MEX;XXII Cuerpo de Ej?rcito m?xicano
MEX;XXIII Cuerpo de Ej?rcito m?xicano
MEX;XXIV Cuerpo de Ej?rcito m?xicano
MEX;XXV Cuerpo de Ej?rcito m?xicano
MEX;XXVI Cuerpo de Ej?rcito m?xicano
MEX;XXVII Cuerpo de Ej?rcito m?xicano
MEX;XXVIII Cuerpo de Ej?rcito m?xicano
MEX;XXIX Cuerpo de Ej?rcito m?xicano
MEX;XXX Cuerpo de Ej?rcito m?xicano
MEX;XXXI Cuerpo de Ej?rcito m?xicano
MEX;XXXII Cuerpo de Ej?rcito m?xicano
MEX;XXXIII Cuerpo de Ej?rcito m?xicano
MEX;XXXIV Cuerpo de Ej?rcito m?xicano
MEX;XXXV Cuerpo de Ej?rcito m?xicano
MEX;XXXVI Cuerpo de Ej?rcito m?xicano
MEX;XXXVII Cuerpo de Ej?rcito m?xicano
MEX;XXXVIII Cuerpo de Ej?rcito m?xicano
MEX;XXXIX Cuerpo de Ej?rcito m?xicano
MEX;XL Cuerpo de Ej?rcito m?xicano
MEX;XLI Cuerpo de Ej?rcito m?xicano
MEX;XLII Cuerpo de Ej?rcito m?xicano
MEX;XLIII Cuerpo de Ej?rcito m?xicano
MEX;XLIV Cuerpo de Ej?rcito m?xicano
MEX;XLV Cuerpo de Ej?rcito m?xicano
MEX;XLVI Cuerpo de Ej?rcito m?xicano
MEX;XLVII Cuerpo de Ej?rcito m?xicano
MEX;XLVIII Cuerpo de Ej?rcito m?xicano
MEX;XLIX Cuerpo de Ej?rcito m?xicano
MEX;L Cuerpo de Ej?rcito m?xicano
MLY;I Malaysian Corps
MLY;II Malaysian Corps
MLY;III Malaysian Corps
MLY;IV Malaysian Corps
MLY;V Malaysian Corps
MLY;VI Malaysian Corps
MLY;VII Malaysian Corps
MLY;VIII Malaysian Corps
MLY;IX Malaysian Corps
MLY;X Malaysian Corps
MLY;XI Malaysian Corps
MLY;XII Malaysian Corps
MLY;XIII Malaysian Corps
MLY;XIV Malaysian Corps
MLY;XV Malaysian Corps
MLY;XVI Malaysian Corps
MLY;XVII Malaysian Corps
MLY;XVIII Malaysian Corps
MLY;XIX Malaysian Corps
MLY;XX Malaysian Corps
MLY;XXI Malaysian Corps
MLY;XXII Malaysian Corps
MLY;XXIII Malaysian Corps
MLY;XXIV Malaysian Corps
MLY;XXV Malaysian Corps
MLY;XXVI Malaysian Corps
MLY;XXVII Malaysian Corps
MLY;XXVIII Malaysian Corps
MLY;XXIX Malaysian Corps
MLY;XXX Malaysian Corps
MLY;XXXI Malaysian Corps
MLY;XXXII Malaysian Corps
MLY;XXXIII Malaysian Corps
MLY;XXXIV Malaysian Corps
MLY;XXXV Malaysian Corps
MLY;XXXVI Malaysian Corps
MLY;XXXVII Malaysian Corps
MLY;XXXVIII Malaysian Corps
MLY;XXXIX Malaysian Corps
MLY;XL Malaysian Corps
MLY;XLI Malaysian Corps
MLY;XLII Malaysian Corps
MLY;XLIII Malaysian Corps
MLY;XLIV Malaysian Corps
MLY;XLV Malaysian Corps
MLY;XLVI Malaysian Corps
MLY;XLVII Malaysian Corps
MLY;XLVIII Malaysian Corps
MLY;XLIX Malaysian Corps
MLY;L Malaysian Corps
MON;1-y mongol'skiy armeyskiy korpus
MON;2-y mongol'skiy armeyskiy korpus
MON;3-y mongol'skiy armeyskiy korpus
MON;4-y mongol'skiy armeyskiy korpus
MON;5-y mongol'skiy armeyskiy korpus
MON;6-y mongol'skiy armeyskiy korpus
MON;7-y mongol'skiy armeyskiy korpus
MON;8-y mongol'skiy armeyskiy korpus
MON;9-y mongol'skiy armeyskiy korpus
MON;10-y mongol'skiy armeyskiy korpus
MON;11-y mongol'skiy armeyskiy korpus
MON;12-y mongol'skiy armeyskiy korpus
MON;13-y mongol'skiy armeyskiy korpus
MON;14-y mongol'skiy armeyskiy korpus
MON;15-y mongol'skiy armeyskiy korpus
MON;16-y mongol'skiy armeyskiy korpus
MON;17-y mongol'skiy armeyskiy korpus
MON;18-y mongol'skiy armeyskiy korpus
MON;19-y mongol'skiy armeyskiy korpus
MON;20-y mongol'skiy armeyskiy korpus
MON;21-y mongol'skiy armeyskiy korpus
MON;22-y mongol'skiy armeyskiy korpus
MON;23-y mongol'skiy armeyskiy korpus
MON;24-y mongol'skiy armeyskiy korpus
MON;25-y mongol'skiy armeyskiy korpus
MON;26-y mongol'skiy armeyskiy korpus
MON;27-y mongol'skiy armeyskiy korpus
MON;28-y mongol'skiy armeyskiy korpus
MON;29-y mongol'skiy armeyskiy korpus
MON;30-y mongol'skiy armeyskiy korpus
MON;31-y mongol'skiy armeyskiy korpus
MON;32-y mongol'skiy armeyskiy korpus
MON;33-y mongol'skiy armeyskiy korpus
MON;34-y mongol'skiy armeyskiy korpus
MON;35-y mongol'skiy armeyskiy korpus
MON;36-y mongol'skiy armeyskiy korpus
MON;37-y mongol'skiy armeyskiy korpus
MON;38-y mongol'skiy armeyskiy korpus
MON;39-y mongol'skiy armeyskiy korpus
MON;40-y mongol'skiy armeyskiy korpus
MON;41-y mongol'skiy armeyskiy korpus
MON;42-y mongol'skiy armeyskiy korpus
MON;43-y mongol'skiy armeyskiy korpus
MON;44-y mongol'skiy armeyskiy korpus
MON;45-y mongol'skiy armeyskiy korpus
MON;46-y mongol'skiy armeyskiy korpus
MON;47-y mongol'skiy armeyskiy korpus
MON;48-y mongol'skiy armeyskiy korpus
MON;49-y mongol'skiy armeyskiy korpus
MON;50-y mongol'skiy armeyskiy korpus
MOR;1. Corps al-Maghribiyah
MOR;2. Corps al-Maghribiyah
MOR;3. Corps al-Maghribiyah
MOR;4. Corps al-Maghribiyah
MOR;5. Corps al-Maghribiyah
MOR;6. Corps al-Maghribiyah
MOR;7. Corps al-Maghribiyah
MOR;8. Corps al-Maghribiyah
MOR;9. Corps al-Maghribiyah
MOR;10. Corps al-Maghribiyah
MOR;11. Corps al-Maghribiyah
MOR;12. Corps al-Maghribiyah
MOR;13. Corps al-Maghribiyah
MOR;14. Corps al-Maghribiyah
MOR;15. Corps al-Maghribiyah
MOR;16. Corps al-Maghribiyah
MOR;17. Corps al-Maghribiyah
MOR;18. Corps al-Maghribiyah
MOR;19. Corps al-Maghribiyah
MOR;20. Corps al-Maghribiyah
MOR;21. Corps al-Maghribiyah
MOR;22. Corps al-Maghribiyah
MOR;23. Corps al-Maghribiyah
MOR;24. Corps al-Maghribiyah
MOR;25. Corps al-Maghribiyah
MOR;26. Corps al-Maghribiyah
MOR;27. Corps al-Maghribiyah
MOR;28. Corps al-Maghribiyah
MOR;29. Corps al-Maghribiyah
MOR;30. Corps al-Maghribiyah
MOR;31. Corps al-Maghribiyah
MOR;32. Corps al-Maghribiyah
MOR;33. Corps al-Maghribiyah
MOR;34. Corps al-Maghribiyah
MOR;35. Corps al-Maghribiyah
MOR;36. Corps al-Maghribiyah
MOR;37. Corps al-Maghribiyah
MOR;38. Corps al-Maghribiyah
MOR;39. Corps al-Maghribiyah
MOR;40. Corps al-Maghribiyah
MOR;41. Corps al-Maghribiyah
MOR;42. Corps al-Maghribiyah
MOR;43. Corps al-Maghribiyah
MOR;44. Corps al-Maghribiyah
MOR;45. Corps al-Maghribiyah
MOR;46. Corps al-Maghribiyah
MOR;47. Corps al-Maghribiyah
MOR;48. Corps al-Maghribiyah
MOR;49. Corps al-Maghribiyah
MOR;50. Corps al-Maghribiyah
MOZ;1o Corpo do Mo?ambique
MOZ;2o Corpo do Mo?ambique
MOZ;3o Corpo do Mo?ambique
MOZ;4o Corpo do Mo?ambique
MOZ;5o Corpo do Mo?ambique
MOZ;6o Corpo do Mo?ambique
MOZ;7o Corpo do Mo?ambique
MOZ;8o Corpo do Mo?ambique
MOZ;9o Corpo do Mo?ambique
MOZ;10o Corpo do Mo?ambique
MOZ;11o Corpo do Mo?ambique
MOZ;12o Corpo do Mo?ambique
MOZ;13o Corpo do Mo?ambique
MOZ;14o Corpo do Mo?ambique
MOZ;15o Corpo do Mo?ambique
MOZ;16o Corpo do Mo?ambique
MOZ;17o Corpo do Mo?ambique
MOZ;18o Corpo do Mo?ambique
MOZ;19o Corpo do Mo?ambique
MOZ;20o Corpo do Mo?ambique
MOZ;21o Corpo do Mo?ambique
MOZ;22o Corpo do Mo?ambique
MOZ;23o Corpo do Mo?ambique
MOZ;24o Corpo do Mo?ambique
MOZ;25o Corpo do Mo?ambique
MOZ;26o Corpo do Mo?ambique
MOZ;27o Corpo do Mo?ambique
MOZ;28o Corpo do Mo?ambique
MOZ;29o Corpo do Mo?ambique
MOZ;30o Corpo do Mo?ambique
MOZ;31o Corpo do Mo?ambique
MOZ;32o Corpo do Mo?ambique
MOZ;33o Corpo do Mo?ambique
MOZ;34o Corpo do Mo?ambique
MOZ;35o Corpo do Mo?ambique
MOZ;36o Corpo do Mo?ambique
MOZ;37o Corpo do Mo?ambique
MOZ;38o Corpo do Mo?ambique
MOZ;39o Corpo do Mo?ambique
MOZ;40o Corpo do Mo?ambique
MOZ;41o Corpo do Mo?ambique
MOZ;42o Corpo do Mo?ambique
MOZ;43o Corpo do Mo?ambique
MOZ;44o Corpo do Mo?ambique
MOZ;45o Corpo do Mo?ambique
MOZ;46o Corpo do Mo?ambique
MOZ;47o Corpo do Mo?ambique
MOZ;48o Corpo do Mo?ambique
MOZ;49o Corpo do Mo?ambique
MOZ;50o Corpo do Mo?ambique
MTN;1. crna gora korpus
MTN;2. crna gora korpus
MTN;3. crna gora korpus
MTN;4. crna gora korpus
MTN;5. crna gora korpus
MTN;6. crna gora korpus
MTN;7. crna gora korpus
MTN;8. crna gora korpus
MTN;9. crna gora korpus
MTN;10. crna gora korpus
MTN;11. crna gora korpus
MTN;12. crna gora korpus
MTN;13. crna gora korpus
MTN;14. crna gora korpus
MTN;15. crna gora korpus
MTN;16. crna gora korpus
MTN;17. crna gora korpus
MTN;18. crna gora korpus
MTN;19. crna gora korpus
MTN;20. crna gora korpus
MTN;21. crna gora korpus
MTN;22. crna gora korpus
MTN;23. crna gora korpus
MTN;24. crna gora korpus
MTN;25. crna gora korpus
MTN;26. crna gora korpus
MTN;27. crna gora korpus
MTN;28. crna gora korpus
MTN;29. crna gora korpus
MTN;30. crna gora korpus
MTN;31. crna gora korpus
MTN;32. crna gora korpus
MTN;33. crna gora korpus
MTN;34. crna gora korpus
MTN;35. crna gora korpus
MTN;36. crna gora korpus
MTN;37. crna gora korpus
MTN;38. crna gora korpus
MTN;39. crna gora korpus
MTN;40. crna gora korpus
MTN;41. crna gora korpus
MTN;42. crna gora korpus
MTN;43. crna gora korpus
MTN;44. crna gora korpus
MTN;45. crna gora korpus
MTN;46. crna gora korpus
MTN;47. crna gora korpus
MTN;48. crna gora korpus
MTN;49. crna gora korpus
MTN;50. crna gora korpus
NAM;I Namibian Corps
NAM;II Namibian Corps
NAM;III Namibian Corps
NAM;IV Namibian Corps
NAM;V Namibian Corps
NAM;VI Namibian Corps
NAM;VII Namibian Corps
NAM;VIII Namibian Corps
NAM;IX Namibian Corps
NAM;X Namibian Corps
NAM;XI Namibian Corps
NAM;XII Namibian Corps
NAM;XIII Namibian Corps
NAM;XIV Namibian Corps
NAM;XV Namibian Corps
NAM;XVI Namibian Corps
NAM;XVII Namibian Corps
NAM;XVIII Namibian Corps
NAM;XIX Namibian Corps
NAM;XX Namibian Corps
NAM;XXI Namibian Corps
NAM;XXII Namibian Corps
NAM;XXIII Namibian Corps
NAM;XXIV Namibian Corps
NAM;XXV Namibian Corps
NAM;XXVI Namibian Corps
NAM;XXVII Namibian Corps
NAM;XXVIII Namibian Corps
NAM;XXIX Namibian Corps
NAM;XXX Namibian Corps
NAM;XXXI Namibian Corps
NAM;XXXII Namibian Corps
NAM;XXXIII Namibian Corps
NAM;XXXIV Namibian Corps
NAM;XXXV Namibian Corps
NAM;XXXVI Namibian Corps
NAM;XXXVII Namibian Corps
NAM;XXXVIII Namibian Corps
NAM;XXXIX Namibian Corps
NAM;XL Namibian Corps
NAM;XLI Namibian Corps
NAM;XLII Namibian Corps
NAM;XLIII Namibian Corps
NAM;XLIV Namibian Corps
NAM;XLV Namibian Corps
NAM;XLVI Namibian Corps
NAM;XLVII Namibian Corps
NAM;XLVIII Namibian Corps
NAM;XLIX Namibian Corps
NAM;L Namibian Corps
NEP;I Nepalese Corps
NEP;II Nepalese Corps
NEP;III Nepalese Corps
NEP;IV Nepalese Corps
NEP;V Nepalese Corps
NEP;VI Nepalese Corps
NEP;VII Nepalese Corps
NEP;VIII Nepalese Corps
NEP;IX Nepalese Corps
NEP;X Nepalese Corps
NEP;XI Nepalese Corps
NEP;XII Nepalese Corps
NEP;XIII Nepalese Corps
NEP;XIV Nepalese Corps
NEP;XV Nepalese Corps
NEP;XVI Nepalese Corps
NEP;XVII Nepalese Corps
NEP;XVIII Nepalese Corps
NEP;XIX Nepalese Corps
NEP;XX Nepalese Corps
NEP;XXI Nepalese Corps
NEP;XXII Nepalese Corps
NEP;XXIII Nepalese Corps
NEP;XXIV Nepalese Corps
NEP;XXV Nepalese Corps
NEP;XXVI Nepalese Corps
NEP;XXVII Nepalese Corps
NEP;XXVIII Nepalese Corps
NEP;XXIX Nepalese Corps
NEP;XXX Nepalese Corps
NEP;XXXI Nepalese Corps
NEP;XXXII Nepalese Corps
NEP;XXXIII Nepalese Corps
NEP;XXXIV Nepalese Corps
NEP;XXXV Nepalese Corps
NEP;XXXVI Nepalese Corps
NEP;XXXVII Nepalese Corps
NEP;XXXVIII Nepalese Corps
NEP;XXXIX Nepalese Corps
NEP;XL Nepalese Corps
NEP;XLI Nepalese Corps
NEP;XLII Nepalese Corps
NEP;XLIII Nepalese Corps
NEP;XLIV Nepalese Corps
NEP;XLV Nepalese Corps
NEP;XLVI Nepalese Corps
NEP;XLVII Nepalese Corps
NEP;XLVIII Nepalese Corps
NEP;XLIX Nepalese Corps
NEP;L Nepalese Corps
NIC;I Cuerpo de Ej?rcito nicarag?ense
NIC;II Cuerpo de Ej?rcito nicarag?ense
NIC;III Cuerpo de Ej?rcito nicarag?ense
NIC;IV Cuerpo de Ej?rcito nicarag?ense
NIC;V Cuerpo de Ej?rcito nicarag?ense
NIC;VI Cuerpo de Ej?rcito nicarag?ense
NIC;VII Cuerpo de Ej?rcito nicarag?ense
NIC;VIII Cuerpo de Ej?rcito nicarag?ense
NIC;IX Cuerpo de Ej?rcito nicarag?ense
NIC;X Cuerpo de Ej?rcito nicarag?ense
NIC;XI Cuerpo de Ej?rcito nicarag?ense
NIC;XII Cuerpo de Ej?rcito nicarag?ense
NIC;XIII Cuerpo de Ej?rcito nicarag?ense
NIC;XIV Cuerpo de Ej?rcito nicarag?ense
NIC;XV Cuerpo de Ej?rcito nicarag?ense
NIC;XVI Cuerpo de Ej?rcito nicarag?ense
NIC;XVII Cuerpo de Ej?rcito nicarag?ense
NIC;XVIII Cuerpo de Ej?rcito nicarag?ense
NIC;XIX Cuerpo de Ej?rcito nicarag?ense
NIC;XX Cuerpo de Ej?rcito nicarag?ense
NIC;XXI Cuerpo de Ej?rcito nicarag?ense
NIC;XXII Cuerpo de Ej?rcito nicarag?ense
NIC;XXIII Cuerpo de Ej?rcito nicarag?ense
NIC;XXIV Cuerpo de Ej?rcito nicarag?ense
NIC;XXV Cuerpo de Ej?rcito nicarag?ense
NIC;XXVI Cuerpo de Ej?rcito nicarag?ense
NIC;XXVII Cuerpo de Ej?rcito nicarag?ense
NIC;XXVIII Cuerpo de Ej?rcito nicarag?ense
NIC;XXIX Cuerpo de Ej?rcito nicarag?ense
NIC;XXX Cuerpo de Ej?rcito nicarag?ense
NIC;XXXI Cuerpo de Ej?rcito nicarag?ense
NIC;XXXII Cuerpo de Ej?rcito nicarag?ense
NIC;XXXIII Cuerpo de Ej?rcito nicarag?ense
NIC;XXXIV Cuerpo de Ej?rcito nicarag?ense
NIC;XXXV Cuerpo de Ej?rcito nicarag?ense
NIC;XXXVI Cuerpo de Ej?rcito nicarag?ense
NIC;XXXVII Cuerpo de Ej?rcito nicarag?ense
NIC;XXXVIII Cuerpo de Ej?rcito nicarag?ense
NIC;XXXIX Cuerpo de Ej?rcito nicarag?ense
NIC;XL Cuerpo de Ej?rcito nicarag?ense
NIC;XLI Cuerpo de Ej?rcito nicarag?ense
NIC;XLII Cuerpo de Ej?rcito nicarag?ense
NIC;XLIII Cuerpo de Ej?rcito nicarag?ense
NIC;XLIV Cuerpo de Ej?rcito nicarag?ense
NIC;XLV Cuerpo de Ej?rcito nicarag?ense
NIC;XLVI Cuerpo de Ej?rcito nicarag?ense
NIC;XLVII Cuerpo de Ej?rcito nicarag?ense
NIC;XLVIII Cuerpo de Ej?rcito nicarag?ense
NIC;XLIX Cuerpo de Ej?rcito nicarag?ense
NIC;L Cuerpo de Ej?rcito nicarag?ense
NIG;I Nigerian Corps
NIG;II Nigerian Corps
NIG;III Nigerian Corps
NIG;IV Nigerian Corps
NIG;V Nigerian Corps
NIG;VI Nigerian Corps
NIG;VII Nigerian Corps
NIG;VIII Nigerian Corps
NIG;IX Nigerian Corps
NIG;X Nigerian Corps
NIG;XI Nigerian Corps
NIG;XII Nigerian Corps
NIG;XIII Nigerian Corps
NIG;XIV Nigerian Corps
NIG;XV Nigerian Corps
NIG;XVI Nigerian Corps
NIG;XVII Nigerian Corps
NIG;XVIII Nigerian Corps
NIG;XIX Nigerian Corps
NIG;XX Nigerian Corps
NIG;XXI Nigerian Corps
NIG;XXII Nigerian Corps
NIG;XXIII Nigerian Corps
NIG;XXIV Nigerian Corps
NIG;XXV Nigerian Corps
NIG;XXVI Nigerian Corps
NIG;XXVII Nigerian Corps
NIG;XXVIII Nigerian Corps
NIG;XXIX Nigerian Corps
NIG;XXX Nigerian Corps
NIG;XXXI Nigerian Corps
NIG;XXXII Nigerian Corps
NIG;XXXIII Nigerian Corps
NIG;XXXIV Nigerian Corps
NIG;XXXV Nigerian Corps
NIG;XXXVI Nigerian Corps
NIG;XXXVII Nigerian Corps
NIG;XXXVIII Nigerian Corps
NIG;XXXIX Nigerian Corps
NIG;XL Nigerian Corps
NIG;XLI Nigerian Corps
NIG;XLII Nigerian Corps
NIG;XLIII Nigerian Corps
NIG;XLIV Nigerian Corps
NIG;XLV Nigerian Corps
NIG;XLVI Nigerian Corps
NIG;XLVII Nigerian Corps
NIG;XLVIII Nigerian Corps
NIG;XLIX Nigerian Corps
NIG;L Nigerian Corps
NOR;I Norske Arm?korps
NOR;II Norske Arm?korps
NOR;III Norske Arm?korps
NOR;IV Norske Arm?korps
NOR;V Norske Arm?korps
NOR;VI Norske Arm?korps
NOR;VII Norske Arm?korps
NOR;VIII Norske Arm?korps
NOR;IX Norske Arm?korps
NOR;X Norske Arm?korps
NOR;XI Norske Arm?korps
NOR;XII Norske Arm?korps
NOR;XIII Norske Arm?korps
NOR;XIV Norske Arm?korps
NOR;XV Norske Arm?korps
NOR;XVI Norske Arm?korps
NOR;XVII Norske Arm?korps
NOR;XVIII Norske Arm?korps
NOR;XIX Norske Arm?korps
NOR;XX Norske Arm?korps
NOR;XXI Norske Arm?korps
NOR;XXII Norske Arm?korps
NOR;XXIII Norske Arm?korps
NOR;XXIV Norske Arm?korps
NOR;XXV Norske Arm?korps
NOR;XXVI Norske Arm?korps
NOR;XXVII Norske Arm?korps
NOR;XXVIII Norske Arm?korps
NOR;XXIX Norske Arm?korps
NOR;XXX Norske Arm?korps
NOR;XXXI Norske Arm?korps
NOR;XXXII Norske Arm?korps
NOR;XXXIII Norske Arm?korps
NOR;XXXIV Norske Arm?korps
NOR;XXXV Norske Arm?korps
NOR;XXXVI Norske Arm?korps
NOR;XXXVII Norske Arm?korps
NOR;XXXVIII Norske Arm?korps
NOR;XXXIX Norske Arm?korps
NOR;XL Norske Arm?korps
NOR;XLI Norske Arm?korps
NOR;XLII Norske Arm?korps
NOR;XLIII Norske Arm?korps
NOR;XLIV Norske Arm?korps
NOR;XLV Norske Arm?korps
NOR;XLVI Norske Arm?korps
NOR;XLVII Norske Arm?korps
NOR;XLVIII Norske Arm?korps
NOR;XLIX Norske Arm?korps
NOR;L Norske Arm?korps
NZL;I New Zealand Corps
NZL;II New Zealand Corps
NZL;III New Zealand Corps
NZL;IV New Zealand Corps
NZL;V New Zealand Corps
NZL;VI New Zealand Corps
NZL;VII New Zealand Corps
NZL;VIII New Zealand Corps
NZL;IX New Zealand Corps
NZL;X New Zealand Corps
NZL;XI New Zealand Corps
NZL;XII New Zealand Corps
NZL;XIII New Zealand Corps
NZL;XIV New Zealand Corps
NZL;XV New Zealand Corps
NZL;XVI New Zealand Corps
NZL;XVII New Zealand Corps
NZL;XVIII New Zealand Corps
NZL;XIX New Zealand Corps
NZL;XX New Zealand Corps
NZL;XXI New Zealand Corps
NZL;XXII New Zealand Corps
NZL;XXIII New Zealand Corps
NZL;XXIV New Zealand Corps
NZL;XXV New Zealand Corps
NZL;XXVI New Zealand Corps
NZL;XXVII New Zealand Corps
NZL;XXVIII New Zealand Corps
NZL;XXIX New Zealand Corps
NZL;XXX New Zealand Corps
NZL;XXXI New Zealand Corps
NZL;XXXII New Zealand Corps
NZL;XXXIII New Zealand Corps
NZL;XXXIV New Zealand Corps
NZL;XXXV New Zealand Corps
NZL;XXXVI New Zealand Corps
NZL;XXXVII New Zealand Corps
NZL;XXXVIII New Zealand Corps
NZL;XXXIX New Zealand Corps
NZL;XL New Zealand Corps
NZL;XLI New Zealand Corps
NZL;XLII New Zealand Corps
NZL;XLIII New Zealand Corps
NZL;XLIV New Zealand Corps
NZL;XLV New Zealand Corps
NZL;XLVI New Zealand Corps
NZL;XLVII New Zealand Corps
NZL;XLVIII New Zealand Corps
NZL;XLIX New Zealand Corps
NZL;L New Zealand Corps
OMN;1. Corps al-'Umaniyya
OMN;2. Corps al-'Umaniyya
OMN;3. Corps al-'Umaniyya
OMN;4. Corps al-'Umaniyya
OMN;5. Corps al-'Umaniyya
OMN;6. Corps al-'Umaniyya
OMN;7. Corps al-'Umaniyya
OMN;8. Corps al-'Umaniyya
OMN;9. Corps al-'Umaniyya
OMN;10. Corps al-'Umaniyya
OMN;11. Corps al-'Umaniyya
OMN;12. Corps al-'Umaniyya
OMN;13. Corps al-'Umaniyya
OMN;14. Corps al-'Umaniyya
OMN;15. Corps al-'Umaniyya
OMN;16. Corps al-'Umaniyya
OMN;17. Corps al-'Umaniyya
OMN;18. Corps al-'Umaniyya
OMN;19. Corps al-'Umaniyya
OMN;20. Corps al-'Umaniyya
OMN;21. Corps al-'Umaniyya
OMN;22. Corps al-'Umaniyya
OMN;23. Corps al-'Umaniyya
OMN;24. Corps al-'Umaniyya
OMN;25. Corps al-'Umaniyya
OMN;26. Corps al-'Umaniyya
OMN;27. Corps al-'Umaniyya
OMN;28. Corps al-'Umaniyya
OMN;29. Corps al-'Umaniyya
OMN;30. Corps al-'Umaniyya
OMN;31. Corps al-'Umaniyya
OMN;32. Corps al-'Umaniyya
OMN;33. Corps al-'Umaniyya
OMN;34. Corps al-'Umaniyya
OMN;35. Corps al-'Umaniyya
OMN;36. Corps al-'Umaniyya
OMN;37. Corps al-'Umaniyya
OMN;38. Corps al-'Umaniyya
OMN;39. Corps al-'Umaniyya
OMN;40. Corps al-'Umaniyya
OMN;41. Corps al-'Umaniyya
OMN;42. Corps al-'Umaniyya
OMN;43. Corps al-'Umaniyya
OMN;44. Corps al-'Umaniyya
OMN;45. Corps al-'Umaniyya
OMN;46. Corps al-'Umaniyya
OMN;47. Corps al-'Umaniyya
OMN;48. Corps al-'Umaniyya
OMN;49. Corps al-'Umaniyya
OMN;50. Corps al-'Umaniyya
OTT;Osmanli I. Kolordusu
OTT;Osmanli II. Kolordusu
OTT;Osmanli III. Kolordusu
OTT;Osmanli IV. Kolordusu
OTT;Osmanli V. Kolordusu
OTT;Osmanli VI. Kolordusu
OTT;Osmanli VII. Kolordusu
OTT;Osmanli VIII. Kolordusu
OTT;Osmanli IX. Kolordusu
OTT;Osmanli X. Kolordusu
OTT;Osmanli XI. Kolordusu
OTT;Osmanli XII. Kolordusu
OTT;Osmanli XIII. Kolordusu
OTT;Osmanli XIV. Kolordusu
OTT;Osmanli XV. Kolordusu
OTT;Osmanli XVI. Kolordusu
OTT;Osmanli XVII. Kolordusu
OTT;Osmanli XVIII. Kolordusu
OTT;Osmanli XIX. Kolordusu
OTT;Osmanli XX. Kolordusu
OTT;Osmanli XXI. Kolordusu
OTT;Osmanli XXII. Kolordusu
OTT;Osmanli XXIII. Kolordusu
OTT;Osmanli XXIV. Kolordusu
OTT;Osmanli XXV. Kolordusu
OTT;Osmanli XXVI. Kolordusu
OTT;Osmanli XXVII. Kolordusu
OTT;Osmanli XXVIII. Kolordusu
OTT;Osmanli XXIX. Kolordusu
OTT;Osmanli XXX. Kolordusu
OTT;Osmanli XXXI. Kolordusu
OTT;Osmanli XXXII. Kolordusu
OTT;Osmanli XXXIII. Kolordusu
OTT;Osmanli XXXIV. Kolordusu
OTT;Osmanli XXXV. Kolordusu
OTT;Osmanli XXXVI. Kolordusu
OTT;Osmanli XXXVII. Kolordusu
OTT;Osmanli XXXVIII. Kolordusu
OTT;Osmanli XXXIX. Kolordusu
OTT;Osmanli XL. Kolordusu
OTT;Osmanli XLI. Kolordusu
OTT;Osmanli XLII. Kolordusu
OTT;Osmanli XLIII. Kolordusu
OTT;Osmanli XLIV. Kolordusu
OTT;Osmanli XLV. Kolordusu
OTT;Osmanli XLVI. Kolordusu
OTT;Osmanli XLVII. Kolordusu
OTT;Osmanli XLVIII. Kolordusu
OTT;Osmanli XLIX. Kolordusu
OTT;Osmanli L. Kolordusu
OTT;Osmanli LI. Kolordusu
OTT;Osmanli LII. Kolordusu
OTT;Osmanli LIII. Kolordusu
OTT;Osmanli LIV. Kolordusu
OTT;Osmanli LV. Kolordusu
OTT;Osmanli LVI. Kolordusu
OTT;Osmanli LVII. Kolordusu
OTT;Osmanli LVIII. Kolordusu
OTT;Osmanli LIX. Kolordusu
OTT;Osmanli LX. Kolordusu
OTT;Osmanli LXI. Kolordusu
OTT;Osmanli LXII. Kolordusu
OTT;Osmanli LXIII. Kolordusu
OTT;Osmanli LXIV. Kolordusu
OTT;Osmanli LXV. Kolordusu
OTT;Osmanli LXVI. Kolordusu
OTT;Osmanli LXVII. Kolordusu
OTT;Osmanli LXVIII. Kolordusu
OTT;Osmanli LXIX. Kolordusu
OTT;Osmanli LXX. Kolordusu
OTT;Osmanli LXXI. Kolordusu
OTT;Osmanli LXXII. Kolordusu
OTT;Osmanli LXXIII. Kolordusu
OTT;Osmanli LXXIV. Kolordusu
OTT;Osmanli LXXV. Kolordusu
OTT;Osmanli LXXVI. Kolordusu
OTT;Osmanli LXXVII. Kolordusu
OTT;Osmanli LXXVIII. Kolordusu
OTT;Osmanli LXXIX. Kolordusu
OTT;Osmanli LXXX. Kolordusu
OTT;Osmanli LXXXI. Kolordusu
OTT;Osmanli LXXXII. Kolordusu
OTT;Osmanli LXXXIII. Kolordusu
OTT;Osmanli LXXXIV. Kolordusu
OTT;Osmanli LXXXV. Kolordusu
OTT;Osmanli LXXXVI. Kolordusu
OTT;Osmanli LXXXVII. Kolordusu
OTT;Osmanli LXXXVIII. Kolordusu
OTT;Osmanli LXXXIX. Kolordusu
OTT;Osmanli XC. Kolordusu
OTT;Osmanli XCI. Kolordusu
OTT;Osmanli XCII. Kolordusu
OTT;Osmanli XCIII. Kolordusu
OTT;Osmanli XCIV. Kolordusu
OTT;Osmanli XCV. Kolordusu
OTT;Osmanli XCVI. Kolordusu
OTT;Osmanli XCVII. Kolordusu
OTT;Osmanli XCVIII. Kolordusu
OTT;Osmanli XCIX. Kolordusu
OTT;Osmanli C. Kolordusu
OTT;Osmanli CI. Kolordusu
OTT;Osmanli CII. Kolordusu
OTT;Osmanli CIII. Kolordusu
OTT;Osmanli CIV. Kolordusu
OTT;Osmanli CV. Kolordusu
OTT;Osmanli CVI. Kolordusu
OTT;Osmanli CVII. Kolordusu
OTT;Osmanli CVIII. Kolordusu
OTT;Osmanli CIX. Kolordusu
OTT;Osmanli CX. Kolordusu
OTT;Osmanli CXI. Kolordusu
OTT;Osmanli CXII. Kolordusu
OTT;Osmanli CXIII. Kolordusu
OTT;Osmanli CXIV. Kolordusu
OTT;Osmanli CXV. Kolordusu
OTT;Osmanli CXVI. Kolordusu
OTT;Osmanli CXVII. Kolordusu
OTT;Osmanli CXVIII. Kolordusu
OTT;Osmanli CXIX. Kolordusu
OTT;Osmanli CXX. Kolordusu
OTT;Osmanli CXXI. Kolordusu
OTT;Osmanli CXXII. Kolordusu
OTT;Osmanli CXXIII. Kolordusu
OTT;Osmanli CXXIV. Kolordusu
OTT;Osmanli CXXV. Kolordusu
OTT;Osmanli CXXVI. Kolordusu
OTT;Osmanli CXXVII. Kolordusu
OTT;Osmanli CXXVIII. Kolordusu
OTT;Osmanli CXXIX. Kolordusu
OTT;Osmanli CXXX. Kolordusu
OTT;Osmanli CXXXI. Kolordusu
OTT;Osmanli CXXXII. Kolordusu
OTT;Osmanli CXXXIII. Kolordusu
OTT;Osmanli CXXXIV. Kolordusu
OTT;Osmanli CXXXV. Kolordusu
OTT;Osmanli CXXXVI. Kolordusu
OTT;Osmanli CXXXVII. Kolordusu
OTT;Osmanli CXXXVIII. Kolordusu
OTT;Osmanli CXXXIX. Kolordusu
OTT;Osmanli CXL. Kolordusu
OTT;Osmanli CXLI. Kolordusu
OTT;Osmanli CXLII. Kolordusu
OTT;Osmanli CXLIII. Kolordusu
OTT;Osmanli CXLIV. Kolordusu
OTT;Osmanli CXLV. Kolordusu
OTT;Osmanli CXLVI. Kolordusu
OTT;Osmanli CXLVII. Kolordusu
OTT;Osmanli CXLVIII. Kolordusu
OTT;Osmanli CXLIX. Kolordusu
OTT;Osmanli CL. Kolordusu
OTT;Osmanli CLI. Kolordusu
OTT;Osmanli CLII. Kolordusu
OTT;Osmanli CLIII. Kolordusu
OTT;Osmanli CLIV. Kolordusu
OTT;Osmanli CLV. Kolordusu
OTT;Osmanli CLVI. Kolordusu
OTT;Osmanli CLVII. Kolordusu
OTT;Osmanli CLVIII. Kolordusu
OTT;Osmanli CLIX. Kolordusu
OTT;Osmanli CLX. Kolordusu
OTT;Osmanli CLXI. Kolordusu
OTT;Osmanli CLXII. Kolordusu
OTT;Osmanli CLXIII. Kolordusu
OTT;Osmanli CLXIV. Kolordusu
OTT;Osmanli CLXV. Kolordusu
OTT;Osmanli CLXVI. Kolordusu
OTT;Osmanli CLXVII. Kolordusu
OTT;Osmanli CLXVIII. Kolordusu
OTT;Osmanli CLXIX. Kolordusu
OTT;Osmanli CLXX. Kolordusu
OTT;Osmanli CLXXI. Kolordusu
OTT;Osmanli CLXXII. Kolordusu
OTT;Osmanli CLXXIII. Kolordusu
OTT;Osmanli CLXXIV. Kolordusu
OTT;Osmanli CLXXV. Kolordusu
OTT;Osmanli CLXXVI. Kolordusu
OTT;Osmanli CLXXVII. Kolordusu
OTT;Osmanli CLXXVIII. Kolordusu
OTT;Osmanli CLXXIX. Kolordusu
OTT;Osmanli CLXXX. Kolordusu
OTT;Osmanli CLXXXI. Kolordusu
OTT;Osmanli CLXXXII. Kolordusu
OTT;Osmanli CLXXXIII. Kolordusu
OTT;Osmanli CLXXXIV. Kolordusu
OTT;Osmanli CLXXXV. Kolordusu
OTT;Osmanli CLXXXVI. Kolordusu
OTT;Osmanli CLXXXVII. Kolordusu
OTT;Osmanli CLXXXVIII. Kolordusu
OTT;Osmanli CLXXXIX. Kolordusu
OTT;Osmanli CXC. Kolordusu
OTT;Osmanli CXCI. Kolordusu
OTT;Osmanli CXCII. Kolordusu
OTT;Osmanli CXCIII. Kolordusu
OTT;Osmanli CXCIV. Kolordusu
OTT;Osmanli CXCV. Kolordusu
OTT;Osmanli CXCVI. Kolordusu
OTT;Osmanli CXCVII. Kolordusu
OTT;Osmanli CXCVIII. Kolordusu
OTT;Osmanli CXCIX. Kolordusu
OTT;Osmanli CC. Kolordusu
PAK;Pakistani I Corps
PAK;Pakistani II Corps
PAK;Pakistani III Corps
PAK;Pakistani IV Corps
PAK;Pakistani V Corps
PAK;Pakistani VI Corps
PAK;Pakistani VII Corps
PAK;Pakistani VIII Corps
PAK;Pakistani IX Corps
PAK;Pakistani X Corps
PAK;Pakistani XI Corps
PAK;Pakistani XII Corps
PAK;Pakistani XIII Corps
PAK;Pakistani XIV Corps
PAK;Pakistani XV Corps
PAK;Pakistani XVI Corps
PAK;Pakistani XVII Corps
PAK;Pakistani XVIII Corps
PAK;Pakistani XIX Corps
PAK;Pakistani XX Corps
PAK;Pakistani XXI Corps
PAK;Pakistani XXII Corps
PAK;Pakistani XXIII Corps
PAK;Pakistani XXIV Corps
PAK;Pakistani XXV Corps
PAK;Pakistani XXVI Corps
PAK;Pakistani XXVII Corps
PAK;Pakistani XXVIII Corps
PAK;Pakistani XXIX Corps
PAK;Pakistani XXX Corps
PAK;Pakistani XXXI Corps
PAK;Pakistani XXXII Corps
PAK;Pakistani XXXIII Corps
PAK;Pakistani XXXIV Corps
PAK;Pakistani XXXV Corps
PAK;Pakistani XXXVI Corps
PAK;Pakistani XXXVII Corps
PAK;Pakistani XXXVIII Corps
PAK;Pakistani XXXIX Corps
PAK;Pakistani XL Corps
PAK;Pakistani XLI Corps
PAK;Pakistani XLII Corps
PAK;Pakistani XLIII Corps
PAK;Pakistani XLIV Corps
PAK;Pakistani XLV Corps
PAK;Pakistani XLVI Corps
PAK;Pakistani XLVII Corps
PAK;Pakistani XLVIII Corps
PAK;Pakistani XLIX Corps
PAK;Pakistani L Corps
PAL;1. Corps al-Filastiniyyah
PAL;2. Corps al-Filastiniyyah
PAL;3. Corps al-Filastiniyyah
PAL;4. Corps al-Filastiniyyah
PAL;5. Corps al-Filastiniyyah
PAL;6. Corps al-Filastiniyyah
PAL;7. Corps al-Filastiniyyah
PAL;8. Corps al-Filastiniyyah
PAL;9. Corps al-Filastiniyyah
PAL;10. Corps al-Filastiniyyah
PAL;11. Corps al-Filastiniyyah
PAL;12. Corps al-Filastiniyyah
PAL;13. Corps al-Filastiniyyah
PAL;14. Corps al-Filastiniyyah
PAL;15. Corps al-Filastiniyyah
PAL;16. Corps al-Filastiniyyah
PAL;17. Corps al-Filastiniyyah
PAL;18. Corps al-Filastiniyyah
PAL;19. Corps al-Filastiniyyah
PAL;20. Corps al-Filastiniyyah
PAL;21. Corps al-Filastiniyyah
PAL;22. Corps al-Filastiniyyah
PAL;23. Corps al-Filastiniyyah
PAL;24. Corps al-Filastiniyyah
PAL;25. Corps al-Filastiniyyah
PAL;26. Corps al-Filastiniyyah
PAL;27. Corps al-Filastiniyyah
PAL;28. Corps al-Filastiniyyah
PAL;29. Corps al-Filastiniyyah
PAL;30. Corps al-Filastiniyyah
PAL;31. Corps al-Filastiniyyah
PAL;32. Corps al-Filastiniyyah
PAL;33. Corps al-Filastiniyyah
PAL;34. Corps al-Filastiniyyah
PAL;35. Corps al-Filastiniyyah
PAL;36. Corps al-Filastiniyyah
PAL;37. Corps al-Filastiniyyah
PAL;38. Corps al-Filastiniyyah
PAL;39. Corps al-Filastiniyyah
PAL;40. Corps al-Filastiniyyah
PAL;41. Corps al-Filastiniyyah
PAL;42. Corps al-Filastiniyyah
PAL;43. Corps al-Filastiniyyah
PAL;44. Corps al-Filastiniyyah
PAL;45. Corps al-Filastiniyyah
PAL;46. Corps al-Filastiniyyah
PAL;47. Corps al-Filastiniyyah
PAL;48. Corps al-Filastiniyyah
PAL;49. Corps al-Filastiniyyah
PAL;50. Corps al-Filastiniyyah
PAN;I Cuerpo de Ej?rcito paname?o
PAN;II Cuerpo de Ej?rcito paname?o
PAN;III Cuerpo de Ej?rcito paname?o
PAN;IV Cuerpo de Ej?rcito paname?o
PAN;V Cuerpo de Ej?rcito paname?o
PAN;VI Cuerpo de Ej?rcito paname?o
PAN;VII Cuerpo de Ej?rcito paname?o
PAN;VIII Cuerpo de Ej?rcito paname?o
PAN;IX Cuerpo de Ej?rcito paname?o
PAN;X Cuerpo de Ej?rcito paname?o
PAN;XI Cuerpo de Ej?rcito paname?o
PAN;XII Cuerpo de Ej?rcito paname?o
PAN;XIII Cuerpo de Ej?rcito paname?o
PAN;XIV Cuerpo de Ej?rcito paname?o
PAN;XV Cuerpo de Ej?rcito paname?o
PAN;XVI Cuerpo de Ej?rcito paname?o
PAN;XVII Cuerpo de Ej?rcito paname?o
PAN;XVIII Cuerpo de Ej?rcito paname?o
PAN;XIX Cuerpo de Ej?rcito paname?o
PAN;XX Cuerpo de Ej?rcito paname?o
PAN;XXI Cuerpo de Ej?rcito paname?o
PAN;XXII Cuerpo de Ej?rcito paname?o
PAN;XXIII Cuerpo de Ej?rcito paname?o
PAN;XXIV Cuerpo de Ej?rcito paname?o
PAN;XXV Cuerpo de Ej?rcito paname?o
PAN;XXVI Cuerpo de Ej?rcito paname?o
PAN;XXVII Cuerpo de Ej?rcito paname?o
PAN;XXVIII Cuerpo de Ej?rcito paname?o
PAN;XXIX Cuerpo de Ej?rcito paname?o
PAN;XXX Cuerpo de Ej?rcito paname?o
PAN;XXXI Cuerpo de Ej?rcito paname?o
PAN;XXXII Cuerpo de Ej?rcito paname?o
PAN;XXXIII Cuerpo de Ej?rcito paname?o
PAN;XXXIV Cuerpo de Ej?rcito paname?o
PAN;XXXV Cuerpo de Ej?rcito paname?o
PAN;XXXVI Cuerpo de Ej?rcito paname?o
PAN;XXXVII Cuerpo de Ej?rcito paname?o
PAN;XXXVIII Cuerpo de Ej?rcito paname?o
PAN;XXXIX Cuerpo de Ej?rcito paname?o
PAN;XL Cuerpo de Ej?rcito paname?o
PAN;XLI Cuerpo de Ej?rcito paname?o
PAN;XLII Cuerpo de Ej?rcito paname?o
PAN;XLIII Cuerpo de Ej?rcito paname?o
PAN;XLIV Cuerpo de Ej?rcito paname?o
PAN;XLV Cuerpo de Ej?rcito paname?o
PAN;XLVI Cuerpo de Ej?rcito paname?o
PAN;XLVII Cuerpo de Ej?rcito paname?o
PAN;XLVIII Cuerpo de Ej?rcito paname?o
PAN;XLIX Cuerpo de Ej?rcito paname?o
PAN;L Cuerpo de Ej?rcito paname?o
PAR;I Cuerpo de Ej?rcito paraguayo
PAR;II Cuerpo de Ej?rcito paraguayo
PAR;III Cuerpo de Ej?rcito paraguayo
PAR;IV Cuerpo de Ej?rcito paraguayo
PAR;V Cuerpo de Ej?rcito paraguayo
PAR;VI Cuerpo de Ej?rcito paraguayo
PAR;VII Cuerpo de Ej?rcito paraguayo
PAR;VIII Cuerpo de Ej?rcito paraguayo
PAR;IX Cuerpo de Ej?rcito paraguayo
PAR;X Cuerpo de Ej?rcito paraguayo
PAR;XI Cuerpo de Ej?rcito paraguayo
PAR;XII Cuerpo de Ej?rcito paraguayo
PAR;XIII Cuerpo de Ej?rcito paraguayo
PAR;XIV Cuerpo de Ej?rcito paraguayo
PAR;XV Cuerpo de Ej?rcito paraguayo
PAR;XVI Cuerpo de Ej?rcito paraguayo
PAR;XVII Cuerpo de Ej?rcito paraguayo
PAR;XVIII Cuerpo de Ej?rcito paraguayo
PAR;XIX Cuerpo de Ej?rcito paraguayo
PAR;XX Cuerpo de Ej?rcito paraguayo
PAR;XXI Cuerpo de Ej?rcito paraguayo
PAR;XXII Cuerpo de Ej?rcito paraguayo
PAR;XXIII Cuerpo de Ej?rcito paraguayo
PAR;XXIV Cuerpo de Ej?rcito paraguayo
PAR;XXV Cuerpo de Ej?rcito paraguayo
PAR;XXVI Cuerpo de Ej?rcito paraguayo
PAR;XXVII Cuerpo de Ej?rcito paraguayo
PAR;XXVIII Cuerpo de Ej?rcito paraguayo
PAR;XXIX Cuerpo de Ej?rcito paraguayo
PAR;XXX Cuerpo de Ej?rcito paraguayo
PAR;XXXI Cuerpo de Ej?rcito paraguayo
PAR;XXXII Cuerpo de Ej?rcito paraguayo
PAR;XXXIII Cuerpo de Ej?rcito paraguayo
PAR;XXXIV Cuerpo de Ej?rcito paraguayo
PAR;XXXV Cuerpo de Ej?rcito paraguayo
PAR;XXXVI Cuerpo de Ej?rcito paraguayo
PAR;XXXVII Cuerpo de Ej?rcito paraguayo
PAR;XXXVIII Cuerpo de Ej?rcito paraguayo
PAR;XXXIX Cuerpo de Ej?rcito paraguayo
PAR;XL Cuerpo de Ej?rcito paraguayo
PAR;XLI Cuerpo de Ej?rcito paraguayo
PAR;XLII Cuerpo de Ej?rcito paraguayo
PAR;XLIII Cuerpo de Ej?rcito paraguayo
PAR;XLIV Cuerpo de Ej?rcito paraguayo
PAR;XLV Cuerpo de Ej?rcito paraguayo
PAR;XLVI Cuerpo de Ej?rcito paraguayo
PAR;XLVII Cuerpo de Ej?rcito paraguayo
PAR;XLVIII Cuerpo de Ej?rcito paraguayo
PAR;XLIX Cuerpo de Ej?rcito paraguayo
PAR;L Cuerpo de Ej?rcito paraguayo
PER;I Artes-ye Iran
PER;II Artes-ye Iran
PER;III Artes-ye Iran
PER;IV Artes-ye Iran
PER;V Artes-ye Iran
PER;VI Artes-ye Iran
PER;VII Artes-ye Iran
PER;VIII Artes-ye Iran
PER;IX Artes-ye Iran
PER;X Artes-ye Iran
PER;XI Artes-ye Iran
PER;XII Artes-ye Iran
PER;XIII Artes-ye Iran
PER;XIV Artes-ye Iran
PER;XV Artes-ye Iran
PER;XVI Artes-ye Iran
PER;XVII Artes-ye Iran
PER;XVIII Artes-ye Iran
PER;XIX Artes-ye Iran
PER;XX Artes-ye Iran
PER;XXI Artes-ye Iran
PER;XXII Artes-ye Iran
PER;XXIII Artes-ye Iran
PER;XXIV Artes-ye Iran
PER;XXV Artes-ye Iran
PER;XXVI Artes-ye Iran
PER;XXVII Artes-ye Iran
PER;XXVIII Artes-ye Iran
PER;XXIX Artes-ye Iran
PER;XXX Artes-ye Iran
PER;XXXI Artes-ye Iran
PER;XXXII Artes-ye Iran
PER;XXXIII Artes-ye Iran
PER;XXXIV Artes-ye Iran
PER;XXXV Artes-ye Iran
PER;XXXVI Artes-ye Iran
PER;XXXVII Artes-ye Iran
PER;XXXVIII Artes-ye Iran
PER;XXXIX Artes-ye Iran
PER;XL Artes-ye Iran
PER;XLI Artes-ye Iran
PER;XLII Artes-ye Iran
PER;XLIII Artes-ye Iran
PER;XLIV Artes-ye Iran
PER;XLV Artes-ye Iran
PER;XLVI Artes-ye Iran
PER;XLVII Artes-ye Iran
PER;XLVIII Artes-ye Iran
PER;XLIX Artes-ye Iran
PER;L Artes-ye Iran
PHI;I Cuerpo de Ej?rcito filipino
PHI;II Cuerpo de Ej?rcito filipino
PHI;III Cuerpo de Ej?rcito filipino
PHI;IV Cuerpo de Ej?rcito filipino
PHI;V Cuerpo de Ej?rcito filipino
PHI;VI Cuerpo de Ej?rcito filipino
PHI;VII Cuerpo de Ej?rcito filipino
PHI;VIII Cuerpo de Ej?rcito filipino
PHI;IX Cuerpo de Ej?rcito filipino
PHI;X Cuerpo de Ej?rcito filipino
PHI;XI Cuerpo de Ej?rcito filipino
PHI;XII Cuerpo de Ej?rcito filipino
PHI;XIII Cuerpo de Ej?rcito filipino
PHI;XIV Cuerpo de Ej?rcito filipino
PHI;XV Cuerpo de Ej?rcito filipino
PHI;XVI Cuerpo de Ej?rcito filipino
PHI;XVII Cuerpo de Ej?rcito filipino
PHI;XVIII Cuerpo de Ej?rcito filipino
PHI;XIX Cuerpo de Ej?rcito filipino
PHI;XX Cuerpo de Ej?rcito filipino
PHI;XXI Cuerpo de Ej?rcito filipino
PHI;XXII Cuerpo de Ej?rcito filipino
PHI;XXIII Cuerpo de Ej?rcito filipino
PHI;XXIV Cuerpo de Ej?rcito filipino
PHI;XXV Cuerpo de Ej?rcito filipino
PHI;XXVI Cuerpo de Ej?rcito filipino
PHI;XXVII Cuerpo de Ej?rcito filipino
PHI;XXVIII Cuerpo de Ej?rcito filipino
PHI;XXIX Cuerpo de Ej?rcito filipino
PHI;XXX Cuerpo de Ej?rcito filipino
PHI;XXXI Cuerpo de Ej?rcito filipino
PHI;XXXII Cuerpo de Ej?rcito filipino
PHI;XXXIII Cuerpo de Ej?rcito filipino
PHI;XXXIV Cuerpo de Ej?rcito filipino
PHI;XXXV Cuerpo de Ej?rcito filipino
PHI;XXXVI Cuerpo de Ej?rcito filipino
PHI;XXXVII Cuerpo de Ej?rcito filipino
PHI;XXXVIII Cuerpo de Ej?rcito filipino
PHI;XXXIX Cuerpo de Ej?rcito filipino
PHI;XL Cuerpo de Ej?rcito filipino
PHI;XLI Cuerpo de Ej?rcito filipino
PHI;XLII Cuerpo de Ej?rcito filipino
PHI;XLIII Cuerpo de Ej?rcito filipino
PHI;XLIV Cuerpo de Ej?rcito filipino
PHI;XLV Cuerpo de Ej?rcito filipino
PHI;XLVI Cuerpo de Ej?rcito filipino
PHI;XLVII Cuerpo de Ej?rcito filipino
PHI;XLVIII Cuerpo de Ej?rcito filipino
PHI;XLIX Cuerpo de Ej?rcito filipino
PHI;L Cuerpo de Ej?rcito filipino
POL;1 Armia
POL;2 Armia
POL;3 Armia
POL;4 Armia
POL;5 Armia
POL;6 Armia
POL;7 Armia
POL;8 Armia
POL;9 Armia
POL;10 Armia
POL;11 Armia
POL;12 Armia
POL;13 Armia
POL;14 Armia
POL;15 Armia
POL;16 Armia
POL;17 Armia
POL;18 Armia
POL;19 Armia
POL;20 Armia
POL;21 Armia
POL;22 Armia
POL;23 Armia
POL;24 Armia
POL;25 Armia
POL;26 Armia
POL;27 Armia
POL;28 Armia
POL;29 Armia
POL;30 Armia
POL;31 Armia
POL;32 Armia
POL;33 Armia
POL;34 Armia
POL;35 Armia
POL;36 Armia
POL;37 Armia
POL;38 Armia
POL;39 Armia
POL;40 Armia
POL;41 Armia
POL;42 Armia
POL;43 Armia
POL;44 Armia
POL;45 Armia
POL;46 Armia
POL;47 Armia
POL;48 Armia
POL;49 Armia
POL;50 Armia
POL;51 Armia
POL;52 Armia
POL;53 Armia
POL;54 Armia
POL;55 Armia
POL;56 Armia
POL;57 Armia
POL;58 Armia
POL;59 Armia
POL;60 Armia
POL;61 Armia
POL;62 Armia
POL;63 Armia
POL;64 Armia
POL;65 Armia
POL;66 Armia
POL;67 Armia
POL;68 Armia
POL;69 Armia
POL;70 Armia
POL;71 Armia
POL;72 Armia
POL;73 Armia
POL;74 Armia
POL;75 Armia
POL;76 Armia
POL;77 Armia
POL;78 Armia
POL;79 Armia
POL;80 Armia
POL;81 Armia
POL;82 Armia
POL;83 Armia
POL;84 Armia
POL;85 Armia
POL;86 Armia
POL;87 Armia
POL;88 Armia
POL;89 Armia
POL;90 Armia
POL;91 Armia
POL;92 Armia
POL;93 Armia
POL;94 Armia
POL;95 Armia
POL;96 Armia
POL;97 Armia
POL;98 Armia
POL;99 Armia
POL;100 Armia
POL;101 Armia
POL;102 Armia
POL;103 Armia
POL;104 Armia
POL;105 Armia
POL;106 Armia
POL;107 Armia
POL;108 Armia
POL;109 Armia
POL;110 Armia
POL;111 Armia
POL;112 Armia
POL;113 Armia
POL;114 Armia
POL;115 Armia
POL;116 Armia
POL;117 Armia
POL;118 Armia
POL;119 Armia
POL;120 Armia
POL;121 Armia
POL;122 Armia
POL;123 Armia
POL;124 Armia
POL;125 Armia
POL;126 Armia
POL;127 Armia
POL;128 Armia
POL;129 Armia
POL;130 Armia
POL;131 Armia
POL;132 Armia
POL;133 Armia
POL;134 Armia
POL;135 Armia
POL;136 Armia
POL;137 Armia
POL;138 Armia
POL;139 Armia
POL;140 Armia
POL;141 Armia
POL;142 Armia
POL;143 Armia
POL;144 Armia
POL;145 Armia
POL;146 Armia
POL;147 Armia
POL;148 Armia
POL;149 Armia
POL;150 Armia
POL;151 Armia
POL;152 Armia
POL;153 Armia
POL;154 Armia
POL;155 Armia
POL;156 Armia
POL;157 Armia
POL;158 Armia
POL;159 Armia
POL;160 Armia
POL;161 Armia
POL;162 Armia
POL;163 Armia
POL;164 Armia
POL;165 Armia
POL;166 Armia
POL;167 Armia
POL;168 Armia
POL;169 Armia
POL;170 Armia
POL;171 Armia
POL;172 Armia
POL;173 Armia
POL;174 Armia
POL;175 Armia
POL;176 Armia
POL;177 Armia
POL;178 Armia
POL;179 Armia
POL;180 Armia
POL;181 Armia
POL;182 Armia
POL;183 Armia
POL;184 Armia
POL;185 Armia
POL;186 Armia
POL;187 Armia
POL;188 Armia
POL;189 Armia
POL;190 Armia
POL;191 Armia
POL;192 Armia
POL;193 Armia
POL;194 Armia
POL;195 Armia
POL;196 Armia
POL;197 Armia
POL;198 Armia
POL;199 Armia
POL;200 Armia
POR;1o Corpo de Ex?rcito Portugu?s
POR;2o Corpo de Ex?rcito Portugu?s
POR;3o Corpo de Ex?rcito Portugu?s
POR;4o Corpo de Ex?rcito Portugu?s
POR;5o Corpo de Ex?rcito Portugu?s
POR;6o Corpo de Ex?rcito Portugu?s
POR;7o Corpo de Ex?rcito Portugu?s
POR;8o Corpo de Ex?rcito Portugu?s
POR;9o Corpo de Ex?rcito Portugu?s
POR;10o Corpo de Ex?rcito Portugu?s
POR;11o Corpo de Ex?rcito Portugu?s
POR;12o Corpo de Ex?rcito Portugu?s
POR;13o Corpo de Ex?rcito Portugu?s
POR;14o Corpo de Ex?rcito Portugu?s
POR;15o Corpo de Ex?rcito Portugu?s
POR;16o Corpo de Ex?rcito Portugu?s
POR;17o Corpo de Ex?rcito Portugu?s
POR;18o Corpo de Ex?rcito Portugu?s
POR;19o Corpo de Ex?rcito Portugu?s
POR;20o Corpo de Ex?rcito Portugu?s
POR;21o Corpo de Ex?rcito Portugu?s
POR;22o Corpo de Ex?rcito Portugu?s
POR;23o Corpo de Ex?rcito Portugu?s
POR;24o Corpo de Ex?rcito Portugu?s
POR;25o Corpo de Ex?rcito Portugu?s
POR;26o Corpo de Ex?rcito Portugu?s
POR;27o Corpo de Ex?rcito Portugu?s
POR;28o Corpo de Ex?rcito Portugu?s
POR;29o Corpo de Ex?rcito Portugu?s
POR;30o Corpo de Ex?rcito Portugu?s
POR;31o Corpo de Ex?rcito Portugu?s
POR;32o Corpo de Ex?rcito Portugu?s
POR;33o Corpo de Ex?rcito Portugu?s
POR;34o Corpo de Ex?rcito Portugu?s
POR;35o Corpo de Ex?rcito Portugu?s
POR;36o Corpo de Ex?rcito Portugu?s
POR;37o Corpo de Ex?rcito Portugu?s
POR;38o Corpo de Ex?rcito Portugu?s
POR;39o Corpo de Ex?rcito Portugu?s
POR;40o Corpo de Ex?rcito Portugu?s
POR;41o Corpo de Ex?rcito Portugu?s
POR;42o Corpo de Ex?rcito Portugu?s
POR;43o Corpo de Ex?rcito Portugu?s
POR;44o Corpo de Ex?rcito Portugu?s
POR;45o Corpo de Ex?rcito Portugu?s
POR;46o Corpo de Ex?rcito Portugu?s
POR;47o Corpo de Ex?rcito Portugu?s
POR;48o Corpo de Ex?rcito Portugu?s
POR;49o Corpo de Ex?rcito Portugu?s
POR;50o Corpo de Ex?rcito Portugu?s
PRI;1-y primorskiy armeyskiy korpus
PRI;2-y primorskiy armeyskiy korpus
PRI;3-y primorskiy armeyskiy korpus
PRI;4-y primorskiy armeyskiy korpus
PRI;5-y primorskiy armeyskiy korpus
PRI;6-y primorskiy armeyskiy korpus
PRI;7-y primorskiy armeyskiy korpus
PRI;8-y primorskiy armeyskiy korpus
PRI;9-y primorskiy armeyskiy korpus
PRI;10-y primorskiy armeyskiy korpus
PRI;11-y primorskiy armeyskiy korpus
PRI;12-y primorskiy armeyskiy korpus
PRI;13-y primorskiy armeyskiy korpus
PRI;14-y primorskiy armeyskiy korpus
PRI;15-y primorskiy armeyskiy korpus
PRI;16-y primorskiy armeyskiy korpus
PRI;17-y primorskiy armeyskiy korpus
PRI;18-y primorskiy armeyskiy korpus
PRI;19-y primorskiy armeyskiy korpus
PRI;20-y primorskiy armeyskiy korpus
PRI;21-y primorskiy armeyskiy korpus
PRI;22-y primorskiy armeyskiy korpus
PRI;23-y primorskiy armeyskiy korpus
PRI;24-y primorskiy armeyskiy korpus
PRI;25-y primorskiy armeyskiy korpus
PRI;26-y primorskiy armeyskiy korpus
PRI;27-y primorskiy armeyskiy korpus
PRI;28-y primorskiy armeyskiy korpus
PRI;29-y primorskiy armeyskiy korpus
PRI;30-y primorskiy armeyskiy korpus
PRI;31-y primorskiy armeyskiy korpus
PRI;32-y primorskiy armeyskiy korpus
PRI;33-y primorskiy armeyskiy korpus
PRI;34-y primorskiy armeyskiy korpus
PRI;35-y primorskiy armeyskiy korpus
PRI;36-y primorskiy armeyskiy korpus
PRI;37-y primorskiy armeyskiy korpus
PRI;38-y primorskiy armeyskiy korpus
PRI;39-y primorskiy armeyskiy korpus
PRI;40-y primorskiy armeyskiy korpus
PRI;41-y primorskiy armeyskiy korpus
PRI;42-y primorskiy armeyskiy korpus
PRI;43-y primorskiy armeyskiy korpus
PRI;44-y primorskiy armeyskiy korpus
PRI;45-y primorskiy armeyskiy korpus
PRI;46-y primorskiy armeyskiy korpus
PRI;47-y primorskiy armeyskiy korpus
PRI;48-y primorskiy armeyskiy korpus
PRI;49-y primorskiy armeyskiy korpus
PRI;50-y primorskiy armeyskiy korpus
PRK;I DPRK Corps
PRK;II DPRK Corps
PRK;III DPRK Corps
PRK;IV DPRK Corps
PRK;V DPRK Corps
PRK;VI DPRK Corps
PRK;VII DPRK Corps
PRK;VIII DPRK Corps
PRK;IX DPRK Corps
PRK;X DPRK Corps
PRK;XI DPRK Corps
PRK;XII DPRK Corps
PRK;XIII DPRK Corps
PRK;XIV DPRK Corps
PRK;XV DPRK Corps
PRK;XVI DPRK Corps
PRK;XVII DPRK Corps
PRK;XVIII DPRK Corps
PRK;XIX DPRK Corps
PRK;XX DPRK Corps
PRK;XXI DPRK Corps
PRK;XXII DPRK Corps
PRK;XXIII DPRK Corps
PRK;XXIV DPRK Corps
PRK;XXV DPRK Corps
PRK;XXVI DPRK Corps
PRK;XXVII DPRK Corps
PRK;XXVIII DPRK Corps
PRK;XXIX DPRK Corps
PRK;XXX DPRK Corps
PRK;XXXI DPRK Corps
PRK;XXXII DPRK Corps
PRK;XXXIII DPRK Corps
PRK;XXXIV DPRK Corps
PRK;XXXV DPRK Corps
PRK;XXXVI DPRK Corps
PRK;XXXVII DPRK Corps
PRK;XXXVIII DPRK Corps
PRK;XXXIX DPRK Corps
PRK;XL DPRK Corps
PRK;XLI DPRK Corps
PRK;XLII DPRK Corps
PRK;XLIII DPRK Corps
PRK;XLIV DPRK Corps
PRK;XLV DPRK Corps
PRK;XLVI DPRK Corps
PRK;XLVII DPRK Corps
PRK;XLVIII DPRK Corps
PRK;XLIX DPRK Corps
PRK;L DPRK Corps
PRU;I Cuerpo de Ej?rcito peruano
PRU;II Cuerpo de Ej?rcito peruano
PRU;III Cuerpo de Ej?rcito peruano
PRU;IV Cuerpo de Ej?rcito peruano
PRU;V Cuerpo de Ej?rcito peruano
PRU;VI Cuerpo de Ej?rcito peruano
PRU;VII Cuerpo de Ej?rcito peruano
PRU;VIII Cuerpo de Ej?rcito peruano
PRU;IX Cuerpo de Ej?rcito peruano
PRU;X Cuerpo de Ej?rcito peruano
PRU;XI Cuerpo de Ej?rcito peruano
PRU;XII Cuerpo de Ej?rcito peruano
PRU;XIII Cuerpo de Ej?rcito peruano
PRU;XIV Cuerpo de Ej?rcito peruano
PRU;XV Cuerpo de Ej?rcito peruano
PRU;XVI Cuerpo de Ej?rcito peruano
PRU;XVII Cuerpo de Ej?rcito peruano
PRU;XVIII Cuerpo de Ej?rcito peruano
PRU;XIX Cuerpo de Ej?rcito peruano
PRU;XX Cuerpo de Ej?rcito peruano
PRU;XXI Cuerpo de Ej?rcito peruano
PRU;XXII Cuerpo de Ej?rcito peruano
PRU;XXIII Cuerpo de Ej?rcito peruano
PRU;XXIV Cuerpo de Ej?rcito peruano
PRU;XXV Cuerpo de Ej?rcito peruano
PRU;XXVI Cuerpo de Ej?rcito peruano
PRU;XXVII Cuerpo de Ej?rcito peruano
PRU;XXVIII Cuerpo de Ej?rcito peruano
PRU;XXIX Cuerpo de Ej?rcito peruano
PRU;XXX Cuerpo de Ej?rcito peruano
PRU;XXXI Cuerpo de Ej?rcito peruano
PRU;XXXII Cuerpo de Ej?rcito peruano
PRU;XXXIII Cuerpo de Ej?rcito peruano
PRU;XXXIV Cuerpo de Ej?rcito peruano
PRU;XXXV Cuerpo de Ej?rcito peruano
PRU;XXXVI Cuerpo de Ej?rcito peruano
PRU;XXXVII Cuerpo de Ej?rcito peruano
PRU;XXXVIII Cuerpo de Ej?rcito peruano
PRU;XXXIX Cuerpo de Ej?rcito peruano
PRU;XL Cuerpo de Ej?rcito peruano
PRU;XLI Cuerpo de Ej?rcito peruano
PRU;XLII Cuerpo de Ej?rcito peruano
PRU;XLIII Cuerpo de Ej?rcito peruano
PRU;XLIV Cuerpo de Ej?rcito peruano
PRU;XLV Cuerpo de Ej?rcito peruano
PRU;XLVI Cuerpo de Ej?rcito peruano
PRU;XLVII Cuerpo de Ej?rcito peruano
PRU;XLVIII Cuerpo de Ej?rcito peruano
PRU;XLIX Cuerpo de Ej?rcito peruano
PRU;L Cuerpo de Ej?rcito peruano
QUE;1er Corps d'Arm?e qu?b?coise
QUE;2e Corps d'Arm?e qu?b?coise
QUE;3e Corps d'Arm?e qu?b?coise
QUE;4e Corps d'Arm?e qu?b?coise
QUE;5e Corps d'Arm?e qu?b?coise
QUE;6e Corps d'Arm?e qu?b?coise
QUE;7e Corps d'Arm?e qu?b?coise
QUE;8e Corps d'Arm?e qu?b?coise
QUE;9e Corps d'Arm?e qu?b?coise
QUE;10e Corps d'Arm?e qu?b?coise
QUE;11e Corps d'Arm?e qu?b?coise
QUE;12e Corps d'Arm?e qu?b?coise
QUE;13e Corps d'Arm?e qu?b?coise
QUE;14e Corps d'Arm?e qu?b?coise
QUE;15e Corps d'Arm?e qu?b?coise
QUE;16e Corps d'Arm?e qu?b?coise
QUE;17e Corps d'Arm?e qu?b?coise
QUE;18e Corps d'Arm?e qu?b?coise
QUE;19e Corps d'Arm?e qu?b?coise
QUE;20e Corps d'Arm?e qu?b?coise
QUE;21e Corps d'Arm?e qu?b?coise
QUE;22e Corps d'Arm?e qu?b?coise
QUE;23e Corps d'Arm?e qu?b?coise
QUE;24e Corps d'Arm?e qu?b?coise
QUE;25e Corps d'Arm?e qu?b?coise
QUE;26e Corps d'Arm?e qu?b?coise
QUE;27e Corps d'Arm?e qu?b?coise
QUE;28e Corps d'Arm?e qu?b?coise
QUE;29e Corps d'Arm?e qu?b?coise
QUE;30e Corps d'Arm?e qu?b?coise
QUE;31e Corps d'Arm?e qu?b?coise
QUE;32e Corps d'Arm?e qu?b?coise
QUE;33e Corps d'Arm?e qu?b?coise
QUE;34e Corps d'Arm?e qu?b?coise
QUE;35e Corps d'Arm?e qu?b?coise
QUE;36e Corps d'Arm?e qu?b?coise
QUE;37e Corps d'Arm?e qu?b?coise
QUE;38e Corps d'Arm?e qu?b?coise
QUE;39e Corps d'Arm?e qu?b?coise
QUE;40e Corps d'Arm?e qu?b?coise
QUE;41e Corps d'Arm?e qu?b?coise
QUE;42e Corps d'Arm?e qu?b?coise
QUE;43e Corps d'Arm?e qu?b?coise
QUE;44e Corps d'Arm?e qu?b?coise
QUE;45e Corps d'Arm?e qu?b?coise
QUE;46e Corps d'Arm?e qu?b?coise
QUE;47e Corps d'Arm?e qu?b?coise
QUE;48e Corps d'Arm?e qu?b?coise
QUE;49e Corps d'Arm?e qu?b?coise
QUE;50e Corps d'Arm?e qu?b?coise
REB;I Rebel Army
REB;II Partisan Army
REB;III Partisan Army
REB;IV Rebel Army
REB;V Rebel Army
REB;VI Rebel Army
REB;VII Partisan Army
REB;VIII Partisan Army
REB;IX Revolutionary Army
REB;X Revolutionary Army
REB;XI Rebel Army
REB;XII Partisan Army
REB;XIII Partisan Army
REB;XIV Rebel Army
REB;XV Rebel Army
REB;XVI Rebel Army
REB;XVII Partisan Army
REB;XVIII Partisan Army
REB;XIX Revolutionary Army
REB;XX Revolutionary Army
REB;XXI Rebel Army
REB;XXII Partisan Army
REB;XXIII Partisan Army
REB;XXIV Rebel Army
REB;XXV Rebel Army
REB;XXVI Rebel Army
REB;XXVII Partisan Army
REB;XXVIII Partisan Army
REB;XXIX Revolutionary Army
REB;XXX Revolutionary Army
REB;XXXI Rebel Army
REB;XXXII Partisan Army
REB;XXXIII Partisan Army
REB;XXXIV Rebel Army
REB;XXXV Rebel Army
REB;XXXVI Rebel Army
REB;XXXVII Partisan Army
REB;XXXVIII Partisan Army
REB;XXXIX Revolutionary Army
REB;XL Rebel Army
REB;XLI Rebel Army
REB;XLII Partisan Army
REB;XLIII Partisan Army
REB;XLIV Rebel Army
REB;XLV Rebel Army
REB;XLVI Rebel Army
REB;XLVII Partisan Army
REB;XLVIII Partisan Army
REB;XLIX Revolutionary Army
REB;L Rebel Army
RHO;I Rhodesian Corps
RHO;II Rhodesian Corps
RHO;III Rhodesian Corps
RHO;IV Rhodesian Corps
RHO;V Rhodesian Corps
RHO;VI Rhodesian Corps
RHO;VII Rhodesian Corps
RHO;VIII Rhodesian Corps
RHO;IX Rhodesian Corps
RHO;X Rhodesian Corps
RHO;XI Rhodesian Corps
RHO;XII Rhodesian Corps
RHO;XIII Rhodesian Corps
RHO;XIV Rhodesian Corps
RHO;XV Rhodesian Corps
RHO;XVI Rhodesian Corps
RHO;XVII Rhodesian Corps
RHO;XVIII Rhodesian Corps
RHO;XIX Rhodesian Corps
RHO;XX Rhodesian Corps
RHO;XXI Rhodesian Corps
RHO;XXII Rhodesian Corps
RHO;XXIII Rhodesian Corps
RHO;XXIV Rhodesian Corps
RHO;XXV Rhodesian Corps
RHO;XXVI Rhodesian Corps
RHO;XXVII Rhodesian Corps
RHO;XXVIII Rhodesian Corps
RHO;XXIX Rhodesian Corps
RHO;XXX Rhodesian Corps
RHO;XXXI Rhodesian Corps
RHO;XXXII Rhodesian Corps
RHO;XXXIII Rhodesian Corps
RHO;XXXIV Rhodesian Corps
RHO;XXXV Rhodesian Corps
RHO;XXXVI Rhodesian Corps
RHO;XXXVII Rhodesian Corps
RHO;XXXVIII Rhodesian Corps
RHO;XXXIX Rhodesian Corps
RHO;XL Rhodesian Corps
RHO;XLI Rhodesian Corps
RHO;XLII Rhodesian Corps
RHO;XLIII Rhodesian Corps
RHO;XLIV Rhodesian Corps
RHO;XLV Rhodesian Corps
RHO;XLVI Rhodesian Corps
RHO;XLVII Rhodesian Corps
RHO;XLVIII Rhodesian Corps
RHO;XLIX Rhodesian Corps
RHO;L Rhodesian Corps
ROM;Corpul 1 Armata
ROM;Corpul 2 Armata
ROM;Corpul 3 Armata
ROM;Corpul 4 Armata
ROM;Corpul 5 Armata
ROM;Corpul 6 Armata
ROM;Corpul 7 Armata
ROM;Corpul 8 Armata
ROM;Corpul 9 Armata
ROM;Corpul 10 Armata
ROM;Corpul 11 Armata
ROM;Corpul 12 Armata
ROM;Corpul 13 Armata
ROM;Corpul 14 Armata
ROM;Corpul 15 Armata
ROM;Corpul 16 Armata
ROM;Corpul 17 Armata
ROM;Corpul 18 Armata
ROM;Corpul 19 Armata
ROM;Corpul 20 Armata
ROM;Corpul 21 Armata
ROM;Corpul 22 Armata
ROM;Corpul 23 Armata
ROM;Corpul 24 Armata
ROM;Corpul 25 Armata
ROM;Corpul 26 Armata
ROM;Corpul 27 Armata
ROM;Corpul 28 Armata
ROM;Corpul 29 Armata
ROM;Corpul 30 Armata
ROM;Corpul 31 Armata
ROM;Corpul 32 Armata
ROM;Corpul 33 Armata
ROM;Corpul 34 Armata
ROM;Corpul 35 Armata
ROM;Corpul 36 Armata
ROM;Corpul 37 Armata
ROM;Corpul 38 Armata
ROM;Corpul 39 Armata
ROM;Corpul 40 Armata
ROM;Corpul 41 Armata
ROM;Corpul 42 Armata
ROM;Corpul 43 Armata
ROM;Corpul 44 Armata
ROM;Corpul 45 Armata
ROM;Corpul 46 Armata
ROM;Corpul 47 Armata
ROM;Corpul 48 Armata
ROM;Corpul 49 Armata
ROM;Corpul 50 Armata
ROM;Corpul 51 Armata
ROM;Corpul 52 Armata
ROM;Corpul 53 Armata
ROM;Corpul 54 Armata
ROM;Corpul 55 Armata
ROM;Corpul 56 Armata
ROM;Corpul 57 Armata
ROM;Corpul 58 Armata
ROM;Corpul 59 Armata
ROM;Corpul 60 Armata
ROM;Corpul 61 Armata
ROM;Corpul 62 Armata
ROM;Corpul 63 Armata
ROM;Corpul 64 Armata
ROM;Corpul 65 Armata
ROM;Corpul 66 Armata
ROM;Corpul 67 Armata
ROM;Corpul 68 Armata
ROM;Corpul 69 Armata
ROM;Corpul 70 Armata
ROM;Corpul 71 Armata
ROM;Corpul 72 Armata
ROM;Corpul 73 Armata
ROM;Corpul 74 Armata
ROM;Corpul 75 Armata
ROM;Corpul 76 Armata
ROM;Corpul 77 Armata
ROM;Corpul 78 Armata
ROM;Corpul 79 Armata
ROM;Corpul 80 Armata
ROM;Corpul 81 Armata
ROM;Corpul 82 Armata
ROM;Corpul 83 Armata
ROM;Corpul 84 Armata
ROM;Corpul 85 Armata
ROM;Corpul 86 Armata
ROM;Corpul 87 Armata
ROM;Corpul 88 Armata
ROM;Corpul 89 Armata
ROM;Corpul 90 Armata
ROM;Corpul 91 Armata
ROM;Corpul 92 Armata
ROM;Corpul 93 Armata
ROM;Corpul 94 Armata
ROM;Corpul 95 Armata
ROM;Corpul 96 Armata
ROM;Corpul 97 Armata
ROM;Corpul 98 Armata
ROM;Corpul 99 Armata
ROM;Corpul 100 Armata
RSI;I Corpo d'Armata
RSI;II Corpo d'Armata
RSI;III Corpo d'Armata
RSI;IV Corpo d'Armata
RSI;V Corpo d'Armata
RSI;VI Corpo d'Armata
RSI;VII Corpo d'Armata
RSI;VIII Corpo d'Armata
RSI;IX Corpo d'Armata
RSI;X Corpo d'Armata
RSI;XI Corpo d'Armata
RSI;XII Corpo d'Armata
RSI;XIII Corpo d'Armata
RSI;XIV Corpo d'Armata
RSI;XV Corpo d'Armata
RSI;XVI Corpo d'Armata
RSI;XVII Corpo d'Armata
RSI;XVIII Corpo d'Armata
RSI;XIX Corpo d'Armata
RSI;XX Corpo d'Armata
RSI;XXI Corpo d'Armata
RSI;XXII Corpo d'Armata
RSI;XXIII Corpo d'Armata
RSI;XXIV Corpo d'Armata
RSI;XXV Corpo d'Armata
RSI;XXVI Corpo d'Armata
RSI;XXVII Corpo d'Armata
RSI;XXVIII Corpo d'Armata
RSI;XXIX Corpo d'Armata
RSI;XXX Corpo d'Armata
RSI;XXXI Corpo d'Armata
RSI;XXXII Corpo d'Armata
RSI;XXXIII Corpo d'Armata
RSI;XXXIV Corpo d'Armata
RSI;XXXV Corpo d'Armata
RSI;XXXVI Corpo d'Armata
RSI;XXXVII Corpo d'Armata
RSI;XXXVIII Corpo d'Armata
RSI;XXXIX Corpo d'Armata
RSI;XL Corpo d'Armata
RSI;XLI Corpo d'Armata
RSI;XLII Corpo d'Armata
RSI;XLIII Corpo d'Armata
RSI;XLIV Corpo d'Armata
RSI;XLV Corpo d'Armata
RSI;XLVI Corpo d'Armata
RSI;XLVII Corpo d'Armata
RSI;XLVIII Corpo d'Armata
RSI;XLIX Corpo d'Armata
RSI;L Corpo d'Armata
RSI;LI Corpo d'Armata
RSI;LII Corpo d'Armata
RSI;LIII Corpo d'Armata
RSI;LIV Corpo d'Armata
RSI;LV Corpo d'Armata
RSI;LVI Corpo d'Armata
RSI;LVII Corpo d'Armata
RSI;LVIII Corpo d'Armata
RSI;LIX Corpo d'Armata
RSI;LX Corpo d'Armata
RSI;LXI Corpo d'Armata
RSI;LXII Corpo d'Armata
RSI;LXIII Corpo d'Armata
RSI;LXIV Corpo d'Armata
RSI;LXV Corpo d'Armata
RSI;LXVI Corpo d'Armata
RSI;LXVII Corpo d'Armata
RSI;LXVIII Corpo d'Armata
RSI;LXIX Corpo d'Armata
RSI;LXX Corpo d'Armata
RSI;LXXI Corpo d'Armata
RSI;LXXII Corpo d'Armata
RSI;LXXIII Corpo d'Armata
RSI;LXXIV Corpo d'Armata
RSI;LXXV Corpo d'Armata
RSI;LXXVI Corpo d'Armata
RSI;LXXVII Corpo d'Armata
RSI;LXXVIII Corpo d'Armata
RSI;LXXIX Corpo d'Armata
RSI;LXXX Corpo d'Armata
RSI;LXXXI Corpo d'Armata
RSI;LXXXII Corpo d'Armata
RSI;LXXXIII Corpo d'Armata
RSI;LXXXIV Corpo d'Armata
RSI;LXXXV Corpo d'Armata
RSI;LXXXVI Corpo d'Armata
RSI;LXXXVII Corpo d'Armata
RSI;LXXXVIII Corpo d'Armata
RSI;LXXXIX Corpo d'Armata
RSI;XC Corpo d'Armata
RSI;XCI Corpo d'Armata
RSI;XCII Corpo d'Armata
RSI;XCIII Corpo d'Armata
RSI;XCIV Corpo d'Armata
RSI;XCV Corpo d'Armata
RSI;XCVI Corpo d'Armata
RSI;XCVII Corpo d'Armata
RSI;XCVIII Corpo d'Armata
RSI;XCIX Corpo d'Armata
RSI;C Corpo d'Armata
RSI;CI Corpo d'Armata
RSI;CII Corpo d'Armata
RSI;CIII Corpo d'Armata
RSI;CIV Corpo d'Armata
RSI;CV Corpo d'Armata
RSI;CVI Corpo d'Armata
RSI;CVII Corpo d'Armata
RSI;CVIII Corpo d'Armata
RSI;CIX Corpo d'Armata
RSI;CX Corpo d'Armata
RSI;CXI Corpo d'Armata
RSI;CXII Corpo d'Armata
RSI;CXIII Corpo d'Armata
RSI;CXIV Corpo d'Armata
RSI;CXV Corpo d'Armata
RSI;CXVI Corpo d'Armata
RSI;CXVII Corpo d'Armata
RSI;CXVIII Corpo d'Armata
RSI;CXIX Corpo d'Armata
RSI;CXX Corpo d'Armata
RSI;CXXI Corpo d'Armata
RSI;CXXII Corpo d'Armata
RSI;CXXIII Corpo d'Armata
RSI;CXXIV Corpo d'Armata
RSI;CXXV Corpo d'Armata
RSI;CXXVI Corpo d'Armata
RSI;CXXVII Corpo d'Armata
RSI;CXXVIII Corpo d'Armata
RSI;CXXIX Corpo d'Armata
RSI;CXXX Corpo d'Armata
RSI;CXXXI Corpo d'Armata
RSI;CXXXII Corpo d'Armata
RSI;CXXXIII Corpo d'Armata
RSI;CXXXIV Corpo d'Armata
RSI;CXXXV Corpo d'Armata
RSI;CXXXVI Corpo d'Armata
RSI;CXXXVII Corpo d'Armata
RSI;CXXXVIII Corpo d'Armata
RSI;CXXXIX Corpo d'Armata
RSI;CXL Corpo d'Armata
RSI;CXLI Corpo d'Armata
RSI;CXLII Corpo d'Armata
RSI;CXLIII Corpo d'Armata
RSI;CXLIV Corpo d'Armata
RSI;CXLV Corpo d'Armata
RSI;CXLVI Corpo d'Armata
RSI;CXLVII Corpo d'Armata
RSI;CXLVIII Corpo d'Armata
RSI;CXLIX Corpo d'Armata
RSI;CL Corpo d'Armata
RSI;CLI Corpo d'Armata
RSI;CLII Corpo d'Armata
RSI;CLIII Corpo d'Armata
RSI;CLIV Corpo d'Armata
RSI;CLV Corpo d'Armata
RSI;CLVI Corpo d'Armata
RSI;CLVII Corpo d'Armata
RSI;CLVIII Corpo d'Armata
RSI;CLIX Corpo d'Armata
RSI;CLX Corpo d'Armata
RSI;CLXI Corpo d'Armata
RSI;CLXII Corpo d'Armata
RSI;CLXIII Corpo d'Armata
RSI;CLXIV Corpo d'Armata
RSI;CLXV Corpo d'Armata
RSI;CLXVI Corpo d'Armata
RSI;CLXVII Corpo d'Armata
RSI;CLXVIII Corpo d'Armata
RSI;CLXIX Corpo d'Armata
RSI;CLXX Corpo d'Armata
RSI;CLXXI Corpo d'Armata
RSI;CLXXII Corpo d'Armata
RSI;CLXXIII Corpo d'Armata
RSI;CLXXIV Corpo d'Armata
RSI;CLXXV Corpo d'Armata
RSI;CLXXVI Corpo d'Armata
RSI;CLXXVII Corpo d'Armata
RSI;CLXXVIII Corpo d'Armata
RSI;CLXXIX Corpo d'Armata
RSI;CLXXX Corpo d'Armata
RSI;CLXXXI Corpo d'Armata
RSI;CLXXXII Corpo d'Armata
RSI;CLXXXIII Corpo d'Armata
RSI;CLXXXIV Corpo d'Armata
RSI;CLXXXV Corpo d'Armata
RSI;CLXXXVI Corpo d'Armata
RSI;CLXXXVII Corpo d'Armata
RSI;CLXXXVIII Corpo d'Armata
RSI;CLXXXIX Corpo d'Armata
RSI;CXC Corpo d'Armata
RSI;CXCI Corpo d'Armata
RSI;CXCII Corpo d'Armata
RSI;CXCIII Corpo d'Armata
RSI;CXCIV Corpo d'Armata
RSI;CXCV Corpo d'Armata
RSI;CXCVI Corpo d'Armata
RSI;CXCVII Corpo d'Armata
RSI;CXCVIII Corpo d'Armata
RSI;CXCIX Corpo d'Armata
RSI;CC Corpo d'Armata
RUS;1-y armeyskiy korpus
RUS;2-y armeyskiy korpus
RUS;3-y armeyskiy korpus
RUS;4-y armeyskiy korpus
RUS;5-y armeyskiy korpus
RUS;6-y armeyskiy korpus
RUS;7-y armeyskiy korpus
RUS;8-y armeyskiy korpus
RUS;9-y armeyskiy korpus
RUS;10-y armeyskiy korpus
RUS;11-y armeyskiy korpus
RUS;12-y armeyskiy korpus
RUS;13-y armeyskiy korpus
RUS;14-y armeyskiy korpus
RUS;15-y armeyskiy korpus
RUS;16-y armeyskiy korpus
RUS;17-y armeyskiy korpus
RUS;18-y armeyskiy korpus
RUS;19-y armeyskiy korpus
RUS;20-y armeyskiy korpus
RUS;21-y armeyskiy korpus
RUS;22-y armeyskiy korpus
RUS;23-y armeyskiy korpus
RUS;24-y armeyskiy korpus
RUS;25-y armeyskiy korpus
RUS;26-y armeyskiy korpus
RUS;27-y armeyskiy korpus
RUS;28-y armeyskiy korpus
RUS;29-y armeyskiy korpus
RUS;30-y armeyskiy korpus
RUS;31-y armeyskiy korpus
RUS;32-y armeyskiy korpus
RUS;33-y armeyskiy korpus
RUS;34-y armeyskiy korpus
RUS;35-y armeyskiy korpus
RUS;36-y armeyskiy korpus
RUS;37-y armeyskiy korpus
RUS;38-y armeyskiy korpus
RUS;39-y armeyskiy korpus
RUS;40-y armeyskiy korpus
RUS;41-y armeyskiy korpus
RUS;42-y armeyskiy korpus
RUS;43-y armeyskiy korpus
RUS;44-y armeyskiy korpus
RUS;45-y armeyskiy korpus
RUS;46-y armeyskiy korpus
RUS;47-y armeyskiy korpus
RUS;48-y armeyskiy korpus
RUS;49-y armeyskiy korpus
RUS;50-y armeyskiy korpus
RUS;51-y armeyskiy korpus
RUS;52-y armeyskiy korpus
RUS;53-y armeyskiy korpus
RUS;54-y armeyskiy korpus
RUS;55-y armeyskiy korpus
RUS;56-y armeyskiy korpus
RUS;57-y armeyskiy korpus
RUS;58-y armeyskiy korpus
RUS;59-y armeyskiy korpus
RUS;60-y armeyskiy korpus
RUS;61-y armeyskiy korpus
RUS;62-y armeyskiy korpus
RUS;63-y armeyskiy korpus
RUS;64-y armeyskiy korpus
RUS;65-y armeyskiy korpus
RUS;66-y armeyskiy korpus
RUS;67-y armeyskiy korpus
RUS;68-y armeyskiy korpus
RUS;69-y armeyskiy korpus
RUS;70-y armeyskiy korpus
RUS;71-y armeyskiy korpus
RUS;72-y armeyskiy korpus
RUS;73-y armeyskiy korpus
RUS;74-y armeyskiy korpus
RUS;75-y armeyskiy korpus
RUS;76-y armeyskiy korpus
RUS;77-y armeyskiy korpus
RUS;78-y armeyskiy korpus
RUS;79-y armeyskiy korpus
RUS;80-y armeyskiy korpus
RUS;81-y armeyskiy korpus
RUS;82-y armeyskiy korpus
RUS;83-y armeyskiy korpus
RUS;84-y armeyskiy korpus
RUS;85-y armeyskiy korpus
RUS;86-y armeyskiy korpus
RUS;87-y armeyskiy korpus
RUS;88-y armeyskiy korpus
RUS;89-y armeyskiy korpus
RUS;90-y armeyskiy korpus
RUS;91-y armeyskiy korpus
RUS;92-y armeyskiy korpus
RUS;93-y armeyskiy korpus
RUS;94-y armeyskiy korpus
RUS;95-y armeyskiy korpus
RUS;96-y armeyskiy korpus
RUS;97-y armeyskiy korpus
RUS;98-y armeyskiy korpus
RUS;99-y armeyskiy korpus
RUS;100-y armeyskiy korpus
RUS;101-y armeyskiy korpus
RUS;102-y armeyskiy korpus
RUS;103-y armeyskiy korpus
RUS;104-y armeyskiy korpus
RUS;105-y armeyskiy korpus
RUS;106-y armeyskiy korpus
RUS;107-y armeyskiy korpus
RUS;108-y armeyskiy korpus
RUS;109-y armeyskiy korpus
RUS;110-y armeyskiy korpus
RUS;111-y armeyskiy korpus
RUS;112-y armeyskiy korpus
RUS;113-y armeyskiy korpus
RUS;114-y armeyskiy korpus
RUS;115-y armeyskiy korpus
RUS;116-y armeyskiy korpus
RUS;117-y armeyskiy korpus
RUS;118-y armeyskiy korpus
RUS;119-y armeyskiy korpus
RUS;120-y armeyskiy korpus
RUS;121-y armeyskiy korpus
RUS;122-y armeyskiy korpus
RUS;123-y armeyskiy korpus
RUS;124-y armeyskiy korpus
RUS;125-y armeyskiy korpus
RUS;126-y armeyskiy korpus
RUS;127-y armeyskiy korpus
RUS;128-y armeyskiy korpus
RUS;129-y armeyskiy korpus
RUS;130-y armeyskiy korpus
RUS;131-y armeyskiy korpus
RUS;132-y armeyskiy korpus
RUS;133-y armeyskiy korpus
RUS;134-y armeyskiy korpus
RUS;135-y armeyskiy korpus
RUS;136-y armeyskiy korpus
RUS;137-y armeyskiy korpus
RUS;138-y armeyskiy korpus
RUS;139-y armeyskiy korpus
RUS;140-y armeyskiy korpus
RUS;141-y armeyskiy korpus
RUS;142-y armeyskiy korpus
RUS;143-y armeyskiy korpus
RUS;144-y armeyskiy korpus
RUS;145-y armeyskiy korpus
RUS;146-y armeyskiy korpus
RUS;147-y armeyskiy korpus
RUS;148-y armeyskiy korpus
RUS;149-y armeyskiy korpus
RUS;150-y armeyskiy korpus
RUS;151-y armeyskiy korpus
RUS;152-y armeyskiy korpus
RUS;153-y armeyskiy korpus
RUS;154-y armeyskiy korpus
RUS;155-y armeyskiy korpus
RUS;156-y armeyskiy korpus
RUS;157-y armeyskiy korpus
RUS;158-y armeyskiy korpus
RUS;159-y armeyskiy korpus
RUS;160-y armeyskiy korpus
RUS;161-y armeyskiy korpus
RUS;162-y armeyskiy korpus
RUS;163-y armeyskiy korpus
RUS;164-y armeyskiy korpus
RUS;165-y armeyskiy korpus
RUS;166-y armeyskiy korpus
RUS;167-y armeyskiy korpus
RUS;168-y armeyskiy korpus
RUS;169-y armeyskiy korpus
RUS;170-y armeyskiy korpus
RUS;171-y armeyskiy korpus
RUS;172-y armeyskiy korpus
RUS;173-y armeyskiy korpus
RUS;174-y armeyskiy korpus
RUS;175-y armeyskiy korpus
RUS;176-y armeyskiy korpus
RUS;177-y armeyskiy korpus
RUS;178-y armeyskiy korpus
RUS;179-y armeyskiy korpus
RUS;180-y armeyskiy korpus
RUS;181-y armeyskiy korpus
RUS;182-y armeyskiy korpus
RUS;183-y armeyskiy korpus
RUS;184-y armeyskiy korpus
RUS;185-y armeyskiy korpus
RUS;186-y armeyskiy korpus
RUS;187-y armeyskiy korpus
RUS;188-y armeyskiy korpus
RUS;189-y armeyskiy korpus
RUS;190-y armeyskiy korpus
RUS;191-y armeyskiy korpus
RUS;192-y armeyskiy korpus
RUS;193-y armeyskiy korpus
RUS;194-y armeyskiy korpus
RUS;195-y armeyskiy korpus
RUS;196-y armeyskiy korpus
RUS;197-y armeyskiy korpus
RUS;198-y armeyskiy korpus
RUS;199-y armeyskiy korpus
RUS;200-y armeyskiy korpus
RUS;201-y armeyskiy korpus
RUS;202-y armeyskiy korpus
RUS;203-y armeyskiy korpus
RUS;204-y armeyskiy korpus
RUS;205-y armeyskiy korpus
RUS;206-y armeyskiy korpus
RUS;207-y armeyskiy korpus
RUS;208-y armeyskiy korpus
RUS;209-y armeyskiy korpus
RUS;210-y armeyskiy korpus
RUS;211-y armeyskiy korpus
RUS;212-y armeyskiy korpus
RUS;213-y armeyskiy korpus
RUS;214-y armeyskiy korpus
RUS;215-y armeyskiy korpus
RUS;216-y armeyskiy korpus
RUS;217-y armeyskiy korpus
RUS;218-y armeyskiy korpus
RUS;219-y armeyskiy korpus
RUS;220-y armeyskiy korpus
RUS;221-y armeyskiy korpus
RUS;222-y armeyskiy korpus
RUS;223-y armeyskiy korpus
RUS;224-y armeyskiy korpus
RUS;225-y armeyskiy korpus
RUS;226-y armeyskiy korpus
RUS;227-y armeyskiy korpus
RUS;228-y armeyskiy korpus
RUS;229-y armeyskiy korpus
RUS;230-y armeyskiy korpus
RUS;231-y armeyskiy korpus
RUS;232-y armeyskiy korpus
RUS;233-y armeyskiy korpus
RUS;234-y armeyskiy korpus
RUS;235-y armeyskiy korpus
RUS;236-y armeyskiy korpus
RUS;237-y armeyskiy korpus
RUS;238-y armeyskiy korpus
RUS;239-y armeyskiy korpus
RUS;240-y armeyskiy korpus
RUS;241-y armeyskiy korpus
RUS;242-y armeyskiy korpus
RUS;243-y armeyskiy korpus
RUS;244-y armeyskiy korpus
RUS;245-y armeyskiy korpus
RUS;246-y armeyskiy korpus
RUS;247-y armeyskiy korpus
RUS;248-y armeyskiy korpus
RUS;249-y armeyskiy korpus
RUS;250-y armeyskiy korpus
RUS;251-y armeyskiy korpus
RUS;252-y armeyskiy korpus
RUS;253-y armeyskiy korpus
RUS;254-y armeyskiy korpus
RUS;255-y armeyskiy korpus
RUS;256-y armeyskiy korpus
RUS;257-y armeyskiy korpus
RUS;258-y armeyskiy korpus
RUS;259-y armeyskiy korpus
RUS;260-y armeyskiy korpus
RUS;261-y armeyskiy korpus
RUS;262-y armeyskiy korpus
RUS;263-y armeyskiy korpus
RUS;264-y armeyskiy korpus
RUS;265-y armeyskiy korpus
RUS;266-y armeyskiy korpus
RUS;267-y armeyskiy korpus
RUS;268-y armeyskiy korpus
RUS;269-y armeyskiy korpus
RUS;270-y armeyskiy korpus
RUS;271-y armeyskiy korpus
RUS;272-y armeyskiy korpus
RUS;273-y armeyskiy korpus
RUS;274-y armeyskiy korpus
RUS;275-y armeyskiy korpus
RUS;276-y armeyskiy korpus
RUS;277-y armeyskiy korpus
RUS;278-y armeyskiy korpus
RUS;279-y armeyskiy korpus
RUS;280-y armeyskiy korpus
RUS;281-y armeyskiy korpus
RUS;282-y armeyskiy korpus
RUS;283-y armeyskiy korpus
RUS;284-y armeyskiy korpus
RUS;285-y armeyskiy korpus
RUS;286-y armeyskiy korpus
RUS;287-y armeyskiy korpus
RUS;288-y armeyskiy korpus
RUS;289-y armeyskiy korpus
RUS;290-y armeyskiy korpus
RUS;291-y armeyskiy korpus
RUS;292-y armeyskiy korpus
RUS;293-y armeyskiy korpus
RUS;294-y armeyskiy korpus
RUS;295-y armeyskiy korpus
RUS;296-y armeyskiy korpus
RUS;297-y armeyskiy korpus
RUS;298-y armeyskiy korpus
RUS;299-y armeyskiy korpus
RUS;300-y armeyskiy korpus
SAF;I South African Corps
SAF;II South African Corps
SAF;III South African Corps
SAF;IV South African Corps
SAF;V South African Corps
SAF;VI South African Corps
SAF;VII South African Corps
SAF;VIII South African Corps
SAF;IX South African Corps
SAF;X South African Corps
SAF;XI South African Corps
SAF;XII South African Corps
SAF;XIII South African Corps
SAF;XIV South African Corps
SAF;XV South African Corps
SAF;XVI South African Corps
SAF;XVII South African Corps
SAF;XVIII South African Corps
SAF;XIX South African Corps
SAF;XX South African Corps
SAF;XXI South African Corps
SAF;XXII South African Corps
SAF;XXIII South African Corps
SAF;XXIV South African Corps
SAF;XXV South African Corps
SAF;XXVI South African Corps
SAF;XXVII South African Corps
SAF;XXVIII South African Corps
SAF;XXIX South African Corps
SAF;XXX South African Corps
SAF;XXXI South African Corps
SAF;XXXII South African Corps
SAF;XXXIII South African Corps
SAF;XXXIV South African Corps
SAF;XXXV South African Corps
SAF;XXXVI South African Corps
SAF;XXXVII South African Corps
SAF;XXXVIII South African Corps
SAF;XXXIX South African Corps
SAF;XL South African Corps
SAF;XLI South African Corps
SAF;XLII South African Corps
SAF;XLIII South African Corps
SAF;XLIV South African Corps
SAF;XLV South African Corps
SAF;XLVI South African Corps
SAF;XLVII South African Corps
SAF;XLVIII South African Corps
SAF;XLIX South African Corps
SAF;L South African Corps
SAL;I Cuerpo de Ej?rcito salvadore?o
SAL;II Cuerpo de Ej?rcito salvadore?o
SAL;III Cuerpo de Ej?rcito salvadore?o
SAL;IV Cuerpo de Ej?rcito salvadore?o
SAL;V Cuerpo de Ej?rcito salvadore?o
SAL;VI Cuerpo de Ej?rcito salvadore?o
SAL;VII Cuerpo de Ej?rcito salvadore?o
SAL;VIII Cuerpo de Ej?rcito salvadore?o
SAL;IX Cuerpo de Ej?rcito salvadore?o
SAL;X Cuerpo de Ej?rcito salvadore?o
SAL;XI Cuerpo de Ej?rcito salvadore?o
SAL;XII Cuerpo de Ej?rcito salvadore?o
SAL;XIII Cuerpo de Ej?rcito salvadore?o
SAL;XIV Cuerpo de Ej?rcito salvadore?o
SAL;XV Cuerpo de Ej?rcito salvadore?o
SAL;XVI Cuerpo de Ej?rcito salvadore?o
SAL;XVII Cuerpo de Ej?rcito salvadore?o
SAL;XVIII Cuerpo de Ej?rcito salvadore?o
SAL;XIX Cuerpo de Ej?rcito salvadore?o
SAL;XX Cuerpo de Ej?rcito salvadore?o
SAL;XXI Cuerpo de Ej?rcito salvadore?o
SAL;XXII Cuerpo de Ej?rcito salvadore?o
SAL;XXIII Cuerpo de Ej?rcito salvadore?o
SAL;XXIV Cuerpo de Ej?rcito salvadore?o
SAL;XXV Cuerpo de Ej?rcito salvadore?o
SAL;XXVI Cuerpo de Ej?rcito salvadore?o
SAL;XXVII Cuerpo de Ej?rcito salvadore?o
SAL;XXVIII Cuerpo de Ej?rcito salvadore?o
SAL;XXIX Cuerpo de Ej?rcito salvadore?o
SAL;XXX Cuerpo de Ej?rcito salvadore?o
SAL;XXXI Cuerpo de Ej?rcito salvadore?o
SAL;XXXII Cuerpo de Ej?rcito salvadore?o
SAL;XXXIII Cuerpo de Ej?rcito salvadore?o
SAL;XXXIV Cuerpo de Ej?rcito salvadore?o
SAL;XXXV Cuerpo de Ej?rcito salvadore?o
SAL;XXXVI Cuerpo de Ej?rcito salvadore?o
SAL;XXXVII Cuerpo de Ej?rcito salvadore?o
SAL;XXXVIII Cuerpo de Ej?rcito salvadore?o
SAL;XXXIX Cuerpo de Ej?rcito salvadore?o
SAL;XL Cuerpo de Ej?rcito salvadore?o
SAL;XLI Cuerpo de Ej?rcito salvadore?o
SAL;XLII Cuerpo de Ej?rcito salvadore?o
SAL;XLIII Cuerpo de Ej?rcito salvadore?o
SAL;XLIV Cuerpo de Ej?rcito salvadore?o
SAL;XLV Cuerpo de Ej?rcito salvadore?o
SAL;XLVI Cuerpo de Ej?rcito salvadore?o
SAL;XLVII Cuerpo de Ej?rcito salvadore?o
SAL;XLVIII Cuerpo de Ej?rcito salvadore?o
SAL;XLIX Cuerpo de Ej?rcito salvadore?o
SAL;L Cuerpo de Ej?rcito salvadore?o
SAR;I Sarawakian Corps
SAR;II Sarawakian Corps
SAR;III Sarawakian Corps
SAR;IV Sarawakian Corps
SAR;V Sarawakian Corps
SAR;VI Sarawakian Corps
SAR;VII Sarawakian Corps
SAR;VIII Sarawakian Corps
SAR;IX Sarawakian Corps
SAR;X Sarawakian Corps
SAR;XI Sarawakian Corps
SAR;XII Sarawakian Corps
SAR;XIII Sarawakian Corps
SAR;XIV Sarawakian Corps
SAR;XV Sarawakian Corps
SAR;XVI Sarawakian Corps
SAR;XVII Sarawakian Corps
SAR;XVIII Sarawakian Corps
SAR;XIX Sarawakian Corps
SAR;XX Sarawakian Corps
SAR;XXI Sarawakian Corps
SAR;XXII Sarawakian Corps
SAR;XXIII Sarawakian Corps
SAR;XXIV Sarawakian Corps
SAR;XXV Sarawakian Corps
SAR;XXVI Sarawakian Corps
SAR;XXVII Sarawakian Corps
SAR;XXVIII Sarawakian Corps
SAR;XXIX Sarawakian Corps
SAR;XXX Sarawakian Corps
SAR;XXXI Sarawakian Corps
SAR;XXXII Sarawakian Corps
SAR;XXXIII Sarawakian Corps
SAR;XXXIV Sarawakian Corps
SAR;XXXV Sarawakian Corps
SAR;XXXVI Sarawakian Corps
SAR;XXXVII Sarawakian Corps
SAR;XXXVIII Sarawakian Corps
SAR;XXXIX Sarawakian Corps
SAR;XL Sarawakian Corps
SAR;XLI Sarawakian Corps
SAR;XLII Sarawakian Corps
SAR;XLIII Sarawakian Corps
SAR;XLIV Sarawakian Corps
SAR;XLV Sarawakian Corps
SAR;XLVI Sarawakian Corps
SAR;XLVII Sarawakian Corps
SAR;XLVIII Sarawakian Corps
SAR;XLIX Sarawakian Corps
SAR;L Sarawakian Corps
SAU;1. Corps al-ëArabiyyah as-Suëudiyyah
SAU;2. Corps al-ëArabiyyah as-Suëudiyyah
SAU;3. Corps al-ëArabiyyah as-Suëudiyyah
SAU;4. Corps al-ëArabiyyah as-Suëudiyyah
SAU;5. Corps al-ëArabiyyah as-Suëudiyyah
SAU;6. Corps al-ëArabiyyah as-Suëudiyyah
SAU;7. Corps al-ëArabiyyah as-Suëudiyyah
SAU;8. Corps al-ëArabiyyah as-Suëudiyyah
SAU;9. Corps al-ëArabiyyah as-Suëudiyyah
SAU;10. Corps al-ëArabiyyah as-Suëudiyyah
SAU;11. Corps al-ëArabiyyah as-Suëudiyyah
SAU;12. Corps al-ëArabiyyah as-Suëudiyyah
SAU;13. Corps al-ëArabiyyah as-Suëudiyyah
SAU;14. Corps al-ëArabiyyah as-Suëudiyyah
SAU;15. Corps al-ëArabiyyah as-Suëudiyyah
SAU;16. Corps al-ëArabiyyah as-Suëudiyyah
SAU;17. Corps al-ëArabiyyah as-Suëudiyyah
SAU;18. Corps al-ëArabiyyah as-Suëudiyyah
SAU;19. Corps al-ëArabiyyah as-Suëudiyyah
SAU;20. Corps al-ëArabiyyah as-Suëudiyyah
SAU;21. Corps al-ëArabiyyah as-Suëudiyyah
SAU;22. Corps al-ëArabiyyah as-Suëudiyyah
SAU;23. Corps al-ëArabiyyah as-Suëudiyyah
SAU;24. Corps al-ëArabiyyah as-Suëudiyyah
SAU;25. Corps al-ëArabiyyah as-Suëudiyyah
SAU;26. Corps al-ëArabiyyah as-Suëudiyyah
SAU;27. Corps al-ëArabiyyah as-Suëudiyyah
SAU;28. Corps al-ëArabiyyah as-Suëudiyyah
SAU;29. Corps al-ëArabiyyah as-Suëudiyyah
SAU;30. Corps al-ëArabiyyah as-Suëudiyyah
SAU;31. Corps al-ëArabiyyah as-Suëudiyyah
SAU;32. Corps al-ëArabiyyah as-Suëudiyyah
SAU;33. Corps al-ëArabiyyah as-Suëudiyyah
SAU;34. Corps al-ëArabiyyah as-Suëudiyyah
SAU;35. Corps al-ëArabiyyah as-Suëudiyyah
SAU;36. Corps al-ëArabiyyah as-Suëudiyyah
SAU;37. Corps al-ëArabiyyah as-Suëudiyyah
SAU;38. Corps al-ëArabiyyah as-Suëudiyyah
SAU;39. Corps al-ëArabiyyah as-Suëudiyyah
SAU;40. Corps al-ëArabiyyah as-Suëudiyyah
SAU;41. Corps al-ëArabiyyah as-Suëudiyyah
SAU;42. Corps al-ëArabiyyah as-Suëudiyyah
SAU;43. Corps al-ëArabiyyah as-Suëudiyyah
SAU;44. Corps al-ëArabiyyah as-Suëudiyyah
SAU;45. Corps al-ëArabiyyah as-Suëudiyyah
SAU;46. Corps al-ëArabiyyah as-Suëudiyyah
SAU;47. Corps al-ëArabiyyah as-Suëudiyyah
SAU;48. Corps al-ëArabiyyah as-Suëudiyyah
SAU;49. Corps al-ëArabiyyah as-Suëudiyyah
SAU;50. Corps al-ëArabiyyah as-Suëudiyyah
SCA;1:a Arm?k?ren
SCA;2:a Arm?k?ren
SCA;3:e Arm?k?ren
SCA;4:e Arm?k?ren
SCA;5:e Arm?k?ren
SCA;6:e Arm?k?ren
SCA;7:e Arm?k?ren
SCA;8:e Arm?k?ren
SCA;9:e Arm?k?ren
SCA;10:e Arm?k?ren
SCA;11:a Arm?k?ren
SCA;12:a Arm?k?ren
SCA;13:e Arm?k?ren
SCA;14:e Arm?k?ren
SCA;15:e Arm?k?ren
SCA;16:e Arm?k?ren
SCA;17:e Arm?k?ren
SCA;18:e Arm?k?ren
SCA;19:e Arm?k?ren
SCA;20:e Arm?k?ren
SCA;21:a Arm?k?ren
SCA;22:a Arm?k?ren
SCA;23:e Arm?k?ren
SCA;24:e Arm?k?ren
SCA;25:e Arm?k?ren
SCA;26:e Arm?k?ren
SCA;27:e Arm?k?ren
SCA;28:e Arm?k?ren
SCA;29:e Arm?k?ren
SCA;30:e Arm?k?ren
SCA;31:a Arm?k?ren
SCA;32:a Arm?k?ren
SCA;33:e Arm?k?ren
SCA;34:e Arm?k?ren
SCA;35:e Arm?k?ren
SCA;36:e Arm?k?ren
SCA;37:e Arm?k?ren
SCA;38:e Arm?k?ren
SCA;39:e Arm?k?ren
SCA;40:e Arm?k?ren
SCA;41:a Arm?k?ren
SCA;42:a Arm?k?ren
SCA;43:e Arm?k?ren
SCA;44:e Arm?k?ren
SCA;45:e Arm?k?ren
SCA;46:e Arm?k?ren
SCA;47:e Arm?k?ren
SCA;48:e Arm?k?ren
SCA;49:e Arm?k?ren
SCA;50:e Arm?k?ren
SCA;51:a Arm?k?ren
SCA;52:a Arm?k?ren
SCA;53:e Arm?k?ren
SCA;54:e Arm?k?ren
SCA;55:e Arm?k?ren
SCA;56:e Arm?k?ren
SCA;57:e Arm?k?ren
SCA;58:e Arm?k?ren
SCA;59:e Arm?k?ren
SCA;60:e Arm?k?ren
SCA;61:a Arm?k?ren
SCA;62:a Arm?k?ren
SCA;63:e Arm?k?ren
SCA;64:e Arm?k?ren
SCA;65:e Arm?k?ren
SCA;66:e Arm?k?ren
SCA;67:e Arm?k?ren
SCA;68:e Arm?k?ren
SCA;69:e Arm?k?ren
SCA;70:e Arm?k?ren
SCA;71:a Arm?k?ren
SCA;72:a Arm?k?ren
SCA;73:e Arm?k?ren
SCA;74:e Arm?k?ren
SCA;75:e Arm?k?ren
SCA;76:e Arm?k?ren
SCA;77:e Arm?k?ren
SCA;78:e Arm?k?ren
SCA;79:e Arm?k?ren
SCA;80:e Arm?k?ren
SCA;81:a Arm?k?ren
SCA;82:a Arm?k?ren
SCA;83:e Arm?k?ren
SCA;84:e Arm?k?ren
SCA;85:e Arm?k?ren
SCA;86:e Arm?k?ren
SCA;87:e Arm?k?ren
SCA;88:e Arm?k?ren
SCA;89:e Arm?k?ren
SCA;90:e Arm?k?ren
SCA;91:a Arm?k?ren
SCA;92:a Arm?k?ren
SCA;93:e Arm?k?ren
SCA;94:e Arm?k?ren
SCA;95:e Arm?k?ren
SCA;96:e Arm?k?ren
SCA;97:e Arm?k?ren
SCA;98:e Arm?k?ren
SCA;99:e Arm?k?ren
SCA;100:e Arm?k?ren
SCH;I. Schweizer Feldkorps
SCH;II. Schweizer Feldkorps
SCH;III. Schweizer Feldkorps
SCH;IV. Schweizer Feldkorps
SCH;V. Schweizer Feldkorps
SCH;VI. Schweizer Feldkorps
SCH;VII. Schweizer Feldkorps
SCH;VIII. Schweizer Feldkorps
SCH;IX. Schweizer Feldkorps
SCH;X. Schweizer Feldkorps
SCH;XI. Schweizer Feldkorps
SCH;XII. Schweizer Feldkorps
SCH;XIII. Schweizer Feldkorps
SCH;XIV. Schweizer Feldkorps
SCH;XV. Schweizer Feldkorps
SCH;XVI. Schweizer Feldkorps
SCH;XVII. Schweizer Feldkorps
SCH;XVIII. Schweizer Feldkorps
SCH;XIX. Schweizer Feldkorps
SCH;XX. Schweizer Feldkorps
SCH;XXI. Schweizer Feldkorps
SCH;XXII. Schweizer Feldkorps
SCH;XXIII. Schweizer Feldkorps
SCH;XXIV. Schweizer Feldkorps
SCH;XXV. Schweizer Feldkorps
SCH;XXVI. Schweizer Feldkorps
SCH;XXVII. Schweizer Feldkorps
SCH;XXVIII. Schweizer Feldkorps
SCH;XXIX. Schweizer Feldkorps
SCH;XXX. Schweizer Feldkorps
SCH;XXXI. Schweizer Feldkorps
SCH;XXXII. Schweizer Feldkorps
SCH;XXXIII. Schweizer Feldkorps
SCH;XXXIV. Schweizer Feldkorps
SCH;XXXV. Schweizer Feldkorps
SCH;XXXVI. Schweizer Feldkorps
SCH;XXXVII. Schweizer Feldkorps
SCH;XXXVIII. Schweizer Feldkorps
SCH;XXXIX. Schweizer Feldkorps
SCH;XL. Schweizer Feldkorps
SCH;XLI. Schweizer Feldkorps
SCH;XLII. Schweizer Feldkorps
SCH;XLIII. Schweizer Feldkorps
SCH;XLIV. Schweizer Feldkorps
SCH;XLV. Schweizer Feldkorps
SCH;XLVI. Schweizer Feldkorps
SCH;XLVII. Schweizer Feldkorps
SCH;XLVIII. Schweizer Feldkorps
SCH;XLIX. Schweizer Feldkorps
SCH;L. Schweizer Feldkorps
SCO;I Scottish Corps
SCO;II Scottish Corps
SCO;III Scottish Corps
SCO;IV Scottish Corps
SCO;V Scottish Corps
SCO;VI Scottish Corps
SCO;VII Scottish Corps
SCO;VIII Scottish Corps
SCO;IX Scottish Corps
SCO;X Scottish Corps
SCO;XI Scottish Corps
SCO;XII Scottish Corps
SCO;XIII Scottish Corps
SCO;XIV Scottish Corps
SCO;XV Scottish Corps
SCO;XVI Scottish Corps
SCO;XVII Scottish Corps
SCO;XVIII Scottish Corps
SCO;XIX Scottish Corps
SCO;XX Scottish Corps
SCO;XXI Scottish Corps
SCO;XXII Scottish Corps
SCO;XXIII Scottish Corps
SCO;XXIV Scottish Corps
SCO;XXV Scottish Corps
SCO;XXVI Scottish Corps
SCO;XXVII Scottish Corps
SCO;XXVIII Scottish Corps
SCO;XXIX Scottish Corps
SCO;XXX Scottish Corps
SCO;XXXI Scottish Corps
SCO;XXXII Scottish Corps
SCO;XXXIII Scottish Corps
SCO;XXXIV Scottish Corps
SCO;XXXV Scottish Corps
SCO;XXXVI Scottish Corps
SCO;XXXVII Scottish Corps
SCO;XXXVIII Scottish Corps
SCO;XXXIX Scottish Corps
SCO;XL Scottish Corps
SCO;XLI Scottish Corps
SCO;XLII Scottish Corps
SCO;XLIII Scottish Corps
SCO;XLIV Scottish Corps
SCO;XLV Scottish Corps
SCO;XLVI Scottish Corps
SCO;XLVII Scottish Corps
SCO;XLVIII Scottish Corps
SCO;XLIX Scottish Corps
SCO;L Scottish Corps
SER;1. srbija armija
SER;2. srbija armija
SER;3. srbija armija
SER;4. srbija armija
SER;5. srbija armija
SER;6. srbija armija
SER;7. srbija armija
SER;8. srbija armija
SER;9. srbija armija
SER;10. srbija armija
SER;11. srbija armija
SER;12. srbija armija
SER;13. srbija armija
SER;14. srbija armija
SER;15. srbija armija
SER;16. srbija armija
SER;17. srbija armija
SER;18. srbija armija
SER;19. srbija armija
SER;20. srbija armija
SER;21. srbija armija
SER;22. srbija armija
SER;23. srbija armija
SER;24. srbija armija
SER;25. srbija armija
SER;26. srbija armija
SER;27. srbija armija
SER;28. srbija armija
SER;29. srbija armija
SER;30. srbija armija
SER;31. srbija armija
SER;32. srbija armija
SER;33. srbija armija
SER;34. srbija armija
SER;35. srbija armija
SER;36. srbija armija
SER;37. srbija armija
SER;38. srbija armija
SER;39. srbija armija
SER;40. srbija armija
SER;41. srbija armija
SER;42. srbija armija
SER;43. srbija armija
SER;44. srbija armija
SER;45. srbija armija
SER;46. srbija armija
SER;47. srbija armija
SER;48. srbija armija
SER;49. srbija armija
SER;50. srbija armija
SIA;I Royal Thai Corps
SIA;II Royal Thai Corps
SIA;III Royal Thai Corps
SIA;IV Royal Thai Corps
SIA;V Royal Thai Corps
SIA;VI Royal Thai Corps
SIA;VII Royal Thai Corps
SIA;VIII Royal Thai Corps
SIA;IX Royal Thai Corps
SIA;X Royal Thai Corps
SIA;XI Royal Thai Corps
SIA;XII Royal Thai Corps
SIA;XIII Royal Thai Corps
SIA;XIV Royal Thai Corps
SIA;XV Royal Thai Corps
SIA;XVI Royal Thai Corps
SIA;XVII Royal Thai Corps
SIA;XVIII Royal Thai Corps
SIA;XIX Royal Thai Corps
SIA;XX Royal Thai Corps
SIA;XXI Royal Thai Corps
SIA;XXII Royal Thai Corps
SIA;XXIII Royal Thai Corps
SIA;XXIV Royal Thai Corps
SIA;XXV Royal Thai Corps
SIA;XXVI Royal Thai Corps
SIA;XXVII Royal Thai Corps
SIA;XXVIII Royal Thai Corps
SIA;XXIX Royal Thai Corps
SIA;XXX Royal Thai Corps
SIA;XXXI Royal Thai Corps
SIA;XXXII Royal Thai Corps
SIA;XXXIII Royal Thai Corps
SIA;XXXIV Royal Thai Corps
SIA;XXXV Royal Thai Corps
SIA;XXXVI Royal Thai Corps
SIA;XXXVII Royal Thai Corps
SIA;XXXVIII Royal Thai Corps
SIA;XXXIX Royal Thai Corps
SIA;XL Royal Thai Corps
SIA;XLI Royal Thai Corps
SIA;XLII Royal Thai Corps
SIA;XLIII Royal Thai Corps
SIA;XLIV Royal Thai Corps
SIA;XLV Royal Thai Corps
SIA;XLVI Royal Thai Corps
SIA;XLVII Royal Thai Corps
SIA;XLVIII Royal Thai Corps
SIA;XLIX Royal Thai Corps
SIA;L Royal Thai Corps
SIB;1-y sibyrskiy armeyskiy korpus
SIB;2-y sibyrskiy armeyskiy korpus
SIB;3-y sibyrskiy armeyskiy korpus
SIB;4-y sibyrskiy armeyskiy korpus
SIB;5-y sibyrskiy armeyskiy korpus
SIB;6-y sibyrskiy armeyskiy korpus
SIB;7-y sibyrskiy armeyskiy korpus
SIB;8-y sibyrskiy armeyskiy korpus
SIB;9-y sibyrskiy armeyskiy korpus
SIB;10-y sibyrskiy armeyskiy korpus
SIB;11-y sibyrskiy armeyskiy korpus
SIB;12-y sibyrskiy armeyskiy korpus
SIB;13-y sibyrskiy armeyskiy korpus
SIB;14-y sibyrskiy armeyskiy korpus
SIB;15-y sibyrskiy armeyskiy korpus
SIB;16-y sibyrskiy armeyskiy korpus
SIB;17-y sibyrskiy armeyskiy korpus
SIB;18-y sibyrskiy armeyskiy korpus
SIB;19-y sibyrskiy armeyskiy korpus
SIB;20-y sibyrskiy armeyskiy korpus
SIB;21-y sibyrskiy armeyskiy korpus
SIB;22-y sibyrskiy armeyskiy korpus
SIB;23-y sibyrskiy armeyskiy korpus
SIB;24-y sibyrskiy armeyskiy korpus
SIB;25-y sibyrskiy armeyskiy korpus
SIB;26-y sibyrskiy armeyskiy korpus
SIB;27-y sibyrskiy armeyskiy korpus
SIB;28-y sibyrskiy armeyskiy korpus
SIB;29-y sibyrskiy armeyskiy korpus
SIB;30-y sibyrskiy armeyskiy korpus
SIB;31-y sibyrskiy armeyskiy korpus
SIB;32-y sibyrskiy armeyskiy korpus
SIB;33-y sibyrskiy armeyskiy korpus
SIB;34-y sibyrskiy armeyskiy korpus
SIB;35-y sibyrskiy armeyskiy korpus
SIB;36-y sibyrskiy armeyskiy korpus
SIB;37-y sibyrskiy armeyskiy korpus
SIB;38-y sibyrskiy armeyskiy korpus
SIB;39-y sibyrskiy armeyskiy korpus
SIB;40-y sibyrskiy armeyskiy korpus
SIB;41-y sibyrskiy armeyskiy korpus
SIB;42-y sibyrskiy armeyskiy korpus
SIB;43-y sibyrskiy armeyskiy korpus
SIB;44-y sibyrskiy armeyskiy korpus
SIB;45-y sibyrskiy armeyskiy korpus
SIB;46-y sibyrskiy armeyskiy korpus
SIB;47-y sibyrskiy armeyskiy korpus
SIB;48-y sibyrskiy armeyskiy korpus
SIB;49-y sibyrskiy armeyskiy korpus
SIB;50-y sibyrskiy armeyskiy korpus
SIE;I Sierra Leonean Corps
SIE;II Sierra Leonean Corps
SIE;III Sierra Leonean Corps
SIE;IV Sierra Leonean Corps
SIE;V Sierra Leonean Corps
SIE;VI Sierra Leonean Corps
SIE;VII Sierra Leonean Corps
SIE;VIII Sierra Leonean Corps
SIE;IX Sierra Leonean Corps
SIE;X Sierra Leonean Corps
SIE;XI Sierra Leonean Corps
SIE;XII Sierra Leonean Corps
SIE;XIII Sierra Leonean Corps
SIE;XIV Sierra Leonean Corps
SIE;XV Sierra Leonean Corps
SIE;XVI Sierra Leonean Corps
SIE;XVII Sierra Leonean Corps
SIE;XVIII Sierra Leonean Corps
SIE;XIX Sierra Leonean Corps
SIE;XX Sierra Leonean Corps
SIE;XXI Sierra Leonean Corps
SIE;XXII Sierra Leonean Corps
SIE;XXIII Sierra Leonean Corps
SIE;XXIV Sierra Leonean Corps
SIE;XXV Sierra Leonean Corps
SIE;XXVI Sierra Leonean Corps
SIE;XXVII Sierra Leonean Corps
SIE;XXVIII Sierra Leonean Corps
SIE;XXIX Sierra Leonean Corps
SIE;XXX Sierra Leonean Corps
SIE;XXXI Sierra Leonean Corps
SIE;XXXII Sierra Leonean Corps
SIE;XXXIII Sierra Leonean Corps
SIE;XXXIV Sierra Leonean Corps
SIE;XXXV Sierra Leonean Corps
SIE;XXXVI Sierra Leonean Corps
SIE;XXXVII Sierra Leonean Corps
SIE;XXXVIII Sierra Leonean Corps
SIE;XXXIX Sierra Leonean Corps
SIE;XL Sierra Leonean Corps
SIE;XLI Sierra Leonean Corps
SIE;XLII Sierra Leonean Corps
SIE;XLIII Sierra Leonean Corps
SIE;XLIV Sierra Leonean Corps
SIE;XLV Sierra Leonean Corps
SIE;XLVI Sierra Leonean Corps
SIE;XLVII Sierra Leonean Corps
SIE;XLVIII Sierra Leonean Corps
SIE;XLIX Sierra Leonean Corps
SIE;L Sierra Leonean Corps
SIK;Di'1 Xin'jiang JÅun
SIK;Di'2 Xin'jiang JÅun
SIK;Di'3 Xin'jiang JÅun
SIK;Di'4 Xin'jiang JÅun
SIK;Di'5 Xin'jiang JÅun
SIK;Di'6 Xin'jiang JÅun
SIK;Di'7 Xin'jiang JÅun
SIK;Di'8 Xin'jiang JÅun
SIK;Di'9 Xin'jiang JÅun
SIK;Di'10 Xin'jiang JÅun
SIK;Di'11 Xin'jiang JÅun
SIK;Di'12 Xin'jiang JÅun
SIK;Di'13 Xin'jiang JÅun
SIK;Di'14 Xin'jiang JÅun
SIK;Di'15 Xin'jiang JÅun
SIK;Di'16 Xin'jiang JÅun
SIK;Di'17 Xin'jiang JÅun
SIK;Di'18 Xin'jiang JÅun
SIK;Di'19 Xin'jiang JÅun
SIK;Di'20 Xin'jiang JÅun
SIK;Di'21 Xin'jiang JÅun
SIK;Di'22 Xin'jiang JÅun
SIK;Di'23 Xin'jiang JÅun
SIK;Di'24 Xin'jiang JÅun
SIK;Di'25 Xin'jiang JÅun
SIK;Di'26 Xin'jiang JÅun
SIK;Di'27 Xin'jiang JÅun
SIK;Di'28 Xin'jiang JÅun
SIK;Di'29 Xin'jiang JÅun
SIK;Di'30 Xin'jiang JÅun
SIK;Di'31 Xin'jiang JÅun
SIK;Di'32 Xin'jiang JÅun
SIK;Di'33 Xin'jiang JÅun
SIK;Di'34 Xin'jiang JÅun
SIK;Di'35 Xin'jiang JÅun
SIK;Di'36 Xin'jiang JÅun
SIK;Di'37 Xin'jiang JÅun
SIK;Di'38 Xin'jiang JÅun
SIK;Di'39 Xin'jiang JÅun
SIK;Di'40 Xin'jiang JÅun
SIK;Di'41 Xin'jiang JÅun
SIK;Di'42 Xin'jiang JÅun
SIK;Di'43 Xin'jiang JÅun
SIK;Di'44 Xin'jiang JÅun
SIK;Di'45 Xin'jiang JÅun
SIK;Di'46 Xin'jiang JÅun
SIK;Di'47 Xin'jiang JÅun
SIK;Di'48 Xin'jiang JÅun
SIK;Di'49 Xin'jiang JÅun
SIK;Di'50 Xin'jiang JÅun
SIK;Di'51 Xin'jiang JÅun
SIK;Di'52 Xin'jiang JÅun
SIK;Di'53 Xin'jiang JÅun
SIK;Di'54 Xin'jiang JÅun
SIK;Di'55 Xin'jiang JÅun
SIK;Di'56 Xin'jiang JÅun
SIK;Di'57 Xin'jiang JÅun
SIK;Di'58 Xin'jiang JÅun
SIK;Di'59 Xin'jiang JÅun
SIK;Di'60 Xin'jiang JÅun
SIK;Di'61 Xin'jiang JÅun
SIK;Di'62 Xin'jiang JÅun
SIK;Di'63 Xin'jiang JÅun
SIK;Di'64 Xin'jiang JÅun
SIK;Di'65 Xin'jiang JÅun
SIK;Di'66 Xin'jiang JÅun
SIK;Di'67 Xin'jiang JÅun
SIK;Di'68 Xin'jiang JÅun
SIK;Di'69 Xin'jiang JÅun
SIK;Di'70 Xin'jiang JÅun
SIK;Di'71 Xin'jiang JÅun
SIK;Di'72 Xin'jiang JÅun
SIK;Di'73 Xin'jiang JÅun
SIK;Di'74 Xin'jiang JÅun
SIK;Di'75 Xin'jiang JÅun
SIK;Di'76 Xin'jiang JÅun
SIK;Di'77 Xin'jiang JÅun
SIK;Di'78 Xin'jiang JÅun
SIK;Di'79 Xin'jiang JÅun
SIK;Di'80 Xin'jiang JÅun
SIK;Di'81 Xin'jiang JÅun
SIK;Di'82 Xin'jiang JÅun
SIK;Di'83 Xin'jiang JÅun
SIK;Di'84 Xin'jiang JÅun
SIK;Di'85 Xin'jiang JÅun
SIK;Di'86 Xin'jiang JÅun
SIK;Di'87 Xin'jiang JÅun
SIK;Di'88 Xin'jiang JÅun
SIK;Di'89 Xin'jiang JÅun
SIK;Di'90 Xin'jiang JÅun
SIK;Di'91 Xin'jiang JÅun
SIK;Di'92 Xin'jiang JÅun
SIK;Di'93 Xin'jiang JÅun
SIK;Di'94 Xin'jiang JÅun
SIK;Di'95 Xin'jiang JÅun
SIK;Di'96 Xin'jiang JÅun
SIK;Di'97 Xin'jiang JÅun
SIK;Di'98 Xin'jiang JÅun
SIK;Di'99 Xin'jiang JÅun
SIK;Di'100 Xin'jiang JÅun
SLO;I. Slovensk? Arm?dny Zbor
SLO;II. Slovensk? Arm?dny Zbor
SLO;III. Slovensk? Arm?dny Zbor
SLO;IV. Slovensk? Arm?dny Zbor
SLO;V. Slovensk? Arm?dny Zbor
SLO;VI. Slovensk? Arm?dny Zbor
SLO;VII. Slovensk? Arm?dny Zbor
SLO;VIII. Slovensk? Arm?dny Zbor
SLO;IX. Slovensk? Arm?dny Zbor
SLO;X. Slovensk? Arm?dny Zbor
SLO;XI. Slovensk? Arm?dny Zbor
SLO;XII. Slovensk? Arm?dny Zbor
SLO;XIII. Slovensk? Arm?dny Zbor
SLO;XIV. Slovensk? Arm?dny Zbor
SLO;XV. Slovensk? Arm?dny Zbor
SLO;XVI. Slovensk? Arm?dny Zbor
SLO;XVII. Slovensk? Arm?dny Zbor
SLO;XVIII. Slovensk? Arm?dny Zbor
SLO;XIX. Slovensk? Arm?dny Zbor
SLO;XX. Slovensk? Arm?dny Zbor
SLO;XXI. Slovensk? Arm?dny Zbor
SLO;XXII. Slovensk? Arm?dny Zbor
SLO;XXIII. Slovensk? Arm?dny Zbor
SLO;XXIV. Slovensk? Arm?dny Zbor
SLO;XXV. Slovensk? Arm?dny Zbor
SLO;XXVI. Slovensk? Arm?dny Zbor
SLO;XXVII. Slovensk? Arm?dny Zbor
SLO;XXVIII. Slovensk? Arm?dny Zbor
SLO;XXIX. Slovensk? Arm?dny Zbor
SLO;XXX. Slovensk? Arm?dny Zbor
SLO;XXXI. Slovensk? Arm?dny Zbor
SLO;XXXII. Slovensk? Arm?dny Zbor
SLO;XXXIII. Slovensk? Arm?dny Zbor
SLO;XXXIV. Slovensk? Arm?dny Zbor
SLO;XXXV. Slovensk? Arm?dny Zbor
SLO;XXXVI. Slovensk? Arm?dny Zbor
SLO;XXXVII. Slovensk? Arm?dny Zbor
SLO;XXXVIII. Slovensk? Arm?dny Zbor
SLO;XXXIX. Slovensk? Arm?dny Zbor
SLO;XL. Slovensk? Arm?dny Zbor
SLO;XLI. Slovensk? Arm?dny Zbor
SLO;XLII. Slovensk? Arm?dny Zbor
SLO;XLIII. Slovensk? Arm?dny Zbor
SLO;XLIV. Slovensk? Arm?dny Zbor
SLO;XLV. Slovensk? Arm?dny Zbor
SLO;XLVI. Slovensk? Arm?dny Zbor
SLO;XLVII. Slovensk? Arm?dny Zbor
SLO;XLVIII. Slovensk? Arm?dny Zbor
SLO;XLIX. Slovensk? Arm?dny Zbor
SLO;L. Slovensk? Arm?dny Zbor
SLV;1. slovenska korpus
SLV;2. slovenska korpus
SLV;3. slovenska korpus
SLV;4. slovenska korpus
SLV;5. slovenska korpus
SLV;6. slovenska korpus
SLV;7. slovenska korpus
SLV;8. slovenska korpus
SLV;9. slovenska korpus
SLV;10. slovenska korpus
SLV;11. slovenska korpus
SLV;12. slovenska korpus
SLV;13. slovenska korpus
SLV;14. slovenska korpus
SLV;15. slovenska korpus
SLV;16. slovenska korpus
SLV;17. slovenska korpus
SLV;18. slovenska korpus
SLV;19. slovenska korpus
SLV;20. slovenska korpus
SLV;21. slovenska korpus
SLV;22. slovenska korpus
SLV;23. slovenska korpus
SLV;24. slovenska korpus
SLV;25. slovenska korpus
SLV;26. slovenska korpus
SLV;27. slovenska korpus
SLV;28. slovenska korpus
SLV;29. slovenska korpus
SLV;30. slovenska korpus
SLV;31. slovenska korpus
SLV;32. slovenska korpus
SLV;33. slovenska korpus
SLV;34. slovenska korpus
SLV;35. slovenska korpus
SLV;36. slovenska korpus
SLV;37. slovenska korpus
SLV;38. slovenska korpus
SLV;39. slovenska korpus
SLV;40. slovenska korpus
SLV;41. slovenska korpus
SLV;42. slovenska korpus
SLV;43. slovenska korpus
SLV;44. slovenska korpus
SLV;45. slovenska korpus
SLV;46. slovenska korpus
SLV;47. slovenska korpus
SLV;48. slovenska korpus
SLV;49. slovenska korpus
SLV;50. slovenska korpus
SOM;1. Corps as-Sumal
SOM;2. Corps as-Sumal
SOM;3. Corps as-Sumal
SOM;4. Corps as-Sumal
SOM;5. Corps as-Sumal
SOM;6. Corps as-Sumal
SOM;7. Corps as-Sumal
SOM;8. Corps as-Sumal
SOM;9. Corps as-Sumal
SOM;10. Corps as-Sumal
SOM;11. Corps as-Sumal
SOM;12. Corps as-Sumal
SOM;13. Corps as-Sumal
SOM;14. Corps as-Sumal
SOM;15. Corps as-Sumal
SOM;16. Corps as-Sumal
SOM;17. Corps as-Sumal
SOM;18. Corps as-Sumal
SOM;19. Corps as-Sumal
SOM;20. Corps as-Sumal
SOM;21. Corps as-Sumal
SOM;22. Corps as-Sumal
SOM;23. Corps as-Sumal
SOM;24. Corps as-Sumal
SOM;25. Corps as-Sumal
SOM;26. Corps as-Sumal
SOM;27. Corps as-Sumal
SOM;28. Corps as-Sumal
SOM;29. Corps as-Sumal
SOM;30. Corps as-Sumal
SOM;31. Corps as-Sumal
SOM;32. Corps as-Sumal
SOM;33. Corps as-Sumal
SOM;34. Corps as-Sumal
SOM;35. Corps as-Sumal
SOM;36. Corps as-Sumal
SOM;37. Corps as-Sumal
SOM;38. Corps as-Sumal
SOM;39. Corps as-Sumal
SOM;40. Corps as-Sumal
SOM;41. Corps as-Sumal
SOM;42. Corps as-Sumal
SOM;43. Corps as-Sumal
SOM;44. Corps as-Sumal
SOM;45. Corps as-Sumal
SOM;46. Corps as-Sumal
SOM;47. Corps as-Sumal
SOM;48. Corps as-Sumal
SOM;49. Corps as-Sumal
SOM;50. Corps as-Sumal
SOV;1-ya armiya
SOV;2-ya armiya
SOV;3-ya armiya
SOV;4-ya armiya
SOV;5-ya armiya
SOV;6-ya armiya
SOV;7-ya armiya
SOV;8-ya armiya
SOV;9-ya armiya
SOV;10-ya armiya
SOV;11-ya armiya
SOV;12-ya armiya
SOV;13-ya armiya
SOV;14-ya armiya
SOV;15-ya armiya
SOV;16-ya armiya
SOV;17-ya armiya
SOV;18-ya armiya
SOV;19-ya armiya
SOV;20-ya armiya
SOV;21-ya armiya
SOV;22-ya armiya
SOV;23-ya armiya
SOV;24-ya armiya
SOV;25-ya armiya
SOV;26-ya armiya
SOV;27-ya armiya
SOV;28-ya armiya
SOV;29-ya armiya
SOV;30-ya armiya
SOV;31-ya armiya
SOV;32-ya armiya
SOV;33-ya armiya
SOV;34-ya armiya
SOV;35-ya armiya
SOV;36-ya armiya
SOV;37-ya armiya
SOV;38-ya armiya
SOV;39-ya armiya
SOV;40-ya armiya
SOV;41-ya armiya
SOV;42-ya armiya
SOV;43-ya armiya
SOV;44-ya armiya
SOV;45-ya armiya
SOV;46-ya armiya
SOV;47-ya armiya
SOV;48-ya armiya
SOV;49-ya armiya
SOV;50-ya armiya
SOV;51-ya armiya
SOV;52-ya armiya
SOV;53-ya armiya
SOV;54-ya armiya
SOV;55-ya armiya
SOV;56-ya armiya
SOV;57-ya armiya
SOV;58-ya armiya
SOV;59-ya armiya
SOV;60-ya armiya
SOV;61-ya armiya
SOV;62-ya armiya
SOV;63-ya armiya
SOV;64-ya armiya
SOV;65-ya armiya
SOV;66-ya armiya
SOV;67-ya armiya
SOV;68-ya armiya
SOV;69-ya armiya
SOV;70-ya armiya
SOV;71-ya armiya
SOV;72-ya armiya
SOV;73-ya armiya
SOV;74-ya armiya
SOV;75-ya armiya
SOV;76-ya armiya
SOV;77-ya armiya
SOV;78-ya armiya
SOV;79-ya armiya
SOV;80-ya armiya
SOV;81-ya armiya
SOV;82-ya armiya
SOV;83-ya armiya
SOV;84-ya armiya
SOV;85-ya armiya
SOV;86-ya armiya
SOV;87-ya armiya
SOV;88-ya armiya
SOV;89-ya armiya
SOV;90-ya armiya
SOV;91-ya armiya
SOV;92-ya armiya
SOV;93-ya armiya
SOV;94-ya armiya
SOV;95-ya armiya
SOV;96-ya armiya
SOV;97-ya armiya
SOV;98-ya armiya
SOV;99-ya armiya
SOV;100-ya armiya
SOV;101-ya armiya
SOV;102-ya armiya
SOV;103-ya armiya
SOV;104-ya armiya
SOV;105-ya armiya
SOV;106-ya armiya
SOV;107-ya armiya
SOV;108-ya armiya
SOV;109-ya armiya
SOV;110-ya armiya
SOV;111-ya armiya
SOV;112-ya armiya
SOV;113-ya armiya
SOV;114-ya armiya
SOV;115-ya armiya
SOV;116-ya armiya
SOV;117-ya armiya
SOV;118-ya armiya
SOV;119-ya armiya
SOV;120-ya armiya
SOV;121-ya armiya
SOV;122-ya armiya
SOV;123-ya armiya
SOV;124-ya armiya
SOV;125-ya armiya
SOV;126-ya armiya
SOV;127-ya armiya
SOV;128-ya armiya
SOV;129-ya armiya
SOV;130-ya armiya
SOV;131-ya armiya
SOV;132-ya armiya
SOV;133-ya armiya
SOV;134-ya armiya
SOV;135-ya armiya
SOV;136-ya armiya
SOV;137-ya armiya
SOV;138-ya armiya
SOV;139-ya armiya
SOV;140-ya armiya
SOV;141-ya armiya
SOV;142-ya armiya
SOV;143-ya armiya
SOV;144-ya armiya
SOV;145-ya armiya
SOV;146-ya armiya
SOV;147-ya armiya
SOV;148-ya armiya
SOV;149-ya armiya
SOV;150-ya armiya
SOV;151-ya armiya
SOV;152-ya armiya
SOV;153-ya armiya
SOV;154-ya armiya
SOV;155-ya armiya
SOV;156-ya armiya
SOV;157-ya armiya
SOV;158-ya armiya
SOV;159-ya armiya
SOV;160-ya armiya
SOV;161-ya armiya
SOV;162-ya armiya
SOV;163-ya armiya
SOV;164-ya armiya
SOV;165-ya armiya
SOV;166-ya armiya
SOV;167-ya armiya
SOV;168-ya armiya
SOV;169-ya armiya
SOV;170-ya armiya
SOV;171-ya armiya
SOV;172-ya armiya
SOV;173-ya armiya
SOV;174-ya armiya
SOV;175-ya armiya
SOV;176-ya armiya
SOV;177-ya armiya
SOV;178-ya armiya
SOV;179-ya armiya
SOV;180-ya armiya
SOV;181-ya armiya
SOV;182-ya armiya
SOV;183-ya armiya
SOV;184-ya armiya
SOV;185-ya armiya
SOV;186-ya armiya
SOV;187-ya armiya
SOV;188-ya armiya
SOV;189-ya armiya
SOV;190-ya armiya
SOV;191-ya armiya
SOV;192-ya armiya
SOV;193-ya armiya
SOV;194-ya armiya
SOV;195-ya armiya
SOV;196-ya armiya
SOV;197-ya armiya
SOV;198-ya armiya
SOV;199-ya armiya
SOV;200-ya armiya
SOV;201-ya armiya
SOV;202-ya armiya
SOV;203-ya armiya
SOV;204-ya armiya
SOV;205-ya armiya
SOV;206-ya armiya
SOV;207-ya armiya
SOV;208-ya armiya
SOV;209-ya armiya
SOV;210-ya armiya
SOV;211-ya armiya
SOV;212-ya armiya
SOV;213-ya armiya
SOV;214-ya armiya
SOV;215-ya armiya
SOV;216-ya armiya
SOV;217-ya armiya
SOV;218-ya armiya
SOV;219-ya armiya
SOV;220-ya armiya
SOV;221-ya armiya
SOV;222-ya armiya
SOV;223-ya armiya
SOV;224-ya armiya
SOV;225-ya armiya
SOV;226-ya armiya
SOV;227-ya armiya
SOV;228-ya armiya
SOV;229-ya armiya
SOV;230-ya armiya
SOV;231-ya armiya
SOV;232-ya armiya
SOV;233-ya armiya
SOV;234-ya armiya
SOV;235-ya armiya
SOV;236-ya armiya
SOV;237-ya armiya
SOV;238-ya armiya
SOV;239-ya armiya
SOV;240-ya armiya
SOV;241-ya armiya
SOV;242-ya armiya
SOV;243-ya armiya
SOV;244-ya armiya
SOV;245-ya armiya
SOV;246-ya armiya
SOV;247-ya armiya
SOV;248-ya armiya
SOV;249-ya armiya
SOV;250-ya armiya
SOV;251-ya armiya
SOV;252-ya armiya
SOV;253-ya armiya
SOV;254-ya armiya
SOV;255-ya armiya
SOV;256-ya armiya
SOV;257-ya armiya
SOV;258-ya armiya
SOV;259-ya armiya
SOV;260-ya armiya
SOV;261-ya armiya
SOV;262-ya armiya
SOV;263-ya armiya
SOV;264-ya armiya
SOV;265-ya armiya
SOV;266-ya armiya
SOV;267-ya armiya
SOV;268-ya armiya
SOV;269-ya armiya
SOV;270-ya armiya
SOV;271-ya armiya
SOV;272-ya armiya
SOV;273-ya armiya
SOV;274-ya armiya
SOV;275-ya armiya
SOV;276-ya armiya
SOV;277-ya armiya
SOV;278-ya armiya
SOV;279-ya armiya
SOV;280-ya armiya
SOV;281-ya armiya
SOV;282-ya armiya
SOV;283-ya armiya
SOV;284-ya armiya
SOV;285-ya armiya
SOV;286-ya armiya
SOV;287-ya armiya
SOV;288-ya armiya
SOV;289-ya armiya
SOV;290-ya armiya
SOV;291-ya armiya
SOV;292-ya armiya
SOV;293-ya armiya
SOV;294-ya armiya
SOV;295-ya armiya
SOV;296-ya armiya
SOV;297-ya armiya
SOV;298-ya armiya
SOV;299-ya armiya
SOV;300-ya armiya
SOV;301-ya armiya
SOV;302-ya armiya
SOV;303-ya armiya
SOV;304-ya armiya
SOV;305-ya armiya
SOV;306-ya armiya
SOV;307-ya armiya
SOV;308-ya armiya
SOV;309-ya armiya
SOV;310-ya armiya
SOV;311-ya armiya
SOV;312-ya armiya
SOV;313-ya armiya
SOV;314-ya armiya
SOV;315-ya armiya
SOV;316-ya armiya
SOV;317-ya armiya
SOV;318-ya armiya
SOV;319-ya armiya
SOV;320-ya armiya
SOV;321-ya armiya
SOV;322-ya armiya
SOV;323-ya armiya
SOV;324-ya armiya
SOV;325-ya armiya
SOV;326-ya armiya
SOV;327-ya armiya
SOV;328-ya armiya
SOV;329-ya armiya
SOV;330-ya armiya
SOV;331-ya armiya
SOV;332-ya armiya
SOV;333-ya armiya
SOV;334-ya armiya
SOV;335-ya armiya
SOV;336-ya armiya
SOV;337-ya armiya
SOV;338-ya armiya
SOV;339-ya armiya
SOV;340-ya armiya
SOV;341-ya armiya
SOV;342-ya armiya
SOV;343-ya armiya
SOV;344-ya armiya
SOV;345-ya armiya
SOV;346-ya armiya
SOV;347-ya armiya
SOV;348-ya armiya
SOV;349-ya armiya
SOV;350-ya armiya
SOV;351-ya armiya
SOV;352-ya armiya
SOV;353-ya armiya
SOV;354-ya armiya
SOV;355-ya armiya
SOV;356-ya armiya
SOV;357-ya armiya
SOV;358-ya armiya
SOV;359-ya armiya
SOV;360-ya armiya
SOV;361-ya armiya
SOV;362-ya armiya
SOV;363-ya armiya
SOV;364-ya armiya
SOV;365-ya armiya
SOV;366-ya armiya
SOV;367-ya armiya
SOV;368-ya armiya
SOV;369-ya armiya
SOV;370-ya armiya
SOV;371-ya armiya
SOV;372-ya armiya
SOV;373-ya armiya
SOV;374-ya armiya
SOV;375-ya armiya
SOV;376-ya armiya
SOV;377-ya armiya
SOV;378-ya armiya
SOV;379-ya armiya
SOV;380-ya armiya
SOV;381-ya armiya
SOV;382-ya armiya
SOV;383-ya armiya
SOV;384-ya armiya
SOV;385-ya armiya
SOV;386-ya armiya
SOV;387-ya armiya
SOV;388-ya armiya
SOV;389-ya armiya
SOV;390-ya armiya
SOV;391-ya armiya
SOV;392-ya armiya
SOV;393-ya armiya
SOV;394-ya armiya
SOV;395-ya armiya
SOV;396-ya armiya
SOV;397-ya armiya
SOV;398-ya armiya
SOV;399-ya armiya
SOV;400-ya armiya
SPA;I Cuerpo del Ej?rcito
SPA;II Cuerpo del Ej?rcito
SPA;III Cuerpo del Ej?rcito
SPA;IV Cuerpo del Ej?rcito
SPA;V Cuerpo del Ej?rcito
SPA;VI Cuerpo del Ej?rcito
SPA;VII Cuerpo del Ej?rcito
SPA;VIII Cuerpo del Ej?rcito
SPA;IX Cuerpo del Ej?rcito
SPA;X Cuerpo del Ej?rcito
SPA;XI Cuerpo del Ej?rcito
SPA;XII Cuerpo del Ej?rcito
SPA;XIII Cuerpo del Ej?rcito
SPA;XIV Cuerpo del Ej?rcito
SPA;XV Cuerpo del Ej?rcito
SPA;XVI Cuerpo del Ej?rcito
SPA;XVII Cuerpo del Ej?rcito
SPA;XVIII Cuerpo del Ej?rcito
SPA;XIX Cuerpo del Ej?rcito
SPA;XX Cuerpo del Ej?rcito
SPA;XXI Cuerpo del Ej?rcito
SPA;XXII Cuerpo del Ej?rcito
SPA;XXIII Cuerpo del Ej?rcito
SPA;XXIV Cuerpo del Ej?rcito
SPA;XXV Cuerpo del Ej?rcito
SPA;XXVI Cuerpo del Ej?rcito
SPA;XXVII Cuerpo del Ej?rcito
SPA;XXVIII Cuerpo del Ej?rcito
SPA;XXIX Cuerpo del Ej?rcito
SPA;XXX Cuerpo del Ej?rcito
SPA;XXXI Cuerpo del Ej?rcito
SPA;XXXII Cuerpo del Ej?rcito
SPA;XXXIII Cuerpo del Ej?rcito
SPA;XXXIV Cuerpo del Ej?rcito
SPA;XXXV Cuerpo del Ej?rcito
SPA;XXXVI Cuerpo del Ej?rcito
SPA;XXXVII Cuerpo del Ej?rcito
SPA;XXXVIII Cuerpo del Ej?rcito
SPA;XXXIX Cuerpo del Ej?rcito
SPA;XL Cuerpo del Ej?rcito
SPA;XLI Cuerpo del Ej?rcito
SPA;XLII Cuerpo del Ej?rcito
SPA;XLIII Cuerpo del Ej?rcito
SPA;XLIV Cuerpo del Ej?rcito
SPA;XLV Cuerpo del Ej?rcito
SPA;XLVI Cuerpo del Ej?rcito
SPA;XLVII Cuerpo del Ej?rcito
SPA;XLVIII Cuerpo del Ej?rcito
SPA;XLIX Cuerpo del Ej?rcito
SPA;L Cuerpo del Ej?rcito
SPA;LI Cuerpo del Ej?rcito
SPA;LII Cuerpo del Ej?rcito
SPA;LIII Cuerpo del Ej?rcito
SPA;LIV Cuerpo del Ej?rcito
SPA;LV Cuerpo del Ej?rcito
SPA;LVI Cuerpo del Ej?rcito
SPA;LVII Cuerpo del Ej?rcito
SPA;LVIII Cuerpo del Ej?rcito
SPA;LIX Cuerpo del Ej?rcito
SPA;LX Cuerpo del Ej?rcito
SPA;LXI Cuerpo del Ej?rcito
SPA;LXII Cuerpo del Ej?rcito
SPA;LXIII Cuerpo del Ej?rcito
SPA;LXIV Cuerpo del Ej?rcito
SPA;LXV Cuerpo del Ej?rcito
SPA;LXVI Cuerpo del Ej?rcito
SPA;LXVII Cuerpo del Ej?rcito
SPA;LXVIII Cuerpo del Ej?rcito
SPA;LXIX Cuerpo del Ej?rcito
SPA;LXX Cuerpo del Ej?rcito
SPA;LXXI Cuerpo del Ej?rcito
SPA;LXXII Cuerpo del Ej?rcito
SPA;LXXIII Cuerpo del Ej?rcito
SPA;LXXIV Cuerpo del Ej?rcito
SPA;LXXV Cuerpo del Ej?rcito
SPA;LXXVI Cuerpo del Ej?rcito
SPA;LXXVII Cuerpo del Ej?rcito
SPA;LXXVIII Cuerpo del Ej?rcito
SPA;LXXIX Cuerpo del Ej?rcito
SPA;LXXX Cuerpo del Ej?rcito
SPA;LXXXI Cuerpo del Ej?rcito
SPA;LXXXII Cuerpo del Ej?rcito
SPA;LXXXIII Cuerpo del Ej?rcito
SPA;LXXXIV Cuerpo del Ej?rcito
SPA;LXXXV Cuerpo del Ej?rcito
SPA;LXXXVI Cuerpo del Ej?rcito
SPA;LXXXVII Cuerpo del Ej?rcito
SPA;LXXXVIII Cuerpo del Ej?rcito
SPA;LXXXIX Cuerpo del Ej?rcito
SPA;XC Cuerpo del Ej?rcito
SPA;XCI Cuerpo del Ej?rcito
SPA;XCII Cuerpo del Ej?rcito
SPA;XCIII Cuerpo del Ej?rcito
SPA;XCIV Cuerpo del Ej?rcito
SPA;XCV Cuerpo del Ej?rcito
SPA;XCVI Cuerpo del Ej?rcito
SPA;XCVII Cuerpo del Ej?rcito
SPA;XCVIII Cuerpo del Ej?rcito
SPA;XCIX Cuerpo del Ej?rcito
SPA;C Cuerpo del Ej?rcito
SPR;I Cuerpo del Ej?rcito
SPR;II Cuerpo del Ej?rcito
SPR;III Cuerpo del Ej?rcito
SPR;IV Cuerpo del Ej?rcito
SPR;V Cuerpo del Ej?rcito
SPR;VI Cuerpo del Ej?rcito
SPR;VII Cuerpo del Ej?rcito
SPR;VIII Cuerpo del Ej?rcito
SPR;IX Cuerpo del Ej?rcito
SPR;X Cuerpo del Ej?rcito
SPR;XI Cuerpo del Ej?rcito
SPR;XII Cuerpo del Ej?rcito
SPR;XIII Cuerpo del Ej?rcito
SPR;XIV Cuerpo del Ej?rcito
SPR;XV Cuerpo del Ej?rcito
SPR;XVI Cuerpo del Ej?rcito
SPR;XVII Cuerpo del Ej?rcito
SPR;XVIII Cuerpo del Ej?rcito
SPR;XIX Cuerpo del Ej?rcito
SPR;XX Cuerpo del Ej?rcito
SPR;XXI Cuerpo del Ej?rcito
SPR;XXII Cuerpo del Ej?rcito
SPR;XXIII Cuerpo del Ej?rcito
SPR;XXIV Cuerpo del Ej?rcito
SPR;XXV Cuerpo del Ej?rcito
SPR;XXVI Cuerpo del Ej?rcito
SPR;XXVII Cuerpo del Ej?rcito
SPR;XXVIII Cuerpo del Ej?rcito
SPR;XXIX Cuerpo del Ej?rcito
SPR;XXX Cuerpo del Ej?rcito
SPR;XXXI Cuerpo del Ej?rcito
SPR;XXXII Cuerpo del Ej?rcito
SPR;XXXIII Cuerpo del Ej?rcito
SPR;XXXIV Cuerpo del Ej?rcito
SPR;XXXV Cuerpo del Ej?rcito
SPR;XXXVI Cuerpo del Ej?rcito
SPR;XXXVII Cuerpo del Ej?rcito
SPR;XXXVIII Cuerpo del Ej?rcito
SPR;XXXIX Cuerpo del Ej?rcito
SPR;XL Cuerpo del Ej?rcito
SPR;XLI Cuerpo del Ej?rcito
SPR;XLII Cuerpo del Ej?rcito
SPR;XLIII Cuerpo del Ej?rcito
SPR;XLIV Cuerpo del Ej?rcito
SPR;XLV Cuerpo del Ej?rcito
SPR;XLVI Cuerpo del Ej?rcito
SPR;XLVII Cuerpo del Ej?rcito
SPR;XLVIII Cuerpo del Ej?rcito
SPR;XLIX Cuerpo del Ej?rcito
SPR;L Cuerpo del Ej?rcito
SPR;LI Cuerpo del Ej?rcito
SPR;LII Cuerpo del Ej?rcito
SPR;LIII Cuerpo del Ej?rcito
SPR;LIV Cuerpo del Ej?rcito
SPR;LV Cuerpo del Ej?rcito
SPR;LVI Cuerpo del Ej?rcito
SPR;LVII Cuerpo del Ej?rcito
SPR;LVIII Cuerpo del Ej?rcito
SPR;LIX Cuerpo del Ej?rcito
SPR;LX Cuerpo del Ej?rcito
SPR;LXI Cuerpo del Ej?rcito
SPR;LXII Cuerpo del Ej?rcito
SPR;LXIII Cuerpo del Ej?rcito
SPR;LXIV Cuerpo del Ej?rcito
SPR;LXV Cuerpo del Ej?rcito
SPR;LXVI Cuerpo del Ej?rcito
SPR;LXVII Cuerpo del Ej?rcito
SPR;LXVIII Cuerpo del Ej?rcito
SPR;LXIX Cuerpo del Ej?rcito
SPR;LXX Cuerpo del Ej?rcito
SPR;LXXI Cuerpo del Ej?rcito
SPR;LXXII Cuerpo del Ej?rcito
SPR;LXXIII Cuerpo del Ej?rcito
SPR;LXXIV Cuerpo del Ej?rcito
SPR;LXXV Cuerpo del Ej?rcito
SPR;LXXVI Cuerpo del Ej?rcito
SPR;LXXVII Cuerpo del Ej?rcito
SPR;LXXVIII Cuerpo del Ej?rcito
SPR;LXXIX Cuerpo del Ej?rcito
SPR;LXXX Cuerpo del Ej?rcito
SPR;LXXXI Cuerpo del Ej?rcito
SPR;LXXXII Cuerpo del Ej?rcito
SPR;LXXXIII Cuerpo del Ej?rcito
SPR;LXXXIV Cuerpo del Ej?rcito
SPR;LXXXV Cuerpo del Ej?rcito
SPR;LXXXVI Cuerpo del Ej?rcito
SPR;LXXXVII Cuerpo del Ej?rcito
SPR;LXXXVIII Cuerpo del Ej?rcito
SPR;LXXXIX Cuerpo del Ej?rcito
SPR;XC Cuerpo del Ej?rcito
SPR;XCI Cuerpo del Ej?rcito
SPR;XCII Cuerpo del Ej?rcito
SPR;XCIII Cuerpo del Ej?rcito
SPR;XCIV Cuerpo del Ej?rcito
SPR;XCV Cuerpo del Ej?rcito
SPR;XCVI Cuerpo del Ej?rcito
SPR;XCVII Cuerpo del Ej?rcito
SPR;XCVIII Cuerpo del Ej?rcito
SPR;XCIX Cuerpo del Ej?rcito
SPR;C Cuerpo del Ej?rcito
SUD;1. Corps as-Sudaniya
SUD;2. Corps as-Sudaniya
SUD;3. Corps as-Sudaniya
SUD;4. Corps as-Sudaniya
SUD;5. Corps as-Sudaniya
SUD;6. Corps as-Sudaniya
SUD;7. Corps as-Sudaniya
SUD;8. Corps as-Sudaniya
SUD;9. Corps as-Sudaniya
SUD;10. Corps as-Sudaniya
SUD;11. Corps as-Sudaniya
SUD;12. Corps as-Sudaniya
SUD;13. Corps as-Sudaniya
SUD;14. Corps as-Sudaniya
SUD;15. Corps as-Sudaniya
SUD;16. Corps as-Sudaniya
SUD;17. Corps as-Sudaniya
SUD;18. Corps as-Sudaniya
SUD;19. Corps as-Sudaniya
SUD;20. Corps as-Sudaniya
SUD;21. Corps as-Sudaniya
SUD;22. Corps as-Sudaniya
SUD;23. Corps as-Sudaniya
SUD;24. Corps as-Sudaniya
SUD;25. Corps as-Sudaniya
SUD;26. Corps as-Sudaniya
SUD;27. Corps as-Sudaniya
SUD;28. Corps as-Sudaniya
SUD;29. Corps as-Sudaniya
SUD;30. Corps as-Sudaniya
SUD;31. Corps as-Sudaniya
SUD;32. Corps as-Sudaniya
SUD;33. Corps as-Sudaniya
SUD;34. Corps as-Sudaniya
SUD;35. Corps as-Sudaniya
SUD;36. Corps as-Sudaniya
SUD;37. Corps as-Sudaniya
SUD;38. Corps as-Sudaniya
SUD;39. Corps as-Sudaniya
SUD;40. Corps as-Sudaniya
SUD;41. Corps as-Sudaniya
SUD;42. Corps as-Sudaniya
SUD;43. Corps as-Sudaniya
SUD;44. Corps as-Sudaniya
SUD;45. Corps as-Sudaniya
SUD;46. Corps as-Sudaniya
SUD;47. Corps as-Sudaniya
SUD;48. Corps as-Sudaniya
SUD;49. Corps as-Sudaniya
SUD;50. Corps as-Sudaniya
SWE;1:a Arm?k?ren
SWE;2:a Arm?k?ren
SWE;?vre Norrlands Trupper
SWE;G?teborgsgruppen
SWE;J?mtlandsgruppen
SWE;3:e Arm?k?ren
SWE;I MILO
SWE;II MILO
SWE;III MILO
SWE;IV MILO
SWE;V MILO
SWE;VI MILO
SWE;VII MILO
SWE;3:e Svenska Arm?k?ren
SWE;4:e Svenska Arm?k?ren
SWE;5:e Svenska Arm?k?ren
SWE;6:e Svenska Arm?k?ren
SWE;7:e Svenska Arm?k?ren
SWE;8:e Svenska Arm?k?ren
SWE;9:e Svenska Arm?k?ren
SWE;10:e Svenska Arm?k?ren
SWE;11:a Svenska Arm?k?ren
SWE;12:a Svenska Arm?k?ren
SWE;13:e Svenska Arm?k?ren
SWE;14:e Svenska Arm?k?ren
SWE;15:e Svenska Arm?k?ren
SWE;16:e Svenska Arm?k?ren
SWE;17:e Svenska Arm?k?ren
SWE;18:e Svenska Arm?k?ren
SWE;19:e Svenska Arm?k?ren
SWE;20:e Svenska Arm?k?ren
SWE;21:a Svenska Arm?k?ren
SWE;22:a Svenska Arm?k?ren
SWE;23:e Svenska Arm?k?ren
SWE;24:e Svenska Arm?k?ren
SWE;25:e Svenska Arm?k?ren
SWE;26:e Svenska Arm?k?ren
SWE;27:e Svenska Arm?k?ren
SWE;28:e Svenska Arm?k?ren
SWE;29:e Svenska Arm?k?ren
SWE;30:e Svenska Arm?k?ren
SWE;31:a Svenska Arm?k?ren
SWE;32:a Svenska Arm?k?ren
SWE;33:e Svenska Arm?k?ren
SWE;34:e Svenska Arm?k?ren
SWE;35:e Svenska Arm?k?ren
SWE;36:e Svenska Arm?k?ren
SWE;37:e Svenska Arm?k?ren
SWE;38:e Svenska Arm?k?ren
SWE;39:e Svenska Arm?k?ren
SWE;40:e Svenska Arm?k?ren
SWE;41:a Svenska Arm?k?ren
SWE;42:a Svenska Arm?k?ren
SWE;43:e Svenska Arm?k?ren
SWE;44:e Svenska Arm?k?ren
SWE;45:e Svenska Arm?k?ren
SWE;46:e Svenska Arm?k?ren
SWE;47:e Svenska Arm?k?ren
SWE;48:e Svenska Arm?k?ren
SWE;49:e Svenska Arm?k?ren
SWE;50:e Svenska Arm?k?ren
SWE;51:a Svenska Arm?k?ren
SWE;52:a Svenska Arm?k?ren
SWE;53:e Svenska Arm?k?ren
SWE;54:e Svenska Arm?k?ren
SWE;55:e Svenska Arm?k?ren
SWE;56:e Svenska Arm?k?ren
SWE;57:e Svenska Arm?k?ren
SWE;58:e Svenska Arm?k?ren
SWE;59:e Svenska Arm?k?ren
SWE;60:e Svenska Arm?k?ren
SWE;61:a Svenska Arm?k?ren
SWE;62:a Svenska Arm?k?ren
SWE;63:e Svenska Arm?k?ren
SWE;64:e Svenska Arm?k?ren
SWE;65:e Svenska Arm?k?ren
SWE;66:e Svenska Arm?k?ren
SWE;67:e Svenska Arm?k?ren
SWE;68:e Svenska Arm?k?ren
SWE;69:e Svenska Arm?k?ren
SWE;70:e Svenska Arm?k?ren
SWE;71:a Svenska Arm?k?ren
SWE;72:a Svenska Arm?k?ren
SWE;73:e Svenska Arm?k?ren
SWE;74:e Svenska Arm?k?ren
SWE;75:e Svenska Arm?k?ren
SWE;76:e Svenska Arm?k?ren
SWE;77:e Svenska Arm?k?ren
SWE;78:e Svenska Arm?k?ren
SWE;79:e Svenska Arm?k?ren
SWE;80:e Svenska Arm?k?ren
SWE;81:a Svenska Arm?k?ren
SWE;82:a Svenska Arm?k?ren
SWE;83:e Svenska Arm?k?ren
SWE;84:e Svenska Arm?k?ren
SWE;85:e Svenska Arm?k?ren
SWE;86:e Svenska Arm?k?ren
SWE;87:e Svenska Arm?k?ren
SWE;88:e Svenska Arm?k?ren
SWE;89:e Svenska Arm?k?ren
SYR;1. Corps al-ëArabiyyah as-Suriyyah
SYR;2. Corps al-ëArabiyyah as-Suriyyah
SYR;3. Corps al-ëArabiyyah as-Suriyyah
SYR;4. Corps al-ëArabiyyah as-Suriyyah
SYR;5. Corps al-ëArabiyyah as-Suriyyah
SYR;6. Corps al-ëArabiyyah as-Suriyyah
SYR;7. Corps al-ëArabiyyah as-Suriyyah
SYR;8. Corps al-ëArabiyyah as-Suriyyah
SYR;9. Corps al-ëArabiyyah as-Suriyyah
SYR;10. Corps al-ëArabiyyah as-Suriyyah
SYR;11. Corps al-ëArabiyyah as-Suriyyah
SYR;12. Corps al-ëArabiyyah as-Suriyyah
SYR;13. Corps al-ëArabiyyah as-Suriyyah
SYR;14. Corps al-ëArabiyyah as-Suriyyah
SYR;15. Corps al-ëArabiyyah as-Suriyyah
SYR;16. Corps al-ëArabiyyah as-Suriyyah
SYR;17. Corps al-ëArabiyyah as-Suriyyah
SYR;18. Corps al-ëArabiyyah as-Suriyyah
SYR;19. Corps al-ëArabiyyah as-Suriyyah
SYR;20. Corps al-ëArabiyyah as-Suriyyah
SYR;21. Corps al-ëArabiyyah as-Suriyyah
SYR;22. Corps al-ëArabiyyah as-Suriyyah
SYR;23. Corps al-ëArabiyyah as-Suriyyah
SYR;24. Corps al-ëArabiyyah as-Suriyyah
SYR;25. Corps al-ëArabiyyah as-Suriyyah
SYR;26. Corps al-ëArabiyyah as-Suriyyah
SYR;27. Corps al-ëArabiyyah as-Suriyyah
SYR;28. Corps al-ëArabiyyah as-Suriyyah
SYR;29. Corps al-ëArabiyyah as-Suriyyah
SYR;30. Corps al-ëArabiyyah as-Suriyyah
SYR;31. Corps al-ëArabiyyah as-Suriyyah
SYR;32. Corps al-ëArabiyyah as-Suriyyah
SYR;33. Corps al-ëArabiyyah as-Suriyyah
SYR;34. Corps al-ëArabiyyah as-Suriyyah
SYR;35. Corps al-ëArabiyyah as-Suriyyah
SYR;36. Corps al-ëArabiyyah as-Suriyyah
SYR;37. Corps al-ëArabiyyah as-Suriyyah
SYR;38. Corps al-ëArabiyyah as-Suriyyah
SYR;39. Corps al-ëArabiyyah as-Suriyyah
SYR;40. Corps al-ëArabiyyah as-Suriyyah
SYR;41. Corps al-ëArabiyyah as-Suriyyah
SYR;42. Corps al-ëArabiyyah as-Suriyyah
SYR;43. Corps al-ëArabiyyah as-Suriyyah
SYR;44. Corps al-ëArabiyyah as-Suriyyah
SYR;45. Corps al-ëArabiyyah as-Suriyyah
SYR;46. Corps al-ëArabiyyah as-Suriyyah
SYR;47. Corps al-ëArabiyyah as-Suriyyah
SYR;48. Corps al-ëArabiyyah as-Suriyyah
SYR;49. Corps al-ëArabiyyah as-Suriyyah
SYR;50. Corps al-ëArabiyyah as-Suriyyah
TAJ;1-y tadzhikskiy armeyskiy korpus
TAJ;2-y tadzhikskiy armeyskiy korpus
TAJ;3-y tadzhikskiy armeyskiy korpus
TAJ;4-y tadzhikskiy armeyskiy korpus
TAJ;5-y tadzhikskiy armeyskiy korpus
TAJ;6-y tadzhikskiy armeyskiy korpus
TAJ;7-y tadzhikskiy armeyskiy korpus
TAJ;8-y tadzhikskiy armeyskiy korpus
TAJ;9-y tadzhikskiy armeyskiy korpus
TAJ;10-y tadzhikskiy armeyskiy korpus
TAJ;11-y tadzhikskiy armeyskiy korpus
TAJ;12-y tadzhikskiy armeyskiy korpus
TAJ;13-y tadzhikskiy armeyskiy korpus
TAJ;14-y tadzhikskiy armeyskiy korpus
TAJ;15-y tadzhikskiy armeyskiy korpus
TAJ;16-y tadzhikskiy armeyskiy korpus
TAJ;17-y tadzhikskiy armeyskiy korpus
TAJ;18-y tadzhikskiy armeyskiy korpus
TAJ;19-y tadzhikskiy armeyskiy korpus
TAJ;20-y tadzhikskiy armeyskiy korpus
TAJ;21-y tadzhikskiy armeyskiy korpus
TAJ;22-y tadzhikskiy armeyskiy korpus
TAJ;23-y tadzhikskiy armeyskiy korpus
TAJ;24-y tadzhikskiy armeyskiy korpus
TAJ;25-y tadzhikskiy armeyskiy korpus
TAJ;26-y tadzhikskiy armeyskiy korpus
TAJ;27-y tadzhikskiy armeyskiy korpus
TAJ;28-y tadzhikskiy armeyskiy korpus
TAJ;29-y tadzhikskiy armeyskiy korpus
TAJ;30-y tadzhikskiy armeyskiy korpus
TAJ;31-y tadzhikskiy armeyskiy korpus
TAJ;32-y tadzhikskiy armeyskiy korpus
TAJ;33-y tadzhikskiy armeyskiy korpus
TAJ;34-y tadzhikskiy armeyskiy korpus
TAJ;35-y tadzhikskiy armeyskiy korpus
TAJ;36-y tadzhikskiy armeyskiy korpus
TAJ;37-y tadzhikskiy armeyskiy korpus
TAJ;38-y tadzhikskiy armeyskiy korpus
TAJ;39-y tadzhikskiy armeyskiy korpus
TAJ;40-y tadzhikskiy armeyskiy korpus
TAJ;41-y tadzhikskiy armeyskiy korpus
TAJ;42-y tadzhikskiy armeyskiy korpus
TAJ;43-y tadzhikskiy armeyskiy korpus
TAJ;44-y tadzhikskiy armeyskiy korpus
TAJ;45-y tadzhikskiy armeyskiy korpus
TAJ;46-y tadzhikskiy armeyskiy korpus
TAJ;47-y tadzhikskiy armeyskiy korpus
TAJ;48-y tadzhikskiy armeyskiy korpus
TAJ;49-y tadzhikskiy armeyskiy korpus
TAJ;50-y tadzhikskiy armeyskiy korpus
TAN;1ya Tuvanska Korpus
TAN;2ya Tuvanska Korpus
TAN;3ya Tuvanska Korpus
TAN;4ya Tuvanska Korpus
TAN;5ya Tuvanska Korpus
TAN;6ya Tuvanska Korpus
TAN;7ya Tuvanska Korpus
TAN;8ya Tuvanska Korpus
TAN;9ya Tuvanska Korpus
TAN;10ya Tuvanska Korpus
TAN;11ya Tuvanska Korpus
TAN;12ya Tuvanska Korpus
TAN;13ya Tuvanska Korpus
TAN;14ya Tuvanska Korpus
TAN;15ya Tuvanska Korpus
TAN;16ya Tuvanska Korpus
TAN;17ya Tuvanska Korpus
TAN;18ya Tuvanska Korpus
TAN;19ya Tuvanska Korpus
TAN;20ya Tuvanska Korpus
TAN;21ya Tuvanska Korpus
TAN;22ya Tuvanska Korpus
TAN;23ya Tuvanska Korpus
TAN;24ya Tuvanska Korpus
TAN;25ya Tuvanska Korpus
TAN;26ya Tuvanska Korpus
TAN;27ya Tuvanska Korpus
TAN;28ya Tuvanska Korpus
TAN;29ya Tuvanska Korpus
TAN;30ya Tuvanska Korpus
TAN;31ya Tuvanska Korpus
TAN;32ya Tuvanska Korpus
TAN;33ya Tuvanska Korpus
TAN;34ya Tuvanska Korpus
TAN;35ya Tuvanska Korpus
TAN;36ya Tuvanska Korpus
TAN;37ya Tuvanska Korpus
TAN;38ya Tuvanska Korpus
TAN;39ya Tuvanska Korpus
TAN;40ya Tuvanska Korpus
TAN;41ya Tuvanska Korpus
TAN;42ya Tuvanska Korpus
TAN;43ya Tuvanska Korpus
TAN;44ya Tuvanska Korpus
TAN;45ya Tuvanska Korpus
TAN;46ya Tuvanska Korpus
TAN;47ya Tuvanska Korpus
TAN;48ya Tuvanska Korpus
TAN;49ya Tuvanska Korpus
TAN;50ya Tuvanska Korpus
TEX;I Texan Corps
TEX;II Texan Corps
TEX;III Texan Corps
TEX;IV Texan Corps
TEX;V Texan Corps
TEX;VI Texan Corps
TEX;VII Texan Corps
TEX;VIII Texan Corps
TEX;IX Texan Corps
TEX;X Texan Corps
TEX;XI Texan Corps
TEX;XII Texan Corps
TEX;XIII Texan Corps
TEX;XIV Texan Corps
TEX;XV Texan Corps
TEX;XVI Texan Corps
TEX;XVII Texan Corps
TEX;XVIII Texan Corps
TEX;XIX Texan Corps
TEX;XX Texan Corps
TEX;XXI Texan Corps
TEX;XXII Texan Corps
TEX;XXIII Texan Corps
TEX;XXIV Texan Corps
TEX;XXV Texan Corps
TEX;XXVI Texan Corps
TEX;XXVII Texan Corps
TEX;XXVIII Texan Corps
TEX;XXIX Texan Corps
TEX;XXX Texan Corps
TEX;XXXI Texan Corps
TEX;XXXII Texan Corps
TEX;XXXIII Texan Corps
TEX;XXXIV Texan Corps
TEX;XXXV Texan Corps
TEX;XXXVI Texan Corps
TEX;XXXVII Texan Corps
TEX;XXXVIII Texan Corps
TEX;XXXIX Texan Corps
TEX;XL Texan Corps
TEX;XLI Texan Corps
TEX;XLII Texan Corps
TEX;XLIII Texan Corps
TEX;XLIV Texan Corps
TEX;XLV Texan Corps
TEX;XLVI Texan Corps
TEX;XLVII Texan Corps
TEX;XLVIII Texan Corps
TEX;XLIX Texan Corps
TEX;L Texan Corps
TIB;Di'1 Jun
TIB;Di'2 Jun
TIB;Di'3 Jun
TIB;Di'4 Jun
TIB;Di'5 Jun
TIB;Di'6 Jun
TIB;Di'7 Jun
TIB;Di'8 Jun
TIB;Di'9 Jun
TIB;Di'10 Jun
TIB;Di'11 Jun
TIB;Di'12 Jun
TIB;Di'13 Jun
TIB;Di'14 Jun
TIB;Di'15 Jun
TIB;Di'16 Jun
TIB;Di'17 Jun
TIB;Di'18 Jun
TIB;Di'19 Jun
TIB;Di'20 Jun
TIB;Di'21 Jun
TIB;Di'22 Jun
TIB;Di'23 Jun
TIB;Di'24 Jun
TIB;Di'25 Jun
TIB;Di'26 Jun
TIB;Di'27 Jun
TIB;Di'28 Jun
TIB;Di'29 Jun
TIB;Di'30 Jun
TIB;Di'31 Jun
TIB;Di'32 Jun
TIB;Di'33 Jun
TIB;Di'34 Jun
TIB;Di'35 Jun
TIB;Di'36 Jun
TIB;Di'37 Jun
TIB;Di'38 Jun
TIB;Di'39 Jun
TIB;Di'40 Jun
TIB;Di'41 Jun
TIB;Di'42 Jun
TIB;Di'43 Jun
TIB;Di'44 Jun
TIB;Di'45 Jun
TIB;Di'46 Jun
TIB;Di'47 Jun
TIB;Di'48 Jun
TIB;Di'49 Jun
TIB;Di'50 Jun
TRA;1-y uralskiy armeyskiy korpus
TRA;2-y uralskiy armeyskiy korpus
TRA;3-y uralskiy armeyskiy korpus
TRA;4-y uralskiy armeyskiy korpus
TRA;5-y uralskiy armeyskiy korpus
TRA;6-y uralskiy armeyskiy korpus
TRA;7-y uralskiy armeyskiy korpus
TRA;8-y uralskiy armeyskiy korpus
TRA;9-y uralskiy armeyskiy korpus
TRA;10-y uralskiy armeyskiy korpus
TRA;11-y uralskiy armeyskiy korpus
TRA;12-y uralskiy armeyskiy korpus
TRA;13-y uralskiy armeyskiy korpus
TRA;14-y uralskiy armeyskiy korpus
TRA;15-y uralskiy armeyskiy korpus
TRA;16-y uralskiy armeyskiy korpus
TRA;17-y uralskiy armeyskiy korpus
TRA;18-y uralskiy armeyskiy korpus
TRA;19-y uralskiy armeyskiy korpus
TRA;20-y uralskiy armeyskiy korpus
TRA;21-y uralskiy armeyskiy korpus
TRA;22-y uralskiy armeyskiy korpus
TRA;23-y uralskiy armeyskiy korpus
TRA;24-y uralskiy armeyskiy korpus
TRA;25-y uralskiy armeyskiy korpus
TRA;26-y uralskiy armeyskiy korpus
TRA;27-y uralskiy armeyskiy korpus
TRA;28-y uralskiy armeyskiy korpus
TRA;29-y uralskiy armeyskiy korpus
TRA;30-y uralskiy armeyskiy korpus
TRA;31-y uralskiy armeyskiy korpus
TRA;32-y uralskiy armeyskiy korpus
TRA;33-y uralskiy armeyskiy korpus
TRA;34-y uralskiy armeyskiy korpus
TRA;35-y uralskiy armeyskiy korpus
TRA;36-y uralskiy armeyskiy korpus
TRA;37-y uralskiy armeyskiy korpus
TRA;38-y uralskiy armeyskiy korpus
TRA;39-y uralskiy armeyskiy korpus
TRA;40-y uralskiy armeyskiy korpus
TRA;41-y uralskiy armeyskiy korpus
TRA;42-y uralskiy armeyskiy korpus
TRA;43-y uralskiy armeyskiy korpus
TRA;44-y uralskiy armeyskiy korpus
TRA;45-y uralskiy armeyskiy korpus
TRA;46-y uralskiy armeyskiy korpus
TRA;47-y uralskiy armeyskiy korpus
TRA;48-y uralskiy armeyskiy korpus
TRA;49-y uralskiy armeyskiy korpus
TRA;50-y uralskiy armeyskiy korpus
TRK;T?rkmen 1. Kolordu
TRK;T?rkmen 2. Kolordu
TRK;T?rkmen 3. Kolordu
TRK;T?rkmen 4. Kolordu
TRK;T?rkmen 5. Kolordu
TRK;T?rkmen 6. Kolordu
TRK;T?rkmen 7. Kolordu
TRK;T?rkmen 8. Kolordu
TRK;T?rkmen 9. Kolordu
TRK;T?rkmen 10. Kolordu
TRK;T?rkmen 11. Kolordu
TRK;T?rkmen 12. Kolordu
TRK;T?rkmen 13. Kolordu
TRK;T?rkmen 14. Kolordu
TRK;T?rkmen 15. Kolordu
TRK;T?rkmen 16. Kolordu
TRK;T?rkmen 17. Kolordu
TRK;T?rkmen 18. Kolordu
TRK;T?rkmen 19. Kolordu
TRK;T?rkmen 20. Kolordu
TRK;T?rkmen 21. Kolordu
TRK;T?rkmen 22. Kolordu
TRK;T?rkmen 23. Kolordu
TRK;T?rkmen 24. Kolordu
TRK;T?rkmen 25. Kolordu
TRK;T?rkmen 26. Kolordu
TRK;T?rkmen 27. Kolordu
TRK;T?rkmen 28. Kolordu
TRK;T?rkmen 29. Kolordu
TRK;T?rkmen 30. Kolordu
TRK;T?rkmen 31. Kolordu
TRK;T?rkmen 32. Kolordu
TRK;T?rkmen 33. Kolordu
TRK;T?rkmen 34. Kolordu
TRK;T?rkmen 35. Kolordu
TRK;T?rkmen 36. Kolordu
TRK;T?rkmen 37. Kolordu
TRK;T?rkmen 38. Kolordu
TRK;T?rkmen 39. Kolordu
TRK;T?rkmen 40. Kolordu
TRK;T?rkmen 41. Kolordu
TRK;T?rkmen 42. Kolordu
TRK;T?rkmen 43. Kolordu
TRK;T?rkmen 44. Kolordu
TRK;T?rkmen 45. Kolordu
TRK;T?rkmen 46. Kolordu
TRK;T?rkmen 47. Kolordu
TRK;T?rkmen 48. Kolordu
TRK;T?rkmen 49. Kolordu
TRK;T?rkmen 50. Kolordu
TUN;1. Corps at-Tunisiyyah
TUN;2. Corps at-Tunisiyyah
TUN;3. Corps at-Tunisiyyah
TUN;4. Corps at-Tunisiyyah
TUN;5. Corps at-Tunisiyyah
TUN;6. Corps at-Tunisiyyah
TUN;7. Corps at-Tunisiyyah
TUN;8. Corps at-Tunisiyyah
TUN;9. Corps at-Tunisiyyah
TUN;10. Corps at-Tunisiyyah
TUN;11. Corps at-Tunisiyyah
TUN;12. Corps at-Tunisiyyah
TUN;13. Corps at-Tunisiyyah
TUN;14. Corps at-Tunisiyyah
TUN;15. Corps at-Tunisiyyah
TUN;16. Corps at-Tunisiyyah
TUN;17. Corps at-Tunisiyyah
TUN;18. Corps at-Tunisiyyah
TUN;19. Corps at-Tunisiyyah
TUN;20. Corps at-Tunisiyyah
TUN;21. Corps at-Tunisiyyah
TUN;22. Corps at-Tunisiyyah
TUN;23. Corps at-Tunisiyyah
TUN;24. Corps at-Tunisiyyah
TUN;25. Corps at-Tunisiyyah
TUN;26. Corps at-Tunisiyyah
TUN;27. Corps at-Tunisiyyah
TUN;28. Corps at-Tunisiyyah
TUN;29. Corps at-Tunisiyyah
TUN;30. Corps at-Tunisiyyah
TUN;31. Corps at-Tunisiyyah
TUN;32. Corps at-Tunisiyyah
TUN;33. Corps at-Tunisiyyah
TUN;34. Corps at-Tunisiyyah
TUN;35. Corps at-Tunisiyyah
TUN;36. Corps at-Tunisiyyah
TUN;37. Corps at-Tunisiyyah
TUN;38. Corps at-Tunisiyyah
TUN;39. Corps at-Tunisiyyah
TUN;40. Corps at-Tunisiyyah
TUN;41. Corps at-Tunisiyyah
TUN;42. Corps at-Tunisiyyah
TUN;43. Corps at-Tunisiyyah
TUN;44. Corps at-Tunisiyyah
TUN;45. Corps at-Tunisiyyah
TUN;46. Corps at-Tunisiyyah
TUN;47. Corps at-Tunisiyyah
TUN;48. Corps at-Tunisiyyah
TUN;49. Corps at-Tunisiyyah
TUN;50. Corps at-Tunisiyyah
TUR;1. Kolordu
TUR;2. Kolordu
TUR;3. Kolordu
TUR;4. Kolordu
TUR;5. Kolordu
TUR;6. Kolordu
TUR;7. Kolordu
TUR;8. Kolordu
TUR;9. Kolordu
TUR;10. Kolordu
TUR;11. Kolordu
TUR;12. Kolordu
TUR;13. Kolordu
TUR;14. Kolordu
TUR;15. Kolordu
TUR;16. Kolordu
TUR;17. Kolordu
TUR;18. Kolordu
TUR;19. Kolordu
TUR;20. Kolordu
TUR;21. Kolordu
TUR;22. Kolordu
TUR;23. Kolordu
TUR;24. Kolordu
TUR;25. Kolordu
TUR;26. Kolordu
TUR;27. Kolordu
TUR;28. Kolordu
TUR;29. Kolordu
TUR;30. Kolordu
TUR;31. Kolordu
TUR;32. Kolordu
TUR;33. Kolordu
TUR;34. Kolordu
TUR;35. Kolordu
TUR;36. Kolordu
TUR;37. Kolordu
TUR;38. Kolordu
TUR;39. Kolordu
TUR;40. Kolordu
TUR;41. Kolordu
TUR;42. Kolordu
TUR;43. Kolordu
TUR;44. Kolordu
TUR;45. Kolordu
TUR;46. Kolordu
TUR;47. Kolordu
TUR;48. Kolordu
TUR;49. Kolordu
TUR;50. Kolordu
TUR;51. Kolordu
TUR;52. Kolordu
TUR;53. Kolordu
TUR;54. Kolordu
TUR;55. Kolordu
TUR;56. Kolordu
TUR;57. Kolordu
TUR;58. Kolordu
TUR;59. Kolordu
TUR;60. Kolordu
TUR;61. Kolordu
TUR;62. Kolordu
TUR;63. Kolordu
TUR;64. Kolordu
TUR;65. Kolordu
TUR;66. Kolordu
TUR;67. Kolordu
TUR;68. Kolordu
TUR;69. Kolordu
TUR;70. Kolordu
TUR;71. Kolordu
TUR;72. Kolordu
TUR;73. Kolordu
TUR;74. Kolordu
TUR;75. Kolordu
TUR;76. Kolordu
TUR;77. Kolordu
TUR;78. Kolordu
TUR;79. Kolordu
TUR;80. Kolordu
TUR;81. Kolordu
TUR;82. Kolordu
TUR;83. Kolordu
TUR;84. Kolordu
TUR;85. Kolordu
TUR;86. Kolordu
TUR;87. Kolordu
TUR;88. Kolordu
TUR;89. Kolordu
TUR;90. Kolordu
TUR;91. Kolordu
TUR;92. Kolordu
TUR;93. Kolordu
TUR;94. Kolordu
TUR;95. Kolordu
TUR;96. Kolordu
TUR;97. Kolordu
TUR;98. Kolordu
TUR;99. Kolordu
TUR;100. Kolordu
UKR;1-y ukrayiny armis'kyy korpus
UKR;2-y ukrayiny armis'kyy korpus
UKR;3-y ukrayiny armis'kyy korpus
UKR;4-y ukrayiny armis'kyy korpus
UKR;5-y ukrayiny armis'kyy korpus
UKR;6-y ukrayiny armis'kyy korpus
UKR;7-y ukrayiny armis'kyy korpus
UKR;8-y ukrayiny armis'kyy korpus
UKR;9-y ukrayiny armis'kyy korpus
UKR;10-y ukrayiny armis'kyy korpus
UKR;11-y ukrayiny armis'kyy korpus
UKR;12-y ukrayiny armis'kyy korpus
UKR;13-y ukrayiny armis'kyy korpus
UKR;14-y ukrayiny armis'kyy korpus
UKR;15-y ukrayiny armis'kyy korpus
UKR;16-y ukrayiny armis'kyy korpus
UKR;17-y ukrayiny armis'kyy korpus
UKR;18-y ukrayiny armis'kyy korpus
UKR;19-y ukrayiny armis'kyy korpus
UKR;20-y ukrayiny armis'kyy korpus
UKR;21-y ukrayiny armis'kyy korpus
UKR;22-y ukrayiny armis'kyy korpus
UKR;23-y ukrayiny armis'kyy korpus
UKR;24-y ukrayiny armis'kyy korpus
UKR;25-y ukrayiny armis'kyy korpus
UKR;26-y ukrayiny armis'kyy korpus
UKR;27-y ukrayiny armis'kyy korpus
UKR;28-y ukrayiny armis'kyy korpus
UKR;29-y ukrayiny armis'kyy korpus
UKR;30-y ukrayiny armis'kyy korpus
UKR;31-y ukrayiny armis'kyy korpus
UKR;32-y ukrayiny armis'kyy korpus
UKR;33-y ukrayiny armis'kyy korpus
UKR;34-y ukrayiny armis'kyy korpus
UKR;35-y ukrayiny armis'kyy korpus
UKR;36-y ukrayiny armis'kyy korpus
UKR;37-y ukrayiny armis'kyy korpus
UKR;38-y ukrayiny armis'kyy korpus
UKR;39-y ukrayiny armis'kyy korpus
UKR;40-y ukrayiny armis'kyy korpus
UKR;41-y ukrayiny armis'kyy korpus
UKR;42-y ukrayiny armis'kyy korpus
UKR;43-y ukrayiny armis'kyy korpus
UKR;44-y ukrayiny armis'kyy korpus
UKR;45-y ukrayiny armis'kyy korpus
UKR;46-y ukrayiny armis'kyy korpus
UKR;47-y ukrayiny armis'kyy korpus
UKR;48-y ukrayiny armis'kyy korpus
UKR;49-y ukrayiny armis'kyy korpus
UKR;50-y ukrayiny armis'kyy korpus
UKR;51-y ukrayiny armis'kyy korpus
UKR;52-y ukrayiny armis'kyy korpus
UKR;53-y ukrayiny armis'kyy korpus
UKR;54-y ukrayiny armis'kyy korpus
UKR;55-y ukrayiny armis'kyy korpus
UKR;56-y ukrayiny armis'kyy korpus
UKR;57-y ukrayiny armis'kyy korpus
UKR;58-y ukrayiny armis'kyy korpus
UKR;59-y ukrayiny armis'kyy korpus
UKR;60-y ukrayiny armis'kyy korpus
UKR;61-y ukrayiny armis'kyy korpus
UKR;62-y ukrayiny armis'kyy korpus
UKR;63-y ukrayiny armis'kyy korpus
UKR;64-y ukrayiny armis'kyy korpus
UKR;65-y ukrayiny armis'kyy korpus
UKR;66-y ukrayiny armis'kyy korpus
UKR;67-y ukrayiny armis'kyy korpus
UKR;68-y ukrayiny armis'kyy korpus
UKR;69-y ukrayiny armis'kyy korpus
UKR;70-y ukrayiny armis'kyy korpus
UKR;71-y ukrayiny armis'kyy korpus
UKR;72-y ukrayiny armis'kyy korpus
UKR;73-y ukrayiny armis'kyy korpus
UKR;74-y ukrayiny armis'kyy korpus
UKR;75-y ukrayiny armis'kyy korpus
UKR;76-y ukrayiny armis'kyy korpus
UKR;77-y ukrayiny armis'kyy korpus
UKR;78-y ukrayiny armis'kyy korpus
UKR;79-y ukrayiny armis'kyy korpus
UKR;80-y ukrayiny armis'kyy korpus
UKR;81-y ukrayiny armis'kyy korpus
UKR;82-y ukrayiny armis'kyy korpus
UKR;83-y ukrayiny armis'kyy korpus
UKR;84-y ukrayiny armis'kyy korpus
UKR;85-y ukrayiny armis'kyy korpus
UKR;86-y ukrayiny armis'kyy korpus
UKR;87-y ukrayiny armis'kyy korpus
UKR;88-y ukrayiny armis'kyy korpus
UKR;89-y ukrayiny armis'kyy korpus
UKR;90-y ukrayiny armis'kyy korpus
UKR;91-y ukrayiny armis'kyy korpus
UKR;92-y ukrayiny armis'kyy korpus
UKR;93-y ukrayiny armis'kyy korpus
UKR;94-y ukrayiny armis'kyy korpus
UKR;95-y ukrayiny armis'kyy korpus
UKR;96-y ukrayiny armis'kyy korpus
UKR;97-y ukrayiny armis'kyy korpus
UKR;98-y ukrayiny armis'kyy korpus
UKR;99-y ukrayiny armis'kyy korpus
UKR;100-y ukrayiny armis'kyy korpus
URU;I Cuerpo de Ej?rcito uruguayo
URU;II Cuerpo de Ej?rcito uruguayo
URU;III Cuerpo de Ej?rcito uruguayo
URU;IV Cuerpo de Ej?rcito uruguayo
URU;V Cuerpo de Ej?rcito uruguayo
URU;VI Cuerpo de Ej?rcito uruguayo
URU;VII Cuerpo de Ej?rcito uruguayo
URU;VIII Cuerpo de Ej?rcito uruguayo
URU;IX Cuerpo de Ej?rcito uruguayo
URU;X Cuerpo de Ej?rcito uruguayo
URU;XI Cuerpo de Ej?rcito uruguayo
URU;XII Cuerpo de Ej?rcito uruguayo
URU;XIII Cuerpo de Ej?rcito uruguayo
URU;XIV Cuerpo de Ej?rcito uruguayo
URU;XV Cuerpo de Ej?rcito uruguayo
URU;XVI Cuerpo de Ej?rcito uruguayo
URU;XVII Cuerpo de Ej?rcito uruguayo
URU;XVIII Cuerpo de Ej?rcito uruguayo
URU;XIX Cuerpo de Ej?rcito uruguayo
URU;XX Cuerpo de Ej?rcito uruguayo
URU;XXI Cuerpo de Ej?rcito uruguayo
URU;XXII Cuerpo de Ej?rcito uruguayo
URU;XXIII Cuerpo de Ej?rcito uruguayo
URU;XXIV Cuerpo de Ej?rcito uruguayo
URU;XXV Cuerpo de Ej?rcito uruguayo
URU;XXVI Cuerpo de Ej?rcito uruguayo
URU;XXVII Cuerpo de Ej?rcito uruguayo
URU;XXVIII Cuerpo de Ej?rcito uruguayo
URU;XXIX Cuerpo de Ej?rcito uruguayo
URU;XXX Cuerpo de Ej?rcito uruguayo
URU;XXXI Cuerpo de Ej?rcito uruguayo
URU;XXXII Cuerpo de Ej?rcito uruguayo
URU;XXXIII Cuerpo de Ej?rcito uruguayo
URU;XXXIV Cuerpo de Ej?rcito uruguayo
URU;XXXV Cuerpo de Ej?rcito uruguayo
URU;XXXVI Cuerpo de Ej?rcito uruguayo
URU;XXXVII Cuerpo de Ej?rcito uruguayo
URU;XXXVIII Cuerpo de Ej?rcito uruguayo
URU;XXXIX Cuerpo de Ej?rcito uruguayo
URU;XL Cuerpo de Ej?rcito uruguayo
URU;XLI Cuerpo de Ej?rcito uruguayo
URU;XLII Cuerpo de Ej?rcito uruguayo
URU;XLIII Cuerpo de Ej?rcito uruguayo
URU;XLIV Cuerpo de Ej?rcito uruguayo
URU;XLV Cuerpo de Ej?rcito uruguayo
URU;XLVI Cuerpo de Ej?rcito uruguayo
URU;XLVII Cuerpo de Ej?rcito uruguayo
URU;XLVIII Cuerpo de Ej?rcito uruguayo
URU;XLIX Cuerpo de Ej?rcito uruguayo
URU;L Cuerpo de Ej?rcito uruguayo
USA;US I Corps
USA;US II Corps
USA;US III Corps
USA;US IV Corps
USA;US V Corps
USA;US VI Corps
USA;US VII Corps
USA;US VIII Corps
USA;US IX Corps
USA;US X Corps
USA;US XI Corps
USA;US XII Corps
USA;US XIII Corps
USA;US XIV Corps
USA;US XV Corps
USA;US XVI Corps
USA;US XVII Corps
USA;US XVIII Corps
USA;US XIX Corps
USA;US XX Corps
USA;US XXI Corps
USA;US XXII Corps
USA;US XXIII Corps
USA;US XXIV Corps
USA;US XXV Corps
USA;US XXVI Corps
USA;US XXVII Corps
USA;US XXVIII Corps
USA;US XXIX Corps
USA;US XXX Corps
USA;US XXXI Corps
USA;US XXXII Corps
USA;US XXXIII Corps
USA;US XXXIV Corps
USA;US XXXV Corps
USA;US XXXVI Corps
USA;US XXXVII Corps
USA;US XXXVIII Corps
USA;US XXXIX Corps
USA;US XL Corps
USA;US XLI Corps
USA;US XLII Corps
USA;US XLIII Corps
USA;US XLIV Corps
USA;US XLV Corps
USA;US XLVI Corps
USA;US XLVII Corps
USA;US XLVIII Corps
USA;US XLIX Corps
USA;US L Corps
USA;US LI Corps
USA;US LII Corps
USA;US LIII Corps
USA;US LIV Corps
USA;US LV Corps
USA;US LVI Corps
USA;US LVII Corps
USA;US LVIII Corps
USA;US LIX Corps
USA;US LX Corps
USA;US LXI Corps
USA;US LXII Corps
USA;US LXIII Corps
USA;US LXIV Corps
USA;US LXV Corps
USA;US LXVI Corps
USA;US LXVII Corps
USA;US LXVIII Corps
USA;US LXIX Corps
USA;US LXX Corps
USA;US LXXI Corps
USA;US LXXII Corps
USA;US LXXIII Corps
USA;US LXXIV Corps
USA;US LXXV Corps
USA;US LXXVI Corps
USA;US LXXVII Corps
USA;US LXXVIII Corps
USA;US LXXIX Corps
USA;US LXXX Corps
USA;US LXXXI Corps
USA;US LXXXII Corps
USA;US LXXXIII Corps
USA;US LXXXIV Corps
USA;US LXXXV Corps
USA;US LXXXVI Corps
USA;US LXXXVII Corps
USA;US LXXXVIII Corps
USA;US LXXXIX Corps
USA;US XC Corps
USA;US XCI Corps
USA;US XCII Corps
USA;US XCIII Corps
USA;US XCIV Corps
USA;US XCV Corps
USA;US XCVI Corps
USA;US XCVII Corps
USA;US XCVIII Corps
USA;US XCIX Corps
USA;US C Corps
USA;US CI Corps
USA;US CII Corps
USA;US CIII Corps
USA;US CIV Corps
USA;US CV Corps
USA;US CVI Corps
USA;US CVII Corps
USA;US CVIII Corps
USA;US CIX Corps
USA;US CX Corps
USA;US CXI Corps
USA;US CXII Corps
USA;US CXIII Corps
USA;US CXIV Corps
USA;US CXV Corps
USA;US CXVI Corps
USA;US CXVII Corps
USA;US CXVIII Corps
USA;US CXIX Corps
USA;US CXX Corps
USA;US CXXI Corps
USA;US CXXII Corps
USA;US CXXIII Corps
USA;US CXXIV Corps
USA;US CXXV Corps
USA;US CXXVI Corps
USA;US CXXVII Corps
USA;US CXXVIII Corps
USA;US CXXIX Corps
USA;US CXXX Corps
USA;US CXXXI Corps
USA;US CXXXII Corps
USA;US CXXXIII Corps
USA;US CXXXIV Corps
USA;US CXXXV Corps
USA;US CXXXVI Corps
USA;US CXXXVII Corps
USA;US CXXXVIII Corps
USA;US CXXXIX Corps
USA;US CXL Corps
USA;US CXLI Corps
USA;US CXLII Corps
USA;US CXLIII Corps
USA;US CXLIV Corps
USA;US CXLV Corps
USA;US CXLVI Corps
USA;US CXLVII Corps
USA;US CXLVIII Corps
USA;US CXLIX Corps
USA;US CL Corps
USA;US CLI Corps
USA;US CLII Corps
USA;US CLIII Corps
USA;US CLIV Corps
USA;US CLV Corps
USA;US CLVI Corps
USA;US CLVII Corps
USA;US CLVIII Corps
USA;US CLIX Corps
USA;US CLX Corps
USA;US CLXI Corps
USA;US CLXII Corps
USA;US CLXIII Corps
USA;US CLXIV Corps
USA;US CLXV Corps
USA;US CLXVI Corps
USA;US CLXVII Corps
USA;US CLXVIII Corps
USA;US CLXIX Corps
USA;US CLXX Corps
USA;US CLXXI Corps
USA;US CLXXII Corps
USA;US CLXXIII Corps
USA;US CLXXIV Corps
USA;US CLXXV Corps
USA;US CLXXVI Corps
USA;US CLXXVII Corps
USA;US CLXXVIII Corps
USA;US CLXXIX Corps
USA;US CLXXX Corps
USA;US CLXXXI Corps
USA;US CLXXXII Corps
USA;US CLXXXIII Corps
USA;US CLXXXIV Corps
USA;US CLXXXV Corps
USA;US CLXXXVI Corps
USA;US CLXXXVII Corps
USA;US CLXXXVIII Corps
USA;US CLXXXIX Corps
USA;US CXC Corps
USA;US CXCI Corps
USA;US CXCII Corps
USA;US CXCIII Corps
USA;US CXCIV Corps
USA;US CXCV Corps
USA;US CXCVI Corps
USA;US CXCVII Corps
USA;US CXCVIII Corps
USA;US CXCIX Corps
USA;US CC Corps
USA;US CCI Corps
USA;US CCII Corps
USA;US CCIII Corps
USA;US CCIV Corps
USA;US CCV Corps
USA;US CCVI Corps
USA;US CCVII Corps
USA;US CCVIII Corps
USA;US CCIX Corps
USA;US CCX Corps
USA;US CCXI Corps
USA;US CCXII Corps
USA;US CCXIII Corps
USA;US CCXIV Corps
USA;US CCXV Corps
USA;US CCXVI Corps
USA;US CCXVII Corps
USA;US CCXVIII Corps
USA;US CCXIX Corps
USA;US CCXX Corps
USA;US CCXXI Corps
USA;US CCXXII Corps
USA;US CCXXIII Corps
USA;US CCXXIV Corps
USA;US CCXXV Corps
USA;US CCXXVI Corps
USA;US CCXXVII Corps
USA;US CCXXVIII Corps
USA;US CCXXIX Corps
USA;US CCXXX Corps
USA;US CCXXXI Corps
USA;US CCXXXII Corps
USA;US CCXXXIII Corps
USA;US CCXXXIV Corps
USA;US CCXXXV Corps
USA;US CCXXXVI Corps
USA;US CCXXXVII Corps
USA;US CCXXXVIII Corps
USA;US CCXXXIX Corps
USA;US CCXL Corps
USA;US CCXLI Corps
USA;US CCXLII Corps
USA;US CCXLIII Corps
USA;US CCXLIV Corps
USA;US CCXLV Corps
USA;US CCXLVI Corps
USA;US CCXLVII Corps
USA;US CCXLVIII Corps
USA;US CCXLIX Corps
USA;US CCL Corps
USA;US CCLI Corps
USA;US CCLII Corps
USA;US CCLIII Corps
USA;US CCLIV Corps
USA;US CCLV Corps
USA;US CCLVI Corps
USA;US CCLVII Corps
USA;US CCLVIII Corps
USA;US CCLIX Corps
USA;US CCLX Corps
USA;US CCLXI Corps
USA;US CCLXII Corps
USA;US CCLXIII Corps
USA;US CCLXIV Corps
USA;US CCLXV Corps
USA;US CCLXVI Corps
USA;US CCLXVII Corps
USA;US CCLXVIII Corps
USA;US CCLXIX Corps
USA;US CCLXX Corps
USA;US CCLXXI Corps
USA;US CCLXXII Corps
USA;US CCLXXIII Corps
USA;US CCLXXIV Corps
USA;US CCLXXV Corps
USA;US CCLXXVI Corps
USA;US CCLXXVII Corps
USA;US CCLXXVIII Corps
USA;US CCLXXIX Corps
USA;US CCLXXX Corps
USA;US CCLXXXI Corps
USA;US CCLXXXII Corps
USA;US CCLXXXIII Corps
USA;US CCLXXXIV Corps
USA;US CCLXXXV Corps
USA;US CCLXXXVI Corps
USA;US CCLXXXVII Corps
USA;US CCLXXXVIII Corps
USA;US CCLXXXIX Corps
USA;US CCXC Corps
USA;US CCXCI Corps
USA;US CCXCII Corps
USA;US CCXCIII Corps
USA;US CCXCIV Corps
USA;US CCXCV Corps
USA;US CCXCVI Corps
USA;US CCXCVII Corps
USA;US CCXCVIII Corps
USA;US CCXCIX Corps
USA;US CCC Corps
USA;US CCCI Corps
USA;US CCCII Corps
USA;US CCCIII Corps
USA;US CCCIV Corps
USA;US CCCV Corps
USA;US CCCVI Corps
USA;US CCCVII Corps
USA;US CCCVIII Corps
USA;US CCCIX Corps
USA;US CCCX Corps
USA;US CCCXI Corps
USA;US CCCXII Corps
USA;US CCCXIII Corps
USA;US CCCXIV Corps
USA;US CCCXV Corps
USA;US CCCXVI Corps
USA;US CCCXVII Corps
USA;US CCCXVIII Corps
USA;US CCCXIX Corps
USA;US CCCXX Corps
USA;US CCCXXI Corps
USA;US CCCXXII Corps
USA;US CCCXXIII Corps
USA;US CCCXXIV Corps
USA;US CCCXXV Corps
USA;US CCCXXVI Corps
USA;US CCCXXVII Corps
USA;US CCCXXVIII Corps
USA;US CCCXXIX Corps
USA;US CCCXXX Corps
USA;US CCCXXXI Corps
USA;US CCCXXXII Corps
USA;US CCCXXXIII Corps
USA;US CCCXXXIV Corps
USA;US CCCXXXV Corps
USA;US CCCXXXVI Corps
USA;US CCCXXXVII Corps
USA;US CCCXXXVIII Corps
USA;US CCCXXXIX Corps
USA;US CCCXL Corps
USA;US CCCXLI Corps
USA;US CCCXLII Corps
USA;US CCCXLIII Corps
USA;US CCCXLIV Corps
USA;US CCCXLV Corps
USA;US CCCXLVI Corps
USA;US CCCXLVII Corps
USA;US CCCXLVIII Corps
USA;US CCCXLIX Corps
USA;US CCCL Corps
USA;US CCCLI Corps
USA;US CCCLII Corps
USA;US CCCLIII Corps
USA;US CCCLIV Corps
USA;US CCCLV Corps
USA;US CCCLVI Corps
USA;US CCCLVII Corps
USA;US CCCLVIII Corps
USA;US CCCLIX Corps
USA;US CCCLX Corps
USA;US CCCLXI Corps
USA;US CCCLXII Corps
USA;US CCCLXIII Corps
USA;US CCCLXIV Corps
USA;US CCCLXV Corps
USA;US CCCLXVI Corps
USA;US CCCLXVII Corps
USA;US CCCLXVIII Corps
USA;US CCCLXIX Corps
USA;US CCCLXX Corps
USA;US CCCLXXI Corps
USA;US CCCLXXII Corps
USA;US CCCLXXIII Corps
USA;US CCCLXXIV Corps
USA;US CCCLXXV Corps
USA;US CCCLXXVI Corps
USA;US CCCLXXVII Corps
USA;US CCCLXXVIII Corps
USA;US CCCLXXIX Corps
USA;US CCCLXXX Corps
USA;US CCCLXXXI Corps
USA;US CCCLXXXII Corps
USA;US CCCLXXXIII Corps
USA;US CCCLXXXIV Corps
USA;US CCCLXXXV Corps
USA;US CCCLXXXVI Corps
USA;US CCCLXXXVII Corps
USA;US CCCLXXXVIII Corps
USA;US CCCLXXXIX Corps
USA;US CCCXC Corps
USA;US CCCXCI Corps
USA;US CCCXCII Corps
USA;US CCCXCIII Corps
USA;US CCCXCIV Corps
USA;US CCCXCV Corps
USA;US CCCXCVI Corps
USA;US CCCXCVII Corps
USA;US CCCXCVIII Corps
USA;US CCCXCIX Corps
USA;US CD Corps
UZB;1-y uzbekskiy armeyskiy korpus
UZB;2-y uzbekskiy armeyskiy korpus
UZB;3-y uzbekskiy armeyskiy korpus
UZB;4-y uzbekskiy armeyskiy korpus
UZB;5-y uzbekskiy armeyskiy korpus
UZB;6-y uzbekskiy armeyskiy korpus
UZB;7-y uzbekskiy armeyskiy korpus
UZB;8-y uzbekskiy armeyskiy korpus
UZB;9-y uzbekskiy armeyskiy korpus
UZB;10-y uzbekskiy armeyskiy korpus
UZB;11-y uzbekskiy armeyskiy korpus
UZB;12-y uzbekskiy armeyskiy korpus
UZB;13-y uzbekskiy armeyskiy korpus
UZB;14-y uzbekskiy armeyskiy korpus
UZB;15-y uzbekskiy armeyskiy korpus
UZB;16-y uzbekskiy armeyskiy korpus
UZB;17-y uzbekskiy armeyskiy korpus
UZB;18-y uzbekskiy armeyskiy korpus
UZB;19-y uzbekskiy armeyskiy korpus
UZB;20-y uzbekskiy armeyskiy korpus
UZB;21-y uzbekskiy armeyskiy korpus
UZB;22-y uzbekskiy armeyskiy korpus
UZB;23-y uzbekskiy armeyskiy korpus
UZB;24-y uzbekskiy armeyskiy korpus
UZB;25-y uzbekskiy armeyskiy korpus
UZB;26-y uzbekskiy armeyskiy korpus
UZB;27-y uzbekskiy armeyskiy korpus
UZB;28-y uzbekskiy armeyskiy korpus
UZB;29-y uzbekskiy armeyskiy korpus
UZB;30-y uzbekskiy armeyskiy korpus
UZB;31-y uzbekskiy armeyskiy korpus
UZB;32-y uzbekskiy armeyskiy korpus
UZB;33-y uzbekskiy armeyskiy korpus
UZB;34-y uzbekskiy armeyskiy korpus
UZB;35-y uzbekskiy armeyskiy korpus
UZB;36-y uzbekskiy armeyskiy korpus
UZB;37-y uzbekskiy armeyskiy korpus
UZB;38-y uzbekskiy armeyskiy korpus
UZB;39-y uzbekskiy armeyskiy korpus
UZB;40-y uzbekskiy armeyskiy korpus
UZB;41-y uzbekskiy armeyskiy korpus
UZB;42-y uzbekskiy armeyskiy korpus
UZB;43-y uzbekskiy armeyskiy korpus
UZB;44-y uzbekskiy armeyskiy korpus
UZB;45-y uzbekskiy armeyskiy korpus
UZB;46-y uzbekskiy armeyskiy korpus
UZB;47-y uzbekskiy armeyskiy korpus
UZB;48-y uzbekskiy armeyskiy korpus
UZB;49-y uzbekskiy armeyskiy korpus
UZB;50-y uzbekskiy armeyskiy korpus
VEN;I Cuerpo de Ej?rcito venezuelano
VEN;II Cuerpo de Ej?rcito venezuelano
VEN;III Cuerpo de Ej?rcito venezuelano
VEN;IV Cuerpo de Ej?rcito venezuelano
VEN;V Cuerpo de Ej?rcito venezuelano
VEN;VI Cuerpo de Ej?rcito venezuelano
VEN;VII Cuerpo de Ej?rcito venezuelano
VEN;VIII Cuerpo de Ej?rcito venezuelano
VEN;IX Cuerpo de Ej?rcito venezuelano
VEN;X Cuerpo de Ej?rcito venezuelano
VEN;XI Cuerpo de Ej?rcito venezuelano
VEN;XII Cuerpo de Ej?rcito venezuelano
VEN;XIII Cuerpo de Ej?rcito venezuelano
VEN;XIV Cuerpo de Ej?rcito venezuelano
VEN;XV Cuerpo de Ej?rcito venezuelano
VEN;XVI Cuerpo de Ej?rcito venezuelano
VEN;XVII Cuerpo de Ej?rcito venezuelano
VEN;XVIII Cuerpo de Ej?rcito venezuelano
VEN;XIX Cuerpo de Ej?rcito venezuelano
VEN;XX Cuerpo de Ej?rcito venezuelano
VEN;XXI Cuerpo de Ej?rcito venezuelano
VEN;XXII Cuerpo de Ej?rcito venezuelano
VEN;XXIII Cuerpo de Ej?rcito venezuelano
VEN;XXIV Cuerpo de Ej?rcito venezuelano
VEN;XXV Cuerpo de Ej?rcito venezuelano
VEN;XXVI Cuerpo de Ej?rcito venezuelano
VEN;XXVII Cuerpo de Ej?rcito venezuelano
VEN;XXVIII Cuerpo de Ej?rcito venezuelano
VEN;XXIX Cuerpo de Ej?rcito venezuelano
VEN;XXX Cuerpo de Ej?rcito venezuelano
VEN;XXXI Cuerpo de Ej?rcito venezuelano
VEN;XXXII Cuerpo de Ej?rcito venezuelano
VEN;XXXIII Cuerpo de Ej?rcito venezuelano
VEN;XXXIV Cuerpo de Ej?rcito venezuelano
VEN;XXXV Cuerpo de Ej?rcito venezuelano
VEN;XXXVI Cuerpo de Ej?rcito venezuelano
VEN;XXXVII Cuerpo de Ej?rcito venezuelano
VEN;XXXVIII Cuerpo de Ej?rcito venezuelano
VEN;XXXIX Cuerpo de Ej?rcito venezuelano
VEN;XL Cuerpo de Ej?rcito venezuelano
VEN;XLI Cuerpo de Ej?rcito venezuelano
VEN;XLII Cuerpo de Ej?rcito venezuelano
VEN;XLIII Cuerpo de Ej?rcito venezuelano
VEN;XLIV Cuerpo de Ej?rcito venezuelano
VEN;XLV Cuerpo de Ej?rcito venezuelano
VEN;XLVI Cuerpo de Ej?rcito venezuelano
VEN;XLVII Cuerpo de Ej?rcito venezuelano
VEN;XLVIII Cuerpo de Ej?rcito venezuelano
VEN;XLIX Cuerpo de Ej?rcito venezuelano
VEN;L Cuerpo de Ej?rcito venezuelano
VIC;1er Corps d'Arm?e
VIC;2e Corps d'Arm?e
VIC;3e Corps d'Arm?e
VIC;4e Corps d'Arm?e
VIC;5e Corps d'Arm?e
VIC;6e Corps d'Arm?e
VIC;7e Corps d'Arm?e
VIC;8e Corps d'Arm?e
VIC;9e Corps d'Arm?e
VIC;10e Corps d'Arm?e
VIC;11e Corps d'Arm?e
VIC;12e Corps d'Arm?e
VIC;13e Corps d'Arm?e
VIC;14e Corps d'Arm?e
VIC;15e Corps d'Arm?e
VIC;16e Corps d'Arm?e
VIC;17e Corps d'Arm?e
VIC;18e Corps d'Arm?e
VIC;19e Corps d'Arm?e
VIC;20e Corps d'Arm?e
VIC;21e Corps d'Arm?e
VIC;22e Corps d'Arm?e
VIC;23e Corps d'Arm?e
VIC;24e Corps d'Arm?e
VIC;25e Corps d'Arm?e
VIC;26e Corps d'Arm?e
VIC;27e Corps d'Arm?e
VIC;28e Corps d'Arm?e
VIC;29e Corps d'Arm?e
VIC;30e Corps d'Arm?e
VIC;31e Corps d'Arm?e
VIC;32e Corps d'Arm?e
VIC;33e Corps d'Arm?e
VIC;34e Corps d'Arm?e
VIC;35e Corps d'Arm?e
VIC;36e Corps d'Arm?e
VIC;37e Corps d'Arm?e
VIC;38e Corps d'Arm?e
VIC;39e Corps d'Arm?e
VIC;40e Corps d'Arm?e
VIC;41e Corps d'Arm?e
VIC;42e Corps d'Arm?e
VIC;43e Corps d'Arm?e
VIC;44e Corps d'Arm?e
VIC;45e Corps d'Arm?e
VIC;46e Corps d'Arm?e
VIC;47e Corps d'Arm?e
VIC;48e Corps d'Arm?e
VIC;49e Corps d'Arm?e
VIC;50e Corps d'Arm?e
VIC;51e Corps d'Arm?e
VIC;52e Corps d'Arm?e
VIC;53e Corps d'Arm?e
VIC;54e Corps d'Arm?e
VIC;55e Corps d'Arm?e
VIC;56e Corps d'Arm?e
VIC;57e Corps d'Arm?e
VIC;58e Corps d'Arm?e
VIC;59e Corps d'Arm?e
VIC;60e Corps d'Arm?e
VIC;61e Corps d'Arm?e
VIC;62e Corps d'Arm?e
VIC;63e Corps d'Arm?e
VIC;64e Corps d'Arm?e
VIC;65e Corps d'Arm?e
VIC;66e Corps d'Arm?e
VIC;67e Corps d'Arm?e
VIC;68e Corps d'Arm?e
VIC;69e Corps d'Arm?e
VIC;70e Corps d'Arm?e
VIC;71e Corps d'Arm?e
VIC;72e Corps d'Arm?e
VIC;73e Corps d'Arm?e
VIC;74e Corps d'Arm?e
VIC;75e Corps d'Arm?e
VIC;76e Corps d'Arm?e
VIC;77e Corps d'Arm?e
VIC;78e Corps d'Arm?e
VIC;79e Corps d'Arm?e
VIC;80e Corps d'Arm?e
VIC;81e Corps d'Arm?e
VIC;82e Corps d'Arm?e
VIC;83e Corps d'Arm?e
VIC;84e Corps d'Arm?e
VIC;85e Corps d'Arm?e
VIC;86e Corps d'Arm?e
VIC;87e Corps d'Arm?e
VIC;88e Corps d'Arm?e
VIC;89e Corps d'Arm?e
VIC;90e Corps d'Arm?e
VIC;91e Corps d'Arm?e
VIC;92e Corps d'Arm?e
VIC;93e Corps d'Arm?e
VIC;94e Corps d'Arm?e
VIC;95e Corps d'Arm?e
VIC;96e Corps d'Arm?e
VIC;97e Corps d'Arm?e
VIC;98e Corps d'Arm?e
VIC;99e Corps d'Arm?e
VIC;100e Corps d'Arm?e
VIC;101e Corps d'Arm?e
VIC;102e Corps d'Arm?e
VIC;103e Corps d'Arm?e
VIC;104e Corps d'Arm?e
VIC;105e Corps d'Arm?e
VIC;106e Corps d'Arm?e
VIC;107e Corps d'Arm?e
VIC;108e Corps d'Arm?e
VIC;109e Corps d'Arm?e
VIC;110e Corps d'Arm?e
VIC;111e Corps d'Arm?e
VIC;112e Corps d'Arm?e
VIC;113e Corps d'Arm?e
VIC;114e Corps d'Arm?e
VIC;115e Corps d'Arm?e
VIC;116e Corps d'Arm?e
VIC;117e Corps d'Arm?e
VIC;118e Corps d'Arm?e
VIC;119e Corps d'Arm?e
VIC;120e Corps d'Arm?e
VIC;121e Corps d'Arm?e
VIC;122e Corps d'Arm?e
VIC;123e Corps d'Arm?e
VIC;124e Corps d'Arm?e
VIC;125e Corps d'Arm?e
VIC;126e Corps d'Arm?e
VIC;127e Corps d'Arm?e
VIC;128e Corps d'Arm?e
VIC;129e Corps d'Arm?e
VIC;130e Corps d'Arm?e
VIC;131e Corps d'Arm?e
VIC;132e Corps d'Arm?e
VIC;133e Corps d'Arm?e
VIC;134e Corps d'Arm?e
VIC;135e Corps d'Arm?e
VIC;136e Corps d'Arm?e
VIC;137e Corps d'Arm?e
VIC;138e Corps d'Arm?e
VIC;139e Corps d'Arm?e
VIC;140e Corps d'Arm?e
VIC;141e Corps d'Arm?e
VIC;142e Corps d'Arm?e
VIC;143e Corps d'Arm?e
VIC;144e Corps d'Arm?e
VIC;145e Corps d'Arm?e
VIC;146e Corps d'Arm?e
VIC;147e Corps d'Arm?e
VIC;148e Corps d'Arm?e
VIC;149e Corps d'Arm?e
VIC;150e Corps d'Arm?e
VIC;151e Corps d'Arm?e
VIC;152e Corps d'Arm?e
VIC;153e Corps d'Arm?e
VIC;154e Corps d'Arm?e
VIC;155e Corps d'Arm?e
VIC;156e Corps d'Arm?e
VIC;157e Corps d'Arm?e
VIC;158e Corps d'Arm?e
VIC;159e Corps d'Arm?e
VIC;160e Corps d'Arm?e
VIC;161e Corps d'Arm?e
VIC;162e Corps d'Arm?e
VIC;163e Corps d'Arm?e
VIC;164e Corps d'Arm?e
VIC;165e Corps d'Arm?e
VIC;166e Corps d'Arm?e
VIC;167e Corps d'Arm?e
VIC;168e Corps d'Arm?e
VIC;169e Corps d'Arm?e
VIC;170e Corps d'Arm?e
VIC;171e Corps d'Arm?e
VIC;172e Corps d'Arm?e
VIC;173e Corps d'Arm?e
VIC;174e Corps d'Arm?e
VIC;175e Corps d'Arm?e
VIC;176e Corps d'Arm?e
VIC;177e Corps d'Arm?e
VIC;178e Corps d'Arm?e
VIC;179e Corps d'Arm?e
VIC;180e Corps d'Arm?e
VIC;181e Corps d'Arm?e
VIC;182e Corps d'Arm?e
VIC;183e Corps d'Arm?e
VIC;184e Corps d'Arm?e
VIC;185e Corps d'Arm?e
VIC;186e Corps d'Arm?e
VIC;187e Corps d'Arm?e
VIC;188e Corps d'Arm?e
VIC;189e Corps d'Arm?e
VIC;190e Corps d'Arm?e
VIC;191e Corps d'Arm?e
VIC;192e Corps d'Arm?e
VIC;193e Corps d'Arm?e
VIC;194e Corps d'Arm?e
VIC;195e Corps d'Arm?e
VIC;196e Corps d'Arm?e
VIC;197e Corps d'Arm?e
VIC;198e Corps d'Arm?e
VIC;199e Corps d'Arm?e
VIC;200e Corps d'Arm?e
VIC;201e Corps d'Arm?e
VIC;202e Corps d'Arm?e
VIC;203e Corps d'Arm?e
VIC;204e Corps d'Arm?e
VIC;205e Corps d'Arm?e
VIC;206e Corps d'Arm?e
VIC;207e Corps d'Arm?e
VIC;208e Corps d'Arm?e
VIC;209e Corps d'Arm?e
VIC;210e Corps d'Arm?e
VIC;211e Corps d'Arm?e
VIC;212e Corps d'Arm?e
VIC;213e Corps d'Arm?e
VIC;214e Corps d'Arm?e
VIC;215e Corps d'Arm?e
VIC;216e Corps d'Arm?e
VIC;217e Corps d'Arm?e
VIC;218e Corps d'Arm?e
VIC;219e Corps d'Arm?e
VIC;220e Corps d'Arm?e
VIC;221e Corps d'Arm?e
VIC;222e Corps d'Arm?e
VIC;223e Corps d'Arm?e
VIC;224e Corps d'Arm?e
VIC;225e Corps d'Arm?e
VIC;226e Corps d'Arm?e
VIC;227e Corps d'Arm?e
VIC;228e Corps d'Arm?e
VIC;229e Corps d'Arm?e
VIC;230e Corps d'Arm?e
VIC;231e Corps d'Arm?e
VIC;232e Corps d'Arm?e
VIC;233e Corps d'Arm?e
VIC;234e Corps d'Arm?e
VIC;235e Corps d'Arm?e
VIC;236e Corps d'Arm?e
VIC;237e Corps d'Arm?e
VIC;238e Corps d'Arm?e
VIC;239e Corps d'Arm?e
VIC;240e Corps d'Arm?e
VIC;241e Corps d'Arm?e
VIC;242e Corps d'Arm?e
VIC;243e Corps d'Arm?e
VIC;244e Corps d'Arm?e
VIC;245e Corps d'Arm?e
VIC;246e Corps d'Arm?e
VIC;247e Corps d'Arm?e
VIC;248e Corps d'Arm?e
VIC;249e Corps d'Arm?e
VIC;250e Corps d'Arm?e
VIC;251e Corps d'Arm?e
VIC;252e Corps d'Arm?e
VIC;253e Corps d'Arm?e
VIC;254e Corps d'Arm?e
VIC;255e Corps d'Arm?e
VIC;256e Corps d'Arm?e
VIC;257e Corps d'Arm?e
VIC;258e Corps d'Arm?e
VIC;259e Corps d'Arm?e
VIC;260e Corps d'Arm?e
VIC;261e Corps d'Arm?e
VIC;262e Corps d'Arm?e
VIC;263e Corps d'Arm?e
VIC;264e Corps d'Arm?e
VIC;265e Corps d'Arm?e
VIC;266e Corps d'Arm?e
VIC;267e Corps d'Arm?e
VIC;268e Corps d'Arm?e
VIC;269e Corps d'Arm?e
VIC;270e Corps d'Arm?e
VIC;271e Corps d'Arm?e
VIC;272e Corps d'Arm?e
VIC;273e Corps d'Arm?e
VIC;274e Corps d'Arm?e
VIC;275e Corps d'Arm?e
VIC;276e Corps d'Arm?e
VIC;277e Corps d'Arm?e
VIC;278e Corps d'Arm?e
VIC;279e Corps d'Arm?e
VIC;280e Corps d'Arm?e
VIC;281e Corps d'Arm?e
VIC;282e Corps d'Arm?e
VIC;283e Corps d'Arm?e
VIC;284e Corps d'Arm?e
VIC;285e Corps d'Arm?e
VIC;286e Corps d'Arm?e
VIC;287e Corps d'Arm?e
VIC;288e Corps d'Arm?e
VIC;289e Corps d'Arm?e
VIC;290e Corps d'Arm?e
VIC;291e Corps d'Arm?e
VIC;292e Corps d'Arm?e
VIC;293e Corps d'Arm?e
VIC;294e Corps d'Arm?e
VIC;295e Corps d'Arm?e
VIC;296e Corps d'Arm?e
VIC;297e Corps d'Arm?e
VIC;298e Corps d'Arm?e
VIC;299e Corps d'Arm?e
VIC;300e Corps d'Arm?e
VIE;1er Corps d'Arm?e vietnamienne
VIE;2e Corps d'Arm?e vietnamienne
VIE;3e Corps d'Arm?e vietnamienne
VIE;4e Corps d'Arm?e vietnamienne
VIE;5e Corps d'Arm?e vietnamienne
VIE;6e Corps d'Arm?e vietnamienne
VIE;7e Corps d'Arm?e vietnamienne
VIE;8e Corps d'Arm?e vietnamienne
VIE;9e Corps d'Arm?e vietnamienne
VIE;10e Corps d'Arm?e vietnamienne
VIE;11e Corps d'Arm?e vietnamienne
VIE;12e Corps d'Arm?e vietnamienne
VIE;13e Corps d'Arm?e vietnamienne
VIE;14e Corps d'Arm?e vietnamienne
VIE;15e Corps d'Arm?e vietnamienne
VIE;16e Corps d'Arm?e vietnamienne
VIE;17e Corps d'Arm?e vietnamienne
VIE;18e Corps d'Arm?e vietnamienne
VIE;19e Corps d'Arm?e vietnamienne
VIE;20e Corps d'Arm?e vietnamienne
VIE;21e Corps d'Arm?e vietnamienne
VIE;22e Corps d'Arm?e vietnamienne
VIE;23e Corps d'Arm?e vietnamienne
VIE;24e Corps d'Arm?e vietnamienne
VIE;25e Corps d'Arm?e vietnamienne
VIE;26e Corps d'Arm?e vietnamienne
VIE;27e Corps d'Arm?e vietnamienne
VIE;28e Corps d'Arm?e vietnamienne
VIE;29e Corps d'Arm?e vietnamienne
VIE;30e Corps d'Arm?e vietnamienne
VIE;31e Corps d'Arm?e vietnamienne
VIE;32e Corps d'Arm?e vietnamienne
VIE;33e Corps d'Arm?e vietnamienne
VIE;34e Corps d'Arm?e vietnamienne
VIE;35e Corps d'Arm?e vietnamienne
VIE;36e Corps d'Arm?e vietnamienne
VIE;37e Corps d'Arm?e vietnamienne
VIE;38e Corps d'Arm?e vietnamienne
VIE;39e Corps d'Arm?e vietnamienne
VIE;40e Corps d'Arm?e vietnamienne
VIE;41e Corps d'Arm?e vietnamienne
VIE;42e Corps d'Arm?e vietnamienne
VIE;43e Corps d'Arm?e vietnamienne
VIE;44e Corps d'Arm?e vietnamienne
VIE;45e Corps d'Arm?e vietnamienne
VIE;46e Corps d'Arm?e vietnamienne
VIE;47e Corps d'Arm?e vietnamienne
VIE;48e Corps d'Arm?e vietnamienne
VIE;49e Corps d'Arm?e vietnamienne
VIE;50e Corps d'Arm?e vietnamienne
WLL;1er Corps d'Arm?e wallonienne
WLL;2e Corps d'Arm?e wallonienne
WLL;3e Corps d'Arm?e wallonienne
WLL;4e Corps d'Arm?e wallonienne
WLL;5e Corps d'Arm?e wallonienne
WLL;6e Corps d'Arm?e wallonienne
WLL;7e Corps d'Arm?e wallonienne
WLL;8e Corps d'Arm?e wallonienne
WLL;9e Corps d'Arm?e wallonienne
WLL;10e Corps d'Arm?e wallonienne
WLL;11e Corps d'Arm?e wallonienne
WLL;12e Corps d'Arm?e wallonienne
WLL;13e Corps d'Arm?e wallonienne
WLL;14e Corps d'Arm?e wallonienne
WLL;15e Corps d'Arm?e wallonienne
WLL;16e Corps d'Arm?e wallonienne
WLL;17e Corps d'Arm?e wallonienne
WLL;18e Corps d'Arm?e wallonienne
WLL;19e Corps d'Arm?e wallonienne
WLL;20e Corps d'Arm?e wallonienne
WLL;21e Corps d'Arm?e wallonienne
WLL;22e Corps d'Arm?e wallonienne
WLL;23e Corps d'Arm?e wallonienne
WLL;24e Corps d'Arm?e wallonienne
WLL;25e Corps d'Arm?e wallonienne
WLL;26e Corps d'Arm?e wallonienne
WLL;27e Corps d'Arm?e wallonienne
WLL;28e Corps d'Arm?e wallonienne
WLL;29e Corps d'Arm?e wallonienne
WLL;30e Corps d'Arm?e wallonienne
WLL;31e Corps d'Arm?e wallonienne
WLL;32e Corps d'Arm?e wallonienne
WLL;33e Corps d'Arm?e wallonienne
WLL;34e Corps d'Arm?e wallonienne
WLL;35e Corps d'Arm?e wallonienne
WLL;36e Corps d'Arm?e wallonienne
WLL;37e Corps d'Arm?e wallonienne
WLL;38e Corps d'Arm?e wallonienne
WLL;39e Corps d'Arm?e wallonienne
WLL;40e Corps d'Arm?e wallonienne
WLL;41e Corps d'Arm?e wallonienne
WLL;42e Corps d'Arm?e wallonienne
WLL;43e Corps d'Arm?e wallonienne
WLL;44e Corps d'Arm?e wallonienne
WLL;45e Corps d'Arm?e wallonienne
WLL;46e Corps d'Arm?e wallonienne
WLL;47e Corps d'Arm?e wallonienne
WLL;48e Corps d'Arm?e wallonienne
WLL;49e Corps d'Arm?e wallonienne
WLL;50e Corps d'Arm?e wallonienne
YEM;1. Corps al-Yamaniyah
YEM;2. Corps al-Yamaniyah
YEM;3. Corps al-Yamaniyah
YEM;4. Corps al-Yamaniyah
YEM;5. Corps al-Yamaniyah
YEM;6. Corps al-Yamaniyah
YEM;7. Corps al-Yamaniyah
YEM;8. Corps al-Yamaniyah
YEM;9. Corps al-Yamaniyah
YEM;10. Corps al-Yamaniyah
YEM;11. Corps al-Yamaniyah
YEM;12. Corps al-Yamaniyah
YEM;13. Corps al-Yamaniyah
YEM;14. Corps al-Yamaniyah
YEM;15. Corps al-Yamaniyah
YEM;16. Corps al-Yamaniyah
YEM;17. Corps al-Yamaniyah
YEM;18. Corps al-Yamaniyah
YEM;19. Corps al-Yamaniyah
YEM;20. Corps al-Yamaniyah
YEM;21. Corps al-Yamaniyah
YEM;22. Corps al-Yamaniyah
YEM;23. Corps al-Yamaniyah
YEM;24. Corps al-Yamaniyah
YEM;25. Corps al-Yamaniyah
YEM;26. Corps al-Yamaniyah
YEM;27. Corps al-Yamaniyah
YEM;28. Corps al-Yamaniyah
YEM;29. Corps al-Yamaniyah
YEM;30. Corps al-Yamaniyah
YEM;31. Corps al-Yamaniyah
YEM;32. Corps al-Yamaniyah
YEM;33. Corps al-Yamaniyah
YEM;34. Corps al-Yamaniyah
YEM;35. Corps al-Yamaniyah
YEM;36. Corps al-Yamaniyah
YEM;37. Corps al-Yamaniyah
YEM;38. Corps al-Yamaniyah
YEM;39. Corps al-Yamaniyah
YEM;40. Corps al-Yamaniyah
YEM;41. Corps al-Yamaniyah
YEM;42. Corps al-Yamaniyah
YEM;43. Corps al-Yamaniyah
YEM;44. Corps al-Yamaniyah
YEM;45. Corps al-Yamaniyah
YEM;46. Corps al-Yamaniyah
YEM;47. Corps al-Yamaniyah
YEM;48. Corps al-Yamaniyah
YEM;49. Corps al-Yamaniyah
YEM;50. Corps al-Yamaniyah
YUG;1. jugoslovenska armija
YUG;2. jugoslovenska armija
YUG;3. jugoslovenska armija
YUG;4. jugoslovenska armija
YUG;5. jugoslovenska armija
YUG;6. jugoslovenska armija
YUG;7. jugoslovenska armija
YUG;8. jugoslovenska armija
YUG;9. jugoslovenska armija
YUG;10. jugoslovenska armija
YUG;11. jugoslovenska armija
YUG;12. jugoslovenska armija
YUG;13. jugoslovenska armija
YUG;14. jugoslovenska armija
YUG;15. jugoslovenska armija
YUG;16. jugoslovenska armija
YUG;17. jugoslovenska armija
YUG;18. jugoslovenska armija
YUG;19. jugoslovenska armija
YUG;20. jugoslovenska armija
YUG;21. jugoslovenska armija
YUG;22. jugoslovenska armija
YUG;23. jugoslovenska armija
YUG;24. jugoslovenska armija
YUG;25. jugoslovenska armija
YUG;26. jugoslovenska armija
YUG;27. jugoslovenska armija
YUG;28. jugoslovenska armija
YUG;29. jugoslovenska armija
YUG;30. jugoslovenska armija
YUG;31. jugoslovenska armija
YUG;32. jugoslovenska armija
YUG;33. jugoslovenska armija
YUG;34. jugoslovenska armija
YUG;35. jugoslovenska armija
YUG;36. jugoslovenska armija
YUG;37. jugoslovenska armija
YUG;38. jugoslovenska armija
YUG;39. jugoslovenska armija
YUG;40. jugoslovenska armija
YUG;41. jugoslovenska armija
YUG;42. jugoslovenska armija
YUG;43. jugoslovenska armija
YUG;44. jugoslovenska armija
YUG;45. jugoslovenska armija
YUG;46. jugoslovenska armija
YUG;47. jugoslovenska armija
YUG;48. jugoslovenska armija
YUG;49. jugoslovenska armija
YUG;50. jugoslovenska armija
YUG;51. jugoslovenska armija
YUG;52. jugoslovenska armija
YUG;53. jugoslovenska armija
YUG;54. jugoslovenska armija
YUG;55. jugoslovenska armija
YUG;56. jugoslovenska armija
YUG;57. jugoslovenska armija
YUG;58. jugoslovenska armija
YUG;59. jugoslovenska armija
YUG;60. jugoslovenska armija
YUG;61. jugoslovenska armija
YUG;62. jugoslovenska armija
YUG;63. jugoslovenska armija
YUG;64. jugoslovenska armija
YUG;65. jugoslovenska armija
YUG;66. jugoslovenska armija
YUG;67. jugoslovenska armija
YUG;68. jugoslovenska armija
YUG;69. jugoslovenska armija
YUG;70. jugoslovenska armija
YUG;71. jugoslovenska armija
YUG;72. jugoslovenska armija
YUG;73. jugoslovenska armija
YUG;74. jugoslovenska armija
YUG;75. jugoslovenska armija
YUG;76. jugoslovenska armija
YUG;77. jugoslovenska armija
YUG;78. jugoslovenska armija
YUG;79. jugoslovenska armija
YUG;80. jugoslovenska armija
YUG;81. jugoslovenska armija
YUG;82. jugoslovenska armija
YUG;83. jugoslovenska armija
YUG;84. jugoslovenska armija
YUG;85. jugoslovenska armija
YUG;86. jugoslovenska armija
YUG;87. jugoslovenska armija
YUG;88. jugoslovenska armija
YUG;89. jugoslovenska armija
YUG;90. jugoslovenska armija
YUG;91. jugoslovenska armija
YUG;92. jugoslovenska armija
YUG;93. jugoslovenska armija
YUG;94. jugoslovenska armija
YUG;95. jugoslovenska armija
YUG;96. jugoslovenska armija
YUG;97. jugoslovenska armija
YUG;98. jugoslovenska armija
YUG;99. jugoslovenska armija
YUG;100. jugoslovenska armija
U01;1er Corps d'Arm?e
U01;2e Corps d'Arm?e
U01;3e Corps d'Arm?e
U01;4e Corps d'Arm?e
U01;5e Corps d'Arm?e
U01;6e Corps d'Arm?e
U01;7e Corps d'Arm?e
U01;8e Corps d'Arm?e
U01;9e Corps d'Arm?e
U01;10e Corps d'Arm?e
U01;11e Corps d'Arm?e
U01;12e Corps d'Arm?e
U01;13e Corps d'Arm?e
U01;14e Corps d'Arm?e
U01;15e Corps d'Arm?e
U01;16e Corps d'Arm?e
U01;17e Corps d'Arm?e
U01;18e Corps d'Arm?e
U01;19e Corps d'Arm?e
U01;20e Corps d'Arm?e
U01;21e Corps d'Arm?e
U01;22e Corps d'Arm?e
U01;23e Corps d'Arm?e
U01;24e Corps d'Arm?e
U01;25e Corps d'Arm?e
U01;26e Corps d'Arm?e
U01;27e Corps d'Arm?e
U01;28e Corps d'Arm?e
U01;29e Corps d'Arm?e
U01;30e Corps d'Arm?e
U01;31e Corps d'Arm?e
U01;32e Corps d'Arm?e
U01;33e Corps d'Arm?e
U01;34e Corps d'Arm?e
U01;35e Corps d'Arm?e
U01;36e Corps d'Arm?e
U01;37e Corps d'Arm?e
U01;38e Corps d'Arm?e
U01;39e Corps d'Arm?e
U01;40e Corps d'Arm?e
U01;41e Corps d'Arm?e
U01;42e Corps d'Arm?e
U01;43e Corps d'Arm?e
U01;44e Corps d'Arm?e
U01;45e Corps d'Arm?e
U01;46e Corps d'Arm?e
U01;47e Corps d'Arm?e
U01;48e Corps d'Arm?e
U01;49e Corps d'Arm?e
U01;50e Corps d'Arm?e
U01;51e Corps d'Arm?e
U01;52e Corps d'Arm?e
U01;53e Corps d'Arm?e
U01;54e Corps d'Arm?e
U01;55e Corps d'Arm?e
U01;56e Corps d'Arm?e
U01;57e Corps d'Arm?e
U01;58e Corps d'Arm?e
U01;59e Corps d'Arm?e
U01;60e Corps d'Arm?e
U01;61e Corps d'Arm?e
U01;62e Corps d'Arm?e
U01;63e Corps d'Arm?e
U01;64e Corps d'Arm?e
U01;65e Corps d'Arm?e
U01;66e Corps d'Arm?e
U01;67e Corps d'Arm?e
U01;68e Corps d'Arm?e
U01;69e Corps d'Arm?e
U01;70e Corps d'Arm?e
U01;71e Corps d'Arm?e
U01;72e Corps d'Arm?e
U01;73e Corps d'Arm?e
U01;74e Corps d'Arm?e
U01;75e Corps d'Arm?e
U01;76e Corps d'Arm?e
U01;77e Corps d'Arm?e
U01;78e Corps d'Arm?e
U01;79e Corps d'Arm?e
U01;80e Corps d'Arm?e
U01;81e Corps d'Arm?e
U01;82e Corps d'Arm?e
U01;83e Corps d'Arm?e
U01;84e Corps d'Arm?e
U01;85e Corps d'Arm?e
U01;86e Corps d'Arm?e
U01;87e Corps d'Arm?e
U01;88e Corps d'Arm?e
U01;89e Corps d'Arm?e
U01;90e Corps d'Arm?e
U01;91e Corps d'Arm?e
U01;92e Corps d'Arm?e
U01;93e Corps d'Arm?e
U01;94e Corps d'Arm?e
U01;95e Corps d'Arm?e
U01;96e Corps d'Arm?e
U01;97e Corps d'Arm?e
U01;98e Corps d'Arm?e
U01;99e Corps d'Arm?e
U01;100e Corps d'Arm?e
U01;101e Corps d'Arm?e
U01;102e Corps d'Arm?e
U01;103e Corps d'Arm?e
U01;104e Corps d'Arm?e
U01;105e Corps d'Arm?e
U01;106e Corps d'Arm?e
U01;107e Corps d'Arm?e
U01;108e Corps d'Arm?e
U01;109e Corps d'Arm?e
U01;110e Corps d'Arm?e
U01;111e Corps d'Arm?e
U01;112e Corps d'Arm?e
U01;113e Corps d'Arm?e
U01;114e Corps d'Arm?e
U01;115e Corps d'Arm?e
U01;116e Corps d'Arm?e
U01;117e Corps d'Arm?e
U01;118e Corps d'Arm?e
U01;119e Corps d'Arm?e
U01;120e Corps d'Arm?e
U01;121e Corps d'Arm?e
U01;122e Corps d'Arm?e
U01;123e Corps d'Arm?e
U01;124e Corps d'Arm?e
U01;125e Corps d'Arm?e
U01;126e Corps d'Arm?e
U01;127e Corps d'Arm?e
U01;128e Corps d'Arm?e
U01;129e Corps d'Arm?e
U01;130e Corps d'Arm?e
U01;131e Corps d'Arm?e
U01;132e Corps d'Arm?e
U01;133e Corps d'Arm?e
U01;134e Corps d'Arm?e
U01;135e Corps d'Arm?e
U01;136e Corps d'Arm?e
U01;137e Corps d'Arm?e
U01;138e Corps d'Arm?e
U01;139e Corps d'Arm?e
U01;140e Corps d'Arm?e
U01;141e Corps d'Arm?e
U01;142e Corps d'Arm?e
U01;143e Corps d'Arm?e
U01;144e Corps d'Arm?e
U01;145e Corps d'Arm?e
U01;146e Corps d'Arm?e
U01;147e Corps d'Arm?e
U01;148e Corps d'Arm?e
U01;149e Corps d'Arm?e
U01;150e Corps d'Arm?e
U01;151e Corps d'Arm?e
U01;152e Corps d'Arm?e
U01;153e Corps d'Arm?e
U01;154e Corps d'Arm?e
U01;155e Corps d'Arm?e
U01;156e Corps d'Arm?e
U01;157e Corps d'Arm?e
U01;158e Corps d'Arm?e
U01;159e Corps d'Arm?e
U01;160e Corps d'Arm?e
U01;161e Corps d'Arm?e
U01;162e Corps d'Arm?e
U01;163e Corps d'Arm?e
U01;164e Corps d'Arm?e
U01;165e Corps d'Arm?e
U01;166e Corps d'Arm?e
U01;167e Corps d'Arm?e
U01;168e Corps d'Arm?e
U01;169e Corps d'Arm?e
U01;170e Corps d'Arm?e
U01;171e Corps d'Arm?e
U01;172e Corps d'Arm?e
U01;173e Corps d'Arm?e
U01;174e Corps d'Arm?e
U01;175e Corps d'Arm?e
U01;176e Corps d'Arm?e
U01;177e Corps d'Arm?e
U01;178e Corps d'Arm?e
U01;179e Corps d'Arm?e
U01;180e Corps d'Arm?e
U01;181e Corps d'Arm?e
U01;182e Corps d'Arm?e
U01;183e Corps d'Arm?e
U01;184e Corps d'Arm?e
U01;185e Corps d'Arm?e
U01;186e Corps d'Arm?e
U01;187e Corps d'Arm?e
U01;188e Corps d'Arm?e
U01;189e Corps d'Arm?e
U01;190e Corps d'Arm?e
U01;191e Corps d'Arm?e
U01;192e Corps d'Arm?e
U01;193e Corps d'Arm?e
U01;194e Corps d'Arm?e
U01;195e Corps d'Arm?e
U01;196e Corps d'Arm?e
U01;197e Corps d'Arm?e
U01;198e Corps d'Arm?e
U01;199e Corps d'Arm?e
U01;200e Corps d'Arm?e
U01;201e Corps d'Arm?e
U01;202e Corps d'Arm?e
U01;203e Corps d'Arm?e
U01;204e Corps d'Arm?e
U01;205e Corps d'Arm?e
U01;206e Corps d'Arm?e
U01;207e Corps d'Arm?e
U01;208e Corps d'Arm?e
U01;209e Corps d'Arm?e
U01;210e Corps d'Arm?e
U01;211e Corps d'Arm?e
U01;212e Corps d'Arm?e
U01;213e Corps d'Arm?e
U01;214e Corps d'Arm?e
U01;215e Corps d'Arm?e
U01;216e Corps d'Arm?e
U01;217e Corps d'Arm?e
U01;218e Corps d'Arm?e
U01;219e Corps d'Arm?e
U01;220e Corps d'Arm?e
U01;221e Corps d'Arm?e
U01;222e Corps d'Arm?e
U01;223e Corps d'Arm?e
U01;224e Corps d'Arm?e
U01;225e Corps d'Arm?e
U01;226e Corps d'Arm?e
U01;227e Corps d'Arm?e
U01;228e Corps d'Arm?e
U01;229e Corps d'Arm?e
U01;230e Corps d'Arm?e
U01;231e Corps d'Arm?e
U01;232e Corps d'Arm?e
U01;233e Corps d'Arm?e
U01;234e Corps d'Arm?e
U01;235e Corps d'Arm?e
U01;236e Corps d'Arm?e
U01;237e Corps d'Arm?e
U01;238e Corps d'Arm?e
U01;239e Corps d'Arm?e
U01;240e Corps d'Arm?e
U01;241e Corps d'Arm?e
U01;242e Corps d'Arm?e
U01;243e Corps d'Arm?e
U01;244e Corps d'Arm?e
U01;245e Corps d'Arm?e
U01;246e Corps d'Arm?e
U01;247e Corps d'Arm?e
U01;248e Corps d'Arm?e
U01;249e Corps d'Arm?e
U01;250e Corps d'Arm?e
U01;251e Corps d'Arm?e
U01;252e Corps d'Arm?e
U01;253e Corps d'Arm?e
U01;254e Corps d'Arm?e
U01;255e Corps d'Arm?e
U01;256e Corps d'Arm?e
U01;257e Corps d'Arm?e
U01;258e Corps d'Arm?e
U01;259e Corps d'Arm?e
U01;260e Corps d'Arm?e
U01;261e Corps d'Arm?e
U01;262e Corps d'Arm?e
U01;263e Corps d'Arm?e
U01;264e Corps d'Arm?e
U01;265e Corps d'Arm?e
U01;266e Corps d'Arm?e
U01;267e Corps d'Arm?e
U01;268e Corps d'Arm?e
U01;269e Corps d'Arm?e
U01;270e Corps d'Arm?e
U01;271e Corps d'Arm?e
U01;272e Corps d'Arm?e
U01;273e Corps d'Arm?e
U01;274e Corps d'Arm?e
U01;275e Corps d'Arm?e
U01;276e Corps d'Arm?e
U01;277e Corps d'Arm?e
U01;278e Corps d'Arm?e
U01;279e Corps d'Arm?e
U01;280e Corps d'Arm?e
U01;281e Corps d'Arm?e
U01;282e Corps d'Arm?e
U01;283e Corps d'Arm?e
U01;284e Corps d'Arm?e
U01;285e Corps d'Arm?e
U01;286e Corps d'Arm?e
U01;287e Corps d'Arm?e
U01;288e Corps d'Arm?e
U01;289e Corps d'Arm?e
U01;290e Corps d'Arm?e
U01;291e Corps d'Arm?e
U01;292e Corps d'Arm?e
U01;293e Corps d'Arm?e
U01;294e Corps d'Arm?e
U01;295e Corps d'Arm?e
U01;296e Corps d'Arm?e
U01;297e Corps d'Arm?e
U01;298e Corps d'Arm?e
U01;299e Corps d'Arm?e
U01;300e Corps d'Arm?e
U02;Indian I Corps
U02;Indian II Corps
U02;Indian III Corps
U02;Indian IV Corps
U02;Indian V Corps
U02;Indian VI Corps
U02;Indian VII Corps
U02;Indian VIII Corps
U02;Indian IX Corps
U02;Indian X Corps
U02;Indian XI Corps
U02;Indian XII Corps
U02;Indian XIII Corps
U02;Indian XIV Corps
U02;Indian XV Corps
U02;Indian XVI Corps
U02;Indian XVII Corps
U02;Indian XVIII Corps
U02;Indian XIX Corps
U02;Indian XX Corps
U02;Indian XXI Corps
U02;Indian XXII Corps
U02;Indian XXIII Corps
U02;Indian XXIV Corps
U02;Indian XXV Corps
U02;Indian XXVI Corps
U02;Indian XXVII Corps
U02;Indian XXVIII Corps
U02;Indian XXIX Corps
U02;Indian XXX Corps
U02;Indian XXXI Corps
U02;Indian XXXII Corps
U02;Indian XXXIII Corps
U02;Indian XXXIV Corps
U02;Indian XXXV Corps
U02;Indian XXXVI Corps
U02;Indian XXXVII Corps
U02;Indian XXXVIII Corps
U02;Indian XXXIX Corps
U02;Indian XL Corps
U02;Indian XLI Corps
U02;Indian XLII Corps
U02;Indian XLIII Corps
U02;Indian XLIV Corps
U02;Indian XLV Corps
U02;Indian XLVI Corps
U02;Indian XLVII Corps
U02;Indian XLVIII Corps
U02;Indian XLIX Corps
U02;Indian L Corps
U02;Indian LI Corps
U02;Indian LII Corps
U02;Indian LIII Corps
U02;Indian LIV Corps
U02;Indian LV Corps
U02;Indian LVI Corps
U02;Indian LVII Corps
U02;Indian LVIII Corps
U02;Indian LIX Corps
U02;Indian LX Corps
U02;Indian LXI Corps
U02;Indian LXII Corps
U02;Indian LXIII Corps
U02;Indian LXIV Corps
U02;Indian LXV Corps
U02;Indian LXVI Corps
U02;Indian LXVII Corps
U02;Indian LXVIII Corps
U02;Indian LXIX Corps
U02;Indian LXX Corps
U02;Indian LXXI Corps
U02;Indian LXXII Corps
U02;Indian LXXIII Corps
U02;Indian LXXIV Corps
U02;Indian LXXV Corps
U02;Indian LXXVI Corps
U02;Indian LXXVII Corps
U02;Indian LXXVIII Corps
U02;Indian LXXIX Corps
U02;Indian LXXX Corps
U02;Indian LXXXI Corps
U02;Indian LXXXII Corps
U02;Indian LXXXIII Corps
U02;Indian LXXXIV Corps
U02;Indian LXXXV Corps
U02;Indian LXXXVI Corps
U02;Indian LXXXVII Corps
U02;Indian LXXXVIII Corps
U02;Indian LXXXIX Corps
U02;Indian XC Corps
U02;Indian XCI Corps
U02;Indian XCII Corps
U02;Indian XCIII Corps
U02;Indian XCIV Corps
U02;Indian XCV Corps
U02;Indian XCVI Corps
U02;Indian XCVII Corps
U02;Indian XCVIII Corps
U02;Indian XCIX Corps
U02;Indian C Corps
U02;Indian CI Corps
U02;Indian CII Corps
U02;Indian CIII Corps
U02;Indian CIV Corps
U02;Indian CV Corps
U02;Indian CVI Corps
U02;Indian CVII Corps
U02;Indian CVIII Corps
U02;Indian CIX Corps
U02;Indian CX Corps
U02;Indian CXI Corps
U02;Indian CXII Corps
U02;Indian CXIII Corps
U02;Indian CXIV Corps
U02;Indian CXV Corps
U02;Indian CXVI Corps
U02;Indian CXVII Corps
U02;Indian CXVIII Corps
U02;Indian CXIX Corps
U02;Indian CXX Corps
U02;Indian CXXI Corps
U02;Indian CXXII Corps
U02;Indian CXXIII Corps
U02;Indian CXXIV Corps
U02;Indian CXXV Corps
U02;Indian CXXVI Corps
U02;Indian CXXVII Corps
U02;Indian CXXVIII Corps
U02;Indian CXXIX Corps
U02;Indian CXXX Corps
U02;Indian CXXXI Corps
U02;Indian CXXXII Corps
U02;Indian CXXXIII Corps
U02;Indian CXXXIV Corps
U02;Indian CXXXV Corps
U02;Indian CXXXVI Corps
U02;Indian CXXXVII Corps
U02;Indian CXXXVIII Corps
U02;Indian CXXXIX Corps
U02;Indian CXL Corps
U02;Indian CXLI Corps
U02;Indian CXLII Corps
U02;Indian CXLIII Corps
U02;Indian CXLIV Corps
U02;Indian CXLV Corps
U02;Indian CXLVI Corps
U02;Indian CXLVII Corps
U02;Indian CXLVIII Corps
U02;Indian CXLIX Corps
U02;Indian CL Corps
U02;Indian CLI Corps
U02;Indian CLII Corps
U02;Indian CLIII Corps
U02;Indian CLIV Corps
U02;Indian CLV Corps
U02;Indian CLVI Corps
U02;Indian CLVII Corps
U02;Indian CLVIII Corps
U02;Indian CLIX Corps
U02;Indian CLX Corps
U02;Indian CLXI Corps
U02;Indian CLXII Corps
U02;Indian CLXIII Corps
U02;Indian CLXIV Corps
U02;Indian CLXV Corps
U02;Indian CLXVI Corps
U02;Indian CLXVII Corps
U02;Indian CLXVIII Corps
U02;Indian CLXIX Corps
U02;Indian CLXX Corps
U02;Indian CLXXI Corps
U02;Indian CLXXII Corps
U02;Indian CLXXIII Corps
U02;Indian CLXXIV Corps
U02;Indian CLXXV Corps
U02;Indian CLXXVI Corps
U02;Indian CLXXVII Corps
U02;Indian CLXXVIII Corps
U02;Indian CLXXIX Corps
U02;Indian CLXXX Corps
U02;Indian CLXXXI Corps
U02;Indian CLXXXII Corps
U02;Indian CLXXXIII Corps
U02;Indian CLXXXIV Corps
U02;Indian CLXXXV Corps
U02;Indian CLXXXVI Corps
U02;Indian CLXXXVII Corps
U02;Indian CLXXXVIII Corps
U02;Indian CLXXXIX Corps
U02;Indian CXC Corps
U02;Indian CXCI Corps
U02;Indian CXCII Corps
U02;Indian CXCIII Corps
U02;Indian CXCIV Corps
U02;Indian CXCV Corps
U02;Indian CXCVI Corps
U02;Indian CXCVII Corps
U02;Indian CXCVIII Corps
U02;Indian CXCIX Corps
U02;Indian CC Corps
U03;1er Corps d'Arm?e indochinoise
U03;2e Corps d'Arm?e indochinoise
U03;3e Corps d'Arm?e indochinoise
U03;4e Corps d'Arm?e indochinoise
U03;5e Corps d'Arm?e indochinoise
U03;6e Corps d'Arm?e indochinoise
U03;7e Corps d'Arm?e indochinoise
U03;8e Corps d'Arm?e indochinoise
U03;9e Corps d'Arm?e indochinoise
U03;10e Corps d'Arm?e indochinoise
U03;11e Corps d'Arm?e indochinoise
U03;12e Corps d'Arm?e indochinoise
U03;13e Corps d'Arm?e indochinoise
U03;14e Corps d'Arm?e indochinoise
U03;15e Corps d'Arm?e indochinoise
U03;16e Corps d'Arm?e indochinoise
U03;17e Corps d'Arm?e indochinoise
U03;18e Corps d'Arm?e indochinoise
U03;19e Corps d'Arm?e indochinoise
U03;20e Corps d'Arm?e indochinoise
U03;21e Corps d'Arm?e indochinoise
U03;22e Corps d'Arm?e indochinoise
U03;23e Corps d'Arm?e indochinoise
U03;24e Corps d'Arm?e indochinoise
U03;25e Corps d'Arm?e indochinoise
U03;26e Corps d'Arm?e indochinoise
U03;27e Corps d'Arm?e indochinoise
U03;28e Corps d'Arm?e indochinoise
U03;29e Corps d'Arm?e indochinoise
U03;30e Corps d'Arm?e indochinoise
U03;31e Corps d'Arm?e indochinoise
U03;32e Corps d'Arm?e indochinoise
U03;33e Corps d'Arm?e indochinoise
U03;34e Corps d'Arm?e indochinoise
U03;35e Corps d'Arm?e indochinoise
U03;36e Corps d'Arm?e indochinoise
U03;37e Corps d'Arm?e indochinoise
U03;38e Corps d'Arm?e indochinoise
U03;39e Corps d'Arm?e indochinoise
U03;40e Corps d'Arm?e indochinoise
U03;41e Corps d'Arm?e indochinoise
U03;42e Corps d'Arm?e indochinoise
U03;43e Corps d'Arm?e indochinoise
U03;44e Corps d'Arm?e indochinoise
U03;45e Corps d'Arm?e indochinoise
U03;46e Corps d'Arm?e indochinoise
U03;47e Corps d'Arm?e indochinoise
U03;48e Corps d'Arm?e indochinoise
U03;49e Corps d'Arm?e indochinoise
U03;50e Corps d'Arm?e indochinoise
U08;I. Armeekorps
U08;II. Armeekorps
U08;III. Armeekorps
U08;IV. Armeekorps
U08;V. Armeekorps
U08;VI. Armeekorps
U08;VII. Armeekorps
U08;VIII. Armeekorps
U08;IX. Armeekorps
U08;X. Armeekorps
U08;XI. Armeekorps
U08;XII. Armeekorps
U08;XIII. Armeekorps
U08;XIV. Armeekorps
U08;XV. Armeekorps
U08;XVI. Armeekorps
U08;XVII. Armeekorps
U08;XVIII. Armeekorps
U08;XIX. Armeekorps
U08;XX. Armeekorps
U08;XXI. Armeekorps
U08;XXII. Armeekorps
U08;XXIII. Armeekorps
U08;XXIV. Armeekorps
U08;XXV. Armeekorps
U08;XXVI. Armeekorps
U08;XXVII. Armeekorps
U08;XXVIII. Armeekorps
U08;XXIX. Armeekorps
U08;XXX. Armeekorps
U08;XXXI. Armeekorps
U08;XXXII. Armeekorps
U08;XXXIII. Armeekorps
U08;XXXIV. Armeekorps
U08;XXXV. Armeekorps
U08;XXXVI. Armeekorps
U08;XXXVII. Armeekorps
U08;XXXVIII. Armeekorps
U08;XXXIX. Armeekorps
U08;XL. Armeekorps
U08;XLI. Armeekorps
U08;XLII. Armeekorps
U08;XLIII. Armeekorps
U08;XLIV. Armeekorps
U08;XLV. Armeekorps
U08;XLVI. Armeekorps
U08;XLVII. Armeekorps
U08;XLVIII. Armeekorps
U08;XLIX. Armeekorps
U08;L. Armeekorps
U08;LI. Armeekorps
U08;LII. Armeekorps
U08;LIII. Armeekorps
U08;LIV. Armeekorps
U08;LV. Armeekorps
U08;LVI. Armeekorps
U08;LVII. Armeekorps
U08;LVIII. Armeekorps
U08;LIX. Armeekorps
U08;LX. Armeekorps
U08;LXI. Armeekorps
U08;LXII. Armeekorps
U08;LXIII. Armeekorps
U08;LXIV. Armeekorps
U08;LXV. Armeekorps
U08;LXVI. Armeekorps
U08;LXVII. Armeekorps
U08;LXVIII. Armeekorps
U08;LXIX. Armeekorps
U08;LXX. Armeekorps
U08;LXXI. Armeekorps
U08;LXXII. Armeekorps
U08;LXXIII. Armeekorps
U08;LXXIV. Armeekorps
U08;LXXV. Armeekorps
U08;LXXVI. Armeekorps
U08;LXXVII. Armeekorps
U08;LXXVIII. Armeekorps
U08;LXXIX. Armeekorps
U08;LXXX. Armeekorps
U08;LXXXI. Armeekorps
U08;LXXXII. Armeekorps
U08;LXXXIII. Armeekorps
U08;LXXXIV. Armeekorps
U08;LXXXV. Armeekorps
U08;LXXXVI. Armeekorps
U08;LXXXVII. Armeekorps
U08;LXXXVIII. Armeekorps
U08;LXXXIX. Armeekorps
U08;XC. Armeekorps
U08;XCI. Armeekorps
U08;XCII. Armeekorps
U08;XCIII. Armeekorps
U08;XCIV. Armeekorps
U08;XCV. Armeekorps
U08;XCVI. Armeekorps
U08;XCVII. Armeekorps
U08;XCVIII. Armeekorps
U08;XCIX. Armeekorps
U08;C. Armeekorps
U08;CI. Armeekorps
U08;CII. Armeekorps
U08;CIII. Armeekorps
U08;CIV. Armeekorps
U08;CV. Armeekorps
U08;CVI. Armeekorps
U08;CVII. Armeekorps
U08;CVIII. Armeekorps
U08;CIX. Armeekorps
U08;CX. Armeekorps
U08;CXI. Armeekorps
U08;CXII. Armeekorps
U08;CXIII. Armeekorps
U08;CXIV. Armeekorps
U08;CXV. Armeekorps
U08;CXVI. Armeekorps
U08;CXVII. Armeekorps
U08;CXVIII. Armeekorps
U08;CXIX. Armeekorps
U08;CXX. Armeekorps
U08;CXXI. Armeekorps
U08;CXXII. Armeekorps
U08;CXXIII. Armeekorps
U08;CXXIV. Armeekorps
U08;CXXV. Armeekorps
U08;CXXVI. Armeekorps
U08;CXXVII. Armeekorps
U08;CXXVIII. Armeekorps
U08;CXXIX. Armeekorps
U08;CXXX. Armeekorps
U08;CXXXI. Armeekorps
U08;CXXXII. Armeekorps
U08;CXXXIII. Armeekorps
U08;CXXXIV. Armeekorps
U08;CXXXV. Armeekorps
U08;CXXXVI. Armeekorps
U08;CXXXVII. Armeekorps
U08;CXXXVIII. Armeekorps
U08;CXXXIX. Armeekorps
U08;CXL. Armeekorps
U08;CXLI. Armeekorps
U08;CXLII. Armeekorps
U08;CXLIII. Armeekorps
U08;CXLIV. Armeekorps
U08;CXLV. Armeekorps
U08;CXLVI. Armeekorps
U08;CXLVII. Armeekorps
U08;CXLVIII. Armeekorps
U08;CXLIX. Armeekorps
U08;CXL. Armeekorps
U08;CLI. Armeekorps
U08;CLII. Armeekorps
U08;CLIII. Armeekorps
U08;CLIV. Armeekorps
U08;CLV. Armeekorps
U08;CLVI. Armeekorps
U08;CLVII. Armeekorps
U08;CLVIII. Armeekorps
U08;CLIX. Armeekorps
U08;CLX. Armeekorps
U08;CLXI. Armeekorps
U08;CLXII. Armeekorps
U08;CLXIII. Armeekorps
U08;CLXIV. Armeekorps
U08;CLXV. Armeekorps
U08;CLXVI. Armeekorps
U08;CLXVII. Armeekorps
U08;CLXVIII. Armeekorps
U08;CLXIX. Armeekorps
U08;CLXX. Armeekorps
U08;CLXXI. Armeekorps
U08;CLXXII. Armeekorps
U08;CLXXIII. Armeekorps
U08;CLXXIV. Armeekorps
U08;CLXXV. Armeekorps
U08;CLXXVI. Armeekorps
U08;CLXXVII. Armeekorps
U08;CLXXVIII. Armeekorps
U08;CLXXIX. Armeekorps
U08;CLXXX. Armeekorps
U08;CLXXXI. Armeekorps
U08;CLXXXII. Armeekorps
U08;CLXXXIII. Armeekorps
U08;CLXXXIV. Armeekorps
U08;CLXXXV. Armeekorps
U08;CLXXXVI. Armeekorps
U08;CLXXXVII. Armeekorps
U08;CLXXXVIII. Armeekorps
U08;CLXXXIX. Armeekorps
U08;CXC. Armeekorps
U08;CXCI. Armeekorps
U08;CXCII. Armeekorps
U08;CXCIII. Armeekorps
U08;CXCIV. Armeekorps
U08;CXCV. Armeekorps
U08;CXCVI. Armeekorps
U08;CXCVII. Armeekorps
U08;CXCVIII. Armeekorps
U08;CXCIX. Armeekorps
U08;CC. Armeekorps
U08;CCI. Armeekorps
U08;CCII. Armeekorps
U08;CCIII. Armeekorps
U08;CCIV. Armeekorps
U08;CCV. Armeekorps
U08;CCVI. Armeekorps
U08;CCVII. Armeekorps
U08;CCVIII. Armeekorps
U08;CCIX. Armeekorps
U08;CCX. Armeekorps
U08;CCXI. Armeekorps
U08;CCXII. Armeekorps
U08;CCXIII. Armeekorps
U08;CCXIV. Armeekorps
U08;CCXV. Armeekorps
U08;CCXVI. Armeekorps
U08;CCXVII. Armeekorps
U08;CCXVIII. Armeekorps
U08;CCXIX. Armeekorps
U08;CCXX. Armeekorps
U08;CCXXI. Armeekorps
U08;CCXXII. Armeekorps
U08;CCXXIII. Armeekorps
U08;CCXXIV. Armeekorps
U08;CCXXV. Armeekorps
U08;CCXXVI. Armeekorps
U08;CCXXVII. Armeekorps
U08;CCXXVIII. Armeekorps
U08;CCXXIX. Armeekorps
U08;CCXXX. Armeekorps
U08;CCXXXI. Armeekorps
U08;CCXXXII. Armeekorps
U08;CCXXXIII. Armeekorps
U08;CCXXXIV. Armeekorps
U08;CCXXXV. Armeekorps
U08;CCXXXVI. Armeekorps
U08;CCXXXVII. Armeekorps
U08;CCXXXVIII. Armeekorps
U08;CCXXXIX. Armeekorps
U08;CCXL. Armeekorps
U08;CCXLI. Armeekorps
U08;CCXLII. Armeekorps
U08;CCXLIII. Armeekorps
U08;CCXLIV. Armeekorps
U08;CCXLV. Armeekorps
U08;CCXLVI. Armeekorps
U08;CCXLVII. Armeekorps
U08;CCXLVIII. Armeekorps
U08;CCXLIX. Armeekorps
U08;CCL. Armeekorps
U08;CCLI. Armeekorps
U08;CCLII. Armeekorps
U08;CCLIII. Armeekorps
U08;CCLIV. Armeekorps
U08;CCLV. Armeekorps
U08;CCLVI. Armeekorps
U08;CCLVII. Armeekorps
U08;CCLVIII. Armeekorps
U08;CCLIX. Armeekorps
U08;CCLX. Armeekorps
U08;CCLXI. Armeekorps
U08;CCLXII. Armeekorps
U08;CCLXIII. Armeekorps
U08;CCLXIV. Armeekorps
U08;CCLXV. Armeekorps
U08;CCLXVI. Armeekorps
U08;CCLXVII. Armeekorps
U08;CCLXVIII. Armeekorps
U08;CCLXIX. Armeekorps
U08;CCLXX. Armeekorps
U08;CCLXXI. Armeekorps
U08;CCLXXII. Armeekorps
U08;CCLXXIII. Armeekorps
U08;CCLXXIV. Armeekorps
U08;CCLXXV. Armeekorps
U08;CCLXXVI. Armeekorps
U08;CCLXXVII. Armeekorps
U08;CCLXXVIII. Armeekorps
U08;CCLXXIX. Armeekorps
U08;CCLXXX. Armeekorps
U08;CCLXXXI. Armeekorps
U08;CCLXXXII. Armeekorps
U08;CCLXXXIII. Armeekorps
U08;CCLXXXIV. Armeekorps
U08;CCLXXXV. Armeekorps
U08;CCLXXXVI. Armeekorps
U08;CCLXXXVII. Armeekorps
U08;CCLXXXVIII. Armeekorps
U08;CCLXXXIX. Armeekorps
U08;CCXC. Armeekorps
U08;CCXCI. Armeekorps
U08;CCXCII. Armeekorps
U08;CCXCIII. Armeekorps
U08;CCXCIV. Armeekorps
U08;CCXCV. Armeekorps
U08;CCXCVI. Armeekorps
U08;CCXCVII. Armeekorps
U08;CCXCVIII. Armeekorps
U08;CCXCIX. Armeekorps
U08;CCC. Armeekorps
U09;I. Korpskommando
U09;II. Korpskommando
U09;III. Korpskommando
U09;IV. Korpskommando
U09;V. Korpskommando
U09;VI. Korpskommando
U09;VII. Korpskommando
U09;VIII. Korpskommando
U09;IX. Korpskommando
U09;X. Korpskommando
U09;XI. Korpskommando
U09;XII. Korpskommando
U09;XIII. Korpskommando
U09;XIV. Korpskommando
U09;XV. Korpskommando
U09;XVI. Korpskommando
U09;XVII. Korpskommando
U09;XVIII. Korpskommando
U09;IXX. Korpskommando
U09;XX. Korpskommando
U09;XXI. Korpskommando
U09;XXII. Korpskommando
U09;XXIII. Korpskommando
U09;XXIV. Korpskommando
U09;XXV. Korpskommando
U09;XXVI. Korpskommando
U09;XXVII. Korpskommando
U09;XXVIII. Korpskommando
U09;XXIX. Korpskommando
U09;XXX. Korpskommando
U09;XXXI. Korpskommando
U09;XXXII. Korpskommando
U09;XXXIII. Korpskommando
U09;XXXIV. Korpskommando
U09;XXXV. Korpskommando
U09;XXXVI. Korpskommando
U09;XXXVII. Korpskommando
U09;XXXVIII. Korpskommando
U09;XXXIX. Korpskommando
U09;XL. Korpskommando
U09;XLI. Korpskommando
U09;XLII. Korpskommando
U09;XLIII. Korpskommando
U09;XLIV. Korpskommando
U09;XLV. Korpskommando
U09;XLVI. Korpskommando
U09;XLVII. Korpskommando
U09;XLVIII. Korpskommando
U09;XLIX. Korpskommando
U09;L. Korpskommando
U09;LI. Korpskommando
U09;LII. Korpskommando
U09;LIII. Korpskommando
U09;LIV. Korpskommando
U09;LV. Korpskommando
U09;LVI. Korpskommando
U09;LVII. Korpskommando
U09;LVIII. Korpskommando
U09;LIX. Korpskommando
U09;LX. Korpskommando
U09;LXI. Korpskommando
U09;LXII. Korpskommando
U09;LXIII. Korpskommando
U09;LXIV. Korpskommando
U09;LXV. Korpskommando
U09;LXVI. Korpskommando
U09;LXVII. Korpskommando
U09;LXVIII. Korpskommando
U09;LXIX. Korpskommando
U09;LXX. Korpskommando
U09;LXXI. Korpskommando
U09;LXXII. Korpskommando
U09;LXXIII. Korpskommando
U09;LXXIV. Korpskommando
U09;LXXV. Korpskommando
U09;LXXVI. Korpskommando
U09;LXXVII. Korpskommando
U09;LXXVIII. Korpskommando
U09;LXXIX. Korpskommando
U09;LXXX. Korpskommando
U09;LXXXI. Korpskommando
U09;LXXXII. Korpskommando
U09;LXXXIII. Korpskommando
U09;LXXXIV. Korpskommando
U09;LXXXV. Korpskommando
U09;LXXXVI. Korpskommando
U09;LXXXVII. Korpskommando
U09;LXXXVIII. Korpskommando
U09;LXXXIX. Korpskommando
U09;XC. Korpskommando
U09;XCI. Korpskommando
U09;XCII. Korpskommando
U09;XCIII. Korpskommando
U09;XCIV. Korpskommando
U09;XCV. Korpskommando
U09;XCVI. Korpskommando
U09;XCVII. Korpskommando
U09;XCVIII. Korpskommando
U09;XCIX. Korpskommando
U09;C. Korpskommando
U09;CI. Korpskommando
U09;CII. Korpskommando
U09;CIII. Korpskommando
U09;CIV. Korpskommando
U09;CV. Korpskommando
U09;CVI. Korpskommando
U09;CVII. Korpskommando
U09;CVIII. Korpskommando
U09;CIX. Korpskommando
U09;CX. Korpskommando
U09;CXI. Korpskommando
U09;CXII. Korpskommando
U09;CXIII. Korpskommando
U09;CXIV. Korpskommando
U09;CXV. Korpskommando
U09;CXVI. Korpskommando
U09;CXVII. Korpskommando
U09;CXVIII. Korpskommando
U09;CIXX. Korpskommando
U09;CXX. Korpskommando
U09;CXXI. Korpskommando
U09;CXXII. Korpskommando
U09;CXXIII. Korpskommando
U09;CXXIV. Korpskommando
U09;CXXV. Korpskommando
U09;CXXVI. Korpskommando
U09;CXXVII. Korpskommando
U09;CXXVIII. Korpskommando
U09;CXXIX. Korpskommando
U09;CXXX. Korpskommando
U09;CXXXI. Korpskommando
U09;CXXXII. Korpskommando
U09;CXXXIII. Korpskommando
U09;CXXXIV. Korpskommando
U09;CXXXV. Korpskommando
U09;CXXXVI. Korpskommando
U09;CXXXVII. Korpskommando
U09;CXXXVIII. Korpskommando
U09;CXXXIX. Korpskommando
U09;CXL. Korpskommando
U09;CXLI. Korpskommando
U09;CXLII. Korpskommando
U09;CXLIII. Korpskommando
U09;CXLIV. Korpskommando
U09;CXLV. Korpskommando
U09;CXLVI. Korpskommando
U09;CXLVII. Korpskommando
U09;CXLVIII. Korpskommando
U09;CXLIX. Korpskommando
U09;CL. Korpskommando
U09;CLI. Korpskommando
U09;CLII. Korpskommando
U09;CLIII. Korpskommando
U09;CLIV. Korpskommando
U09;CLV. Korpskommando
U09;CLVI. Korpskommando
U09;CLVII. Korpskommando
U09;CLVIII. Korpskommando
U09;CLIX. Korpskommando
U09;CLX. Korpskommando
U09;CLXI. Korpskommando
U09;CLXII. Korpskommando
U09;CLXIII. Korpskommando
U09;CLXIV. Korpskommando
U09;CLXV. Korpskommando
U09;CLXVI. Korpskommando
U09;CLXVII. Korpskommando
U09;CLXVIII. Korpskommando
U09;CLXIX. Korpskommando
U09;CLXX. Korpskommando
U09;CLXXI. Korpskommando
U09;CLXXII. Korpskommando
U09;CLXXIII. Korpskommando
U09;CLXXIV. Korpskommando
U09;CLXXV. Korpskommando
U09;CLXXVI. Korpskommando
U09;CLXXVII. Korpskommando
U09;CLXXVIII. Korpskommando
U09;CLXXIX. Korpskommando
U09;CLXXX. Korpskommando
U09;CLXXXI. Korpskommando
U09;CLXXXII. Korpskommando
U09;CLXXXIII. Korpskommando
U09;CLXXXIV. Korpskommando
U09;CLXXXV. Korpskommando
U09;CLXXXVI. Korpskommando
U09;CLXXXVII. Korpskommando
U09;CLXXXVIII. Korpskommando
U09;CLXXXIX. Korpskommando
U09;CXC. Korpskommando
U09;CXCI. Korpskommando
U09;CXCII. Korpskommando
U09;CXCIII. Korpskommando
U09;CXCIV. Korpskommando
U09;CXCV. Korpskommando
U09;CXCVI. Korpskommando
U09;CXCVII. Korpskommando
U09;CXCVIII. Korpskommando
U09;CXCIX. Korpskommando
U09;CC. Korpskommando
U10;1e Legerkorps
U10;2e Legerkorps
U10;3e Legerkorps
U10;4e Legerkorps
U10;5e Legerkorps
U10;6e Legerkorps
U10;7e Legerkorps
U10;8e Legerkorps
U10;9e Legerkorps
U10;10e Legerkorps
U10;11e Legerkorps
U10;12e Legerkorps
U10;13e Legerkorps
U10;14e Legerkorps
U10;15e Legerkorps
U10;16e Legerkorps
U10;17e Legerkorps
U10;18e Legerkorps
U10;19e Legerkorps
U10;20e Legerkorps
U10;21e Legerkorps
U10;22e Legerkorps
U10;23e Legerkorps
U10;24e Legerkorps
U10;25e Legerkorps
U10;26e Legerkorps
U10;27e Legerkorps
U10;28e Legerkorps
U10;29e Legerkorps
U10;30e Legerkorps
U10;31e Legerkorps
U10;32e Legerkorps
U10;33e Legerkorps
U10;34e Legerkorps
U10;35e Legerkorps
U10;36e Legerkorps
U10;37e Legerkorps
U10;38e Legerkorps
U10;39e Legerkorps
U10;40e Legerkorps
U10;41e Legerkorps
U10;42e Legerkorps
U10;43e Legerkorps
U10;44e Legerkorps
U10;45e Legerkorps
U10;46e Legerkorps
U10;47e Legerkorps
U10;48e Legerkorps
U10;49e Legerkorps
U10;50e Legerkorps
U10;51e Legerkorps
U10;52e Legerkorps
U10;53e Legerkorps
U10;54e Legerkorps
U10;55e Legerkorps
U10;56e Legerkorps
U10;57e Legerkorps
U10;58e Legerkorps
U10;59e Legerkorps
U10;60e Legerkorps
U10;61e Legerkorps
U10;62e Legerkorps
U10;63e Legerkorps
U10;64e Legerkorps
U10;65e Legerkorps
U10;66e Legerkorps
U10;67e Legerkorps
U10;68e Legerkorps
U10;69e Legerkorps
U10;70e Legerkorps
U10;71e Legerkorps
U10;72e Legerkorps
U10;73e Legerkorps
U10;74e Legerkorps
U10;75e Legerkorps
U10;76e Legerkorps
U10;77e Legerkorps
U10;78e Legerkorps
U10;79e Legerkorps
U10;80e Legerkorps
U10;81e Legerkorps
U10;82e Legerkorps
U10;83e Legerkorps
U10;84e Legerkorps
U10;85e Legerkorps
U10;86e Legerkorps
U10;87e Legerkorps
U10;88e Legerkorps
U10;89e Legerkorps
U10;90e Legerkorps
U10;91e Legerkorps
U10;92e Legerkorps
U10;93e Legerkorps
U10;94e Legerkorps
U10;95e Legerkorps
U10;96e Legerkorps
U10;97e Legerkorps
U10;98e Legerkorps
U10;99e Legerkorps
U10;100e Legerkorps
U11;1er Corps d'Arm?e
U11;2e Corps d'Arm?e
U11;3e Corps d'Arm?e
U11;4e Corps d'Arm?e
U11;5e Corps d'Arm?e
U11;6e Corps d'Arm?e
U11;7e Corps d'Arm?e
U11;8e Corps d'Arm?e
U11;9e Corps d'Arm?e
U11;10e Corps d'Arm?e
U11;11e Corps d'Arm?e
U11;12e Corps d'Arm?e
U11;13e Corps d'Arm?e
U11;14e Corps d'Arm?e
U11;15e Corps d'Arm?e
U11;16e Corps d'Arm?e
U11;17e Corps d'Arm?e
U11;18e Corps d'Arm?e
U11;19e Corps d'Arm?e
U11;20e Corps d'Arm?e
U11;21e Corps d'Arm?e
U11;22e Corps d'Arm?e
U11;23e Corps d'Arm?e
U11;24e Corps d'Arm?e
U11;25e Corps d'Arm?e
U11;26e Corps d'Arm?e
U11;27e Corps d'Arm?e
U11;28e Corps d'Arm?e
U11;29e Corps d'Arm?e
U11;30e Corps d'Arm?e
U11;31e Corps d'Arm?e
U11;32e Corps d'Arm?e
U11;33e Corps d'Arm?e
U11;34e Corps d'Arm?e
U11;35e Corps d'Arm?e
U11;36e Corps d'Arm?e
U11;37e Corps d'Arm?e
U11;38e Corps d'Arm?e
U11;39e Corps d'Arm?e
U11;40e Corps d'Arm?e
U11;41e Corps d'Arm?e
U11;42e Corps d'Arm?e
U11;43e Corps d'Arm?e
U11;44e Corps d'Arm?e
U11;45e Corps d'Arm?e
U11;46e Corps d'Arm?e
U11;47e Corps d'Arm?e
U11;48e Corps d'Arm?e
U11;49e Corps d'Arm?e
U11;50e Corps d'Arm?e
U11;51e Corps d'Arm?e
U11;52e Corps d'Arm?e
U11;53e Corps d'Arm?e
U11;54e Corps d'Arm?e
U11;55e Corps d'Arm?e
U11;56e Corps d'Arm?e
U11;57e Corps d'Arm?e
U11;58e Corps d'Arm?e
U11;59e Corps d'Arm?e
U11;60e Corps d'Arm?e
U11;61e Corps d'Arm?e
U11;62e Corps d'Arm?e
U11;63e Corps d'Arm?e
U11;64e Corps d'Arm?e
U11;65e Corps d'Arm?e
U11;66e Corps d'Arm?e
U11;67e Corps d'Arm?e
U11;68e Corps d'Arm?e
U11;69e Corps d'Arm?e
U11;70e Corps d'Arm?e
U11;71e Corps d'Arm?e
U11;72e Corps d'Arm?e
U11;73e Corps d'Arm?e
U11;74e Corps d'Arm?e
U11;75e Corps d'Arm?e
U11;76e Corps d'Arm?e
U11;77e Corps d'Arm?e
U11;78e Corps d'Arm?e
U11;79e Corps d'Arm?e
U11;80e Corps d'Arm?e
U11;81e Corps d'Arm?e
U11;82e Corps d'Arm?e
U11;83e Corps d'Arm?e
U11;84e Corps d'Arm?e
U11;85e Corps d'Arm?e
U11;86e Corps d'Arm?e
U11;87e Corps d'Arm?e
U11;88e Corps d'Arm?e
U11;89e Corps d'Arm?e
U11;90e Corps d'Arm?e
U11;91e Corps d'Arm?e
U11;92e Corps d'Arm?e
U11;93e Corps d'Arm?e
U11;94e Corps d'Arm?e
U11;95e Corps d'Arm?e
U11;96e Corps d'Arm?e
U11;97e Corps d'Arm?e
U11;98e Corps d'Arm?e
U11;99e Corps d'Arm?e
U11;100e Corps d'Arm?e
U11;101e Corps d'Arm?e
U11;102e Corps d'Arm?e
U11;103e Corps d'Arm?e
U11;104e Corps d'Arm?e
U11;105e Corps d'Arm?e
U11;106e Corps d'Arm?e
U11;107e Corps d'Arm?e
U11;108e Corps d'Arm?e
U11;109e Corps d'Arm?e
U11;110e Corps d'Arm?e
U11;111e Corps d'Arm?e
U11;112e Corps d'Arm?e
U11;113e Corps d'Arm?e
U11;114e Corps d'Arm?e
U11;115e Corps d'Arm?e
U11;116e Corps d'Arm?e
U11;117e Corps d'Arm?e
U11;118e Corps d'Arm?e
U11;119e Corps d'Arm?e
U11;120e Corps d'Arm?e
U11;121e Corps d'Arm?e
U11;122e Corps d'Arm?e
U11;123e Corps d'Arm?e
U11;124e Corps d'Arm?e
U11;125e Corps d'Arm?e
U11;126e Corps d'Arm?e
U11;127e Corps d'Arm?e
U11;128e Corps d'Arm?e
U11;129e Corps d'Arm?e
U11;130e Corps d'Arm?e
U11;131e Corps d'Arm?e
U11;132e Corps d'Arm?e
U11;133e Corps d'Arm?e
U11;134e Corps d'Arm?e
U11;135e Corps d'Arm?e
U11;136e Corps d'Arm?e
U11;137e Corps d'Arm?e
U11;138e Corps d'Arm?e
U11;139e Corps d'Arm?e
U11;140e Corps d'Arm?e
U11;141e Corps d'Arm?e
U11;142e Corps d'Arm?e
U11;143e Corps d'Arm?e
U11;144e Corps d'Arm?e
U11;145e Corps d'Arm?e
U11;146e Corps d'Arm?e
U11;147e Corps d'Arm?e
U11;148e Corps d'Arm?e
U11;149e Corps d'Arm?e
U11;150e Corps d'Arm?e
U11;151e Corps d'Arm?e
U11;152e Corps d'Arm?e
U11;153e Corps d'Arm?e
U11;154e Corps d'Arm?e
U11;155e Corps d'Arm?e
U11;156e Corps d'Arm?e
U11;157e Corps d'Arm?e
U11;158e Corps d'Arm?e
U11;159e Corps d'Arm?e
U11;160e Corps d'Arm?e
U11;161e Corps d'Arm?e
U11;162e Corps d'Arm?e
U11;163e Corps d'Arm?e
U11;164e Corps d'Arm?e
U11;165e Corps d'Arm?e
U11;166e Corps d'Arm?e
U11;167e Corps d'Arm?e
U11;168e Corps d'Arm?e
U11;169e Corps d'Arm?e
U11;170e Corps d'Arm?e
U11;171e Corps d'Arm?e
U11;172e Corps d'Arm?e
U11;173e Corps d'Arm?e
U11;174e Corps d'Arm?e
U11;175e Corps d'Arm?e
U11;176e Corps d'Arm?e
U11;177e Corps d'Arm?e
U11;178e Corps d'Arm?e
U11;179e Corps d'Arm?e
U11;180e Corps d'Arm?e
U11;181e Corps d'Arm?e
U11;182e Corps d'Arm?e
U11;183e Corps d'Arm?e
U11;184e Corps d'Arm?e
U11;185e Corps d'Arm?e
U11;186e Corps d'Arm?e
U11;187e Corps d'Arm?e
U11;188e Corps d'Arm?e
U11;189e Corps d'Arm?e
U11;190e Corps d'Arm?e
U11;191e Corps d'Arm?e
U11;192e Corps d'Arm?e
U11;193e Corps d'Arm?e
U11;194e Corps d'Arm?e
U11;195e Corps d'Arm?e
U11;196e Corps d'Arm?e
U11;197e Corps d'Arm?e
U11;198e Corps d'Arm?e
U11;199e Corps d'Arm?e
U11;200e Corps d'Arm?e
U12;I English Corps
U12;II English Corps
U12;III English Corps
U12;IV English Corps
U12;V English Corps
U12;VI English Corps
U12;VII English Corps
U12;VIII English Corps
U12;IX English Corps
U12;X English Corps
U12;XI English Corps
U12;XII English Corps
U12;XIII English Corps
U12;XIV English Corps
U12;XV English Corps
U12;XVI English Corps
U12;XVII English Corps
U12;XVIII English Corps
U12;XIX English Corps
U12;XX English Corps
U12;XXI English Corps
U12;XXII English Corps
U12;XXIII English Corps
U12;XXIV English Corps
U12;XXV English Corps
U12;XXVI English Corps
U12;XXVII English Corps
U12;XXVIII English Corps
U12;XXIX English Corps
U12;XXX English Corps
U12;XXXI English Corps
U12;XXXII English Corps
U12;XXXIII English Corps
U12;XXXIV English Corps
U12;XXXV English Corps
U12;XXXVI English Corps
U12;XXXVII English Corps
U12;XXXVIII English Corps
U12;XXXIX English Corps
U12;XL English Corps
U12;XLI English Corps
U12;XLII English Corps
U12;XLIII English Corps
U12;XLIV English Corps
U12;XLV English Corps
U12;XLVI English Corps
U12;XLVII English Corps
U12;XLVIII English Corps
U12;XLIX English Corps
U12;L English Corps
U12;LI English Corps
U12;LII English Corps
U12;LIII English Corps
U12;LIV English Corps
U12;LV English Corps
U12;LVI English Corps
U12;LVII English Corps
U12;LVIII English Corps
U12;LIX English Corps
U12;LX English Corps
U12;LXI English Corps
U12;LXII English Corps
U12;LXIII English Corps
U12;LXIV English Corps
U12;LXV English Corps
U12;LXVI English Corps
U12;LXVII English Corps
U12;LXVIII English Corps
U12;LXIX English Corps
U12;LXX English Corps
U12;LXXI English Corps
U12;LXXII English Corps
U12;LXXIII English Corps
U12;LXXIV English Corps
U12;LXXV English Corps
U12;LXXVI English Corps
U12;LXXVII English Corps
U12;LXXVIII English Corps
U12;LXXIX English Corps
U12;LXXX English Corps
U12;LXXXI English Corps
U12;LXXXII English Corps
U12;LXXXIII English Corps
U12;LXXXIV English Corps
U12;LXXXV English Corps
U12;LXXXVI English Corps
U12;LXXXVII English Corps
U12;LXXXVIII English Corps
U12;LXXXIX English Corps
U12;XC English Corps
U12;XCI English Corps
U12;XCII English Corps
U12;XCIII English Corps
U12;XCIV English Corps
U12;XCV English Corps
U12;XCVI English Corps
U12;XCVII English Corps
U12;XCVIII English Corps
U12;XCIX English Corps
U12;C English Corps
U12;CI English Corps
U12;CII English Corps
U12;CIII English Corps
U12;CIV English Corps
U12;CV English Corps
U12;CVI English Corps
U12;CVII English Corps
U12;CVIII English Corps
U12;CIX English Corps
U12;CX English Corps
U12;CXI English Corps
U12;CXII English Corps
U12;CXIII English Corps
U12;CXIV English Corps
U12;CXV English Corps
U12;CXVI English Corps
U12;CXVII English Corps
U12;CXVIII English Corps
U12;CXIX English Corps
U12;CXX English Corps
U12;CXXI English Corps
U12;CXXII English Corps
U12;CXXIII English Corps
U12;CXXIV English Corps
U12;CXXV English Corps
U12;CXXVI English Corps
U12;CXXVII English Corps
U12;CXXVIII English Corps
U12;CXXIX English Corps
U12;CXXX English Corps
U12;CXXXI English Corps
U12;CXXXII English Corps
U12;CXXXIII English Corps
U12;CXXXIV English Corps
U12;CXXXV English Corps
U12;CXXXVI English Corps
U12;CXXXVII English Corps
U12;CXXXVIII English Corps
U12;CXXXIX English Corps
U12;CXL English Corps
U12;CXLI English Corps
U12;CXLII English Corps
U12;CXLIII English Corps
U12;CXLIV English Corps
U12;CXLV English Corps
U12;CXLVI English Corps
U12;CXLVII English Corps
U12;CXLVIII English Corps
U12;CXLIX English Corps
U12;CL English Corps
U12;CLI English Corps
U12;CLII English Corps
U12;CLIII English Corps
U12;CLIV English Corps
U12;CLV English Corps
U12;CLVI English Corps
U12;CLVII English Corps
U12;CLVIII English Corps
U12;CLIX English Corps
U12;CLX English Corps
U12;CLXI English Corps
U12;CLXII English Corps
U12;CLXIII English Corps
U12;CLXIV English Corps
U12;CLXV English Corps
U12;CLXVI English Corps
U12;CLXVII English Corps
U12;CLXVIII English Corps
U12;CLXIX English Corps
U12;CLXX English Corps
U12;CLXXI English Corps
U12;CLXXII English Corps
U12;CLXXIII English Corps
U12;CLXXIV English Corps
U12;CLXXV English Corps
U12;CLXXVI English Corps
U12;CLXXVII English Corps
U12;CLXXVIII English Corps
U12;CLXXIX English Corps
U12;CLXXX English Corps
U12;CLXXXI English Corps
U12;CLXXXII English Corps
U12;CLXXXIII English Corps
U12;CLXXXIV English Corps
U12;CLXXXV English Corps
U12;CLXXXVI English Corps
U12;CLXXXVII English Corps
U12;CLXXXVIII English Corps
U12;CLXXXIX English Corps
U12;CXC English Corps
U12;CXCI English Corps
U12;CXCII English Corps
U12;CXCIII English Corps
U12;CXCIV English Corps
U12;CXCV English Corps
U12;CXCVI English Corps
U12;CXCVII English Corps
U12;CXCVIII English Corps
U12;CXCIX English Corps
U12;CC English Corps
U13;I. magyar hadtest
U13;II. magyar hadtest
U13;III. magyar hadtest
U13;IV. magyar hadtest
U13;V. magyar hadtest
U13;VI. magyar hadtest
U13;VII. magyar hadtest
U13;VIII. magyar hadtest
U13;IX. magyar hadtest
U13;X. magyar hadtest
U13;XI. magyar hadtest
U13;XII. magyar hadtest
U13;XIII. magyar hadtest
U13;XIV. magyar hadtest
U13;XV. magyar hadtest
U13;XVI. magyar hadtest
U13;XVII. magyar hadtest
U13;XVIII. magyar hadtest
U13;XIX. magyar hadtest
U13;XX. magyar hadtest
U13;XXI. magyar hadtest
U13;XXII. magyar hadtest
U13;XXIII. magyar hadtest
U13;XXIV. magyar hadtest
U13;XXV. magyar hadtest
U13;XXVI. magyar hadtest
U13;XXVII. magyar hadtest
U13;XXVIII. magyar hadtest
U13;XXIX. magyar hadtest
U13;XXX. magyar hadtest
U13;XXXI. magyar hadtest
U13;XXXII. magyar hadtest
U13;XXXIII. magyar hadtest
U13;XXXIV. magyar hadtest
U13;XXXV. magyar hadtest
U13;XXXVI. magyar hadtest
U13;XXXVII. magyar hadtest
U13;XXXVIII. magyar hadtest
U13;XXXIX. magyar hadtest
U13;XL. magyar hadtest
U13;XLI. magyar hadtest
U13;XLII. magyar hadtest
U13;XLIII. magyar hadtest
U13;XLIV. magyar hadtest
U13;XLV. magyar hadtest
U13;XLVI. magyar hadtest
U13;XLVII. magyar hadtest
U13;XLVIII. magyar hadtest
U13;XLIX. magyar hadtest
U13;L. magyar hadtest
U13;LI. magyar hadtest
U13;LII. magyar hadtest
U13;LIII. magyar hadtest
U13;LIV. magyar hadtest
U13;LV. magyar hadtest
U13;LVI. magyar hadtest
U13;LVII. magyar hadtest
U13;LVIII. magyar hadtest
U13;LIX. magyar hadtest
U13;LX. magyar hadtest
U13;LXI. magyar hadtest
U13;LXII. magyar hadtest
U13;LXIII. magyar hadtest
U13;LXIV. magyar hadtest
U13;LXV. magyar hadtest
U13;LXVI. magyar hadtest
U13;LXVII. magyar hadtest
U13;LXVIII. magyar hadtest
U13;LXIX. magyar hadtest
U13;LXX. magyar hadtest
U13;LXXI. magyar hadtest
U13;LXXII. magyar hadtest
U13;LXXIII. magyar hadtest
U13;LXXIV. magyar hadtest
U13;LXXV. magyar hadtest
U13;LXXVI. magyar hadtest
U13;LXXVII. magyar hadtest
U13;LXXVIII. magyar hadtest
U13;LXXIX. magyar hadtest
U13;LXXX. magyar hadtest
U13;LXXXI. magyar hadtest
U13;LXXXII. magyar hadtest
U13;LXXXIII. magyar hadtest
U13;LXXXIV. magyar hadtest
U13;LXXXV. magyar hadtest
U13;LXXXVI. magyar hadtest
U13;LXXXVII. magyar hadtest
U13;LXXXVIII. magyar hadtest
U13;LXXXIX. magyar hadtest
U13;XC. magyar hadtest
U13;XCI. magyar hadtest
U13;XCII. magyar hadtest
U13;XCIII. magyar hadtest
U13;XCIV. magyar hadtest
U13;XCV. magyar hadtest
U13;XCVI. magyar hadtest
U13;XCVII. magyar hadtest
U13;XCVIII. magyar hadtest
U13;XCIX. magyar hadtest
U13;C. magyar hadtest
U14;I Corpo d'Armata
U14;II Corpo d'Armata
U14;III Corpo d'Armata
U14;IV Corpo d'Armata
U14;V Corpo d'Armata
U14;VI Corpo d'Armata
U14;VII Corpo d'Armata
U14;VIII Corpo d'Armata
U14;IX Corpo d'Armata
U14;X Corpo d'Armata
U14;XI Corpo d'Armata
U14;XII Corpo d'Armata
U14;XIII Corpo d'Armata
U14;XIV Corpo d'Armata
U14;XV Corpo d'Armata
U14;XVI Corpo d'Armata
U14;XVII Corpo d'Armata
U14;XVIII Corpo d'Armata
U14;XIX Corpo d'Armata
U14;XX Corpo d'Armata
U14;XXI Corpo d'Armata
U14;XXII Corpo d'Armata
U14;XXIII Corpo d'Armata
U14;XXIV Corpo d'Armata
U14;XXV Corpo d'Armata
U14;XXVI Corpo d'Armata
U14;XXVII Corpo d'Armata
U14;XXVIII Corpo d'Armata
U14;XXIX Corpo d'Armata
U14;XXX Corpo d'Armata
U14;XXXI Corpo d'Armata
U14;XXXII Corpo d'Armata
U14;XXXIII Corpo d'Armata
U14;XXXIV Corpo d'Armata
U14;XXXV Corpo d'Armata
U14;XXXVI Corpo d'Armata
U14;XXXVII Corpo d'Armata
U14;XXXVIII Corpo d'Armata
U14;XXXIX Corpo d'Armata
U14;XL Corpo d'Armata
U14;XLI Corpo d'Armata
U14;XLII Corpo d'Armata
U14;XLIII Corpo d'Armata
U14;XLIV Corpo d'Armata
U14;XLV Corpo d'Armata
U14;XLVI Corpo d'Armata
U14;XLVII Corpo d'Armata
U14;XLVIII Corpo d'Armata
U14;XLIX Corpo d'Armata
U14;L Corpo d'Armata
U14;LI Corpo d'Armata
U14;LII Corpo d'Armata
U14;LIII Corpo d'Armata
U14;LIV Corpo d'Armata
U14;LV Corpo d'Armata
U14;LVI Corpo d'Armata
U14;LVII Corpo d'Armata
U14;LVIII Corpo d'Armata
U14;LIX Corpo d'Armata
U14;LX Corpo d'Armata
U14;LXI Corpo d'Armata
U14;LXII Corpo d'Armata
U14;LXIII Corpo d'Armata
U14;LXIV Corpo d'Armata
U14;LXV Corpo d'Armata
U14;LXVI Corpo d'Armata
U14;LXVII Corpo d'Armata
U14;LXVIII Corpo d'Armata
U14;LXIX Corpo d'Armata
U14;LXX Corpo d'Armata
U14;LXXI Corpo d'Armata
U14;LXXII Corpo d'Armata
U14;LXXIII Corpo d'Armata
U14;LXXIV Corpo d'Armata
U14;LXXV Corpo d'Armata
U14;LXXVI Corpo d'Armata
U14;LXXVII Corpo d'Armata
U14;LXXVIII Corpo d'Armata
U14;LXXIX Corpo d'Armata
U14;LXXX Corpo d'Armata
U14;LXXXI Corpo d'Armata
U14;LXXXII Corpo d'Armata
U14;LXXXIII Corpo d'Armata
U14;LXXXIV Corpo d'Armata
U14;LXXXV Corpo d'Armata
U14;LXXXVI Corpo d'Armata
U14;LXXXVII Corpo d'Armata
U14;LXXXVIII Corpo d'Armata
U14;LXXXIX Corpo d'Armata
U14;XC Corpo d'Armata
U14;XCI Corpo d'Armata
U14;XCII Corpo d'Armata
U14;XCIII Corpo d'Armata
U14;XCIV Corpo d'Armata
U14;XCV Corpo d'Armata
U14;XCVI Corpo d'Armata
U14;XCVII Corpo d'Armata
U14;XCVIII Corpo d'Armata
U14;XCIX Corpo d'Armata
U14;C Corpo d'Armata
U14;CI Corpo d'Armata
U14;CII Corpo d'Armata
U14;CIII Corpo d'Armata
U14;CIV Corpo d'Armata
U14;CV Corpo d'Armata
U14;CVI Corpo d'Armata
U14;CVII Corpo d'Armata
U14;CVIII Corpo d'Armata
U14;CIX Corpo d'Armata
U14;CX Corpo d'Armata
U14;CXI Corpo d'Armata
U14;CXII Corpo d'Armata
U14;CXIII Corpo d'Armata
U14;CXIV Corpo d'Armata
U14;CXV Corpo d'Armata
U14;CXVI Corpo d'Armata
U14;CXVII Corpo d'Armata
U14;CXVIII Corpo d'Armata
U14;CXIX Corpo d'Armata
U14;CXX Corpo d'Armata
U14;CXXI Corpo d'Armata
U14;CXXII Corpo d'Armata
U14;CXXIII Corpo d'Armata
U14;CXXIV Corpo d'Armata
U14;CXXV Corpo d'Armata
U14;CXXVI Corpo d'Armata
U14;CXXVII Corpo d'Armata
U14;CXXVIII Corpo d'Armata
U14;CXXIX Corpo d'Armata
U14;CXXX Corpo d'Armata
U14;CXXXI Corpo d'Armata
U14;CXXXII Corpo d'Armata
U14;CXXXIII Corpo d'Armata
U14;CXXXIV Corpo d'Armata
U14;CXXXV Corpo d'Armata
U14;CXXXVI Corpo d'Armata
U14;CXXXVII Corpo d'Armata
U14;CXXXVIII Corpo d'Armata
U14;CXXXIX Corpo d'Armata
U14;CXL Corpo d'Armata
U14;CXLI Corpo d'Armata
U14;CXLII Corpo d'Armata
U14;CXLIII Corpo d'Armata
U14;CXLIV Corpo d'Armata
U14;CXLV Corpo d'Armata
U14;CXLVI Corpo d'Armata
U14;CXLVII Corpo d'Armata
U14;CXLVIII Corpo d'Armata
U14;CXLIX Corpo d'Armata
U14;CL Corpo d'Armata
U14;CLI Corpo d'Armata
U14;CLII Corpo d'Armata
U14;CLIII Corpo d'Armata
U14;CLIV Corpo d'Armata
U14;CLV Corpo d'Armata
U14;CLVI Corpo d'Armata
U14;CLVII Corpo d'Armata
U14;CLVIII Corpo d'Armata
U14;CLIX Corpo d'Armata
U14;CLX Corpo d'Armata
U14;CLXI Corpo d'Armata
U14;CLXII Corpo d'Armata
U14;CLXIII Corpo d'Armata
U14;CLXIV Corpo d'Armata
U14;CLXV Corpo d'Armata
U14;CLXVI Corpo d'Armata
U14;CLXVII Corpo d'Armata
U14;CLXVIII Corpo d'Armata
U14;CLXIX Corpo d'Armata
U14;CLXX Corpo d'Armata
U14;CLXXI Corpo d'Armata
U14;CLXXII Corpo d'Armata
U14;CLXXIII Corpo d'Armata
U14;CLXXIV Corpo d'Armata
U14;CLXXV Corpo d'Armata
U14;CLXXVI Corpo d'Armata
U14;CLXXVII Corpo d'Armata
U14;CLXXVIII Corpo d'Armata
U14;CLXXIX Corpo d'Armata
U14;CLXXX Corpo d'Armata
U14;CLXXXI Corpo d'Armata
U14;CLXXXII Corpo d'Armata
U14;CLXXXIII Corpo d'Armata
U14;CLXXXIV Corpo d'Armata
U14;CLXXXV Corpo d'Armata
U14;CLXXXVI Corpo d'Armata
U14;CLXXXVII Corpo d'Armata
U14;CLXXXVIII Corpo d'Armata
U14;CLXXXIX Corpo d'Armata
U14;CXC Corpo d'Armata
U14;CXCI Corpo d'Armata
U14;CXCII Corpo d'Armata
U14;CXCIII Corpo d'Armata
U14;CXCIV Corpo d'Armata
U14;CXCV Corpo d'Armata
U14;CXCVI Corpo d'Armata
U14;CXCVII Corpo d'Armata
U14;CXCVIII Corpo d'Armata
U14;CXCIX Corpo d'Armata
U14;CC Corpo d'Armata
U15;1o Corpo de Ex?rcito Portugu?s
U15;2o Corpo de Ex?rcito Portugu?s
U15;3o Corpo de Ex?rcito Portugu?s
U15;4o Corpo de Ex?rcito Portugu?s
U15;5o Corpo de Ex?rcito Portugu?s
U15;6o Corpo de Ex?rcito Portugu?s
U15;7o Corpo de Ex?rcito Portugu?s
U15;8o Corpo de Ex?rcito Portugu?s
U15;9o Corpo de Ex?rcito Portugu?s
U15;10o Corpo de Ex?rcito Portugu?s
U15;11o Corpo de Ex?rcito Portugu?s
U15;12o Corpo de Ex?rcito Portugu?s
U15;13o Corpo de Ex?rcito Portugu?s
U15;14o Corpo de Ex?rcito Portugu?s
U15;15o Corpo de Ex?rcito Portugu?s
U15;16o Corpo de Ex?rcito Portugu?s
U15;17o Corpo de Ex?rcito Portugu?s
U15;18o Corpo de Ex?rcito Portugu?s
U15;19o Corpo de Ex?rcito Portugu?s
U15;20o Corpo de Ex?rcito Portugu?s
U15;21o Corpo de Ex?rcito Portugu?s
U15;22o Corpo de Ex?rcito Portugu?s
U15;23o Corpo de Ex?rcito Portugu?s
U15;24o Corpo de Ex?rcito Portugu?s
U15;25o Corpo de Ex?rcito Portugu?s
U15;26o Corpo de Ex?rcito Portugu?s
U15;27o Corpo de Ex?rcito Portugu?s
U15;28o Corpo de Ex?rcito Portugu?s
U15;29o Corpo de Ex?rcito Portugu?s
U15;30o Corpo de Ex?rcito Portugu?s
U15;31o Corpo de Ex?rcito Portugu?s
U15;32o Corpo de Ex?rcito Portugu?s
U15;33o Corpo de Ex?rcito Portugu?s
U15;34o Corpo de Ex?rcito Portugu?s
U15;35o Corpo de Ex?rcito Portugu?s
U15;36o Corpo de Ex?rcito Portugu?s
U15;37o Corpo de Ex?rcito Portugu?s
U15;38o Corpo de Ex?rcito Portugu?s
U15;39o Corpo de Ex?rcito Portugu?s
U15;40o Corpo de Ex?rcito Portugu?s
U15;41o Corpo de Ex?rcito Portugu?s
U15;42o Corpo de Ex?rcito Portugu?s
U15;43o Corpo de Ex?rcito Portugu?s
U15;44o Corpo de Ex?rcito Portugu?s
U15;45o Corpo de Ex?rcito Portugu?s
U15;46o Corpo de Ex?rcito Portugu?s
U15;47o Corpo de Ex?rcito Portugu?s
U15;48o Corpo de Ex?rcito Portugu?s
U15;49o Corpo de Ex?rcito Portugu?s
U15;50o Corpo de Ex?rcito Portugu?s
U16;1. Korps
U16;2. Korps
U16;3. Korps
U16;4. Korps
U16;5. Korps
U16;6. Korps
U16;7. Korps
U16;8. Korps
U16;9. Korps
U16;10. Korps
U16;11. Korps
U16;12. Korps
U16;13. Korps
U16;14. Korps
U16;15. Korps
U16;16. Korps
U16;17. Korps
U16;18. Korps
U16;19. Korps
U16;20. Korps
U16;21. Korps
U16;22. Korps
U16;23. Korps
U16;24. Korps
U16;25. Korps
U16;26. Korps
U16;27. Korps
U16;28. Korps
U16;29. Korps
U16;30. Korps
U16;31. Korps
U16;32. Korps
U16;33. Korps
U16;34. Korps
U16;35. Korps
U16;36. Korps
U16;37. Korps
U16;38. Korps
U16;39. Korps
U16;40. Korps
U16;41. Korps
U16;42. Korps
U16;43. Korps
U16;44. Korps
U16;45. Korps
U16;46. Korps
U16;47. Korps
U16;48. Korps
U16;49. Korps
U16;50. Korps
U17;1re Corps d'Arm?e de la Belgique
U17;2e Corps d'Arm?e de la Belgique
U17;3e Corps d'Arm?e de la Belgique
U17;4e Corps d'Arm?e de la Belgique
U17;5e Corps d'Arm?e de la Belgique
U17;6e Corps d'Arm?e de la Belgique
U17;7e Corps d'Arm?e de la Belgique
U17;8e Corps d'Arm?e de la Belgique
U17;9e Corps d'Arm?e de la Belgique
U17;10e Corps d'Arm?e de la Belgique
U17;11e Corps d'Arm?e de la Belgique
U17;12e Corps d'Arm?e de la Belgique
U17;13e Corps d'Arm?e de la Belgique
U17;14e Corps d'Arm?e de la Belgique
U17;15e Corps d'Arm?e de la Belgique
U17;16e Corps d'Arm?e de la Belgique
U17;17e Corps d'Arm?e de la Belgique
U17;18e Corps d'Arm?e de la Belgique
U17;19e Corps d'Arm?e de la Belgique
U17;20e Corps d'Arm?e de la Belgique
U17;21e Corps d'Arm?e de la Belgique
U17;22e Corps d'Arm?e de la Belgique
U17;23e Corps d'Arm?e de la Belgique
U17;24e Corps d'Arm?e de la Belgique
U17;25e Corps d'Arm?e de la Belgique
U17;26e Corps d'Arm?e de la Belgique
U17;27e Corps d'Arm?e de la Belgique
U17;28e Corps d'Arm?e de la Belgique
U17;29e Corps d'Arm?e de la Belgique
U17;30e Corps d'Arm?e de la Belgique
U17;31e Corps d'Arm?e de la Belgique
U17;32e Corps d'Arm?e de la Belgique
U17;33e Corps d'Arm?e de la Belgique
U17;34e Corps d'Arm?e de la Belgique
U17;35e Corps d'Arm?e de la Belgique
U17;36e Corps d'Arm?e de la Belgique
U17;37e Corps d'Arm?e de la Belgique
U17;38e Corps d'Arm?e de la Belgique
U17;39e Corps d'Arm?e de la Belgique
U17;40e Corps d'Arm?e de la Belgique
U17;41e Corps d'Arm?e de la Belgique
U17;42e Corps d'Arm?e de la Belgique
U17;43e Corps d'Arm?e de la Belgique
U17;44e Corps d'Arm?e de la Belgique
U17;45e Corps d'Arm?e de la Belgique
U17;46e Corps d'Arm?e de la Belgique
U17;47e Corps d'Arm?e de la Belgique
U17;48e Corps d'Arm?e de la Belgique
U17;49e Corps d'Arm?e de la Belgique
U17;50e Corps d'Arm?e de la Belgique
U18;1er Corps d'Arm?e luxembourgeoise
U18;2e Corps d'Arm?e luxembourgeoise
U18;3e Corps d'Arm?e luxembourgeoise
U18;4e Corps d'Arm?e luxembourgeoise
U18;5e Corps d'Arm?e luxembourgeoise
U18;6e Corps d'Arm?e luxembourgeoise
U18;7e Corps d'Arm?e luxembourgeoise
U18;8e Corps d'Arm?e luxembourgeoise
U18;9e Corps d'Arm?e luxembourgeoise
U18;10e Corps d'Arm?e luxembourgeoise
U18;11e Corps d'Arm?e luxembourgeoise
U18;12e Corps d'Arm?e luxembourgeoise
U18;13e Corps d'Arm?e luxembourgeoise
U18;14e Corps d'Arm?e luxembourgeoise
U18;15e Corps d'Arm?e luxembourgeoise
U18;16e Corps d'Arm?e luxembourgeoise
U18;17e Corps d'Arm?e luxembourgeoise
U18;18e Corps d'Arm?e luxembourgeoise
U18;19e Corps d'Arm?e luxembourgeoise
U18;20e Corps d'Arm?e luxembourgeoise
U18;21e Corps d'Arm?e luxembourgeoise
U18;22e Corps d'Arm?e luxembourgeoise
U18;23e Corps d'Arm?e luxembourgeoise
U18;24e Corps d'Arm?e luxembourgeoise
U18;25e Corps d'Arm?e luxembourgeoise
U18;26e Corps d'Arm?e luxembourgeoise
U18;27e Corps d'Arm?e luxembourgeoise
U18;28e Corps d'Arm?e luxembourgeoise
U18;29e Corps d'Arm?e luxembourgeoise
U18;30e Corps d'Arm?e luxembourgeoise
U18;31e Corps d'Arm?e luxembourgeoise
U18;32e Corps d'Arm?e luxembourgeoise
U18;33e Corps d'Arm?e luxembourgeoise
U18;34e Corps d'Arm?e luxembourgeoise
U18;35e Corps d'Arm?e luxembourgeoise
U18;36e Corps d'Arm?e luxembourgeoise
U18;37e Corps d'Arm?e luxembourgeoise
U18;38e Corps d'Arm?e luxembourgeoise
U18;39e Corps d'Arm?e luxembourgeoise
U18;40e Corps d'Arm?e luxembourgeoise
U18;41e Corps d'Arm?e luxembourgeoise
U18;42e Corps d'Arm?e luxembourgeoise
U18;43e Corps d'Arm?e luxembourgeoise
U18;44e Corps d'Arm?e luxembourgeoise
U18;45e Corps d'Arm?e luxembourgeoise
U18;46e Corps d'Arm?e luxembourgeoise
U18;47e Corps d'Arm?e luxembourgeoise
U18;48e Corps d'Arm?e luxembourgeoise
U18;49e Corps d'Arm?e luxembourgeoise
U18;50e Corps d'Arm?e luxembourgeoise
U19;I Norske Arm?korps
U19;II Norske Arm?korps
U19;III Norske Arm?korps
U19;IV Norske Arm?korps
U19;V Norske Arm?korps
U19;VI Norske Arm?korps
U19;VII Norske Arm?korps
U19;VIII Norske Arm?korps
U19;IX Norske Arm?korps
U19;X Norske Arm?korps
U19;XI Norske Arm?korps
U19;XII Norske Arm?korps
U19;XIII Norske Arm?korps
U19;XIV Norske Arm?korps
U19;XV Norske Arm?korps
U19;XVI Norske Arm?korps
U19;XVII Norske Arm?korps
U19;XVIII Norske Arm?korps
U19;XIX Norske Arm?korps
U19;XX Norske Arm?korps
U19;XXI Norske Arm?korps
U19;XXII Norske Arm?korps
U19;XXIII Norske Arm?korps
U19;XXIV Norske Arm?korps
U19;XXV Norske Arm?korps
U19;XXVI Norske Arm?korps
U19;XXVII Norske Arm?korps
U19;XXVIII Norske Arm?korps
U19;XXIX Norske Arm?korps
U19;XXX Norske Arm?korps
U19;XXXI Norske Arm?korps
U19;XXXII Norske Arm?korps
U19;XXXIII Norske Arm?korps
U19;XXXIV Norske Arm?korps
U19;XXXV Norske Arm?korps
U19;XXXVI Norske Arm?korps
U19;XXXVII Norske Arm?korps
U19;XXXVIII Norske Arm?korps
U19;XXXIX Norske Arm?korps
U19;XL Norske Arm?korps
U19;XLI Norske Arm?korps
U19;XLII Norske Arm?korps
U19;XLIII Norske Arm?korps
U19;XLIV Norske Arm?korps
U19;XLV Norske Arm?korps
U19;XLVI Norske Arm?korps
U19;XLVII Norske Arm?korps
U19;XLVIII Norske Arm?korps
U19;XLIX Norske Arm?korps
U19;L Norske Arm?korps
U20;I Armeijakunta
U20;II Armeijakunta
U20;III Armeijakunta
U20;IV Armeijakunta
U20;V Armeijakunta
U20;VI Armeijakunta
U20;VII Armeijakunta
U20;VIII Armeijakunta
U20;IX Armeijakunta
U20;X Armeijakunta
U20;XI Armeijakunta
U20;XII Armeijakunta
U20;XIII Armeijakunta
U20;XIV Armeijakunta
U20;XV Armeijakunta
U20;XVI Armeijakunta
U20;XVII Armeijakunta
U20;XVIII Armeijakunta
U20;XIX Armeijakunta
U20;XX Armeijakunta
U20;XXI Armeijakunta
U20;XXII Armeijakunta
U20;XXIII Armeijakunta
U20;XXIV Armeijakunta
U20;XXV Armeijakunta
U20;XXVI Armeijakunta
U20;XXVII Armeijakunta
U20;XXVIII Armeijakunta
U20;XXIX Armeijakunta
U20;XXX Armeijakunta
U20;XXXI Armeijakunta
U20;XXXII Armeijakunta
U20;XXXIII Armeijakunta
U20;XXXIV Armeijakunta
U20;XXXV Armeijakunta
U20;XXXVI Armeijakunta
U20;XXXVII Armeijakunta
U20;XXXVIII Armeijakunta
U20;XXXIX Armeijakunta
U20;XL Armeijakunta
U20;XLI Armeijakunta
U20;XLII Armeijakunta
U20;XLIII Armeijakunta
U20;XLIV Armeijakunta
U20;XLV Armeijakunta
U20;XLVI Armeijakunta
U20;XLVII Armeijakunta
U20;XLVIII Armeijakunta
U20;XLIX Armeijakunta
U20;L Armeijakunta
U20;LI Armeijakunta
U20;LII Armeijakunta
U20;LIII Armeijakunta
U20;LIV Armeijakunta
U20;LV Armeijakunta
U20;LVI Armeijakunta
U20;LVII Armeijakunta
U20;LVIII Armeijakunta
U20;LIX Armeijakunta
U20;LX Armeijakunta
U20;LXI Armeijakunta
U20;LXII Armeijakunta
U20;LXIII Armeijakunta
U20;LXIV Armeijakunta
U20;LXV Armeijakunta
U20;LXVI Armeijakunta
U20;LXVII Armeijakunta
U20;LXVIII Armeijakunta
U20;LXIX Armeijakunta
U20;LXX Armeijakunta
U20;LXXI Armeijakunta
U20;LXXII Armeijakunta
U20;LXXIII Armeijakunta
U20;LXXIV Armeijakunta
U20;LXXV Armeijakunta
U20;LXXVI Armeijakunta
U20;LXXVII Armeijakunta
U20;LXXVIII Armeijakunta
U20;LXXIX Armeijakunta
U20;LXXX Armeijakunta
U20;LXXXI Armeijakunta
U20;LXXXII Armeijakunta
U20;LXXXIII Armeijakunta
U20;LXXXIV Armeijakunta
U20;LXXXV Armeijakunta
U20;LXXXVI Armeijakunta
U20;LXXXVII Armeijakunta
U20;LXXXVIII Armeijakunta
U20;LXXXIX Armeijakunta
U20;XC Armeijakunta
U20;XCI Armeijakunta
U20;XCII Armeijakunta
U20;XCIII Armeijakunta
U20;XCIV Armeijakunta
U20;XCV Armeijakunta
U20;XCVI Armeijakunta
U20;XCVII Armeijakunta
U20;XCVIII Armeijakunta
U20;XCIX Armeijakunta
U20;C Armeijakunta
U21;1:a Arm?k?ren
U21;2:a Arm?k?ren
U21;?vre Norrlands Trupper
U21;G?teborgsgruppen
U21;J?mtlandsgruppen
U21;3:e Arm?k?ren
U21;I MILO
U21;II MILO
U21;III MILO
U21;IV MILO
U21;V MILO
U21;VI MILO
U21;VII MILO
U21;3:e Svenska Arm?k?ren
U21;4:e Svenska Arm?k?ren
U21;5:e Svenska Arm?k?ren
U21;6:e Svenska Arm?k?ren
U21;7:e Svenska Arm?k?ren
U21;8:e Svenska Arm?k?ren
U21;9:e Svenska Arm?k?ren
U21;10:e Svenska Arm?k?ren
U21;11:a Svenska Arm?k?ren
U21;12:a Svenska Arm?k?ren
U21;13:e Svenska Arm?k?ren
U21;14:e Svenska Arm?k?ren
U21;15:e Svenska Arm?k?ren
U21;16:e Svenska Arm?k?ren
U21;17:e Svenska Arm?k?ren
U21;18:e Svenska Arm?k?ren
U21;19:e Svenska Arm?k?ren
U21;20:e Svenska Arm?k?ren
U21;21:a Svenska Arm?k?ren
U21;22:a Svenska Arm?k?ren
U21;23:e Svenska Arm?k?ren
U21;24:e Svenska Arm?k?ren
U21;25:e Svenska Arm?k?ren
U21;26:e Svenska Arm?k?ren
U21;27:e Svenska Arm?k?ren
U21;28:e Svenska Arm?k?ren
U21;29:e Svenska Arm?k?ren
U21;30:e Svenska Arm?k?ren
U21;31:a Svenska Arm?k?ren
U21;32:a Svenska Arm?k?ren
U21;33:e Svenska Arm?k?ren
U21;34:e Svenska Arm?k?ren
U21;35:e Svenska Arm?k?ren
U21;36:e Svenska Arm?k?ren
U21;37:e Svenska Arm?k?ren
U21;38:e Svenska Arm?k?ren
U21;39:e Svenska Arm?k?ren
U21;40:e Svenska Arm?k?ren
U21;41:a Svenska Arm?k?ren
U21;42:a Svenska Arm?k?ren
U21;43:e Svenska Arm?k?ren
U21;44:e Svenska Arm?k?ren
U21;45:e Svenska Arm?k?ren
U21;46:e Svenska Arm?k?ren
U21;47:e Svenska Arm?k?ren
U21;48:e Svenska Arm?k?ren
U21;49:e Svenska Arm?k?ren
U21;50:e Svenska Arm?k?ren
U21;51:a Svenska Arm?k?ren
U21;52:a Svenska Arm?k?ren
U21;53:e Svenska Arm?k?ren
U21;54:e Svenska Arm?k?ren
U21;55:e Svenska Arm?k?ren
U21;56:e Svenska Arm?k?ren
U21;57:e Svenska Arm?k?ren
U21;58:e Svenska Arm?k?ren
U21;59:e Svenska Arm?k?ren
U21;60:e Svenska Arm?k?ren
U21;61:a Svenska Arm?k?ren
U21;62:a Svenska Arm?k?ren
U21;63:e Svenska Arm?k?ren
U21;64:e Svenska Arm?k?ren
U21;65:e Svenska Arm?k?ren
U21;66:e Svenska Arm?k?ren
U21;67:e Svenska Arm?k?ren
U21;68:e Svenska Arm?k?ren
U21;69:e Svenska Arm?k?ren
U21;70:e Svenska Arm?k?ren
U21;71:a Svenska Arm?k?ren
U21;72:a Svenska Arm?k?ren
U21;73:e Svenska Arm?k?ren
U21;74:e Svenska Arm?k?ren
U21;75:e Svenska Arm?k?ren
U21;76:e Svenska Arm?k?ren
U21;77:e Svenska Arm?k?ren
U21;78:e Svenska Arm?k?ren
U21;79:e Svenska Arm?k?ren
U21;80:e Svenska Arm?k?ren
U21;81:a Svenska Arm?k?ren
U21;82:a Svenska Arm?k?ren
U21;83:e Svenska Arm?k?ren
U21;84:e Svenska Arm?k?ren
U21;85:e Svenska Arm?k?ren
U21;86:e Svenska Arm?k?ren
U21;87:e Svenska Arm?k?ren
U21;88:e Svenska Arm?k?ren
U21;89:e Svenska Arm?k?ren
U22;I Danske Arm?korps
U22;II Danske Arm?korps
U22;III Danske Arm?korps
U22;IV Danske Arm?korps
U22;V Danske Arm?korps
U22;VI Danske Arm?korps
U22;VII Danske Arm?korps
U22;VIII Danske Arm?korps
U22;IX Danske Arm?korps
U22;X Danske Arm?korps
U22;XI Danske Arm?korps
U22;XII Danske Arm?korps
U22;XIII Danske Arm?korps
U22;XIV Danske Arm?korps
U22;XV Danske Arm?korps
U22;XVI Danske Arm?korps
U22;XVII Danske Arm?korps
U22;XVIII Danske Arm?korps
U22;XIX Danske Arm?korps
U22;XX Danske Arm?korps
U22;XXI Danske Arm?korps
U22;XXII Danske Arm?korps
U22;XXIII Danske Arm?korps
U22;XXIV Danske Arm?korps
U22;XXV Danske Arm?korps
U22;XXVI Danske Arm?korps
U22;XXVII Danske Arm?korps
U22;XXVIII Danske Arm?korps
U22;XXIX Danske Arm?korps
U22;XXX Danske Arm?korps
U22;XXXI Danske Arm?korps
U22;XXXII Danske Arm?korps
U22;XXXIII Danske Arm?korps
U22;XXXIV Danske Arm?korps
U22;XXXV Danske Arm?korps
U22;XXXVI Danske Arm?korps
U22;XXXVII Danske Arm?korps
U22;XXXVIII Danske Arm?korps
U22;XXXIX Danske Arm?korps
U22;XL Danske Arm?korps
U22;XLI Danske Arm?korps
U22;XLII Danske Arm?korps
U22;XLIII Danske Arm?korps
U22;XLIV Danske Arm?korps
U22;XLV Danske Arm?korps
U22;XLVI Danske Arm?korps
U22;XLVII Danske Arm?korps
U22;XLVIII Danske Arm?korps
U22;XLIX Danske Arm?korps
U22;L Danske Arm?korps
U26;I. Schweizer Feldkorps
U26;II. Schweizer Feldkorps
U26;III. Schweizer Feldkorps
U26;IV. Schweizer Feldkorps
U26;V. Schweizer Feldkorps
U26;VI. Schweizer Feldkorps
U26;VII. Schweizer Feldkorps
U26;VIII. Schweizer Feldkorps
U26;IX. Schweizer Feldkorps
U26;X. Schweizer Feldkorps
U26;XI. Schweizer Feldkorps
U26;XII. Schweizer Feldkorps
U26;XIII. Schweizer Feldkorps
U26;XIV. Schweizer Feldkorps
U26;XV. Schweizer Feldkorps
U26;XVI. Schweizer Feldkorps
U26;XVII. Schweizer Feldkorps
U26;XVIII. Schweizer Feldkorps
U26;XIX. Schweizer Feldkorps
U26;XX. Schweizer Feldkorps
U26;XXI. Schweizer Feldkorps
U26;XXII. Schweizer Feldkorps
U26;XXIII. Schweizer Feldkorps
U26;XXIV. Schweizer Feldkorps
U26;XXV. Schweizer Feldkorps
U26;XXVI. Schweizer Feldkorps
U26;XXVII. Schweizer Feldkorps
U26;XXVIII. Schweizer Feldkorps
U26;XXIX. Schweizer Feldkorps
U26;XXX. Schweizer Feldkorps
U26;XXXI. Schweizer Feldkorps
U26;XXXII. Schweizer Feldkorps
U26;XXXIII. Schweizer Feldkorps
U26;XXXIV. Schweizer Feldkorps
U26;XXXV. Schweizer Feldkorps
U26;XXXVI. Schweizer Feldkorps
U26;XXXVII. Schweizer Feldkorps
U26;XXXVIII. Schweizer Feldkorps
U26;XXXIX. Schweizer Feldkorps
U26;XL. Schweizer Feldkorps
U26;XLI. Schweizer Feldkorps
U26;XLII. Schweizer Feldkorps
U26;XLIII. Schweizer Feldkorps
U26;XLIV. Schweizer Feldkorps
U26;XLV. Schweizer Feldkorps
U26;XLVI. Schweizer Feldkorps
U26;XLVII. Schweizer Feldkorps
U26;XLVIII. Schweizer Feldkorps
U26;XLIX. Schweizer Feldkorps
U26;L. Schweizer Feldkorps
U27;1. jugoslovenska armija
U27;2. jugoslovenska armija
U27;3. jugoslovenska armija
U27;4. jugoslovenska armija
U27;5. jugoslovenska armija
U27;6. jugoslovenska armija
U27;7. jugoslovenska armija
U27;8. jugoslovenska armija
U27;9. jugoslovenska armija
U27;10. jugoslovenska armija
U27;11. jugoslovenska armija
U27;12. jugoslovenska armija
U27;13. jugoslovenska armija
U27;14. jugoslovenska armija
U27;15. jugoslovenska armija
U27;16. jugoslovenska armija
U27;17. jugoslovenska armija
U27;18. jugoslovenska armija
U27;19. jugoslovenska armija
U27;20. jugoslovenska armija
U27;21. jugoslovenska armija
U27;22. jugoslovenska armija
U27;23. jugoslovenska armija
U27;24. jugoslovenska armija
U27;25. jugoslovenska armija
U27;26. jugoslovenska armija
U27;27. jugoslovenska armija
U27;28. jugoslovenska armija
U27;29. jugoslovenska armija
U27;30. jugoslovenska armija
U27;31. jugoslovenska armija
U27;32. jugoslovenska armija
U27;33. jugoslovenska armija
U27;34. jugoslovenska armija
U27;35. jugoslovenska armija
U27;36. jugoslovenska armija
U27;37. jugoslovenska armija
U27;38. jugoslovenska armija
U27;39. jugoslovenska armija
U27;40. jugoslovenska armija
U27;41. jugoslovenska armija
U27;42. jugoslovenska armija
U27;43. jugoslovenska armija
U27;44. jugoslovenska armija
U27;45. jugoslovenska armija
U27;46. jugoslovenska armija
U27;47. jugoslovenska armija
U27;48. jugoslovenska armija
U27;49. jugoslovenska armija
U27;50. jugoslovenska armija
U27;51. jugoslovenska armija
U27;52. jugoslovenska armija
U27;53. jugoslovenska armija
U27;54. jugoslovenska armija
U27;55. jugoslovenska armija
U27;56. jugoslovenska armija
U27;57. jugoslovenska armija
U27;58. jugoslovenska armija
U27;59. jugoslovenska armija
U27;60. jugoslovenska armija
U27;61. jugoslovenska armija
U27;62. jugoslovenska armija
U27;63. jugoslovenska armija
U27;64. jugoslovenska armija
U27;65. jugoslovenska armija
U27;66. jugoslovenska armija
U27;67. jugoslovenska armija
U27;68. jugoslovenska armija
U27;69. jugoslovenska armija
U27;70. jugoslovenska armija
U27;71. jugoslovenska armija
U27;72. jugoslovenska armija
U27;73. jugoslovenska armija
U27;74. jugoslovenska armija
U27;75. jugoslovenska armija
U27;76. jugoslovenska armija
U27;77. jugoslovenska armija
U27;78. jugoslovenska armija
U27;79. jugoslovenska armija
U27;80. jugoslovenska armija
U27;81. jugoslovenska armija
U27;82. jugoslovenska armija
U27;83. jugoslovenska armija
U27;84. jugoslovenska armija
U27;85. jugoslovenska armija
U27;86. jugoslovenska armija
U27;87. jugoslovenska armija
U27;88. jugoslovenska armija
U27;89. jugoslovenska armija
U27;90. jugoslovenska armija
U27;91. jugoslovenska armija
U27;92. jugoslovenska armija
U27;93. jugoslovenska armija
U27;94. jugoslovenska armija
U27;95. jugoslovenska armija
U27;96. jugoslovenska armija
U27;97. jugoslovenska armija
U27;98. jugoslovenska armija
U27;99. jugoslovenska armija
U27;100. jugoslovenska armija
U28;Korpusit I Shqip?tare
U28;Korpusit II Shqip?tare
U28;Korpusit III Shqip?tare
U28;Korpusit IV Shqip?tare
U28;Korpusit V Shqip?tare
U28;Korpusit VI Shqip?tare
U28;Korpusit VII Shqip?tare
U28;Korpusit VIII Shqip?tare
U28;Korpusit IX Shqip?tare
U28;Korpusit X Shqip?tare
U28;Korpusit XI Shqip?tare
U28;Korpusit XII Shqip?tare
U28;Korpusit XIII Shqip?tare
U28;Korpusit XIV Shqip?tare
U28;Korpusit XV Shqip?tare
U28;Korpusit XVI Shqip?tare
U28;Korpusit XVII Shqip?tare
U28;Korpusit XVIII Shqip?tare
U28;Korpusit XIX Shqip?tare
U28;Korpusit XX Shqip?tare
U28;Korpusit XXI Shqip?tare
U28;Korpusit XXII Shqip?tare
U28;Korpusit XXIII Shqip?tare
U28;Korpusit XXIV Shqip?tare
U28;Korpusit XXV Shqip?tare
U28;Korpusit XXVI Shqip?tare
U28;Korpusit XXVII Shqip?tare
U28;Korpusit XXVIII Shqip?tare
U28;Korpusit XXIX Shqip?tare
U28;Korpusit XXX Shqip?tare
U28;Korpusit XXXI Shqip?tare
U28;Korpusit XXXII Shqip?tare
U28;Korpusit XXXIII Shqip?tare
U28;Korpusit XXXIV Shqip?tare
U28;Korpusit XXXV Shqip?tare
U28;Korpusit XXXVI Shqip?tare
U28;Korpusit XXXVII Shqip?tare
U28;Korpusit XXXVIII Shqip?tare
U28;Korpusit XXXIX Shqip?tare
U28;Korpusit XL Shqip?tare
U28;Korpusit XLI Shqip?tare
U28;Korpusit XLII Shqip?tare
U28;Korpusit XLIII Shqip?tare
U28;Korpusit XLIV Shqip?tare
U28;Korpusit XLV Shqip?tare
U28;Korpusit XLVI Shqip?tare
U28;Korpusit XLVII Shqip?tare
U28;Korpusit XLVIII Shqip?tare
U28;Korpusit XLIX Shqip?tare
U28;Korpusit L Shqip?tare
U28;Korpusit LI Shqip?tare
U28;Korpusit LII Shqip?tare
U28;Korpusit LIII Shqip?tare
U28;Korpusit LIV Shqip?tare
U28;Korpusit LV Shqip?tare
U28;Korpusit LVI Shqip?tare
U28;Korpusit LVII Shqip?tare
U28;Korpusit LVIII Shqip?tare
U28;Korpusit LIX Shqip?tare
U28;Korpusit LX Shqip?tare
U28;Korpusit LXI Shqip?tare
U28;Korpusit LXII Shqip?tare
U28;Korpusit LXIII Shqip?tare
U28;Korpusit LXIV Shqip?tare
U28;Korpusit LXV Shqip?tare
U28;Korpusit LXVI Shqip?tare
U28;Korpusit LXVII Shqip?tare
U28;Korpusit LXVIII Shqip?tare
U28;Korpusit LXIX Shqip?tare
U28;Korpusit LXX Shqip?tare
U28;Korpusit LXXI Shqip?tare
U28;Korpusit LXXII Shqip?tare
U28;Korpusit LXXIII Shqip?tare
U28;Korpusit LXXIV Shqip?tare
U28;Korpusit LXXV Shqip?tare
U28;Korpusit LXXVI Shqip?tare
U28;Korpusit LXXVII Shqip?tare
U28;Korpusit LXXVIII Shqip?tare
U28;Korpusit LXXIX Shqip?tare
U28;Korpusit LXXX Shqip?tare
U28;Korpusit LXXXI Shqip?tare
U28;Korpusit LXXXII Shqip?tare
U28;Korpusit LXXXIII Shqip?tare
U28;Korpusit LXXXIV Shqip?tare
U28;Korpusit LXXXV Shqip?tare
U28;Korpusit LXXXVI Shqip?tare
U28;Korpusit LXXXVII Shqip?tare
U28;Korpusit LXXXVIII Shqip?tare
U28;Korpusit LXXXIX Shqip?tare
U28;Korpusit XC Shqip?tare
U28;Korpusit XCI Shqip?tare
U28;Korpusit XCII Shqip?tare
U28;Korpusit XCIII Shqip?tare
U28;Korpusit XCIV Shqip?tare
U28;Korpusit XCV Shqip?tare
U28;Korpusit XCVI Shqip?tare
U28;Korpusit XCVII Shqip?tare
U28;Korpusit XCVIII Shqip?tare
U28;Korpusit XCIX Shqip?tare
U28;Korpusit C Shqip?tare
U29;1-va balgarska armia
U29;2-ra balgarska armia
U29;3-ta balgarska armia
U29;4-ta balgarska armia
U29;5-a balgarska armia
U29;6-a balgarska armia
U29;7-a balgarska armia
U29;8-a balgarska armia
U29;9-a balgarska armia
U29;10-a balgarska armia
U29;11-a balgarska armia
U29;12-a balgarska armia
U29;13-a balgarska armia
U29;14-a balgarska armia
U29;15-a balgarska armia
U29;16-a balgarska armia
U29;17-a balgarska armia
U29;18-a balgarska armia
U29;19-a balgarska armia
U29;20-a balgarska armia
U29;21-va balgarska armia
U29;22-ra balgarska armia
U29;23-ta balgarska armia
U29;24-ta balgarska armia
U29;25-a balgarska armia
U29;26-a balgarska armia
U29;27-a balgarska armia
U29;28-a balgarska armia
U29;29-a balgarska armia
U29;30-a balgarska armia
U29;31-va balgarska armia
U29;32-ra balgarska armia
U29;33-ta balgarska armia
U29;34-ta balgarska armia
U29;35-a balgarska armia
U29;36-a balgarska armia
U29;37-a balgarska armia
U29;38-a balgarska armia
U29;39-a balgarska armia
U29;40-a balgarska armia
U29;41-va balgarska armia
U29;42-ra balgarska armia
U29;43-ta balgarska armia
U29;44-ta balgarska armia
U29;45-a balgarska armia
U29;46-a balgarska armia
U29;47-a balgarska armia
U29;48-a balgarska armia
U29;49-a balgarska armia
U29;50-a balgarska armia
U29;51-va balgarska armia
U29;52-ra balgarska armia
U29;53-ta balgarska armia
U29;54-ta balgarska armia
U29;55-a balgarska armia
U29;56-a balgarska armia
U29;57-a balgarska armia
U29;58-a balgarska armia
U29;59-a balgarska armia
U29;60-a balgarska armia
U29;61-va balgarska armia
U29;62-ra balgarska armia
U29;63-ta balgarska armia
U29;64-ta balgarska armia
U29;65-a balgarska armia
U29;66-a balgarska armia
U29;67-a balgarska armia
U29;68-a balgarska armia
U29;69-a balgarska armia
U29;70-a balgarska armia
U29;71-va balgarska armia
U29;72-ra balgarska armia
U29;73-ta balgarska armia
U29;74-ta balgarska armia
U29;75-a balgarska armia
U29;76-a balgarska armia
U29;77-a balgarska armia
U29;78-a balgarska armia
U29;79-a balgarska armia
U29;80-a balgarska armia
U29;81-va balgarska armia
U29;82-ra balgarska armia
U29;83-ta balgarska armia
U29;84-ta balgarska armia
U29;85-a balgarska armia
U29;86-a balgarska armia
U29;87-a balgarska armia
U29;88-a balgarska armia
U29;89-a balgarska armia
U29;90-a balgarska armia
U29;91-va balgarska armia
U29;92-ra balgarska armia
U29;93-ta balgarska armia
U29;94-ta balgarska armia
U29;95-a balgarska armia
U29;96-a balgarska armia
U29;97-a balgarska armia
U29;98-a balgarska armia
U29;99-a balgarska armia
U29;100-na balgarska armia
U30;Corpul 1 Armata
U30;Corpul 2 Armata
U30;Corpul 3 Armata
U30;Corpul 4 Armata
U30;Corpul 5 Armata
U30;Corpul 6 Armata
U30;Corpul 7 Armata
U30;Corpul 8 Armata
U30;Corpul 9 Armata
U30;Corpul 10 Armata
U30;Corpul 11 Armata
U30;Corpul 12 Armata
U30;Corpul 13 Armata
U30;Corpul 14 Armata
U30;Corpul 15 Armata
U30;Corpul 16 Armata
U30;Corpul 17 Armata
U30;Corpul 18 Armata
U30;Corpul 19 Armata
U30;Corpul 20 Armata
U30;Corpul 21 Armata
U30;Corpul 22 Armata
U30;Corpul 23 Armata
U30;Corpul 24 Armata
U30;Corpul 25 Armata
U30;Corpul 26 Armata
U30;Corpul 27 Armata
U30;Corpul 28 Armata
U30;Corpul 29 Armata
U30;Corpul 30 Armata
U30;Corpul 31 Armata
U30;Corpul 32 Armata
U30;Corpul 33 Armata
U30;Corpul 34 Armata
U30;Corpul 35 Armata
U30;Corpul 36 Armata
U30;Corpul 37 Armata
U30;Corpul 38 Armata
U30;Corpul 39 Armata
U30;Corpul 40 Armata
U30;Corpul 41 Armata
U30;Corpul 42 Armata
U30;Corpul 43 Armata
U30;Corpul 44 Armata
U30;Corpul 45 Armata
U30;Corpul 46 Armata
U30;Corpul 47 Armata
U30;Corpul 48 Armata
U30;Corpul 49 Armata
U30;Corpul 50 Armata
U30;Corpul 51 Armata
U30;Corpul 52 Armata
U30;Corpul 53 Armata
U30;Corpul 54 Armata
U30;Corpul 55 Armata
U30;Corpul 56 Armata
U30;Corpul 57 Armata
U30;Corpul 58 Armata
U30;Corpul 59 Armata
U30;Corpul 60 Armata
U30;Corpul 61 Armata
U30;Corpul 62 Armata
U30;Corpul 63 Armata
U30;Corpul 64 Armata
U30;Corpul 65 Armata
U30;Corpul 66 Armata
U30;Corpul 67 Armata
U30;Corpul 68 Armata
U30;Corpul 69 Armata
U30;Corpul 70 Armata
U30;Corpul 71 Armata
U30;Corpul 72 Armata
U30;Corpul 73 Armata
U30;Corpul 74 Armata
U30;Corpul 75 Armata
U30;Corpul 76 Armata
U30;Corpul 77 Armata
U30;Corpul 78 Armata
U30;Corpul 79 Armata
U30;Corpul 80 Armata
U30;Corpul 81 Armata
U30;Corpul 82 Armata
U30;Corpul 83 Armata
U30;Corpul 84 Armata
U30;Corpul 85 Armata
U30;Corpul 86 Armata
U30;Corpul 87 Armata
U30;Corpul 88 Armata
U30;Corpul 89 Armata
U30;Corpul 90 Armata
U30;Corpul 91 Armata
U30;Corpul 92 Armata
U30;Corpul 93 Armata
U30;Corpul 94 Armata
U30;Corpul 95 Armata
U30;Corpul 96 Armata
U30;Corpul 97 Armata
U30;Corpul 98 Armata
U30;Corpul 99 Armata
U30;Corpul 100 Armata
U31;I. Cechoslov?k Arm?dn? Sbor
U31;II. Cechoslov?k Arm?dn? Sbor
U31;III. Cechoslov?k Arm?dn? Sbor
U31;IV. Cechoslov?k Arm?dn? Sbor
U31;V. Cechoslov?k Arm?dn? Sbor
U31;VI. Cechoslov?k Arm?dn? Sbor
U31;VII. Cechoslov?k Arm?dn? Sbor
U31;VIII. Cechoslov?k Arm?dn? Sbor
U31;IX. Cechoslov?k Arm?dn? Sbor
U31;X. Cechoslov?k Arm?dn? Sbor
U31;XI. Cechoslov?k Arm?dn? Sbor
U31;XII. Cechoslov?k Arm?dn? Sbor
U31;XIII. Cechoslov?k Arm?dn? Sbor
U31;XIV. Cechoslov?k Arm?dn? Sbor
U31;XV. Cechoslov?k Arm?dn? Sbor
U31;XVI. Cechoslov?k Arm?dn? Sbor
U31;XVII. Cechoslov?k Arm?dn? Sbor
U31;XVIII. Cechoslov?k Arm?dn? Sbor
U31;XIX. Cechoslov?k Arm?dn? Sbor
U31;XX. Cechoslov?k Arm?dn? Sbor
U31;XXI. Cechoslov?k Arm?dn? Sbor
U31;XXII. Cechoslov?k Arm?dn? Sbor
U31;XXIII. Cechoslov?k Arm?dn? Sbor
U31;XXIV. Cechoslov?k Arm?dn? Sbor
U31;XXV. Cechoslov?k Arm?dn? Sbor
U31;XXVI. Cechoslov?k Arm?dn? Sbor
U31;XXVII. Cechoslov?k Arm?dn? Sbor
U31;XXVIII. Cechoslov?k Arm?dn? Sbor
U31;XXIX. Cechoslov?k Arm?dn? Sbor
U31;XXX. Cechoslov?k Arm?dn? Sbor
U31;XXXI. Cechoslov?k Arm?dn? Sbor
U31;XXXII. Cechoslov?k Arm?dn? Sbor
U31;XXXIII. Cechoslov?k Arm?dn? Sbor
U31;XXXIV. Cechoslov?k Arm?dn? Sbor
U31;XXXV. Cechoslov?k Arm?dn? Sbor
U31;XXXVI. Cechoslov?k Arm?dn? Sbor
U31;XXXVII. Cechoslov?k Arm?dn? Sbor
U31;XXXVIII. Cechoslov?k Arm?dn? Sbor
U31;XXXIX. Cechoslov?k Arm?dn? Sbor
U31;XL. Cechoslov?k Arm?dn? Sbor
U31;XLI. Cechoslov?k Arm?dn? Sbor
U31;XLII. Cechoslov?k Arm?dn? Sbor
U31;XLIII. Cechoslov?k Arm?dn? Sbor
U31;XLIV. Cechoslov?k Arm?dn? Sbor
U31;XLV. Cechoslov?k Arm?dn? Sbor
U31;XLVI. Cechoslov?k Arm?dn? Sbor
U31;XLVII. Cechoslov?k Arm?dn? Sbor
U31;XLVIII. Cechoslov?k Arm?dn? Sbor
U31;XLIX. Cechoslov?k Arm?dn? Sbor
U31;L. Cechoslov?k Arm?dn? Sbor
U31;LI. Cechoslov?k Arm?dn? Sbor
U31;LII. Cechoslov?k Arm?dn? Sbor
U31;LIII. Cechoslov?k Arm?dn? Sbor
U31;LIV. Cechoslov?k Arm?dn? Sbor
U31;LV. Cechoslov?k Arm?dn? Sbor
U31;LVI. Cechoslov?k Arm?dn? Sbor
U31;LVII. Cechoslov?k Arm?dn? Sbor
U31;LVIII. Cechoslov?k Arm?dn? Sbor
U31;LIX. Cechoslov?k Arm?dn? Sbor
U31;LX. Cechoslov?k Arm?dn? Sbor
U31;LXI. Cechoslov?k Arm?dn? Sbor
U31;LXII. Cechoslov?k Arm?dn? Sbor
U31;LXIII. Cechoslov?k Arm?dn? Sbor
U31;LXIV. Cechoslov?k Arm?dn? Sbor
U31;LXV. Cechoslov?k Arm?dn? Sbor
U31;LXVI. Cechoslov?k Arm?dn? Sbor
U31;LXVII. Cechoslov?k Arm?dn? Sbor
U31;LXVIII. Cechoslov?k Arm?dn? Sbor
U31;LXIX. Cechoslov?k Arm?dn? Sbor
U31;LXX. Cechoslov?k Arm?dn? Sbor
U31;LXXI. Cechoslov?k Arm?dn? Sbor
U31;LXXII. Cechoslov?k Arm?dn? Sbor
U31;LXXIII. Cechoslov?k Arm?dn? Sbor
U31;LXXIV. Cechoslov?k Arm?dn? Sbor
U31;LXXV. Cechoslov?k Arm?dn? Sbor
U31;LXXVI. Cechoslov?k Arm?dn? Sbor
U31;LXXVII. Cechoslov?k Arm?dn? Sbor
U31;LXXVIII. Cechoslov?k Arm?dn? Sbor
U31;LXXIX. Cechoslov?k Arm?dn? Sbor
U31;LXXX. Cechoslov?k Arm?dn? Sbor
U31;LXXXI. Cechoslov?k Arm?dn? Sbor
U31;LXXXII. Cechoslov?k Arm?dn? Sbor
U31;LXXXIII. Cechoslov?k Arm?dn? Sbor
U31;LXXXIV. Cechoslov?k Arm?dn? Sbor
U31;LXXXV. Cechoslov?k Arm?dn? Sbor
U31;LXXXVI. Cechoslov?k Arm?dn? Sbor
U31;LXXXVII. Cechoslov?k Arm?dn? Sbor
U31;LXXXVIII. Cechoslov?k Arm?dn? Sbor
U31;LXXXIX. Cechoslov?k Arm?dn? Sbor
U31;XC. Cechoslov?k Arm?dn? Sbor
U31;XCI. Cechoslov?k Arm?dn? Sbor
U31;XCII. Cechoslov?k Arm?dn? Sbor
U31;XCIII. Cechoslov?k Arm?dn? Sbor
U31;XCIV. Cechoslov?k Arm?dn? Sbor
U31;XCV. Cechoslov?k Arm?dn? Sbor
U31;XCVI. Cechoslov?k Arm?dn? Sbor
U31;XCVII. Cechoslov?k Arm?dn? Sbor
U31;XCVIII. Cechoslov?k Arm?dn? Sbor
U31;XCIX. Cechoslov?k Arm?dn? Sbor
U31;C. Cechoslov?k Arm?dn? Sbor
U32;1 Armia
U32;2 Armia
U32;3 Armia
U32;4 Armia
U32;5 Armia
U32;6 Armia
U32;7 Armia
U32;8 Armia
U32;9 Armia
U32;10 Armia
U32;11 Armia
U32;12 Armia
U32;13 Armia
U32;14 Armia
U32;15 Armia
U32;16 Armia
U32;17 Armia
U32;18 Armia
U32;19 Armia
U32;20 Armia
U32;21 Armia
U32;22 Armia
U32;23 Armia
U32;24 Armia
U32;25 Armia
U32;26 Armia
U32;27 Armia
U32;28 Armia
U32;29 Armia
U32;30 Armia
U32;31 Armia
U32;32 Armia
U32;33 Armia
U32;34 Armia
U32;35 Armia
U32;36 Armia
U32;37 Armia
U32;38 Armia
U32;39 Armia
U32;40 Armia
U32;41 Armia
U32;42 Armia
U32;43 Armia
U32;44 Armia
U32;45 Armia
U32;46 Armia
U32;47 Armia
U32;48 Armia
U32;49 Armia
U32;50 Armia
U32;51 Armia
U32;52 Armia
U32;53 Armia
U32;54 Armia
U32;55 Armia
U32;56 Armia
U32;57 Armia
U32;58 Armia
U32;59 Armia
U32;60 Armia
U32;61 Armia
U32;62 Armia
U32;63 Armia
U32;64 Armia
U32;65 Armia
U32;66 Armia
U32;67 Armia
U32;68 Armia
U32;69 Armia
U32;70 Armia
U32;71 Armia
U32;72 Armia
U32;73 Armia
U32;74 Armia
U32;75 Armia
U32;76 Armia
U32;77 Armia
U32;78 Armia
U32;79 Armia
U32;80 Armia
U32;81 Armia
U32;82 Armia
U32;83 Armia
U32;84 Armia
U32;85 Armia
U32;86 Armia
U32;87 Armia
U32;88 Armia
U32;89 Armia
U32;90 Armia
U32;91 Armia
U32;92 Armia
U32;93 Armia
U32;94 Armia
U32;95 Armia
U32;96 Armia
U32;97 Armia
U32;98 Armia
U32;99 Armia
U32;100 Armia
U32;101 Armia
U32;102 Armia
U32;103 Armia
U32;104 Armia
U32;105 Armia
U32;106 Armia
U32;107 Armia
U32;108 Armia
U32;109 Armia
U32;110 Armia
U32;111 Armia
U32;112 Armia
U32;113 Armia
U32;114 Armia
U32;115 Armia
U32;116 Armia
U32;117 Armia
U32;118 Armia
U32;119 Armia
U32;120 Armia
U32;121 Armia
U32;122 Armia
U32;123 Armia
U32;124 Armia
U32;125 Armia
U32;126 Armia
U32;127 Armia
U32;128 Armia
U32;129 Armia
U32;130 Armia
U32;131 Armia
U32;132 Armia
U32;133 Armia
U32;134 Armia
U32;135 Armia
U32;136 Armia
U32;137 Armia
U32;138 Armia
U32;139 Armia
U32;140 Armia
U32;141 Armia
U32;142 Armia
U32;143 Armia
U32;144 Armia
U32;145 Armia
U32;146 Armia
U32;147 Armia
U32;148 Armia
U32;149 Armia
U32;150 Armia
U32;151 Armia
U32;152 Armia
U32;153 Armia
U32;154 Armia
U32;155 Armia
U32;156 Armia
U32;157 Armia
U32;158 Armia
U32;159 Armia
U32;160 Armia
U32;161 Armia
U32;162 Armia
U32;163 Armia
U32;164 Armia
U32;165 Armia
U32;166 Armia
U32;167 Armia
U32;168 Armia
U32;169 Armia
U32;170 Armia
U32;171 Armia
U32;172 Armia
U32;173 Armia
U32;174 Armia
U32;175 Armia
U32;176 Armia
U32;177 Armia
U32;178 Armia
U32;179 Armia
U32;180 Armia
U32;181 Armia
U32;182 Armia
U32;183 Armia
U32;184 Armia
U32;185 Armia
U32;186 Armia
U32;187 Armia
U32;188 Armia
U32;189 Armia
U32;190 Armia
U32;191 Armia
U32;192 Armia
U32;193 Armia
U32;194 Armia
U32;195 Armia
U32;196 Armia
U32;197 Armia
U32;198 Armia
U32;199 Armia
U32;200 Armia
U33;I Elliniki L?chos
U33;II Elliniki L?chos
U33;III Elliniki L?chos
U33;IV Elliniki L?chos
U33;V Elliniki L?chos
U33;VI Elliniki L?chos
U33;VII Elliniki L?chos
U33;VIII Elliniki L?chos
U33;IX Elliniki L?chos
U33;X Elliniki L?chos
U33;XI Elliniki L?chos
U33;XII Elliniki L?chos
U33;XIII Elliniki L?chos
U33;XIV Elliniki L?chos
U33;XV Elliniki L?chos
U33;XVI Elliniki L?chos
U33;XVII Elliniki L?chos
U33;XVIII Elliniki L?chos
U33;XIX Elliniki L?chos
U33;XX Elliniki L?chos
U33;XXI Elliniki L?chos
U33;XXII Elliniki L?chos
U33;XXIII Elliniki L?chos
U33;XXIV Elliniki L?chos
U33;XXV Elliniki L?chos
U33;XXVI Elliniki L?chos
U33;XXVII Elliniki L?chos
U33;XXVIII Elliniki L?chos
U33;XXIX Elliniki L?chos
U33;XXX Elliniki L?chos
U33;XXXI Elliniki L?chos
U33;XXXII Elliniki L?chos
U33;XXXIII Elliniki L?chos
U33;XXXIV Elliniki L?chos
U33;XXXV Elliniki L?chos
U33;XXXVI Elliniki L?chos
U33;XXXVII Elliniki L?chos
U33;XXXVIII Elliniki L?chos
U33;XXXIX Elliniki L?chos
U33;XL Elliniki L?chos
U33;XLI Elliniki L?chos
U33;XLII Elliniki L?chos
U33;XLIII Elliniki L?chos
U33;XLIV Elliniki L?chos
U33;XLV Elliniki L?chos
U33;XLVI Elliniki L?chos
U33;XLVII Elliniki L?chos
U33;XLVIII Elliniki L?chos
U33;XLIX Elliniki L?chos
U33;L Elliniki L?chos
U34;1. Kolordu
U34;2. Kolordu
U34;3. Kolordu
U34;4. Kolordu
U34;5. Kolordu
U34;6. Kolordu
U34;7. Kolordu
U34;8. Kolordu
U34;9. Kolordu
U34;10. Kolordu
U34;11. Kolordu
U34;12. Kolordu
U34;13. Kolordu
U34;14. Kolordu
U34;15. Kolordu
U34;16. Kolordu
U34;17. Kolordu
U34;18. Kolordu
U34;19. Kolordu
U34;20. Kolordu
U34;21. Kolordu
U34;22. Kolordu
U34;23. Kolordu
U34;24. Kolordu
U34;25. Kolordu
U34;26. Kolordu
U34;27. Kolordu
U34;28. Kolordu
U34;29. Kolordu
U34;30. Kolordu
U34;31. Kolordu
U34;32. Kolordu
U34;33. Kolordu
U34;34. Kolordu
U34;35. Kolordu
U34;36. Kolordu
U34;37. Kolordu
U34;38. Kolordu
U34;39. Kolordu
U34;40. Kolordu
U34;41. Kolordu
U34;42. Kolordu
U34;43. Kolordu
U34;44. Kolordu
U34;45. Kolordu
U34;46. Kolordu
U34;47. Kolordu
U34;48. Kolordu
U34;49. Kolordu
U34;50. Kolordu
U34;51. Kolordu
U34;52. Kolordu
U34;53. Kolordu
U34;54. Kolordu
U34;55. Kolordu
U34;56. Kolordu
U34;57. Kolordu
U34;58. Kolordu
U34;59. Kolordu
U34;60. Kolordu
U34;61. Kolordu
U34;62. Kolordu
U34;63. Kolordu
U34;64. Kolordu
U34;65. Kolordu
U34;66. Kolordu
U34;67. Kolordu
U34;68. Kolordu
U34;69. Kolordu
U34;70. Kolordu
U34;71. Kolordu
U34;72. Kolordu
U34;73. Kolordu
U34;74. Kolordu
U34;75. Kolordu
U34;76. Kolordu
U34;77. Kolordu
U34;78. Kolordu
U34;79. Kolordu
U34;80. Kolordu
U34;81. Kolordu
U34;82. Kolordu
U34;83. Kolordu
U34;84. Kolordu
U34;85. Kolordu
U34;86. Kolordu
U34;87. Kolordu
U34;88. Kolordu
U34;89. Kolordu
U34;90. Kolordu
U34;91. Kolordu
U34;92. Kolordu
U34;93. Kolordu
U34;94. Kolordu
U34;95. Kolordu
U34;96. Kolordu
U34;97. Kolordu
U34;98. Kolordu
U34;99. Kolordu
U34;100. Kolordu
U35;I Cuerpo del Ej?rcito
U35;II Cuerpo del Ej?rcito
U35;III Cuerpo del Ej?rcito
U35;IV Cuerpo del Ej?rcito
U35;V Cuerpo del Ej?rcito
U35;VI Cuerpo del Ej?rcito
U35;VII Cuerpo del Ej?rcito
U35;VIII Cuerpo del Ej?rcito
U35;IX Cuerpo del Ej?rcito
U35;X Cuerpo del Ej?rcito
U35;XI Cuerpo del Ej?rcito
U35;XII Cuerpo del Ej?rcito
U35;XIII Cuerpo del Ej?rcito
U35;XIV Cuerpo del Ej?rcito
U35;XV Cuerpo del Ej?rcito
U35;XVI Cuerpo del Ej?rcito
U35;XVII Cuerpo del Ej?rcito
U35;XVIII Cuerpo del Ej?rcito
U35;XIX Cuerpo del Ej?rcito
U35;XX Cuerpo del Ej?rcito
U35;XXI Cuerpo del Ej?rcito
U35;XXII Cuerpo del Ej?rcito
U35;XXIII Cuerpo del Ej?rcito
U35;XXIV Cuerpo del Ej?rcito
U35;XXV Cuerpo del Ej?rcito
U35;XXVI Cuerpo del Ej?rcito
U35;XXVII Cuerpo del Ej?rcito
U35;XXVIII Cuerpo del Ej?rcito
U35;XXIX Cuerpo del Ej?rcito
U35;XXX Cuerpo del Ej?rcito
U35;XXXI Cuerpo del Ej?rcito
U35;XXXII Cuerpo del Ej?rcito
U35;XXXIII Cuerpo del Ej?rcito
U35;XXXIV Cuerpo del Ej?rcito
U35;XXXV Cuerpo del Ej?rcito
U35;XXXVI Cuerpo del Ej?rcito
U35;XXXVII Cuerpo del Ej?rcito
U35;XXXVIII Cuerpo del Ej?rcito
U35;XXXIX Cuerpo del Ej?rcito
U35;XL Cuerpo del Ej?rcito
U35;XLI Cuerpo del Ej?rcito
U35;XLII Cuerpo del Ej?rcito
U35;XLIII Cuerpo del Ej?rcito
U35;XLIV Cuerpo del Ej?rcito
U35;XLV Cuerpo del Ej?rcito
U35;XLVI Cuerpo del Ej?rcito
U35;XLVII Cuerpo del Ej?rcito
U35;XLVIII Cuerpo del Ej?rcito
U35;XLIX Cuerpo del Ej?rcito
U35;L Cuerpo del Ej?rcito
U35;LI Cuerpo del Ej?rcito
U35;LII Cuerpo del Ej?rcito
U35;LIII Cuerpo del Ej?rcito
U35;LIV Cuerpo del Ej?rcito
U35;LV Cuerpo del Ej?rcito
U35;LVI Cuerpo del Ej?rcito
U35;LVII Cuerpo del Ej?rcito
U35;LVIII Cuerpo del Ej?rcito
U35;LIX Cuerpo del Ej?rcito
U35;LX Cuerpo del Ej?rcito
U35;LXI Cuerpo del Ej?rcito
U35;LXII Cuerpo del Ej?rcito
U35;LXIII Cuerpo del Ej?rcito
U35;LXIV Cuerpo del Ej?rcito
U35;LXV Cuerpo del Ej?rcito
U35;LXVI Cuerpo del Ej?rcito
U35;LXVII Cuerpo del Ej?rcito
U35;LXVIII Cuerpo del Ej?rcito
U35;LXIX Cuerpo del Ej?rcito
U35;LXX Cuerpo del Ej?rcito
U35;LXXI Cuerpo del Ej?rcito
U35;LXXII Cuerpo del Ej?rcito
U35;LXXIII Cuerpo del Ej?rcito
U35;LXXIV Cuerpo del Ej?rcito
U35;LXXV Cuerpo del Ej?rcito
U35;LXXVI Cuerpo del Ej?rcito
U35;LXXVII Cuerpo del Ej?rcito
U35;LXXVIII Cuerpo del Ej?rcito
U35;LXXIX Cuerpo del Ej?rcito
U35;LXXX Cuerpo del Ej?rcito
U35;LXXXI Cuerpo del Ej?rcito
U35;LXXXII Cuerpo del Ej?rcito
U35;LXXXIII Cuerpo del Ej?rcito
U35;LXXXIV Cuerpo del Ej?rcito
U35;LXXXV Cuerpo del Ej?rcito
U35;LXXXVI Cuerpo del Ej?rcito
U35;LXXXVII Cuerpo del Ej?rcito
U35;LXXXVIII Cuerpo del Ej?rcito
U35;LXXXIX Cuerpo del Ej?rcito
U35;XC Cuerpo del Ej?rcito
U35;XCI Cuerpo del Ej?rcito
U35;XCII Cuerpo del Ej?rcito
U35;XCIII Cuerpo del Ej?rcito
U35;XCIV Cuerpo del Ej?rcito
U35;XCV Cuerpo del Ej?rcito
U35;XCVI Cuerpo del Ej?rcito
U35;XCVII Cuerpo del Ej?rcito
U35;XCVIII Cuerpo del Ej?rcito
U35;XCIX Cuerpo del Ej?rcito
U35;C Cuerpo del Ej?rcito
U36;Di'1 Jun
U36;Di'2 Jun
U36;Di'3 Jun
U36;Di'4 Jun
U36;Di'5 Jun
U36;Di'6 Jun
U36;Di'7 Jun
U36;Di'8 Jun
U36;Di'9 Jun
U36;Di'10 Jun
U36;Di'11 Jun
U36;Di'12 Jun
U36;Di'13 Jun
U36;Di'14 Jun
U36;Di'15 Jun
U36;Di'16 Jun
U36;Di'17 Jun
U36;Di'18 Jun
U36;Di'19 Jun
U36;Di'20 Jun
U36;Di'21 Jun
U36;Di'22 Jun
U36;Di'23 Jun
U36;Di'24 Jun
U36;Di'25 Jun
U36;Di'26 Jun
U36;Di'27 Jun
U36;Di'28 Jun
U36;Di'29 Jun
U36;Di'30 Jun
U36;Di'31 Jun
U36;Di'32 Jun
U36;Di'33 Jun
U36;Di'34 Jun
U36;Di'35 Jun
U36;Di'36 Jun
U36;Di'37 Jun
U36;Di'38 Jun
U36;Di'39 Jun
U36;Di'40 Jun
U36;Di'41 Jun
U36;Di'42 Jun
U36;Di'43 Jun
U36;Di'44 Jun
U36;Di'45 Jun
U36;Di'46 Jun
U36;Di'47 Jun
U36;Di'48 Jun
U36;Di'49 Jun
U36;Di'50 Jun
U39;1. Kolordu
U39;2. Kolordu
U39;3. Kolordu
U39;4. Kolordu
U39;5. Kolordu
U39;6. Kolordu
U39;7. Kolordu
U39;8. Kolordu
U39;9. Kolordu
U39;10. Kolordu
U39;11. Kolordu
U39;12. Kolordu
U39;13. Kolordu
U39;14. Kolordu
U39;15. Kolordu
U39;16. Kolordu
U39;17. Kolordu
U39;18. Kolordu
U39;19. Kolordu
U39;20. Kolordu
U39;21. Kolordu
U39;22. Kolordu
U39;23. Kolordu
U39;24. Kolordu
U39;25. Kolordu
U39;26. Kolordu
U39;27. Kolordu
U39;28. Kolordu
U39;29. Kolordu
U39;30. Kolordu
U39;31. Kolordu
U39;32. Kolordu
U39;33. Kolordu
U39;34. Kolordu
U39;35. Kolordu
U39;36. Kolordu
U39;37. Kolordu
U39;38. Kolordu
U39;39. Kolordu
U39;40. Kolordu
U39;41. Kolordu
U39;42. Kolordu
U39;43. Kolordu
U39;44. Kolordu
U39;45. Kolordu
U39;46. Kolordu
U39;47. Kolordu
U39;48. Kolordu
U39;49. Kolordu
U39;50. Kolordu
U49;I Corpo d'Armata AOI
U49;II Corpo d'Armata AOI
U49;III Corpo d'Armata AOI
U49;IV Corpo d'Armata AOI
U49;V Corpo d'Armata AOI
U49;VI Corpo d'Armata AOI
U49;VII Corpo d'Armata AOI
U49;VIII Corpo d'Armata AOI
U49;IX Corpo d'Armata AOI
U49;X Corpo d'Armata AOI
U49;XI Corpo d'Armata AOI
U49;XII Corpo d'Armata AOI
U49;XIII Corpo d'Armata AOI
U49;XIV Corpo d'Armata AOI
U49;XV Corpo d'Armata AOI
U49;XVI Corpo d'Armata AOI
U49;XVII Corpo d'Armata AOI
U49;XVIII Corpo d'Armata AOI
U49;XIX Corpo d'Armata AOI
U49;XX Corpo d'Armata AOI
U49;XXI Corpo d'Armata AOI
U49;XXII Corpo d'Armata AOI
U49;XXIII Corpo d'Armata AOI
U49;XXIV Corpo d'Armata AOI
U49;XXV Corpo d'Armata AOI
U49;XXVI Corpo d'Armata AOI
U49;XXVII Corpo d'Armata AOI
U49;XXVIII Corpo d'Armata AOI
U49;XXIX Corpo d'Armata AOI
U49;XXX Corpo d'Armata AOI
U49;XXXI Corpo d'Armata AOI
U49;XXXII Corpo d'Armata AOI
U49;XXXIII Corpo d'Armata AOI
U49;XXXIV Corpo d'Armata AOI
U49;XXXV Corpo d'Armata AOI
U49;XXXVI Corpo d'Armata AOI
U49;XXXVII Corpo d'Armata AOI
U49;XXXVIII Corpo d'Armata AOI
U49;XXXIX Corpo d'Armata AOI
U49;XL Corpo d'Armata AOI
U49;XLI Corpo d'Armata AOI
U49;XLII Corpo d'Armata AOI
U49;XLIII Corpo d'Armata AOI
U49;XLIV Corpo d'Armata AOI
U49;XLV Corpo d'Armata AOI
U49;XLVI Corpo d'Armata AOI
U49;XLVII Corpo d'Armata AOI
U49;XLVIII Corpo d'Armata AOI
U49;XLIX Corpo d'Armata AOI
U49;L Corpo d'Armata AOI
U57;I Cuerpo de Ej?rcito
U57;II Cuerpo de Ej?rcito
U57;III Cuerpo de Ej?rcito
U57;IV Cuerpo de Ej?rcito
U57;V Cuerpo de Ej?rcito
U57;VI Cuerpo de Ej?rcito
U57;VII Cuerpo de Ej?rcito
U57;VIII Cuerpo de Ej?rcito
U57;IX Cuerpo de Ej?rcito
U57;X Cuerpo de Ej?rcito
U57;XI Cuerpo de Ej?rcito
U57;XII Cuerpo de Ej?rcito
U57;XIII Cuerpo de Ej?rcito
U57;XIV Cuerpo de Ej?rcito
U57;XV Cuerpo de Ej?rcito
U57;XVI Cuerpo de Ej?rcito
U57;XVII Cuerpo de Ej?rcito
U57;XVIII Cuerpo de Ej?rcito
U57;XIX Cuerpo de Ej?rcito
U57;XX Cuerpo de Ej?rcito
U57;XXI Cuerpo de Ej?rcito
U57;XXII Cuerpo de Ej?rcito
U57;XXIII Cuerpo de Ej?rcito
U57;XXIV Cuerpo de Ej?rcito
U57;XXV Cuerpo de Ej?rcito
U57;XXVI Cuerpo de Ej?rcito
U57;XXVII Cuerpo de Ej?rcito
U57;XXVIII Cuerpo de Ej?rcito
U57;XXIX Cuerpo de Ej?rcito
U57;XXX Cuerpo de Ej?rcito
U57;XXXI Cuerpo de Ej?rcito
U57;XXXII Cuerpo de Ej?rcito
U57;XXXIII Cuerpo de Ej?rcito
U57;XXXIV Cuerpo de Ej?rcito
U57;XXXV Cuerpo de Ej?rcito
U57;XXXVI Cuerpo de Ej?rcito
U57;XXXVII Cuerpo de Ej?rcito
U57;XXXVIII Cuerpo de Ej?rcito
U57;XXXIX Cuerpo de Ej?rcito
U57;XL Cuerpo de Ej?rcito
U57;XLI Cuerpo de Ej?rcito
U57;XLII Cuerpo de Ej?rcito
U57;XLIII Cuerpo de Ej?rcito
U57;XLIV Cuerpo de Ej?rcito
U57;XLV Cuerpo de Ej?rcito
U57;XLVI Cuerpo de Ej?rcito
U57;XLVII Cuerpo de Ej?rcito
U57;XLVIII Cuerpo de Ej?rcito
U57;XLIX Cuerpo de Ej?rcito
U57;L Cuerpo de Ej?rcito
U67;Di'1 Jun
U67;Di'2 Jun
U67;Di'3 Jun
U67;Di'4 Jun
U67;Di'5 Jun
U67;Di'6 Jun
U67;Di'7 Jun
U67;Di'8 Jun
U67;Di'9 Jun
U67;Di'10 Jun
U67;Di'11 Jun
U67;Di'12 Jun
U67;Di'13 Jun
U67;Di'14 Jun
U67;Di'15 Jun
U67;Di'16 Jun
U67;Di'17 Jun
U67;Di'18 Jun
U67;Di'19 Jun
U67;Di'20 Jun
U67;Di'21 Jun
U67;Di'22 Jun
U67;Di'23 Jun
U67;Di'24 Jun
U67;Di'25 Jun
U67;Di'26 Jun
U67;Di'27 Jun
U67;Di'28 Jun
U67;Di'29 Jun
U67;Di'30 Jun
U67;Di'31 Jun
U67;Di'32 Jun
U67;Di'33 Jun
U67;Di'34 Jun
U67;Di'35 Jun
U67;Di'36 Jun
U67;Di'37 Jun
U67;Di'38 Jun
U67;Di'39 Jun
U67;Di'40 Jun
U67;Di'41 Jun
U67;Di'42 Jun
U67;Di'43 Jun
U67;Di'44 Jun
U67;Di'45 Jun
U67;Di'46 Jun
U67;Di'47 Jun
U67;Di'48 Jun
U67;Di'49 Jun
U67;Di'50 Jun
U70;I Ugandan Corps
U70;II Ugandan Corps
U70;III Ugandan Corps
U70;IV Ugandan Corps
U70;V Ugandan Corps
U70;VI Ugandan Corps
U70;VII Ugandan Corps
U70;VIII Ugandan Corps
U70;IX Ugandan Corps
U70;X Ugandan Corps
U70;XI Ugandan Corps
U70;XII Ugandan Corps
U70;XIII Ugandan Corps
U70;XIV Ugandan Corps
U70;XV Ugandan Corps
U70;XVI Ugandan Corps
U70;XVII Ugandan Corps
U70;XVIII Ugandan Corps
U70;XIX Ugandan Corps
U70;XX Ugandan Corps
U70;XXI Ugandan Corps
U70;XXII Ugandan Corps
U70;XXIII Ugandan Corps
U70;XXIV Ugandan Corps
U70;XXV Ugandan Corps
U70;XXVI Ugandan Corps
U70;XXVII Ugandan Corps
U70;XXVIII Ugandan Corps
U70;XXIX Ugandan Corps
U70;XXX Ugandan Corps
U70;XXXI Ugandan Corps
U70;XXXII Ugandan Corps
U70;XXXIII Ugandan Corps
U70;XXXIV Ugandan Corps
U70;XXXV Ugandan Corps
U70;XXXVI Ugandan Corps
U70;XXXVII Ugandan Corps
U70;XXXVIII Ugandan Corps
U70;XXXIX Ugandan Corps
U70;XL Ugandan Corps
U70;XLI Ugandan Corps
U70;XLII Ugandan Corps
U70;XLIII Ugandan Corps
U70;XLIV Ugandan Corps
U70;XLV Ugandan Corps
U70;XLVI Ugandan Corps
U70;XLVII Ugandan Corps
U70;XLVIII Ugandan Corps
U70;XLIX Ugandan Corps
U70;L Ugandan Corps
U71;I Ulster Corps
U71;II Ulster Corps
U71;III Ulster Corps
U71;IV Ulster Corps
U71;V Ulster Corps
U71;VI Ulster Corps
U71;VII Ulster Corps
U71;VIII Ulster Corps
U71;IX Ulster Corps
U71;X Ulster Corps
U71;XI Ulster Corps
U71;XII Ulster Corps
U71;XIII Ulster Corps
U71;XIV Ulster Corps
U71;XV Ulster Corps
U71;XVI Ulster Corps
U71;XVII Ulster Corps
U71;XVIII Ulster Corps
U71;XIX Ulster Corps
U71;XX Ulster Corps
U71;XXI Ulster Corps
U71;XXII Ulster Corps
U71;XXIII Ulster Corps
U71;XXIV Ulster Corps
U71;XXV Ulster Corps
U71;XXVI Ulster Corps
U71;XXVII Ulster Corps
U71;XXVIII Ulster Corps
U71;XXIX Ulster Corps
U71;XXX Ulster Corps
U71;XXXI Ulster Corps
U71;XXXII Ulster Corps
U71;XXXIII Ulster Corps
U71;XXXIV Ulster Corps
U71;XXXV Ulster Corps
U71;XXXVI Ulster Corps
U71;XXXVII Ulster Corps
U71;XXXVIII Ulster Corps
U71;XXXIX Ulster Corps
U71;XL Ulster Corps
U71;XLI Ulster Corps
U71;XLII Ulster Corps
U71;XLIII Ulster Corps
U71;XLIV Ulster Corps
U71;XLV Ulster Corps
U71;XLVI Ulster Corps
U71;XLVII Ulster Corps
U71;XLVIII Ulster Corps
U71;XLIX Ulster Corps
U71;L Ulster Corps
U72;Qu?n do?n I
U72;Qu?n do?n II
U72;Qu?n do?n III
U72;Qu?n do?n IV
U72;Qu?n do?n V
U72;Qu?n do?n VI
U72;Qu?n do?n VII
U72;Qu?n do?n VIII
U72;Qu?n do?n IX
U72;Qu?n do?n X
U72;Qu?n do?n XI
U72;Qu?n do?n XII
U72;Qu?n do?n XIII
U72;Qu?n do?n XIV
U72;Qu?n do?n XV
U72;Qu?n do?n XVI
U72;Qu?n do?n XVII
U72;Qu?n do?n XVIII
U72;Qu?n do?n XIX
U72;Qu?n do?n XX
U72;Qu?n do?n XXI
U72;Qu?n do?n XXII
U72;Qu?n do?n XXIII
U72;Qu?n do?n XXIV
U72;Qu?n do?n XXV
U72;Qu?n do?n XXVI
U72;Qu?n do?n XXVII
U72;Qu?n do?n XXVIII
U72;Qu?n do?n XXIX
U72;Qu?n do?n XXX
U72;Qu?n do?n XXXI
U72;Qu?n do?n XXXII
U72;Qu?n do?n XXXIII
U72;Qu?n do?n XXXIV
U72;Qu?n do?n XXXV
U72;Qu?n do?n XXXVI
U72;Qu?n do?n XXXVII
U72;Qu?n do?n XXXVIII
U72;Qu?n do?n XXXIX
U72;Qu?n do?n XL
U72;Qu?n do?n XLI
U72;Qu?n do?n XLII
U72;Qu?n do?n XLIII
U72;Qu?n do?n XLIV
U72;Qu?n do?n XLV
U72;Qu?n do?n XLVI
U72;Qu?n do?n XLVII
U72;Qu?n do?n XLVIII
U72;Qu?n do?n XLIX
U72;Qu?n do?n L
U73;I English Corps
U73;II English Corps
U73;III English Corps
U73;IV English Corps
U73;V English Corps
U73;VI English Corps
U73;VII English Corps
U73;VIII English Corps
U73;IX English Corps
U73;X English Corps
U73;XI English Corps
U73;XII English Corps
U73;XIII English Corps
U73;XIV English Corps
U73;XV English Corps
U73;XVI English Corps
U73;XVII English Corps
U73;XVIII English Corps
U73;XIX English Corps
U73;XX English Corps
U73;XXI English Corps
U73;XXII English Corps
U73;XXIII English Corps
U73;XXIV English Corps
U73;XXV English Corps
U73;XXVI English Corps
U73;XXVII English Corps
U73;XXVIII English Corps
U73;XXIX English Corps
U73;XXX English Corps
U73;XXXI English Corps
U73;XXXII English Corps
U73;XXXIII English Corps
U73;XXXIV English Corps
U73;XXXV English Corps
U73;XXXVI English Corps
U73;XXXVII English Corps
U73;XXXVIII English Corps
U73;XXXIX English Corps
U73;XL English Corps
U73;XLI English Corps
U73;XLII English Corps
U73;XLIII English Corps
U73;XLIV English Corps
U73;XLV English Corps
U73;XLVI English Corps
U73;XLVII English Corps
U73;XLVIII English Corps
U73;XLIX English Corps
U73;L English Corps
U73;LI English Corps
U73;LII English Corps
U73;LIII English Corps
U73;LIV English Corps
U73;LV English Corps
U73;LVI English Corps
U73;LVII English Corps
U73;LVIII English Corps
U73;LIX English Corps
U73;LX English Corps
U73;LXI English Corps
U73;LXII English Corps
U73;LXIII English Corps
U73;LXIV English Corps
U73;LXV English Corps
U73;LXVI English Corps
U73;LXVII English Corps
U73;LXVIII English Corps
U73;LXIX English Corps
U73;LXX English Corps
U73;LXXI English Corps
U73;LXXII English Corps
U73;LXXIII English Corps
U73;LXXIV English Corps
U73;LXXV English Corps
U73;LXXVI English Corps
U73;LXXVII English Corps
U73;LXXVIII English Corps
U73;LXXIX English Corps
U73;LXXX English Corps
U73;LXXXI English Corps
U73;LXXXII English Corps
U73;LXXXIII English Corps
U73;LXXXIV English Corps
U73;LXXXV English Corps
U73;LXXXVI English Corps
U73;LXXXVII English Corps
U73;LXXXVIII English Corps
U73;LXXXIX English Corps
U73;XC English Corps
U73;XCI English Corps
U73;XCII English Corps
U73;XCIII English Corps
U73;XCIV English Corps
U73;XCV English Corps
U73;XCVI English Corps
U73;XCVII English Corps
U73;XCVIII English Corps
U73;XCIX English Corps
U73;C English Corps
U73;CI English Corps
U73;CII English Corps
U73;CIII English Corps
U73;CIV English Corps
U73;CV English Corps
U73;CVI English Corps
U73;CVII English Corps
U73;CVIII English Corps
U73;CIX English Corps
U73;CX English Corps
U73;CXI English Corps
U73;CXII English Corps
U73;CXIII English Corps
U73;CXIV English Corps
U73;CXV English Corps
U73;CXVI English Corps
U73;CXVII English Corps
U73;CXVIII English Corps
U73;CXIX English Corps
U73;CXX English Corps
U73;CXXI English Corps
U73;CXXII English Corps
U73;CXXIII English Corps
U73;CXXIV English Corps
U73;CXXV English Corps
U73;CXXVI English Corps
U73;CXXVII English Corps
U73;CXXVIII English Corps
U73;CXXIX English Corps
U73;CXXX English Corps
U73;CXXXI English Corps
U73;CXXXII English Corps
U73;CXXXIII English Corps
U73;CXXXIV English Corps
U73;CXXXV English Corps
U73;CXXXVI English Corps
U73;CXXXVII English Corps
U73;CXXXVIII English Corps
U73;CXXXIX English Corps
U73;CXL English Corps
U73;CXLI English Corps
U73;CXLII English Corps
U73;CXLIII English Corps
U73;CXLIV English Corps
U73;CXLV English Corps
U73;CXLVI English Corps
U73;CXLVII English Corps
U73;CXLVIII English Corps
U73;CXLIX English Corps
U73;CL English Corps
U73;CLI English Corps
U73;CLII English Corps
U73;CLIII English Corps
U73;CLIV English Corps
U73;CLV English Corps
U73;CLVI English Corps
U73;CLVII English Corps
U73;CLVIII English Corps
U73;CLIX English Corps
U73;CLX English Corps
U73;CLXI English Corps
U73;CLXII English Corps
U73;CLXIII English Corps
U73;CLXIV English Corps
U73;CLXV English Corps
U73;CLXVI English Corps
U73;CLXVII English Corps
U73;CLXVIII English Corps
U73;CLXIX English Corps
U73;CLXX English Corps
U73;CLXXI English Corps
U73;CLXXII English Corps
U73;CLXXIII English Corps
U73;CLXXIV English Corps
U73;CLXXV English Corps
U73;CLXXVI English Corps
U73;CLXXVII English Corps
U73;CLXXVIII English Corps
U73;CLXXIX English Corps
U73;CLXXX English Corps
U73;CLXXXI English Corps
U73;CLXXXII English Corps
U73;CLXXXIII English Corps
U73;CLXXXIV English Corps
U73;CLXXXV English Corps
U73;CLXXXVI English Corps
U73;CLXXXVII English Corps
U73;CLXXXVIII English Corps
U73;CLXXXIX English Corps
U73;CXC English Corps
U73;CXCI English Corps
U73;CXCII English Corps
U73;CXCIII English Corps
U73;CXCIV English Corps
U73;CXCV English Corps
U73;CXCVI English Corps
U73;CXCVII English Corps
U73;CXCVIII English Corps
U73;CXCIX English Corps
U73;CC English Corps
U74;Di'1 Jun
U74;Di'2 Jun
U74;Di'3 Jun
U74;Di'4 Jun
U74;Di'5 Jun
U74;Di'6 Jun
U74;Di'7 Jun
U74;Di'8 Jun
U74;Di'9 Jun
U74;Di'10 Jun
U74;Di'11 Jun
U74;Di'12 Jun
U74;Di'13 Jun
U74;Di'14 Jun
U74;Di'15 Jun
U74;Di'16 Jun
U74;Di'17 Jun
U74;Di'18 Jun
U74;Di'19 Jun
U74;Di'20 Jun
U74;Di'21 Jun
U74;Di'22 Jun
U74;Di'23 Jun
U74;Di'24 Jun
U74;Di'25 Jun
U74;Di'26 Jun
U74;Di'27 Jun
U74;Di'28 Jun
U74;Di'29 Jun
U74;Di'30 Jun
U74;Di'31 Jun
U74;Di'32 Jun
U74;Di'33 Jun
U74;Di'34 Jun
U74;Di'35 Jun
U74;Di'36 Jun
U74;Di'37 Jun
U74;Di'38 Jun
U74;Di'39 Jun
U74;Di'40 Jun
U74;Di'41 Jun
U74;Di'42 Jun
U74;Di'43 Jun
U74;Di'44 Jun
U74;Di'45 Jun
U74;Di'46 Jun
U74;Di'47 Jun
U74;Di'48 Jun
U74;Di'49 Jun
U74;Di'50 Jun
U74;Di'51 Jun
U74;Di'52 Jun
U74;Di'53 Jun
U74;Di'54 Jun
U74;Di'55 Jun
U74;Di'56 Jun
U74;Di'57 Jun
U74;Di'58 Jun
U74;Di'59 Jun
U74;Di'60 Jun
U74;Di'61 Jun
U74;Di'62 Jun
U74;Di'63 Jun
U74;Di'64 Jun
U74;Di'65 Jun
U74;Di'66 Jun
U74;Di'67 Jun
U74;Di'68 Jun
U74;Di'69 Jun
U74;Di'70 Jun
U74;Di'71 Jun
U74;Di'72 Jun
U74;Di'73 Jun
U74;Di'74 Jun
U74;Di'75 Jun
U74;Di'76 Jun
U74;Di'77 Jun
U74;Di'78 Jun
U74;Di'79 Jun
U74;Di'80 Jun
U74;Di'81 Jun
U74;Di'82 Jun
U74;Di'83 Jun
U74;Di'84 Jun
U74;Di'85 Jun
U74;Di'86 Jun
U74;Di'87 Jun
U74;Di'88 Jun
U74;Di'89 Jun
U74;Di'90 Jun
U74;Di'91 Jun
U74;Di'92 Jun
U74;Di'93 Jun
U74;Di'94 Jun
U74;Di'95 Jun
U74;Di'96 Jun
U74;Di'97 Jun
U74;Di'98 Jun
U74;Di'99 Jun
U74;Di'100 Jun
U74;Di'101 Jun
U74;Di'102 Jun
U74;Di'103 Jun
U74;Di'104 Jun
U74;Di'105 Jun
U74;Di'106 Jun
U74;Di'107 Jun
U74;Di'108 Jun
U74;Di'109 Jun
U74;Di'110 Jun
U74;Di'111 Jun
U74;Di'112 Jun
U74;Di'113 Jun
U74;Di'114 Jun
U74;Di'115 Jun
U74;Di'116 Jun
U74;Di'117 Jun
U74;Di'118 Jun
U74;Di'119 Jun
U74;Di'120 Jun
U74;Di'121 Jun
U74;Di'122 Jun
U74;Di'123 Jun
U74;Di'124 Jun
U74;Di'125 Jun
U74;Di'126 Jun
U74;Di'127 Jun
U74;Di'128 Jun
U74;Di'129 Jun
U74;Di'130 Jun
U74;Di'131 Jun
U74;Di'132 Jun
U74;Di'133 Jun
U74;Di'134 Jun
U74;Di'135 Jun
U74;Di'136 Jun
U74;Di'137 Jun
U74;Di'138 Jun
U74;Di'139 Jun
U74;Di'140 Jun
U74;Di'141 Jun
U74;Di'142 Jun
U74;Di'143 Jun
U74;Di'144 Jun
U74;Di'145 Jun
U74;Di'146 Jun
U74;Di'147 Jun
U74;Di'148 Jun
U74;Di'149 Jun
U74;Di'150 Jun
U74;Di'151 Jun
U74;Di'152 Jun
U74;Di'153 Jun
U74;Di'154 Jun
U74;Di'155 Jun
U74;Di'156 Jun
U74;Di'157 Jun
U74;Di'158 Jun
U74;Di'159 Jun
U74;Di'160 Jun
U74;Di'161 Jun
U74;Di'162 Jun
U74;Di'163 Jun
U74;Di'164 Jun
U74;Di'165 Jun
U74;Di'166 Jun
U74;Di'167 Jun
U74;Di'168 Jun
U74;Di'169 Jun
U74;Di'170 Jun
U74;Di'171 Jun
U74;Di'172 Jun
U74;Di'173 Jun
U74;Di'174 Jun
U74;Di'175 Jun
U74;Di'176 Jun
U74;Di'177 Jun
U74;Di'178 Jun
U74;Di'179 Jun
U74;Di'180 Jun
U74;Di'181 Jun
U74;Di'182 Jun
U74;Di'183 Jun
U74;Di'184 Jun
U74;Di'185 Jun
U74;Di'186 Jun
U74;Di'187 Jun
U74;Di'188 Jun
U74;Di'189 Jun
U74;Di'190 Jun
U74;Di'191 Jun
U74;Di'192 Jun
U74;Di'193 Jun
U74;Di'194 Jun
U74;Di'195 Jun
U74;Di'196 Jun
U74;Di'197 Jun
U74;Di'198 Jun
U74;Di'199 Jun
U74;Di'200 Jun
U74;Di'201 Jun
U74;Di'202 Jun
U74;Di'203 Jun
U74;Di'204 Jun
U74;Di'205 Jun
U74;Di'206 Jun
U74;Di'207 Jun
U74;Di'208 Jun
U74;Di'209 Jun
U74;Di'210 Jun
U74;Di'211 Jun
U74;Di'212 Jun
U74;Di'213 Jun
U74;Di'214 Jun
U74;Di'215 Jun
U74;Di'216 Jun
U74;Di'217 Jun
U74;Di'218 Jun
U74;Di'219 Jun
U74;Di'220 Jun
U74;Di'221 Jun
U74;Di'222 Jun
U74;Di'223 Jun
U74;Di'224 Jun
U74;Di'225 Jun
U74;Di'226 Jun
U74;Di'227 Jun
U74;Di'228 Jun
U74;Di'229 Jun
U74;Di'230 Jun
U74;Di'231 Jun
U74;Di'232 Jun
U74;Di'233 Jun
U74;Di'234 Jun
U74;Di'235 Jun
U74;Di'236 Jun
U74;Di'237 Jun
U74;Di'238 Jun
U74;Di'239 Jun
U74;Di'240 Jun
U74;Di'241 Jun
U74;Di'242 Jun
U74;Di'243 Jun
U74;Di'244 Jun
U74;Di'245 Jun
U74;Di'246 Jun
U74;Di'247 Jun
U74;Di'248 Jun
U74;Di'249 Jun
U74;Di'250 Jun
U74;Di'251 Jun
U74;Di'252 Jun
U74;Di'253 Jun
U74;Di'254 Jun
U74;Di'255 Jun
U74;Di'256 Jun
U74;Di'257 Jun
U74;Di'258 Jun
U74;Di'259 Jun
U74;Di'260 Jun
U74;Di'261 Jun
U74;Di'262 Jun
U74;Di'263 Jun
U74;Di'264 Jun
U74;Di'265 Jun
U74;Di'266 Jun
U74;Di'267 Jun
U74;Di'268 Jun
U74;Di'269 Jun
U74;Di'270 Jun
U74;Di'271 Jun
U74;Di'272 Jun
U74;Di'273 Jun
U74;Di'274 Jun
U74;Di'275 Jun
U74;Di'276 Jun
U74;Di'277 Jun
U74;Di'278 Jun
U74;Di'279 Jun
U74;Di'280 Jun
U74;Di'281 Jun
U74;Di'282 Jun
U74;Di'283 Jun
U74;Di'284 Jun
U74;Di'285 Jun
U74;Di'286 Jun
U74;Di'287 Jun
U74;Di'288 Jun
U74;Di'289 Jun
U74;Di'290 Jun
U74;Di'291 Jun
U74;Di'292 Jun
U74;Di'293 Jun
U74;Di'294 Jun
U74;Di'295 Jun
U74;Di'296 Jun
U74;Di'297 Jun
U74;Di'298 Jun
U74;Di'299 Jun
U74;Di'300 Jun
U75;I Singaporean Corps
U75;II Singaporean Corps
U75;III Singaporean Corps
U75;IV Singaporean Corps
U75;V Singaporean Corps
U75;VI Singaporean Corps
U75;VII Singaporean Corps
U75;VIII Singaporean Corps
U75;IX Singaporean Corps
U75;X Singaporean Corps
U75;XI Singaporean Corps
U75;XII Singaporean Corps
U75;XIII Singaporean Corps
U75;XIV Singaporean Corps
U75;XV Singaporean Corps
U75;XVI Singaporean Corps
U75;XVII Singaporean Corps
U75;XVIII Singaporean Corps
U75;XIX Singaporean Corps
U75;XX Singaporean Corps
U75;XXI Singaporean Corps
U75;XXII Singaporean Corps
U75;XXIII Singaporean Corps
U75;XXIV Singaporean Corps
U75;XXV Singaporean Corps
U75;XXVI Singaporean Corps
U75;XXVII Singaporean Corps
U75;XXVIII Singaporean Corps
U75;XXIX Singaporean Corps
U75;XXX Singaporean Corps
U75;XXXI Singaporean Corps
U75;XXXII Singaporean Corps
U75;XXXIII Singaporean Corps
U75;XXXIV Singaporean Corps
U75;XXXV Singaporean Corps
U75;XXXVI Singaporean Corps
U75;XXXVII Singaporean Corps
U75;XXXVIII Singaporean Corps
U75;XXXIX Singaporean Corps
U75;XL Singaporean Corps
U75;XLI Singaporean Corps
U75;XLII Singaporean Corps
U75;XLIII Singaporean Corps
U75;XLIV Singaporean Corps
U75;XLV Singaporean Corps
U75;XLVI Singaporean Corps
U75;XLVII Singaporean Corps
U75;XLVIII Singaporean Corps
U75;XLIX Singaporean Corps
U75;L Singaporean Corps
U76;I Welsh Corps
U76;II Welsh Corps
U76;III Welsh Corps
U76;IV Welsh Corps
U76;V Welsh Corps
U76;VI Welsh Corps
U76;VII Welsh Corps
U76;VIII Welsh Corps
U76;IX Welsh Corps
U76;X Welsh Corps
U76;XI Welsh Corps
U76;XII Welsh Corps
U76;XIII Welsh Corps
U76;XIV Welsh Corps
U76;XV Welsh Corps
U76;XVI Welsh Corps
U76;XVII Welsh Corps
U76;XVIII Welsh Corps
U76;XIX Welsh Corps
U76;XX Welsh Corps
U76;XXI Welsh Corps
U76;XXII Welsh Corps
U76;XXIII Welsh Corps
U76;XXIV Welsh Corps
U76;XXV Welsh Corps
U76;XXVI Welsh Corps
U76;XXVII Welsh Corps
U76;XXVIII Welsh Corps
U76;XXIX Welsh Corps
U76;XXX Welsh Corps
U76;XXXI Welsh Corps
U76;XXXII Welsh Corps
U76;XXXIII Welsh Corps
U76;XXXIV Welsh Corps
U76;XXXV Welsh Corps
U76;XXXVI Welsh Corps
U76;XXXVII Welsh Corps
U76;XXXVIII Welsh Corps
U76;XXXIX Welsh Corps
U76;XL Welsh Corps
U76;XLI Welsh Corps
U76;XLII Welsh Corps
U76;XLIII Welsh Corps
U76;XLIV Welsh Corps
U76;XLV Welsh Corps
U76;XLVI Welsh Corps
U76;XLVII Welsh Corps
U76;XLVIII Welsh Corps
U76;XLIX Welsh Corps
U76;L Welsh Corps
U77;I Cuerpo de Ej?rcito gran colombiano
U77;II Cuerpo de Ej?rcito gran colombiano
U77;III Cuerpo de Ej?rcito gran colombiano
U77;IV Cuerpo de Ej?rcito gran colombiano
U77;V Cuerpo de Ej?rcito gran colombiano
U77;VI Cuerpo de Ej?rcito gran colombiano
U77;VII Cuerpo de Ej?rcito gran colombiano
U77;VIII Cuerpo de Ej?rcito gran colombiano
U77;IX Cuerpo de Ej?rcito gran colombiano
U77;X Cuerpo de Ej?rcito gran colombiano
U77;XI Cuerpo de Ej?rcito gran colombiano
U77;XII Cuerpo de Ej?rcito gran colombiano
U77;XIII Cuerpo de Ej?rcito gran colombiano
U77;XIV Cuerpo de Ej?rcito gran colombiano
U77;XV Cuerpo de Ej?rcito gran colombiano
U77;XVI Cuerpo de Ej?rcito gran colombiano
U77;XVII Cuerpo de Ej?rcito gran colombiano
U77;XVIII Cuerpo de Ej?rcito gran colombiano
U77;XIX Cuerpo de Ej?rcito gran colombiano
U77;XX Cuerpo de Ej?rcito gran colombiano
U77;XXI Cuerpo de Ej?rcito gran colombiano
U77;XXII Cuerpo de Ej?rcito gran colombiano
U77;XXIII Cuerpo de Ej?rcito gran colombiano
U77;XXIV Cuerpo de Ej?rcito gran colombiano
U77;XXV Cuerpo de Ej?rcito gran colombiano
U77;XXVI Cuerpo de Ej?rcito gran colombiano
U77;XXVII Cuerpo de Ej?rcito gran colombiano
U77;XXVIII Cuerpo de Ej?rcito gran colombiano
U77;XXIX Cuerpo de Ej?rcito gran colombiano
U77;XXX Cuerpo de Ej?rcito gran colombiano
U77;XXXI Cuerpo de Ej?rcito gran colombiano
U77;XXXII Cuerpo de Ej?rcito gran colombiano
U77;XXXIII Cuerpo de Ej?rcito gran colombiano
U77;XXXIV Cuerpo de Ej?rcito gran colombiano
U77;XXXV Cuerpo de Ej?rcito gran colombiano
U77;XXXVI Cuerpo de Ej?rcito gran colombiano
U77;XXXVII Cuerpo de Ej?rcito gran colombiano
U77;XXXVIII Cuerpo de Ej?rcito gran colombiano
U77;XXXIX Cuerpo de Ej?rcito gran colombiano
U77;XL Cuerpo de Ej?rcito gran colombiano
U77;XLI Cuerpo de Ej?rcito gran colombiano
U77;XLII Cuerpo de Ej?rcito gran colombiano
U77;XLIII Cuerpo de Ej?rcito gran colombiano
U77;XLIV Cuerpo de Ej?rcito gran colombiano
U77;XLV Cuerpo de Ej?rcito gran colombiano
U77;XLVI Cuerpo de Ej?rcito gran colombiano
U77;XLVII Cuerpo de Ej?rcito gran colombiano
U77;XLVIII Cuerpo de Ej?rcito gran colombiano
U77;XLIX Cuerpo de Ej?rcito gran colombiano
U77;L Cuerpo de Ej?rcito gran colombiano
U77;LI Cuerpo de Ej?rcito gran colombiano
U77;LII Cuerpo de Ej?rcito gran colombiano
U77;LIII Cuerpo de Ej?rcito gran colombiano
U77;LIV Cuerpo de Ej?rcito gran colombiano
U77;LV Cuerpo de Ej?rcito gran colombiano
U77;LVI Cuerpo de Ej?rcito gran colombiano
U77;LVII Cuerpo de Ej?rcito gran colombiano
U77;LVIII Cuerpo de Ej?rcito gran colombiano
U77;LIX Cuerpo de Ej?rcito gran colombiano
U77;LX Cuerpo de Ej?rcito gran colombiano
U77;LXI Cuerpo de Ej?rcito gran colombiano
U77;LXII Cuerpo de Ej?rcito gran colombiano
U77;LXIII Cuerpo de Ej?rcito gran colombiano
U77;LXIV Cuerpo de Ej?rcito gran colombiano
U77;LXV Cuerpo de Ej?rcito gran colombiano
U77;LXVI Cuerpo de Ej?rcito gran colombiano
U77;LXVII Cuerpo de Ej?rcito gran colombiano
U77;LXVIII Cuerpo de Ej?rcito gran colombiano
U77;LXIX Cuerpo de Ej?rcito gran colombiano
U77;LXX Cuerpo de Ej?rcito gran colombiano
U77;LXXI Cuerpo de Ej?rcito gran colombiano
U77;LXXII Cuerpo de Ej?rcito gran colombiano
U77;LXXIII Cuerpo de Ej?rcito gran colombiano
U77;LXXIV Cuerpo de Ej?rcito gran colombiano
U77;LXXV Cuerpo de Ej?rcito gran colombiano
U77;LXXVI Cuerpo de Ej?rcito gran colombiano
U77;LXXVII Cuerpo de Ej?rcito gran colombiano
U77;LXXVIII Cuerpo de Ej?rcito gran colombiano
U77;LXXIX Cuerpo de Ej?rcito gran colombiano
U77;LXXX Cuerpo de Ej?rcito gran colombiano
U77;LXXXI Cuerpo de Ej?rcito gran colombiano
U77;LXXXII Cuerpo de Ej?rcito gran colombiano
U77;LXXXIII Cuerpo de Ej?rcito gran colombiano
U77;LXXXIV Cuerpo de Ej?rcito gran colombiano
U77;LXXXV Cuerpo de Ej?rcito gran colombiano
U77;LXXXVI Cuerpo de Ej?rcito gran colombiano
U77;LXXXVII Cuerpo de Ej?rcito gran colombiano
U77;LXXXVIII Cuerpo de Ej?rcito gran colombiano
U77;LXXXIX Cuerpo de Ej?rcito gran colombiano
U77;XC Cuerpo de Ej?rcito gran colombiano
U77;XCI Cuerpo de Ej?rcito gran colombiano
U77;XCII Cuerpo de Ej?rcito gran colombiano
U77;XCIII Cuerpo de Ej?rcito gran colombiano
U77;XCIV Cuerpo de Ej?rcito gran colombiano
U77;XCV Cuerpo de Ej?rcito gran colombiano
U77;XCVI Cuerpo de Ej?rcito gran colombiano
U77;XCVII Cuerpo de Ej?rcito gran colombiano
U77;XCVIII Cuerpo de Ej?rcito gran colombiano
U77;XCIX Cuerpo de Ej?rcito gran colombiano
U77;C Cuerpo de Ej?rcito gran colombiano
U78;I Cuerpo de Ej?rcito centroamericano
U78;II Cuerpo de Ej?rcito centroamericano
U78;III Cuerpo de Ej?rcito centroamericano
U78;IV Cuerpo de Ej?rcito centroamericano
U78;V Cuerpo de Ej?rcito centroamericano
U78;VI Cuerpo de Ej?rcito centroamericano
U78;VII Cuerpo de Ej?rcito centroamericano
U78;VIII Cuerpo de Ej?rcito centroamericano
U78;IX Cuerpo de Ej?rcito centroamericano
U78;X Cuerpo de Ej?rcito centroamericano
U78;XI Cuerpo de Ej?rcito centroamericano
U78;XII Cuerpo de Ej?rcito centroamericano
U78;XIII Cuerpo de Ej?rcito centroamericano
U78;XIV Cuerpo de Ej?rcito centroamericano
U78;XV Cuerpo de Ej?rcito centroamericano
U78;XVI Cuerpo de Ej?rcito centroamericano
U78;XVII Cuerpo de Ej?rcito centroamericano
U78;XVIII Cuerpo de Ej?rcito centroamericano
U78;XIX Cuerpo de Ej?rcito centroamericano
U78;XX Cuerpo de Ej?rcito centroamericano
U78;XXI Cuerpo de Ej?rcito centroamericano
U78;XXII Cuerpo de Ej?rcito centroamericano
U78;XXIII Cuerpo de Ej?rcito centroamericano
U78;XXIV Cuerpo de Ej?rcito centroamericano
U78;XXV Cuerpo de Ej?rcito centroamericano
U78;XXVI Cuerpo de Ej?rcito centroamericano
U78;XXVII Cuerpo de Ej?rcito centroamericano
U78;XXVIII Cuerpo de Ej?rcito centroamericano
U78;XXIX Cuerpo de Ej?rcito centroamericano
U78;XXX Cuerpo de Ej?rcito centroamericano
U78;XXXI Cuerpo de Ej?rcito centroamericano
U78;XXXII Cuerpo de Ej?rcito centroamericano
U78;XXXIII Cuerpo de Ej?rcito centroamericano
U78;XXXIV Cuerpo de Ej?rcito centroamericano
U78;XXXV Cuerpo de Ej?rcito centroamericano
U78;XXXVI Cuerpo de Ej?rcito centroamericano
U78;XXXVII Cuerpo de Ej?rcito centroamericano
U78;XXXVIII Cuerpo de Ej?rcito centroamericano
U78;XXXIX Cuerpo de Ej?rcito centroamericano
U78;XL Cuerpo de Ej?rcito centroamericano
U78;XLI Cuerpo de Ej?rcito centroamericano
U78;XLII Cuerpo de Ej?rcito centroamericano
U78;XLIII Cuerpo de Ej?rcito centroamericano
U78;XLIV Cuerpo de Ej?rcito centroamericano
U78;XLV Cuerpo de Ej?rcito centroamericano
U78;XLVI Cuerpo de Ej?rcito centroamericano
U78;XLVII Cuerpo de Ej?rcito centroamericano
U78;XLVIII Cuerpo de Ej?rcito centroamericano
U78;XLIX Cuerpo de Ej?rcito centroamericano
U78;L Cuerpo de Ej?rcito centroamericano
U78;LI Cuerpo de Ej?rcito centroamericano
U78;LII Cuerpo de Ej?rcito centroamericano
U78;LIII Cuerpo de Ej?rcito centroamericano
U78;LIV Cuerpo de Ej?rcito centroamericano
U78;LV Cuerpo de Ej?rcito centroamericano
U78;LVI Cuerpo de Ej?rcito centroamericano
U78;LVII Cuerpo de Ej?rcito centroamericano
U78;LVIII Cuerpo de Ej?rcito centroamericano
U78;LIX Cuerpo de Ej?rcito centroamericano
U78;LX Cuerpo de Ej?rcito centroamericano
U78;LXI Cuerpo de Ej?rcito centroamericano
U78;LXII Cuerpo de Ej?rcito centroamericano
U78;LXIII Cuerpo de Ej?rcito centroamericano
U78;LXIV Cuerpo de Ej?rcito centroamericano
U78;LXV Cuerpo de Ej?rcito centroamericano
U78;LXVI Cuerpo de Ej?rcito centroamericano
U78;LXVII Cuerpo de Ej?rcito centroamericano
U78;LXVIII Cuerpo de Ej?rcito centroamericano
U78;LXIX Cuerpo de Ej?rcito centroamericano
U78;LXX Cuerpo de Ej?rcito centroamericano
U78;LXXI Cuerpo de Ej?rcito centroamericano
U78;LXXII Cuerpo de Ej?rcito centroamericano
U78;LXXIII Cuerpo de Ej?rcito centroamericano
U78;LXXIV Cuerpo de Ej?rcito centroamericano
U78;LXXV Cuerpo de Ej?rcito centroamericano
U78;LXXVI Cuerpo de Ej?rcito centroamericano
U78;LXXVII Cuerpo de Ej?rcito centroamericano
U78;LXXVIII Cuerpo de Ej?rcito centroamericano
U78;LXXIX Cuerpo de Ej?rcito centroamericano
U78;LXXX Cuerpo de Ej?rcito centroamericano
U78;LXXXI Cuerpo de Ej?rcito centroamericano
U78;LXXXII Cuerpo de Ej?rcito centroamericano
U78;LXXXIII Cuerpo de Ej?rcito centroamericano
U78;LXXXIV Cuerpo de Ej?rcito centroamericano
U78;LXXXV Cuerpo de Ej?rcito centroamericano
U78;LXXXVI Cuerpo de Ej?rcito centroamericano
U78;LXXXVII Cuerpo de Ej?rcito centroamericano
U78;LXXXVIII Cuerpo de Ej?rcito centroamericano
U78;LXXXIX Cuerpo de Ej?rcito centroamericano
U78;XC Cuerpo de Ej?rcito centroamericano
U78;XCI Cuerpo de Ej?rcito centroamericano
U78;XCII Cuerpo de Ej?rcito centroamericano
U78;XCIII Cuerpo de Ej?rcito centroamericano
U78;XCIV Cuerpo de Ej?rcito centroamericano
U78;XCV Cuerpo de Ej?rcito centroamericano
U78;XCVI Cuerpo de Ej?rcito centroamericano
U78;XCVII Cuerpo de Ej?rcito centroamericano
U78;XCVIII Cuerpo de Ej?rcito centroamericano
U78;XCIX Cuerpo de Ej?rcito centroamericano
U78;C Cuerpo de Ej?rcito centroamericano
U79;I Corps of the West Indies
U79;II Corps of the West Indies
U79;III Corps of the West Indies
U79;IV Corps of the West Indies
U79;V Corps of the West Indies
U79;VI Corps of the West Indies
U79;VII Corps of the West Indies
U79;VIII Corps of the West Indies
U79;IX Corps of the West Indies
U79;X Corps of the West Indies
U79;XI Corps of the West Indies
U79;XII Corps of the West Indies
U79;XIII Corps of the West Indies
U79;XIV Corps of the West Indies
U79;XV Corps of the West Indies
U79;XVI Corps of the West Indies
U79;XVII Corps of the West Indies
U79;XVIII Corps of the West Indies
U79;XIX Corps of the West Indies
U79;XX Corps of the West Indies
U79;XXI Corps of the West Indies
U79;XXII Corps of the West Indies
U79;XXIII Corps of the West Indies
U79;XXIV Corps of the West Indies
U79;XXV Corps of the West Indies
U79;XXVI Corps of the West Indies
U79;XXVII Corps of the West Indies
U79;XXVIII Corps of the West Indies
U79;XXIX Corps of the West Indies
U79;XXX Corps of the West Indies
U79;XXXI Corps of the West Indies
U79;XXXII Corps of the West Indies
U79;XXXIII Corps of the West Indies
U79;XXXIV Corps of the West Indies
U79;XXXV Corps of the West Indies
U79;XXXVI Corps of the West Indies
U79;XXXVII Corps of the West Indies
U79;XXXVIII Corps of the West Indies
U79;XXXIX Corps of the West Indies
U79;XL Corps of the West Indies
U79;XLI Corps of the West Indies
U79;XLII Corps of the West Indies
U79;XLIII Corps of the West Indies
U79;XLIV Corps of the West Indies
U79;XLV Corps of the West Indies
U79;XLVI Corps of the West Indies
U79;XLVII Corps of the West Indies
U79;XLVIII Corps of the West Indies
U79;XLIX Corps of the West Indies
U79;L Corps of the West Indies
U80;I Kashmiri Corps
U80;II Kashmiri Corps
U80;III Kashmiri Corps
U80;IV Kashmiri Corps
U80;V Kashmiri Corps
U80;VI Kashmiri Corps
U80;VII Kashmiri Corps
U80;VIII Kashmiri Corps
U80;IX Kashmiri Corps
U80;X Kashmiri Corps
U80;XI Kashmiri Corps
U80;XII Kashmiri Corps
U80;XIII Kashmiri Corps
U80;XIV Kashmiri Corps
U80;XV Kashmiri Corps
U80;XVI Kashmiri Corps
U80;XVII Kashmiri Corps
U80;XVIII Kashmiri Corps
U80;XIX Kashmiri Corps
U80;XX Kashmiri Corps
U80;XXI Kashmiri Corps
U80;XXII Kashmiri Corps
U80;XXIII Kashmiri Corps
U80;XXIV Kashmiri Corps
U80;XXV Kashmiri Corps
U80;XXVI Kashmiri Corps
U80;XXVII Kashmiri Corps
U80;XXVIII Kashmiri Corps
U80;XXIX Kashmiri Corps
U80;XXX Kashmiri Corps
U80;XXXI Kashmiri Corps
U80;XXXII Kashmiri Corps
U80;XXXIII Kashmiri Corps
U80;XXXIV Kashmiri Corps
U80;XXXV Kashmiri Corps
U80;XXXVI Kashmiri Corps
U80;XXXVII Kashmiri Corps
U80;XXXVIII Kashmiri Corps
U80;XXXIX Kashmiri Corps
U80;XL Kashmiri Corps
U80;XLI Kashmiri Corps
U80;XLII Kashmiri Corps
U80;XLIII Kashmiri Corps
U80;XLIV Kashmiri Corps
U80;XLV Kashmiri Corps
U80;XLVI Kashmiri Corps
U80;XLVII Kashmiri Corps
U80;XLVIII Kashmiri Corps
U80;XLIX Kashmiri Corps
U80;L Kashmiri Corps
U81;1er Corps d'Arm?e volta?que
U81;2e Corps d'Arm?e volta?que
U81;3e Corps d'Arm?e volta?que
U81;4e Corps d'Arm?e volta?que
U81;5e Corps d'Arm?e volta?que
U81;6e Corps d'Arm?e volta?que
U81;7e Corps d'Arm?e volta?que
U81;8e Corps d'Arm?e volta?que
U81;9e Corps d'Arm?e volta?que
U81;10e Corps d'Arm?e volta?que
U81;11e Corps d'Arm?e volta?que
U81;12e Corps d'Arm?e volta?que
U81;13e Corps d'Arm?e volta?que
U81;14e Corps d'Arm?e volta?que
U81;15e Corps d'Arm?e volta?que
U81;16e Corps d'Arm?e volta?que
U81;17e Corps d'Arm?e volta?que
U81;18e Corps d'Arm?e volta?que
U81;19e Corps d'Arm?e volta?que
U81;20e Corps d'Arm?e volta?que
U81;21e Corps d'Arm?e volta?que
U81;22e Corps d'Arm?e volta?que
U81;23e Corps d'Arm?e volta?que
U81;24e Corps d'Arm?e volta?que
U81;25e Corps d'Arm?e volta?que
U81;26e Corps d'Arm?e volta?que
U81;27e Corps d'Arm?e volta?que
U81;28e Corps d'Arm?e volta?que
U81;29e Corps d'Arm?e volta?que
U81;30e Corps d'Arm?e volta?que
U81;31e Corps d'Arm?e volta?que
U81;32e Corps d'Arm?e volta?que
U81;33e Corps d'Arm?e volta?que
U81;34e Corps d'Arm?e volta?que
U81;35e Corps d'Arm?e volta?que
U81;36e Corps d'Arm?e volta?que
U81;37e Corps d'Arm?e volta?que
U81;38e Corps d'Arm?e volta?que
U81;39e Corps d'Arm?e volta?que
U81;40e Corps d'Arm?e volta?que
U81;41e Corps d'Arm?e volta?que
U81;42e Corps d'Arm?e volta?que
U81;43e Corps d'Arm?e volta?que
U81;44e Corps d'Arm?e volta?que
U81;45e Corps d'Arm?e volta?que
U81;46e Corps d'Arm?e volta?que
U81;47e Corps d'Arm?e volta?que
U81;48e Corps d'Arm?e volta?que
U81;49e Corps d'Arm?e volta?que
U81;50e Corps d'Arm?e volta?que
U82;1er Corps d'Arm?e centrafricaine
U82;2e Corps d'Arm?e centrafricaine
U82;3e Corps d'Arm?e centrafricaine
U82;4e Corps d'Arm?e centrafricaine
U82;5e Corps d'Arm?e centrafricaine
U82;6e Corps d'Arm?e centrafricaine
U82;7e Corps d'Arm?e centrafricaine
U82;8e Corps d'Arm?e centrafricaine
U82;9e Corps d'Arm?e centrafricaine
U82;10e Corps d'Arm?e centrafricaine
U82;11e Corps d'Arm?e centrafricaine
U82;12e Corps d'Arm?e centrafricaine
U82;13e Corps d'Arm?e centrafricaine
U82;14e Corps d'Arm?e centrafricaine
U82;15e Corps d'Arm?e centrafricaine
U82;16e Corps d'Arm?e centrafricaine
U82;17e Corps d'Arm?e centrafricaine
U82;18e Corps d'Arm?e centrafricaine
U82;19e Corps d'Arm?e centrafricaine
U82;20e Corps d'Arm?e centrafricaine
U82;21e Corps d'Arm?e centrafricaine
U82;22e Corps d'Arm?e centrafricaine
U82;23e Corps d'Arm?e centrafricaine
U82;24e Corps d'Arm?e centrafricaine
U82;25e Corps d'Arm?e centrafricaine
U82;26e Corps d'Arm?e centrafricaine
U82;27e Corps d'Arm?e centrafricaine
U82;28e Corps d'Arm?e centrafricaine
U82;29e Corps d'Arm?e centrafricaine
U82;30e Corps d'Arm?e centrafricaine
U82;31e Corps d'Arm?e centrafricaine
U82;32e Corps d'Arm?e centrafricaine
U82;33e Corps d'Arm?e centrafricaine
U82;34e Corps d'Arm?e centrafricaine
U82;35e Corps d'Arm?e centrafricaine
U82;36e Corps d'Arm?e centrafricaine
U82;37e Corps d'Arm?e centrafricaine
U82;38e Corps d'Arm?e centrafricaine
U82;39e Corps d'Arm?e centrafricaine
U82;40e Corps d'Arm?e centrafricaine
U82;41e Corps d'Arm?e centrafricaine
U82;42e Corps d'Arm?e centrafricaine
U82;43e Corps d'Arm?e centrafricaine
U82;44e Corps d'Arm?e centrafricaine
U82;45e Corps d'Arm?e centrafricaine
U82;46e Corps d'Arm?e centrafricaine
U82;47e Corps d'Arm?e centrafricaine
U82;48e Corps d'Arm?e centrafricaine
U82;49e Corps d'Arm?e centrafricaine
U82;50e Corps d'Arm?e centrafricaine
U83;I Sri Lankan Corps
U83;II Sri Lankan Corps
U83;III Sri Lankan Corps
U83;IV Sri Lankan Corps
U83;V Sri Lankan Corps
U83;VI Sri Lankan Corps
U83;VII Sri Lankan Corps
U83;VIII Sri Lankan Corps
U83;IX Sri Lankan Corps
U83;X Sri Lankan Corps
U83;XI Sri Lankan Corps
U83;XII Sri Lankan Corps
U83;XIII Sri Lankan Corps
U83;XIV Sri Lankan Corps
U83;XV Sri Lankan Corps
U83;XVI Sri Lankan Corps
U83;XVII Sri Lankan Corps
U83;XVIII Sri Lankan Corps
U83;XIX Sri Lankan Corps
U83;XX Sri Lankan Corps
U83;XXI Sri Lankan Corps
U83;XXII Sri Lankan Corps
U83;XXIII Sri Lankan Corps
U83;XXIV Sri Lankan Corps
U83;XXV Sri Lankan Corps
U83;XXVI Sri Lankan Corps
U83;XXVII Sri Lankan Corps
U83;XXVIII Sri Lankan Corps
U83;XXIX Sri Lankan Corps
U83;XXX Sri Lankan Corps
U83;XXXI Sri Lankan Corps
U83;XXXII Sri Lankan Corps
U83;XXXIII Sri Lankan Corps
U83;XXXIV Sri Lankan Corps
U83;XXXV Sri Lankan Corps
U83;XXXVI Sri Lankan Corps
U83;XXXVII Sri Lankan Corps
U83;XXXVIII Sri Lankan Corps
U83;XXXIX Sri Lankan Corps
U83;XL Sri Lankan Corps
U83;XLI Sri Lankan Corps
U83;XLII Sri Lankan Corps
U83;XLIII Sri Lankan Corps
U83;XLIV Sri Lankan Corps
U83;XLV Sri Lankan Corps
U83;XLVI Sri Lankan Corps
U83;XLVII Sri Lankan Corps
U83;XLVIII Sri Lankan Corps
U83;XLIX Sri Lankan Corps
U83;L Sri Lankan Corps
U84;1er Corps d'Arm?e tchadienne
U84;2e Corps d'Arm?e tchadienne
U84;3e Corps d'Arm?e tchadienne
U84;4e Corps d'Arm?e tchadienne
U84;5e Corps d'Arm?e tchadienne
U84;6e Corps d'Arm?e tchadienne
U84;7e Corps d'Arm?e tchadienne
U84;8e Corps d'Arm?e tchadienne
U84;9e Corps d'Arm?e tchadienne
U84;10e Corps d'Arm?e tchadienne
U84;11e Corps d'Arm?e tchadienne
U84;12e Corps d'Arm?e tchadienne
U84;13e Corps d'Arm?e tchadienne
U84;14e Corps d'Arm?e tchadienne
U84;15e Corps d'Arm?e tchadienne
U84;16e Corps d'Arm?e tchadienne
U84;17e Corps d'Arm?e tchadienne
U84;18e Corps d'Arm?e tchadienne
U84;19e Corps d'Arm?e tchadienne
U84;20e Corps d'Arm?e tchadienne
U84;21e Corps d'Arm?e tchadienne
U84;22e Corps d'Arm?e tchadienne
U84;23e Corps d'Arm?e tchadienne
U84;24e Corps d'Arm?e tchadienne
U84;25e Corps d'Arm?e tchadienne
U84;26e Corps d'Arm?e tchadienne
U84;27e Corps d'Arm?e tchadienne
U84;28e Corps d'Arm?e tchadienne
U84;29e Corps d'Arm?e tchadienne
U84;30e Corps d'Arm?e tchadienne
U84;31e Corps d'Arm?e tchadienne
U84;32e Corps d'Arm?e tchadienne
U84;33e Corps d'Arm?e tchadienne
U84;34e Corps d'Arm?e tchadienne
U84;35e Corps d'Arm?e tchadienne
U84;36e Corps d'Arm?e tchadienne
U84;37e Corps d'Arm?e tchadienne
U84;38e Corps d'Arm?e tchadienne
U84;39e Corps d'Arm?e tchadienne
U84;40e Corps d'Arm?e tchadienne
U84;41e Corps d'Arm?e tchadienne
U84;42e Corps d'Arm?e tchadienne
U84;43e Corps d'Arm?e tchadienne
U84;44e Corps d'Arm?e tchadienne
U84;45e Corps d'Arm?e tchadienne
U84;46e Corps d'Arm?e tchadienne
U84;47e Corps d'Arm?e tchadienne
U84;48e Corps d'Arm?e tchadienne
U84;49e Corps d'Arm?e tchadienne
U84;50e Corps d'Arm?e tchadienne
U85;1er Corps d'Arm?e congolaise
U85;2e Corps d'Arm?e congolaise
U85;3e Corps d'Arm?e congolaise
U85;4e Corps d'Arm?e congolaise
U85;5e Corps d'Arm?e congolaise
U85;6e Corps d'Arm?e congolaise
U85;7e Corps d'Arm?e congolaise
U85;8e Corps d'Arm?e congolaise
U85;9e Corps d'Arm?e congolaise
U85;10e Corps d'Arm?e congolaise
U85;11e Corps d'Arm?e congolaise
U85;12e Corps d'Arm?e congolaise
U85;13e Corps d'Arm?e congolaise
U85;14e Corps d'Arm?e congolaise
U85;15e Corps d'Arm?e congolaise
U85;16e Corps d'Arm?e congolaise
U85;17e Corps d'Arm?e congolaise
U85;18e Corps d'Arm?e congolaise
U85;19e Corps d'Arm?e congolaise
U85;20e Corps d'Arm?e congolaise
U85;21e Corps d'Arm?e congolaise
U85;22e Corps d'Arm?e congolaise
U85;23e Corps d'Arm?e congolaise
U85;24e Corps d'Arm?e congolaise
U85;25e Corps d'Arm?e congolaise
U85;26e Corps d'Arm?e congolaise
U85;27e Corps d'Arm?e congolaise
U85;28e Corps d'Arm?e congolaise
U85;29e Corps d'Arm?e congolaise
U85;30e Corps d'Arm?e congolaise
U85;31e Corps d'Arm?e congolaise
U85;32e Corps d'Arm?e congolaise
U85;33e Corps d'Arm?e congolaise
U85;34e Corps d'Arm?e congolaise
U85;35e Corps d'Arm?e congolaise
U85;36e Corps d'Arm?e congolaise
U85;37e Corps d'Arm?e congolaise
U85;38e Corps d'Arm?e congolaise
U85;39e Corps d'Arm?e congolaise
U85;40e Corps d'Arm?e congolaise
U85;41e Corps d'Arm?e congolaise
U85;42e Corps d'Arm?e congolaise
U85;43e Corps d'Arm?e congolaise
U85;44e Corps d'Arm?e congolaise
U85;45e Corps d'Arm?e congolaise
U85;46e Corps d'Arm?e congolaise
U85;47e Corps d'Arm?e congolaise
U85;48e Corps d'Arm?e congolaise
U85;49e Corps d'Arm?e congolaise
U85;50e Corps d'Arm?e congolaise
U86;I Gambian Corps
U86;II Gambian Corps
U86;III Gambian Corps
U86;IV Gambian Corps
U86;V Gambian Corps
U86;VI Gambian Corps
U86;VII Gambian Corps
U86;VIII Gambian Corps
U86;IX Gambian Corps
U86;X Gambian Corps
U86;XI Gambian Corps
U86;XII Gambian Corps
U86;XIII Gambian Corps
U86;XIV Gambian Corps
U86;XV Gambian Corps
U86;XVI Gambian Corps
U86;XVII Gambian Corps
U86;XVIII Gambian Corps
U86;XIX Gambian Corps
U86;XX Gambian Corps
U86;XXI Gambian Corps
U86;XXII Gambian Corps
U86;XXIII Gambian Corps
U86;XXIV Gambian Corps
U86;XXV Gambian Corps
U86;XXVI Gambian Corps
U86;XXVII Gambian Corps
U86;XXVIII Gambian Corps
U86;XXIX Gambian Corps
U86;XXX Gambian Corps
U86;XXXI Gambian Corps
U86;XXXII Gambian Corps
U86;XXXIII Gambian Corps
U86;XXXIV Gambian Corps
U86;XXXV Gambian Corps
U86;XXXVI Gambian Corps
U86;XXXVII Gambian Corps
U86;XXXVIII Gambian Corps
U86;XXXIX Gambian Corps
U86;XL Gambian Corps
U86;XLI Gambian Corps
U86;XLII Gambian Corps
U86;XLIII Gambian Corps
U86;XLIV Gambian Corps
U86;XLV Gambian Corps
U86;XLVI Gambian Corps
U86;XLVII Gambian Corps
U86;XLVIII Gambian Corps
U86;XLIX Gambian Corps
U86;L Gambian Corps
U87;Di'1 Jun
U87;Di'2 Jun
U87;Di'3 Jun
U87;Di'4 Jun
U87;Di'5 Jun
U87;Di'6 Jun
U87;Di'7 Jun
U87;Di'8 Jun
U87;Di'9 Jun
U87;Di'10 Jun
U87;Di'11 Jun
U87;Di'12 Jun
U87;Di'13 Jun
U87;Di'14 Jun
U87;Di'15 Jun
U87;Di'16 Jun
U87;Di'17 Jun
U87;Di'18 Jun
U87;Di'19 Jun
U87;Di'20 Jun
U87;Di'21 Jun
U87;Di'22 Jun
U87;Di'23 Jun
U87;Di'24 Jun
U87;Di'25 Jun
U87;Di'26 Jun
U87;Di'27 Jun
U87;Di'28 Jun
U87;Di'29 Jun
U87;Di'30 Jun
U87;Di'31 Jun
U87;Di'32 Jun
U87;Di'33 Jun
U87;Di'34 Jun
U87;Di'35 Jun
U87;Di'36 Jun
U87;Di'37 Jun
U87;Di'38 Jun
U87;Di'39 Jun
U87;Di'40 Jun
U87;Di'41 Jun
U87;Di'42 Jun
U87;Di'43 Jun
U87;Di'44 Jun
U87;Di'45 Jun
U87;Di'46 Jun
U87;Di'47 Jun
U87;Di'48 Jun
U87;Di'49 Jun
U87;Di'50 Jun
U87;Di'51 Jun
U87;Di'52 Jun
U87;Di'53 Jun
U87;Di'54 Jun
U87;Di'55 Jun
U87;Di'56 Jun
U87;Di'57 Jun
U87;Di'58 Jun
U87;Di'59 Jun
U87;Di'60 Jun
U87;Di'61 Jun
U87;Di'62 Jun
U87;Di'63 Jun
U87;Di'64 Jun
U87;Di'65 Jun
U87;Di'66 Jun
U87;Di'67 Jun
U87;Di'68 Jun
U87;Di'69 Jun
U87;Di'70 Jun
U87;Di'71 Jun
U87;Di'72 Jun
U87;Di'73 Jun
U87;Di'74 Jun
U87;Di'75 Jun
U87;Di'76 Jun
U87;Di'77 Jun
U87;Di'78 Jun
U87;Di'79 Jun
U87;Di'80 Jun
U87;Di'81 Jun
U87;Di'82 Jun
U87;Di'83 Jun
U87;Di'84 Jun
U87;Di'85 Jun
U87;Di'86 Jun
U87;Di'87 Jun
U87;Di'88 Jun
U87;Di'89 Jun
U87;Di'90 Jun
U87;Di'91 Jun
U87;Di'92 Jun
U87;Di'93 Jun
U87;Di'94 Jun
U87;Di'95 Jun
U87;Di'96 Jun
U87;Di'97 Jun
U87;Di'98 Jun
U87;Di'99 Jun
U87;Di'100 Jun
U87;Di'101 Jun
U87;Di'102 Jun
U87;Di'103 Jun
U87;Di'104 Jun
U87;Di'105 Jun
U87;Di'106 Jun
U87;Di'107 Jun
U87;Di'108 Jun
U87;Di'109 Jun
U87;Di'110 Jun
U87;Di'111 Jun
U87;Di'112 Jun
U87;Di'113 Jun
U87;Di'114 Jun
U87;Di'115 Jun
U87;Di'116 Jun
U87;Di'117 Jun
U87;Di'118 Jun
U87;Di'119 Jun
U87;Di'120 Jun
U87;Di'121 Jun
U87;Di'122 Jun
U87;Di'123 Jun
U87;Di'124 Jun
U87;Di'125 Jun
U87;Di'126 Jun
U87;Di'127 Jun
U87;Di'128 Jun
U87;Di'129 Jun
U87;Di'130 Jun
U87;Di'131 Jun
U87;Di'132 Jun
U87;Di'133 Jun
U87;Di'134 Jun
U87;Di'135 Jun
U87;Di'136 Jun
U87;Di'137 Jun
U87;Di'138 Jun
U87;Di'139 Jun
U87;Di'140 Jun
U87;Di'141 Jun
U87;Di'142 Jun
U87;Di'143 Jun
U87;Di'144 Jun
U87;Di'145 Jun
U87;Di'146 Jun
U87;Di'147 Jun
U87;Di'148 Jun
U87;Di'149 Jun
U87;Di'150 Jun
U87;Di'151 Jun
U87;Di'152 Jun
U87;Di'153 Jun
U87;Di'154 Jun
U87;Di'155 Jun
U87;Di'156 Jun
U87;Di'157 Jun
U87;Di'158 Jun
U87;Di'159 Jun
U87;Di'160 Jun
U87;Di'161 Jun
U87;Di'162 Jun
U87;Di'163 Jun
U87;Di'164 Jun
U87;Di'165 Jun
U87;Di'166 Jun
U87;Di'167 Jun
U87;Di'168 Jun
U87;Di'169 Jun
U87;Di'170 Jun
U87;Di'171 Jun
U87;Di'172 Jun
U87;Di'173 Jun
U87;Di'174 Jun
U87;Di'175 Jun
U87;Di'176 Jun
U87;Di'177 Jun
U87;Di'178 Jun
U87;Di'179 Jun
U87;Di'180 Jun
U87;Di'181 Jun
U87;Di'182 Jun
U87;Di'183 Jun
U87;Di'184 Jun
U87;Di'185 Jun
U87;Di'186 Jun
U87;Di'187 Jun
U87;Di'188 Jun
U87;Di'189 Jun
U87;Di'190 Jun
U87;Di'191 Jun
U87;Di'192 Jun
U87;Di'193 Jun
U87;Di'194 Jun
U87;Di'195 Jun
U87;Di'196 Jun
U87;Di'197 Jun
U87;Di'198 Jun
U87;Di'199 Jun
U87;Di'200 Jun
U87;Di'201 Jun
U87;Di'202 Jun
U87;Di'203 Jun
U87;Di'204 Jun
U87;Di'205 Jun
U87;Di'206 Jun
U87;Di'207 Jun
U87;Di'208 Jun
U87;Di'209 Jun
U87;Di'210 Jun
U87;Di'211 Jun
U87;Di'212 Jun
U87;Di'213 Jun
U87;Di'214 Jun
U87;Di'215 Jun
U87;Di'216 Jun
U87;Di'217 Jun
U87;Di'218 Jun
U87;Di'219 Jun
U87;Di'220 Jun
U87;Di'221 Jun
U87;Di'222 Jun
U87;Di'223 Jun
U87;Di'224 Jun
U87;Di'225 Jun
U87;Di'226 Jun
U87;Di'227 Jun
U87;Di'228 Jun
U87;Di'229 Jun
U87;Di'230 Jun
U87;Di'231 Jun
U87;Di'232 Jun
U87;Di'233 Jun
U87;Di'234 Jun
U87;Di'235 Jun
U87;Di'236 Jun
U87;Di'237 Jun
U87;Di'238 Jun
U87;Di'239 Jun
U87;Di'240 Jun
U87;Di'241 Jun
U87;Di'242 Jun
U87;Di'243 Jun
U87;Di'244 Jun
U87;Di'245 Jun
U87;Di'246 Jun
U87;Di'247 Jun
U87;Di'248 Jun
U87;Di'249 Jun
U87;Di'250 Jun
U87;Di'251 Jun
U87;Di'252 Jun
U87;Di'253 Jun
U87;Di'254 Jun
U87;Di'255 Jun
U87;Di'256 Jun
U87;Di'257 Jun
U87;Di'258 Jun
U87;Di'259 Jun
U87;Di'260 Jun
U87;Di'261 Jun
U87;Di'262 Jun
U87;Di'263 Jun
U87;Di'264 Jun
U87;Di'265 Jun
U87;Di'266 Jun
U87;Di'267 Jun
U87;Di'268 Jun
U87;Di'269 Jun
U87;Di'270 Jun
U87;Di'271 Jun
U87;Di'272 Jun
U87;Di'273 Jun
U87;Di'274 Jun
U87;Di'275 Jun
U87;Di'276 Jun
U87;Di'277 Jun
U87;Di'278 Jun
U87;Di'279 Jun
U87;Di'280 Jun
U87;Di'281 Jun
U87;Di'282 Jun
U87;Di'283 Jun
U87;Di'284 Jun
U87;Di'285 Jun
U87;Di'286 Jun
U87;Di'287 Jun
U87;Di'288 Jun
U87;Di'289 Jun
U87;Di'290 Jun
U87;Di'291 Jun
U87;Di'292 Jun
U87;Di'293 Jun
U87;Di'294 Jun
U87;Di'295 Jun
U87;Di'296 Jun
U87;Di'297 Jun
U87;Di'298 Jun
U87;Di'299 Jun
U87;Di'300 Jun
U88;1er Corps d'Arm?e ivoirienne
U88;2e Corps d'Arm?e ivoirienne
U88;3e Corps d'Arm?e ivoirienne
U88;4e Corps d'Arm?e ivoirienne
U88;5e Corps d'Arm?e ivoirienne
U88;6e Corps d'Arm?e ivoirienne
U88;7e Corps d'Arm?e ivoirienne
U88;8e Corps d'Arm?e ivoirienne
U88;9e Corps d'Arm?e ivoirienne
U88;10e Corps d'Arm?e ivoirienne
U88;11e Corps d'Arm?e ivoirienne
U88;12e Corps d'Arm?e ivoirienne
U88;13e Corps d'Arm?e ivoirienne
U88;14e Corps d'Arm?e ivoirienne
U88;15e Corps d'Arm?e ivoirienne
U88;16e Corps d'Arm?e ivoirienne
U88;17e Corps d'Arm?e ivoirienne
U88;18e Corps d'Arm?e ivoirienne
U88;19e Corps d'Arm?e ivoirienne
U88;20e Corps d'Arm?e ivoirienne
U88;21e Corps d'Arm?e ivoirienne
U88;22e Corps d'Arm?e ivoirienne
U88;23e Corps d'Arm?e ivoirienne
U88;24e Corps d'Arm?e ivoirienne
U88;25e Corps d'Arm?e ivoirienne
U88;26e Corps d'Arm?e ivoirienne
U88;27e Corps d'Arm?e ivoirienne
U88;28e Corps d'Arm?e ivoirienne
U88;29e Corps d'Arm?e ivoirienne
U88;30e Corps d'Arm?e ivoirienne
U88;31e Corps d'Arm?e ivoirienne
U88;32e Corps d'Arm?e ivoirienne
U88;33e Corps d'Arm?e ivoirienne
U88;34e Corps d'Arm?e ivoirienne
U88;35e Corps d'Arm?e ivoirienne
U88;36e Corps d'Arm?e ivoirienne
U88;37e Corps d'Arm?e ivoirienne
U88;38e Corps d'Arm?e ivoirienne
U88;39e Corps d'Arm?e ivoirienne
U88;40e Corps d'Arm?e ivoirienne
U88;41e Corps d'Arm?e ivoirienne
U88;42e Corps d'Arm?e ivoirienne
U88;43e Corps d'Arm?e ivoirienne
U88;44e Corps d'Arm?e ivoirienne
U88;45e Corps d'Arm?e ivoirienne
U88;46e Corps d'Arm?e ivoirienne
U88;47e Corps d'Arm?e ivoirienne
U88;48e Corps d'Arm?e ivoirienne
U88;49e Corps d'Arm?e ivoirienne
U88;50e Corps d'Arm?e ivoirienne
U89;I Jamaican Corps
U89;II Jamaican Corps
U89;III Jamaican Corps
U89;IV Jamaican Corps
U89;V Jamaican Corps
U89;VI Jamaican Corps
U89;VII Jamaican Corps
U89;VIII Jamaican Corps
U89;IX Jamaican Corps
U89;X Jamaican Corps
U89;XI Jamaican Corps
U89;XII Jamaican Corps
U89;XIII Jamaican Corps
U89;XIV Jamaican Corps
U89;XV Jamaican Corps
U89;XVI Jamaican Corps
U89;XVII Jamaican Corps
U89;XVIII Jamaican Corps
U89;XIX Jamaican Corps
U89;XX Jamaican Corps
U89;XXI Jamaican Corps
U89;XXII Jamaican Corps
U89;XXIII Jamaican Corps
U89;XXIV Jamaican Corps
U89;XXV Jamaican Corps
U89;XXVI Jamaican Corps
U89;XXVII Jamaican Corps
U89;XXVIII Jamaican Corps
U89;XXIX Jamaican Corps
U89;XXX Jamaican Corps
U89;XXXI Jamaican Corps
U89;XXXII Jamaican Corps
U89;XXXIII Jamaican Corps
U89;XXXIV Jamaican Corps
U89;XXXV Jamaican Corps
U89;XXXVI Jamaican Corps
U89;XXXVII Jamaican Corps
U89;XXXVIII Jamaican Corps
U89;XXXIX Jamaican Corps
U89;XL Jamaican Corps
U89;XLI Jamaican Corps
U89;XLII Jamaican Corps
U89;XLIII Jamaican Corps
U89;XLIV Jamaican Corps
U89;XLV Jamaican Corps
U89;XLVI Jamaican Corps
U89;XLVII Jamaican Corps
U89;XLVIII Jamaican Corps
U89;XLIX Jamaican Corps
U89;L Jamaican Corps
U90;I Kenyan Corps
U90;II Kenyan Corps
U90;III Kenyan Corps
U90;IV Kenyan Corps
U90;V Kenyan Corps
U90;VI Kenyan Corps
U90;VII Kenyan Corps
U90;VIII Kenyan Corps
U90;IX Kenyan Corps
U90;X Kenyan Corps
U90;XI Kenyan Corps
U90;XII Kenyan Corps
U90;XIII Kenyan Corps
U90;XIV Kenyan Corps
U90;XV Kenyan Corps
U90;XVI Kenyan Corps
U90;XVII Kenyan Corps
U90;XVIII Kenyan Corps
U90;XIX Kenyan Corps
U90;XX Kenyan Corps
U90;XXI Kenyan Corps
U90;XXII Kenyan Corps
U90;XXIII Kenyan Corps
U90;XXIV Kenyan Corps
U90;XXV Kenyan Corps
U90;XXVI Kenyan Corps
U90;XXVII Kenyan Corps
U90;XXVIII Kenyan Corps
U90;XXIX Kenyan Corps
U90;XXX Kenyan Corps
U90;XXXI Kenyan Corps
U90;XXXII Kenyan Corps
U90;XXXIII Kenyan Corps
U90;XXXIV Kenyan Corps
U90;XXXV Kenyan Corps
U90;XXXVI Kenyan Corps
U90;XXXVII Kenyan Corps
U90;XXXVIII Kenyan Corps
U90;XXXIX Kenyan Corps
U90;XL Kenyan Corps
U90;XLI Kenyan Corps
U90;XLII Kenyan Corps
U90;XLIII Kenyan Corps
U90;XLIV Kenyan Corps
U90;XLV Kenyan Corps
U90;XLVI Kenyan Corps
U90;XLVII Kenyan Corps
U90;XLVIII Kenyan Corps
U90;XLIX Kenyan Corps
U90;L Kenyan Corps
U91;1. Corps al-Kuwaitiya
U91;2. Corps al-Kuwaitiya
U91;3. Corps al-Kuwaitiya
U91;4. Corps al-Kuwaitiya
U91;5. Corps al-Kuwaitiya
U91;6. Corps al-Kuwaitiya
U91;7. Corps al-Kuwaitiya
U91;8. Corps al-Kuwaitiya
U91;9. Corps al-Kuwaitiya
U91;10. Corps al-Kuwaitiya
U91;11. Corps al-Kuwaitiya
U91;12. Corps al-Kuwaitiya
U91;13. Corps al-Kuwaitiya
U91;14. Corps al-Kuwaitiya
U91;15. Corps al-Kuwaitiya
U91;16. Corps al-Kuwaitiya
U91;17. Corps al-Kuwaitiya
U91;18. Corps al-Kuwaitiya
U91;19. Corps al-Kuwaitiya
U91;20. Corps al-Kuwaitiya
U91;21. Corps al-Kuwaitiya
U91;22. Corps al-Kuwaitiya
U91;23. Corps al-Kuwaitiya
U91;24. Corps al-Kuwaitiya
U91;25. Corps al-Kuwaitiya
U91;26. Corps al-Kuwaitiya
U91;27. Corps al-Kuwaitiya
U91;28. Corps al-Kuwaitiya
U91;29. Corps al-Kuwaitiya
U91;30. Corps al-Kuwaitiya
U91;31. Corps al-Kuwaitiya
U91;32. Corps al-Kuwaitiya
U91;33. Corps al-Kuwaitiya
U91;34. Corps al-Kuwaitiya
U91;35. Corps al-Kuwaitiya
U91;36. Corps al-Kuwaitiya
U91;37. Corps al-Kuwaitiya
U91;38. Corps al-Kuwaitiya
U91;39. Corps al-Kuwaitiya
U91;40. Corps al-Kuwaitiya
U91;41. Corps al-Kuwaitiya
U91;42. Corps al-Kuwaitiya
U91;43. Corps al-Kuwaitiya
U91;44. Corps al-Kuwaitiya
U91;45. Corps al-Kuwaitiya
U91;46. Corps al-Kuwaitiya
U91;47. Corps al-Kuwaitiya
U91;48. Corps al-Kuwaitiya
U91;49. Corps al-Kuwaitiya
U91;50. Corps al-Kuwaitiya
U92;I Maltese Corps
U92;II Maltese Corps
U92;III Maltese Corps
U92;IV Maltese Corps
U92;V Maltese Corps
U92;VI Maltese Corps
U92;VII Maltese Corps
U92;VIII Maltese Corps
U92;IX Maltese Corps
U92;X Maltese Corps
U92;XI Maltese Corps
U92;XII Maltese Corps
U92;XIII Maltese Corps
U92;XIV Maltese Corps
U92;XV Maltese Corps
U92;XVI Maltese Corps
U92;XVII Maltese Corps
U92;XVIII Maltese Corps
U92;XIX Maltese Corps
U92;XX Maltese Corps
U92;XXI Maltese Corps
U92;XXII Maltese Corps
U92;XXIII Maltese Corps
U92;XXIV Maltese Corps
U92;XXV Maltese Corps
U92;XXVI Maltese Corps
U92;XXVII Maltese Corps
U92;XXVIII Maltese Corps
U92;XXIX Maltese Corps
U92;XXX Maltese Corps
U92;XXXI Maltese Corps
U92;XXXII Maltese Corps
U92;XXXIII Maltese Corps
U92;XXXIV Maltese Corps
U92;XXXV Maltese Corps
U92;XXXVI Maltese Corps
U92;XXXVII Maltese Corps
U92;XXXVIII Maltese Corps
U92;XXXIX Maltese Corps
U92;XL Maltese Corps
U92;XLI Maltese Corps
U92;XLII Maltese Corps
U92;XLIII Maltese Corps
U92;XLIV Maltese Corps
U92;XLV Maltese Corps
U92;XLVI Maltese Corps
U92;XLVII Maltese Corps
U92;XLVIII Maltese Corps
U92;XLIX Maltese Corps
U92;L Maltese Corps
U93;1. Corps al-Muritaniyyah
U93;2. Corps al-Muritaniyyah
U93;3. Corps al-Muritaniyyah
U93;4. Corps al-Muritaniyyah
U93;5. Corps al-Muritaniyyah
U93;6. Corps al-Muritaniyyah
U93;7. Corps al-Muritaniyyah
U93;8. Corps al-Muritaniyyah
U93;9. Corps al-Muritaniyyah
U93;10. Corps al-Muritaniyyah
U93;11. Corps al-Muritaniyyah
U93;12. Corps al-Muritaniyyah
U93;13. Corps al-Muritaniyyah
U93;14. Corps al-Muritaniyyah
U93;15. Corps al-Muritaniyyah
U93;16. Corps al-Muritaniyyah
U93;17. Corps al-Muritaniyyah
U93;18. Corps al-Muritaniyyah
U93;19. Corps al-Muritaniyyah
U93;20. Corps al-Muritaniyyah
U93;21. Corps al-Muritaniyyah
U93;22. Corps al-Muritaniyyah
U93;23. Corps al-Muritaniyyah
U93;24. Corps al-Muritaniyyah
U93;25. Corps al-Muritaniyyah
U93;26. Corps al-Muritaniyyah
U93;27. Corps al-Muritaniyyah
U93;28. Corps al-Muritaniyyah
U93;29. Corps al-Muritaniyyah
U93;30. Corps al-Muritaniyyah
U93;31. Corps al-Muritaniyyah
U93;32. Corps al-Muritaniyyah
U93;33. Corps al-Muritaniyyah
U93;34. Corps al-Muritaniyyah
U93;35. Corps al-Muritaniyyah
U93;36. Corps al-Muritaniyyah
U93;37. Corps al-Muritaniyyah
U93;38. Corps al-Muritaniyyah
U93;39. Corps al-Muritaniyyah
U93;40. Corps al-Muritaniyyah
U93;41. Corps al-Muritaniyyah
U93;42. Corps al-Muritaniyyah
U93;43. Corps al-Muritaniyyah
U93;44. Corps al-Muritaniyyah
U93;45. Corps al-Muritaniyyah
U93;46. Corps al-Muritaniyyah
U93;47. Corps al-Muritaniyyah
U93;48. Corps al-Muritaniyyah
U93;49. Corps al-Muritaniyyah
U93;50. Corps al-Muritaniyyah
U94;1er Corps d'Arm?e nig?rienne
U94;2e Corps d'Arm?e nig?rienne
U94;3e Corps d'Arm?e nig?rienne
U94;4e Corps d'Arm?e nig?rienne
U94;5e Corps d'Arm?e nig?rienne
U94;6e Corps d'Arm?e nig?rienne
U94;7e Corps d'Arm?e nig?rienne
U94;8e Corps d'Arm?e nig?rienne
U94;9e Corps d'Arm?e nig?rienne
U94;10e Corps d'Arm?e nig?rienne
U94;11e Corps d'Arm?e nig?rienne
U94;12e Corps d'Arm?e nig?rienne
U94;13e Corps d'Arm?e nig?rienne
U94;14e Corps d'Arm?e nig?rienne
U94;15e Corps d'Arm?e nig?rienne
U94;16e Corps d'Arm?e nig?rienne
U94;17e Corps d'Arm?e nig?rienne
U94;18e Corps d'Arm?e nig?rienne
U94;19e Corps d'Arm?e nig?rienne
U94;20e Corps d'Arm?e nig?rienne
U94;21e Corps d'Arm?e nig?rienne
U94;22e Corps d'Arm?e nig?rienne
U94;23e Corps d'Arm?e nig?rienne
U94;24e Corps d'Arm?e nig?rienne
U94;25e Corps d'Arm?e nig?rienne
U94;26e Corps d'Arm?e nig?rienne
U94;27e Corps d'Arm?e nig?rienne
U94;28e Corps d'Arm?e nig?rienne
U94;29e Corps d'Arm?e nig?rienne
U94;30e Corps d'Arm?e nig?rienne
U94;31e Corps d'Arm?e nig?rienne
U94;32e Corps d'Arm?e nig?rienne
U94;33e Corps d'Arm?e nig?rienne
U94;34e Corps d'Arm?e nig?rienne
U94;35e Corps d'Arm?e nig?rienne
U94;36e Corps d'Arm?e nig?rienne
U94;37e Corps d'Arm?e nig?rienne
U94;38e Corps d'Arm?e nig?rienne
U94;39e Corps d'Arm?e nig?rienne
U94;40e Corps d'Arm?e nig?rienne
U94;41e Corps d'Arm?e nig?rienne
U94;42e Corps d'Arm?e nig?rienne
U94;43e Corps d'Arm?e nig?rienne
U94;44e Corps d'Arm?e nig?rienne
U94;45e Corps d'Arm?e nig?rienne
U94;46e Corps d'Arm?e nig?rienne
U94;47e Corps d'Arm?e nig?rienne
U94;48e Corps d'Arm?e nig?rienne
U94;49e Corps d'Arm?e nig?rienne
U94;50e Corps d'Arm?e nig?rienne
U95;1er Corps d'Arm?e rwandaise
U95;2e Corps d'Arm?e rwandaise
U95;3e Corps d'Arm?e rwandaise
U95;4e Corps d'Arm?e rwandaise
U95;5e Corps d'Arm?e rwandaise
U95;6e Corps d'Arm?e rwandaise
U95;7e Corps d'Arm?e rwandaise
U95;8e Corps d'Arm?e rwandaise
U95;9e Corps d'Arm?e rwandaise
U95;10e Corps d'Arm?e rwandaise
U95;11e Corps d'Arm?e rwandaise
U95;12e Corps d'Arm?e rwandaise
U95;13e Corps d'Arm?e rwandaise
U95;14e Corps d'Arm?e rwandaise
U95;15e Corps d'Arm?e rwandaise
U95;16e Corps d'Arm?e rwandaise
U95;17e Corps d'Arm?e rwandaise
U95;18e Corps d'Arm?e rwandaise
U95;19e Corps d'Arm?e rwandaise
U95;20e Corps d'Arm?e rwandaise
U95;21e Corps d'Arm?e rwandaise
U95;22e Corps d'Arm?e rwandaise
U95;23e Corps d'Arm?e rwandaise
U95;24e Corps d'Arm?e rwandaise
U95;25e Corps d'Arm?e rwandaise
U95;26e Corps d'Arm?e rwandaise
U95;27e Corps d'Arm?e rwandaise
U95;28e Corps d'Arm?e rwandaise
U95;29e Corps d'Arm?e rwandaise
U95;30e Corps d'Arm?e rwandaise
U95;31e Corps d'Arm?e rwandaise
U95;32e Corps d'Arm?e rwandaise
U95;33e Corps d'Arm?e rwandaise
U95;34e Corps d'Arm?e rwandaise
U95;35e Corps d'Arm?e rwandaise
U95;36e Corps d'Arm?e rwandaise
U95;37e Corps d'Arm?e rwandaise
U95;38e Corps d'Arm?e rwandaise
U95;39e Corps d'Arm?e rwandaise
U95;40e Corps d'Arm?e rwandaise
U95;41e Corps d'Arm?e rwandaise
U95;42e Corps d'Arm?e rwandaise
U95;43e Corps d'Arm?e rwandaise
U95;44e Corps d'Arm?e rwandaise
U95;45e Corps d'Arm?e rwandaise
U95;46e Corps d'Arm?e rwandaise
U95;47e Corps d'Arm?e rwandaise
U95;48e Corps d'Arm?e rwandaise
U95;49e Corps d'Arm?e rwandaise
U95;50e Corps d'Arm?e rwandaise
U96;1er Corps d'Arm?e s?n?galaise
U96;2e Corps d'Arm?e s?n?galaise
U96;3e Corps d'Arm?e s?n?galaise
U96;4e Corps d'Arm?e s?n?galaise
U96;5e Corps d'Arm?e s?n?galaise
U96;6e Corps d'Arm?e s?n?galaise
U96;7e Corps d'Arm?e s?n?galaise
U96;8e Corps d'Arm?e s?n?galaise
U96;9e Corps d'Arm?e s?n?galaise
U96;10e Corps d'Arm?e s?n?galaise
U96;11e Corps d'Arm?e s?n?galaise
U96;12e Corps d'Arm?e s?n?galaise
U96;13e Corps d'Arm?e s?n?galaise
U96;14e Corps d'Arm?e s?n?galaise
U96;15e Corps d'Arm?e s?n?galaise
U96;16e Corps d'Arm?e s?n?galaise
U96;17e Corps d'Arm?e s?n?galaise
U96;18e Corps d'Arm?e s?n?galaise
U96;19e Corps d'Arm?e s?n?galaise
U96;20e Corps d'Arm?e s?n?galaise
U96;21e Corps d'Arm?e s?n?galaise
U96;22e Corps d'Arm?e s?n?galaise
U96;23e Corps d'Arm?e s?n?galaise
U96;24e Corps d'Arm?e s?n?galaise
U96;25e Corps d'Arm?e s?n?galaise
U96;26e Corps d'Arm?e s?n?galaise
U96;27e Corps d'Arm?e s?n?galaise
U96;28e Corps d'Arm?e s?n?galaise
U96;29e Corps d'Arm?e s?n?galaise
U96;30e Corps d'Arm?e s?n?galaise
U96;31e Corps d'Arm?e s?n?galaise
U96;32e Corps d'Arm?e s?n?galaise
U96;33e Corps d'Arm?e s?n?galaise
U96;34e Corps d'Arm?e s?n?galaise
U96;35e Corps d'Arm?e s?n?galaise
U96;36e Corps d'Arm?e s?n?galaise
U96;37e Corps d'Arm?e s?n?galaise
U96;38e Corps d'Arm?e s?n?galaise
U96;39e Corps d'Arm?e s?n?galaise
U96;40e Corps d'Arm?e s?n?galaise
U96;41e Corps d'Arm?e s?n?galaise
U96;42e Corps d'Arm?e s?n?galaise
U96;43e Corps d'Arm?e s?n?galaise
U96;44e Corps d'Arm?e s?n?galaise
U96;45e Corps d'Arm?e s?n?galaise
U96;46e Corps d'Arm?e s?n?galaise
U96;47e Corps d'Arm?e s?n?galaise
U96;48e Corps d'Arm?e s?n?galaise
U96;49e Corps d'Arm?e s?n?galaise
U96;50e Corps d'Arm?e s?n?galaise
U97;I Tanzanian Corps
U97;II Tanzanian Corps
U97;III Tanzanian Corps
U97;IV Tanzanian Corps
U97;V Tanzanian Corps
U97;VI Tanzanian Corps
U97;VII Tanzanian Corps
U97;VIII Tanzanian Corps
U97;IX Tanzanian Corps
U97;X Tanzanian Corps
U97;XI Tanzanian Corps
U97;XII Tanzanian Corps
U97;XIII Tanzanian Corps
U97;XIV Tanzanian Corps
U97;XV Tanzanian Corps
U97;XVI Tanzanian Corps
U97;XVII Tanzanian Corps
U97;XVIII Tanzanian Corps
U97;XIX Tanzanian Corps
U97;XX Tanzanian Corps
U97;XXI Tanzanian Corps
U97;XXII Tanzanian Corps
U97;XXIII Tanzanian Corps
U97;XXIV Tanzanian Corps
U97;XXV Tanzanian Corps
U97;XXVI Tanzanian Corps
U97;XXVII Tanzanian Corps
U97;XXVIII Tanzanian Corps
U97;XXIX Tanzanian Corps
U97;XXX Tanzanian Corps
U97;XXXI Tanzanian Corps
U97;XXXII Tanzanian Corps
U97;XXXIII Tanzanian Corps
U97;XXXIV Tanzanian Corps
U97;XXXV Tanzanian Corps
U97;XXXVI Tanzanian Corps
U97;XXXVII Tanzanian Corps
U97;XXXVIII Tanzanian Corps
U97;XXXIX Tanzanian Corps
U97;XL Tanzanian Corps
U97;XLI Tanzanian Corps
U97;XLII Tanzanian Corps
U97;XLIII Tanzanian Corps
U97;XLIV Tanzanian Corps
U97;XLV Tanzanian Corps
U97;XLVI Tanzanian Corps
U97;XLVII Tanzanian Corps
U97;XLVIII Tanzanian Corps
U97;XLIX Tanzanian Corps
U97;L Tanzanian Corps
U98;I Trinidadian and Tobagonian Corps
U98;II Trinidadian and Tobagonian Corps
U98;III Trinidadian and Tobagonian Corps
U98;IV Trinidadian and Tobagonian Corps
U98;V Trinidadian and Tobagonian Corps
U98;VI Trinidadian and Tobagonian Corps
U98;VII Trinidadian and Tobagonian Corps
U98;VIII Trinidadian and Tobagonian Corps
U98;IX Trinidadian and Tobagonian Corps
U98;X Trinidadian and Tobagonian Corps
U98;XI Trinidadian and Tobagonian Corps
U98;XII Trinidadian and Tobagonian Corps
U98;XIII Trinidadian and Tobagonian Corps
U98;XIV Trinidadian and Tobagonian Corps
U98;XV Trinidadian and Tobagonian Corps
U98;XVI Trinidadian and Tobagonian Corps
U98;XVII Trinidadian and Tobagonian Corps
U98;XVIII Trinidadian and Tobagonian Corps
U98;XIX Trinidadian and Tobagonian Corps
U98;XX Trinidadian and Tobagonian Corps
U98;XXI Trinidadian and Tobagonian Corps
U98;XXII Trinidadian and Tobagonian Corps
U98;XXIII Trinidadian and Tobagonian Corps
U98;XXIV Trinidadian and Tobagonian Corps
U98;XXV Trinidadian and Tobagonian Corps
U98;XXVI Trinidadian and Tobagonian Corps
U98;XXVII Trinidadian and Tobagonian Corps
U98;XXVIII Trinidadian and Tobagonian Corps
U98;XXIX Trinidadian and Tobagonian Corps
U98;XXX Trinidadian and Tobagonian Corps
U98;XXXI Trinidadian and Tobagonian Corps
U98;XXXII Trinidadian and Tobagonian Corps
U98;XXXIII Trinidadian and Tobagonian Corps
U98;XXXIV Trinidadian and Tobagonian Corps
U98;XXXV Trinidadian and Tobagonian Corps
U98;XXXVI Trinidadian and Tobagonian Corps
U98;XXXVII Trinidadian and Tobagonian Corps
U98;XXXVIII Trinidadian and Tobagonian Corps
U98;XXXIX Trinidadian and Tobagonian Corps
U98;XL Trinidadian and Tobagonian Corps
U98;XLI Trinidadian and Tobagonian Corps
U98;XLII Trinidadian and Tobagonian Corps
U98;XLIII Trinidadian and Tobagonian Corps
U98;XLIV Trinidadian and Tobagonian Corps
U98;XLV Trinidadian and Tobagonian Corps
U98;XLVI Trinidadian and Tobagonian Corps
U98;XLVII Trinidadian and Tobagonian Corps
U98;XLVIII Trinidadian and Tobagonian Corps
U98;XLIX Trinidadian and Tobagonian Corps
U98;L Trinidadian and Tobagonian Corps
U99;1er Corps d'Arm?e togolaise
U99;2e Corps d'Arm?e togolaise
U99;3e Corps d'Arm?e togolaise
U99;4e Corps d'Arm?e togolaise
U99;5e Corps d'Arm?e togolaise
U99;6e Corps d'Arm?e togolaise
U99;7e Corps d'Arm?e togolaise
U99;8e Corps d'Arm?e togolaise
U99;9e Corps d'Arm?e togolaise
U99;10e Corps d'Arm?e togolaise
U99;11e Corps d'Arm?e togolaise
U99;12e Corps d'Arm?e togolaise
U99;13e Corps d'Arm?e togolaise
U99;14e Corps d'Arm?e togolaise
U99;15e Corps d'Arm?e togolaise
U99;16e Corps d'Arm?e togolaise
U99;17e Corps d'Arm?e togolaise
U99;18e Corps d'Arm?e togolaise
U99;19e Corps d'Arm?e togolaise
U99;20e Corps d'Arm?e togolaise
U99;21e Corps d'Arm?e togolaise
U99;22e Corps d'Arm?e togolaise
U99;23e Corps d'Arm?e togolaise
U99;24e Corps d'Arm?e togolaise
U99;25e Corps d'Arm?e togolaise
U99;26e Corps d'Arm?e togolaise
U99;27e Corps d'Arm?e togolaise
U99;28e Corps d'Arm?e togolaise
U99;29e Corps d'Arm?e togolaise
U99;30e Corps d'Arm?e togolaise
U99;31e Corps d'Arm?e togolaise
U99;32e Corps d'Arm?e togolaise
U99;33e Corps d'Arm?e togolaise
U99;34e Corps d'Arm?e togolaise
U99;35e Corps d'Arm?e togolaise
U99;36e Corps d'Arm?e togolaise
U99;37e Corps d'Arm?e togolaise
U99;38e Corps d'Arm?e togolaise
U99;39e Corps d'Arm?e togolaise
U99;40e Corps d'Arm?e togolaise
U99;41e Corps d'Arm?e togolaise
U99;42e Corps d'Arm?e togolaise
U99;43e Corps d'Arm?e togolaise
U99;44e Corps d'Arm?e togolaise
U99;45e Corps d'Arm?e togolaise
U99;46e Corps d'Arm?e togolaise
U99;47e Corps d'Arm?e togolaise
U99;48e Corps d'Arm?e togolaise
U99;49e Corps d'Arm?e togolaise
U99;50e Corps d'Arm?e togolaise
